[Licensing::Module] Trying to connect to existing licensing client channel...
Built from '6000.5/staging' branch; Version is '6000.5.7f1 (017862109af0) revision 96354'; Using compiler version '194234433'; Build Type 'Release'
OS: 'Windows 10  (10.0.19045) 64bit Core' Language: 'ja' Physical Memory: 32674 MB
[Licensing::IpcConnector] Successfully connected to: "LicenseClient-Megria" at "2026-08-11T15:50:13.2824678Z"
BatchMode: 1, IsHumanControllingUs: 0, StartBugReporterOnCrash: 0, Is64bit: 1
System  architecture: x64
Process architecture: x64
Date: 2026-08-11T15:50:13Z

COMMAND LINE ARGUMENTS:
C:\Program Files\Unity Engine\6000.5.7f1\Editor\Unity.exe
-adb2
-batchMode
-noUpm
-name
AssetImportWorkerHW7
-projectPath
F:/プログラム/PlayerTrainCommander/PlayerTrainCommander
-logFile
Logs/AssetImportWorkerHW7.log
-srvPort
61730
-parentPid
29972
-analyticsCloudUserId
15668195552980
-analyticsCloudProjectId
3dc1455f-77f4-4d3e-873e-05783efb6b5c
-analyticsLocalProjectId
52b42fd7a9d0c664bab6cb650a084b47
-editorAnalyticsEnabled
1
-cbmEditorLicense
fef178d2dfd3107fe446dbb5c77c2d4e251b1f29
-cbmMachineId
gLqQh5+F4x20l5K9cZQmRjCacdU=
-noDiagnosticSwitchPersistentStore
-job-worker-count
15
-background-job-worker-count
8
-asset-garbage-collectors
1
-force-d3d12
-name
AssetImport
Successfully changed project path to: F:/プログラム/PlayerTrainCommander/PlayerTrainCommander
F:/プログラム/PlayerTrainCommander/PlayerTrainCommander
[UnityMemory] Configuration Parameters - Can be set up in boot.config
    "memorysetup-temp-allocator-size-gi-baking-worker=262144"
    "memorysetup-temp-allocator-size-gi-baking-worker=262144"
    "memorysetup-temp-allocator-size-gi-baking-worker=262144"
    "memorysetup-temp-allocator-size-gi-baking-worker=262144"
    "memorysetup-temp-allocator-size-gi-baking-worker=262144"
    "memorysetup-temp-allocator-size-nav-mesh-worker=65536"
    "memorysetup-temp-allocator-size-audio-worker=65536"
    "memorysetup-temp-allocator-size-cloud-worker=32768"
    "memorysetup-temp-allocator-size-gfx=262144"
    "memorysetup-temp-allocator-size-preload-manager=33554432"
    "memorysetup-allocator-temp-initial-block-size-main=262144"
    "memorysetup-allocator-temp-initial-block-size-worker=262144"
    "memorysetup-temp-allocator-size-job-worker=262144"
    "memorysetup-temp-allocator-size-background-worker=32768"
    "memorysetup-bucket-allocator-granularity=16"
    "memorysetup-bucket-allocator-bucket-count=8"
    "memorysetup-bucket-allocator-block-size=33554432"
    "memorysetup-bucket-allocator-block-count=8"
    "memorysetup-main-allocator-block-size=16777216"
    "memorysetup-thread-allocator-block-size=16777216"
    "memorysetup-main-allocator-mimalloc-enabled=0"
    "memorysetup-gfx-main-allocator-block-size=16777216"
    "memorysetup-gfx-thread-allocator-block-size=16777216"
    "memorysetup-cache-allocator-block-size=4194304"
    "memorysetup-typetree-allocator-block-size=2097152"
    "memorysetup-profiler-bucket-allocator-granularity=16"
    "memorysetup-profiler-bucket-allocator-bucket-count=8"
    "memorysetup-profiler-bucket-allocator-block-size=33554432"
    "memorysetup-profiler-bucket-allocator-block-count=8"
    "memorysetup-profiler-allocator-block-size=16777216"
    "memorysetup-profiler-editor-allocator-block-size=1048576"
    "memorysetup-temp-allocator-size-main=16777216"
    "memorysetup-job-temp-allocator-block-size=2097152"
    "memorysetup-job-temp-allocator-block-size-background=1048576"
    "memorysetup-job-temp-allocator-reduction-small-platforms=262144"
Player connection [40060]  Target information:

Player connection [40060]  * "[IP] 192.168.50.92 [Port] 0 [Flags] 2 [Guid] 3868210375 [EditorId] 3868210375 [Version] 1048832 [Id] WindowsEditor(7,DESKTOP-DJM30MH) [Debug] 1 [PackageName] WindowsEditor [ProjectName] Editor" 

Player connection [40060] Host joined multi-casting on [225.0.0.222:54997]...
Player connection [40060] Host joined alternative multi-casting on [225.0.0.222:34997]...
JobSystem: Creating JobQueue using job-worker-count value 15
Input System module state changed to: Initialized.
[Physics::Module] Initialized fallback backend.
[Physics::Module] Id: 0xdecafbad
Library Redirect Path: Library/
[Physics::Module] Selected backend.
[Physics::Module] Name: PhysX
[Physics::Module] Id: 0xf2b8ea05
[Physics::Module] SDK Version: 4.1.2
[Physics::Module] Integration Version: 1.0.0
[Physics::Module] Threading Mode: Multi-Threaded
Refreshing native plugins compatible for Editor in 3.30 ms, found 4 plugins.
Initialize engine version: 6000.5.7f1 (017862109af0)
[Subsystems] Discovering subsystems at path C:/Program Files/Unity Engine/6000.5.7f1/Editor/Data/Resources/UnitySubsystems
[Subsystems] Discovering subsystems at path F:/プログラム/PlayerTrainCommander/PlayerTrainCommander/Assets
Forcing GfxDevice: Direct3D 12
GfxDevice: creating device client; kGfxThreadingModeNonThreaded
d3d12: failed to query info queue interface (0x80004002).
Direct3D:
    Version:         Direct3D 12 [level 12.2]
    Renderer:        NVIDIA GeForce RTX 3070 Ti (ID=0x2482)
    Vendor:          NVIDIA
    VRAM:            8017 MB
    App VRAM Budget: 7249 MB
    Driver:          32.0.15.6094
Initialize mono
Mono path[0] = 'C:/Program Files/Unity Engine/6000.5.7f1/Editor/Data/Managed'
Mono path[1] = 'C:/Program Files/Unity Engine/6000.5.7f1/Editor/Data/BCLExtensions/runtime/netstandard2.1'
Mono path[2] = 'C:/Program Files/Unity Engine/6000.5.7f1/Editor/Data/MonoBleedingEdge/lib/mono/unityjit-win32'
Mono config path = 'C:/Program Files/Unity Engine/6000.5.7f1/Editor/Data/MonoBleedingEdge/etc'
Using monoOptions --debugger-agent=transport=dt_socket,embedding=1,server=y,suspend=n,address=127.0.0.1:56056
CodeReloadManager initialized
[Licensing::Client] Error: HandshakeResponse reported an error:
	ResponseCode: 505
	ResponseStatus: Unsupported protocol version '1.18.1'.
[Licensing::Module] Error: Failed to handshake to channel: "LicenseClient-Megria"
[Licensing::IpcConnector] LicenseClient-Megria channel disconnected successfully.
[Licensing::IpcConnector] Successfully connected to: "LicenseClient-Megria-6000.5.7" at "2026-08-11T15:50:14.1660303Z"
[Licensing::Client] Code 10 while verifying Licensing Client signature (process Id: 23520, path: "C:/Program Files/Unity Engine/6000.5.7f1/Editor/Data/Resources/Licensing/Client/Unity.Licensing.Client.exe")
[Licensing::Module] LicensingClient has failed validation; ignoring
[Licensing::Client] Handshaking with LicensingClient:
  Version:                 1.18.1+9fbee8e
  Session Id:              8eccbc234ed141108d0fda857e4fab6b
  Correlation Id:          a2f834d39da7d2656e2a1d4f595c265c
  External correlation Id: 6624259903828514169
  Machine Id:              gLqQh5+F4x20l5K9cZQmRjCacdU=
[Licensing::Module] Successfully connected to LicensingClient on channel: "LicenseClient-Megria-6000.5.7" (connect: 0.00s, validation: 0.00s, handshake: 0.00s)
[Licensing::IpcConnector] Successfully connected to: "LicenseClient-Megria-6000.5.7-notifications" at "2026-08-11T15:50:14.1716089Z"
[Licensing::Module] Licensing Background thread has ended after 0.89s
Begin MonoManager ReloadAssembly
Registering precompiled unity dll's ...
Register platform support module: C:/Program Files/Unity Engine/6000.5.7f1/Editor/Data/PlaybackEngines/WindowsStandaloneSupport/UnityEditor.WindowsStandalone.Extensions.dll
[Licensing::Client] Successfully resolved entitlement details
[Licensing::Module] License group:
  Id: 15668195552980-UnityPersXXXX
  Product: Unity Personal
  Type: Assigned
  Expiration: Unlimited
Register platform support module: C:/Program Files/Unity Engine/6000.5.7f1/Editor/Data/PlaybackEngines/AndroidPlayer/UnityEditor.Android.Extensions.dll
Registered in 0.006277 seconds.
Native extension for Android target not found
Native extension for WindowsStandalone target not found
Package Manager log level set to [2]
[Package Manager] Failed to launch server process. Reason: Unity was launched with the -noUpm command-line argument
[Package Manager] Unable to send message (not connected to server process).
[Package Manager] Cannot connect to Unity Package Manager local server
ScheduleIndexationOnStartup MainProcess:False IndexOnStartup:True
Mono: successfully reloaded assembly
- Finished resetting the current domain, in  0.446 seconds
Domain Reload Profiling: 1075ms
	BeginReloadAssembly (167ms)
	RebuildCommonClasses (6ms)
	RebuildNativeTypeToScriptingClass (19ms)
	initialDomainReloadingComplete (85ms)
	LoadAllAssembliesAndSetupDomain (351ms)
		LoadAssemblies (160ms)
		AnalyzeDomain (257ms)
			TypeCache.Refresh (255ms)
				TypeCache.ScanAssembly (237ms)
	FinalizeReload (448ms)
		SetupLoadedEditorAssemblies (0ms)
			InitializePlatformSupportModulesInManaged (10ms)
			BeforeProcessingInitializeOnLoad (94ms)
			ProcessInitializeOnLoadAttributes (107ms)
			ProcessInitializeOnLoadMethodAttributes (135ms)
Initializing Unity extensions:
[Licensing::Client] Successfully resolved entitlement details
========================================================================
Worker process is ready to serve import requests
Import Worker Mode flag is 0x00
Begin MonoManager ReloadAssembly
Native extension for Android target not found
Native extension for WindowsStandalone target not found
[Package Manager] Failed to launch server process. Reason: Unity was launched with the -noUpm command-line argument
[Package Manager] Unable to send message (not connected to server process).
[Package Manager] Cannot connect to Unity Package Manager local server
[Package Manager] Failed to launch server process. Reason: Unity was launched with the -noUpm command-line argument
[Package Manager] Unable to send message (not connected to server process).
[Package Manager] Cannot connect to Unity Package Manager local server
ScheduleIndexationOnStartup MainProcess:False IndexOnStartup:True
Mono: successfully reloaded assembly
- Finished resetting the current domain, in  0.879 seconds
Domain Reload Profiling: 1958ms
	BeginReloadAssembly (239ms)
		DisableScriptedObjects (9ms)
		CreateAndSetChildDomain (34ms)
	RebuildCommonClasses (9ms)
	RebuildNativeTypeToScriptingClass (17ms)
	initialDomainReloadingComplete (71ms)
	LoadAllAssembliesAndSetupDomain (742ms)
		LoadAssemblies (428ms)
		AnalyzeDomain (303ms)
			TypeCache.Refresh (213ms)
				TypeCache.ScanAssembly (190ms)
			BuildScriptInfoCaches (82ms)
			ResolveRequiredComponents (5ms)
	FinalizeReload (880ms)
		SetupLoadedEditorAssemblies (0ms)
			InitializePlatformSupportModulesInManaged (10ms)
			BeforeProcessingInitializeOnLoad (107ms)
			ProcessInitializeOnLoadAttributes (334ms)
			ProcessInitializeOnLoadMethodAttributes (135ms)
			AfterProcessingInitializeOnLoad (15ms)
		AwakeInstancesAfterBackupRestoration (4ms)
AcceleratorClientConnectionCallback - disconnected - :0
Launched and connected shader compiler UnityShaderCompiler.exe after 0.02 seconds
Unloading 22 Unused Serialized files (Serialized files now loaded: 0)
Curl error 3: URL rejected: Malformed input to a URL function
Unloading 6624 unused Assets / (5.9 MB). Loaded Objects now: 7447.
Memory consumption went from 330.3 MB to 324.4 MB.
Total: 12.800300 ms (FindLiveObjects: 0.812800 ms CreateObjectMapping: 2.013500 ms MarkObjects: 6.930000 ms  DeleteObjects: 3.040700 ms)

========================================================================
Received Import Request.
  Time of request: 2026-08-11T15:50:18.1694391Z
  Time since last request: 335497.33872399997199 seconds.
  importAddress: GUID: 94fa2e214a138425e8afbbe1329e0b55 - Path: Packages/com.unity.inputsystem/InputSystem/Editor/Icons/d_Touch.png - Importer: ScriptedImporter/UnityEditor.QuickSearchModule:UnityEditor.Search:ASIAI0B
Importing 'GUID: 94fa2e214a138425e8afbbe1329e0b55 - Path: Packages/com.unity.inputsystem/InputSystem/Editor/Icons/d_Touch.png - Importer: ScriptedImporter/UnityEditor.QuickSearchModule:UnityEditor.Search:ASIAI0B' with importer (ScriptedImporter : UnityEditor.QuickSearchModule:UnityEditor.Search:ASIAI0B)
Imported 'GUID: 94fa2e214a138425e8afbbe1329e0b55' -> (Import Result ID: 'f9d48ebb9fd4b491be9876cb6bfec103') in 0.113 seconds [static and dynamic dependencies]. Details - ImportResultOutputID=0818198e0115cd1a18fe8d959e8ad643 DependenciesID=50ea4888b1b2a16bb4c84a78906a5697 StaticDependenciesID=a5a705cc6160f1383c1d6771e5a16525 
Number of updated asset objects reloaded before import = 0
Number of asset objects unloaded after import = 1
========================================================================
Received Import Request.
  Time of request: 2026-08-11T15:50:18.3183298Z
  Time since last request: 0.0239975 seconds.
  importAddress: GUID: c998b283038914e699477f514ecb31ac - Path: Packages/com.unity.inputsystem/InputSystem/Editor/Icons/Position@4x.png - Importer: ScriptedImporter/UnityEditor.QuickSearchModule:UnityEditor.Search:ASIAI0B
Importing 'GUID: c998b283038914e699477f514ecb31ac - Path: Packages/com.unity.inputsystem/InputSystem/Editor/Icons/Position@4x.png - Importer: ScriptedImporter/UnityEditor.QuickSearchModule:UnityEditor.Search:ASIAI0B' with importer (ScriptedImporter : UnityEditor.QuickSearchModule:UnityEditor.Search:ASIAI0B)
Imported 'GUID: c998b283038914e699477f514ecb31ac' -> (Import Result ID: 'a7b31d0b15027707207dc7e07cc81288') in 0.007 seconds [static and dynamic dependencies]. Details - ImportResultOutputID=c1496637c16b6bd1a660ca32ad801baf DependenciesID=f7dde9e44c3f32650fac0a6a1bacbf48 StaticDependenciesID=05dc721ba00c245643cebabea257c0bd 
Number of updated asset objects reloaded before import = 0
Number of asset objects unloaded after import = 1
========================================================================
Received Import Request.
  Time of request: 2026-08-11T15:50:18.3333957Z
  Time since last request: 0.0002102 seconds.
  importAddress: GUID: 7b8bfaee8f8631c4789ac62373cbc2d4 - Path: Packages/com.unity.inputsystem/InputSystem/Editor/Icons/TrackedPoseDriver@4x.png - Importer: ScriptedImporter/UnityEditor.QuickSearchModule:UnityEditor.Search:ASIAI0B
Importing 'GUID: 7b8bfaee8f8631c4789ac62373cbc2d4 - Path: Packages/com.unity.inputsystem/InputSystem/Editor/Icons/TrackedPoseDriver@4x.png - Importer: ScriptedImporter/UnityEditor.QuickSearchModule:UnityEditor.Search:ASIAI0B' with importer (ScriptedImporter : UnityEditor.QuickSearchModule:UnityEditor.Search:ASIAI0B)
Imported 'GUID: 7b8bfaee8f8631c4789ac62373cbc2d4' -> (Import Result ID: 'be2b249a02089bcaec6a99f3ae1b2d71') in 0.007 seconds [static and dynamic dependencies]. Details - ImportResultOutputID=e10b5eff86873d7358c6801796aaadf7 DependenciesID=21af6c4c27a9e3659a74018fd8ca9ca7 StaticDependenciesID=72b23eefef48580dbda5d475196ec259 
Number of updated asset objects reloaded before import = 0
Number of asset objects unloaded after import = 1
========================================================================
Received Import Request.
  Time of request: 2026-08-11T15:50:18.3489236Z
  Time since last request: 0.0001913 seconds.
  importAddress: GUID: 5881d226463a047cb8db57c9cb0ebc0f - Path: Packages/com.unity.inputsystem/InputSystem/Editor/Icons/Stick@2x.png - Importer: ScriptedImporter/UnityEditor.QuickSearchModule:UnityEditor.Search:ASIAI0B
Importing 'GUID: 5881d226463a047cb8db57c9cb0ebc0f - Path: Packages/com.unity.inputsystem/InputSystem/Editor/Icons/Stick@2x.png - Importer: ScriptedImporter/UnityEditor.QuickSearchModule:UnityEditor.Search:ASIAI0B' with importer (ScriptedImporter : UnityEditor.QuickSearchModule:UnityEditor.Search:ASIAI0B)
Imported 'GUID: 5881d226463a047cb8db57c9cb0ebc0f' -> (Import Result ID: '86ea9f6a8b80d0281c5efb39ace2f50c') in 0.007 seconds [static and dynamic dependencies]. Details - ImportResultOutputID=a04bd7e9055ac54d870974a2b0b9e020 DependenciesID=626f0baee0ef9e0c74fbc24d72e33c92 StaticDependenciesID=cfa5255c752a9206211d080985de5547 
Number of updated asset objects reloaded before import = 0
Number of asset objects unloaded after import = 1
========================================================================
Received Import Request.
  Time of request: 2026-08-11T15:50:18.3660563Z
  Time since last request: 0.0002608 seconds.
  importAddress: GUID: a4deca3e01bf64bfc9136f4cb3b41c9f - Path: Packages/com.unity.inputsystem/InputSystem/Editor/Icons/Stick@3x.png - Importer: ScriptedImporter/UnityEditor.QuickSearchModule:UnityEditor.Search:ASIAI0B
Importing 'GUID: a4deca3e01bf64bfc9136f4cb3b41c9f - Path: Packages/com.unity.inputsystem/InputSystem/Editor/Icons/Stick@3x.png - Importer: ScriptedImporter/UnityEditor.QuickSearchModule:UnityEditor.Search:ASIAI0B' with importer (ScriptedImporter : UnityEditor.QuickSearchModule:UnityEditor.Search:ASIAI0B)
Imported 'GUID: a4deca3e01bf64bfc9136f4cb3b41c9f' -> (Import Result ID: '262417d40ee8b2a37749129d76ef29f0') in 0.007 seconds [static and dynamic dependencies]. Details - ImportResultOutputID=63db9429d81eee673599736142e119d0 DependenciesID=3032f315c7345752c9742e2bae6ede17 StaticDependenciesID=09167337f602cac8232ba5f5850b7205 
Number of updated asset objects reloaded before import = 0
Number of asset objects unloaded after import = 1
========================================================================
Received Import Request.
  Time of request: 2026-08-11T15:50:18.3828292Z
  Time since last request: 0.0002218 seconds.
  importAddress: GUID: e8df62e96c8524c2a89b7af40ee100e9 - Path: Packages/com.unity.inputsystem/InputSystem/Editor/Settings/InputSettingsProvider.cs - Importer: ScriptedImporter/UnityEditor.QuickSearchModule:UnityEditor.Search:ASIAI0B
Importing 'GUID: e8df62e96c8524c2a89b7af40ee100e9 - Path: Packages/com.unity.inputsystem/InputSystem/Editor/Settings/InputSettingsProvider.cs - Importer: ScriptedImporter/UnityEditor.QuickSearchModule:UnityEditor.Search:ASIAI0B' with importer (ScriptedImporter : UnityEditor.QuickSearchModule:UnityEditor.Search:ASIAI0B)
Imported 'GUID: e8df62e96c8524c2a89b7af40ee100e9' -> (Import Result ID: '0dd0a9110335f291def142626c5801ab') in 0.010 seconds [static and dynamic dependencies]. Details - ImportResultOutputID=86108cd3e43a5473ddea781052f9e46f DependenciesID=8425749c1dc59fafe549856b1648a75e StaticDependenciesID=0f1fdb627a08923153a2e544bd8d7062 
Number of updated asset objects reloaded before import = 0
Number of asset objects unloaded after import = 0
========================================================================
Received Import Request.
  Time of request: 2026-08-11T15:50:18.4021208Z
  Time since last request: 0.0002416 seconds.
  importAddress: GUID: 9e0a885665a44db1adfaf0e3b9e9cda6 - Path: Packages/com.unity.inputsystem/InputSystem/Editor/PropertyDrawers/InputActionAssetDrawer.cs - Importer: ScriptedImporter/UnityEditor.QuickSearchModule:UnityEditor.Search:ASIAI0B
Importing 'GUID: 9e0a885665a44db1adfaf0e3b9e9cda6 - Path: Packages/com.unity.inputsystem/InputSystem/Editor/PropertyDrawers/InputActionAssetDrawer.cs - Importer: ScriptedImporter/UnityEditor.QuickSearchModule:UnityEditor.Search:ASIAI0B' with importer (ScriptedImporter : UnityEditor.QuickSearchModule:UnityEditor.Search:ASIAI0B)
Imported 'GUID: 9e0a885665a44db1adfaf0e3b9e9cda6' -> (Import Result ID: '30ebb23b9df40cf1bba565150e86ee47') in 0.003 seconds [static and dynamic dependencies]. Details - ImportResultOutputID=cfd1f582e46c17e4057e298aa994bff6 DependenciesID=37e6c3ddd88bd09d18930d72d58834c1 StaticDependenciesID=7e11a51f29d2798cd80876562073fa1a 
Number of updated asset objects reloaded before import = 0
Number of asset objects unloaded after import = 0
========================================================================
Received Import Request.
  Time of request: 2026-08-11T15:50:18.4135635Z
  Time since last request: 0.0003406 seconds.
  importAddress: GUID: 3b8e35f20292579409c899395e30948f - Path: Packages/com.unity.inputsystem/InputSystem/Editor/UITKAssetEditor/InputActionsEditorWindowUtils.cs - Importer: ScriptedImporter/UnityEditor.QuickSearchModule:UnityEditor.Search:ASIAI0B
Importing 'GUID: 3b8e35f20292579409c899395e30948f - Path: Packages/com.unity.inputsystem/InputSystem/Editor/UITKAssetEditor/InputActionsEditorWindowUtils.cs - Importer: ScriptedImporter/UnityEditor.QuickSearchModule:UnityEditor.Search:ASIAI0B' with importer (ScriptedImporter : UnityEditor.QuickSearchModule:UnityEditor.Search:ASIAI0B)
Imported 'GUID: 3b8e35f20292579409c899395e30948f' -> (Import Result ID: 'c274541f140a1d6d9e1881576c8990f4') in 0.003 seconds [static and dynamic dependencies]. Details - ImportResultOutputID=29785486e362520f122769fcf432d1c7 DependenciesID=c14bf1aa3f49a1b2503e4a4a108b4107 StaticDependenciesID=1ad530b065e775b34e16980167559bda 
Number of updated asset objects reloaded before import = 0
Number of asset objects unloaded after import = 0
========================================================================
Received Import Request.
  Time of request: 2026-08-11T15:50:18.4245323Z
  Time since last request: 0.0003283 seconds.
  importAddress: GUID: ed303b5629a047fa8c081261bb1993d1 - Path: Packages/com.unity.inputsystem/InputSystem/Editor/Internal/BuildProviderHelpers.cs - Importer: ScriptedImporter/UnityEditor.QuickSearchModule:UnityEditor.Search:ASIAI0B
Importing 'GUID: ed303b5629a047fa8c081261bb1993d1 - Path: Packages/com.unity.inputsystem/InputSystem/Editor/Internal/BuildProviderHelpers.cs - Importer: ScriptedImporter/UnityEditor.QuickSearchModule:UnityEditor.Search:ASIAI0B' with importer (ScriptedImporter : UnityEditor.QuickSearchModule:UnityEditor.Search:ASIAI0B)
Imported 'GUID: ed303b5629a047fa8c081261bb1993d1' -> (Import Result ID: 'a0874af304497063ff7c7b93d2ad74c3') in 0.003 seconds [static and dynamic dependencies]. Details - ImportResultOutputID=173109e5467276c6fb5f4111980f5ab1 DependenciesID=6168d9ea155b43179dcd110d1c2d8fdb StaticDependenciesID=182c2601e5ae8c032349519a361d96c1 
Number of updated asset objects reloaded before import = 0
Number of asset objects unloaded after import = 0
========================================================================
Received Import Request.
  Time of request: 2026-08-11T15:50:18.445353Z
  Time since last request: 0.0096807 seconds.
  importAddress: GUID: c2db5674bb583c0449389396f935abf8 - Path: Packages/com.unity.inputsystem/InputSystem/Runtime/Actions/InputActionPhase.cs - Importer: ScriptedImporter/UnityEditor.QuickSearchModule:UnityEditor.Search:ASIAI0B
Importing 'GUID: c2db5674bb583c0449389396f935abf8 - Path: Packages/com.unity.inputsystem/InputSystem/Runtime/Actions/InputActionPhase.cs - Importer: ScriptedImporter/UnityEditor.QuickSearchModule:UnityEditor.Search:ASIAI0B' with importer (ScriptedImporter : UnityEditor.QuickSearchModule:UnityEditor.Search:ASIAI0B)
Imported 'GUID: c2db5674bb583c0449389396f935abf8' -> (Import Result ID: '0a375be12089fd05f739dd6bd7d13152') in 0.004 seconds [static and dynamic dependencies]. Details - ImportResultOutputID=8b4210723aae1683942aee0e13cd9853 DependenciesID=ab64078dd27876c8cdb089780cdaf86a StaticDependenciesID=f45a4becb381f706dd891effb6899703 
Number of updated asset objects reloaded before import = 0
Number of asset objects unloaded after import = 0
========================================================================
Received Import Request.
  Time of request: 2026-08-11T15:50:18.4575817Z
  Time since last request: 0.0009733 seconds.
  importAddress: GUID: af015677ecab4644b2382c6b37c2d95c - Path: Packages/com.unity.inputsystem/InputSystem/Runtime/Devices/InputDeviceChange.cs - Importer: ScriptedImporter/UnityEditor.QuickSearchModule:UnityEditor.Search:ASIAI0B
Importing 'GUID: af015677ecab4644b2382c6b37c2d95c - Path: Packages/com.unity.inputsystem/InputSystem/Runtime/Devices/InputDeviceChange.cs - Importer: ScriptedImporter/UnityEditor.QuickSearchModule:UnityEditor.Search:ASIAI0B' with importer (ScriptedImporter : UnityEditor.QuickSearchModule:UnityEditor.Search:ASIAI0B)
Imported 'GUID: af015677ecab4644b2382c6b37c2d95c' -> (Import Result ID: 'd453edcd294628ed6ba05f6c0b956edb') in 0.003 seconds [static and dynamic dependencies]. Details - ImportResultOutputID=1da86bbb0e637434dc0d7dd50da6f3db DependenciesID=6c9dd89e8fca566258cc284d66b7cf9b StaticDependenciesID=550df818d632e26f04ef26340e105e9d 
Number of updated asset objects reloaded before import = 0
Number of asset objects unloaded after import = 0
========================================================================
Received Import Request.
  Time of request: 2026-08-11T15:50:18.471334Z
  Time since last request: 0.0004012 seconds.
  importAddress: GUID: bb7aebed4ffd404da3399f60b272c7ee - Path: Packages/com.unity.inputsystem/InputSystem/Runtime/Devices/IInputUpdateCallbackReceiver.cs - Importer: ScriptedImporter/UnityEditor.QuickSearchModule:UnityEditor.Search:ASIAI0B
Importing 'GUID: bb7aebed4ffd404da3399f60b272c7ee - Path: Packages/com.unity.inputsystem/InputSystem/Runtime/Devices/IInputUpdateCallbackReceiver.cs - Importer: ScriptedImporter/UnityEditor.QuickSearchModule:UnityEditor.Search:ASIAI0B' with importer (ScriptedImporter : UnityEditor.QuickSearchModule:UnityEditor.Search:ASIAI0B)
Imported 'GUID: bb7aebed4ffd404da3399f60b272c7ee' -> (Import Result ID: 'e40c438cbfbe87454628cf583b2c1d88') in 0.003 seconds [static and dynamic dependencies]. Details - ImportResultOutputID=89c672f19c4ba996e6ed37474c71bb8e DependenciesID=0c9285454745fe0bc06c2a10ca3b46b6 StaticDependenciesID=23c49a975fc743cf3fd026a76eb10875 
Number of updated asset objects reloaded before import = 0
Number of asset objects unloaded after import = 0
========================================================================
Received Import Request.
  Time of request: 2026-08-11T15:50:18.4845447Z
  Time since last request: 0.0005683 seconds.
  importAddress: GUID: b00a605ae58d438baf0b80388b377972 - Path: Packages/com.unity.inputsystem/InputSystem/Runtime/Controls/DpadControl.cs - Importer: ScriptedImporter/UnityEditor.QuickSearchModule:UnityEditor.Search:ASIAI0B
Importing 'GUID: b00a605ae58d438baf0b80388b377972 - Path: Packages/com.unity.inputsystem/InputSystem/Runtime/Controls/DpadControl.cs - Importer: ScriptedImporter/UnityEditor.QuickSearchModule:UnityEditor.Search:ASIAI0B' with importer (ScriptedImporter : UnityEditor.QuickSearchModule:UnityEditor.Search:ASIAI0B)
Imported 'GUID: b00a605ae58d438baf0b80388b377972' -> (Import Result ID: '2b63754b6b000cc1a35b7abe3ee02bcf') in 0.003 seconds [static and dynamic dependencies]. Details - ImportResultOutputID=3c5903b4372e5010c60fdd21fd6a4fa2 DependenciesID=2c451b01cadc9f0d9272b84ba130c687 StaticDependenciesID=80e2879475369ce637126a9d05b8d458 
Number of updated asset objects reloaded before import = 0
Number of asset objects unloaded after import = 0
========================================================================
Received Import Request.
  Time of request: 2026-08-11T15:50:18.4964965Z
  Time since last request: 0.0002629 seconds.
  importAddress: GUID: ce150b9c1acd40e0a087ca3f3257831d - Path: Packages/com.unity.inputsystem/InputSystem/Runtime/Controls/InputControlPath.cs - Importer: ScriptedImporter/UnityEditor.QuickSearchModule:UnityEditor.Search:ASIAI0B
Importing 'GUID: ce150b9c1acd40e0a087ca3f3257831d - Path: Packages/com.unity.inputsystem/InputSystem/Runtime/Controls/InputControlPath.cs - Importer: ScriptedImporter/UnityEditor.QuickSearchModule:UnityEditor.Search:ASIAI0B' with importer (ScriptedImporter : UnityEditor.QuickSearchModule:UnityEditor.Search:ASIAI0B)
Imported 'GUID: ce150b9c1acd40e0a087ca3f3257831d' -> (Import Result ID: '6ff465ada7723e3bc46eed86b5e5cc06') in 0.003 seconds [static and dynamic dependencies]. Details - ImportResultOutputID=ecf691388fbb003c806ed4d319f12c78 DependenciesID=9c852293226e736b8d20d7e94d6e7fe4 StaticDependenciesID=194d058de48c3d8e7de0beb099fd706b 
Number of updated asset objects reloaded before import = 0
Number of asset objects unloaded after import = 0
========================================================================
Received Import Request.
  Time of request: 2026-08-11T15:50:18.5071851Z
  Time since last request: 0.0003146 seconds.
  importAddress: GUID: b21f8c6bf1fd94d1fb47907209b23367 - Path: Packages/com.unity.inputsystem/InputSystem/Runtime/Actions/InputActionType.cs - Importer: ScriptedImporter/UnityEditor.QuickSearchModule:UnityEditor.Search:ASIAI0B
Importing 'GUID: b21f8c6bf1fd94d1fb47907209b23367 - Path: Packages/com.unity.inputsystem/InputSystem/Runtime/Actions/InputActionType.cs - Importer: ScriptedImporter/UnityEditor.QuickSearchModule:UnityEditor.Search:ASIAI0B' with importer (ScriptedImporter : UnityEditor.QuickSearchModule:UnityEditor.Search:ASIAI0B)
Imported 'GUID: b21f8c6bf1fd94d1fb47907209b23367' -> (Import Result ID: '4b3ed6fa2f2221515a32c2f90bcf8fac') in 0.003 seconds [static and dynamic dependencies]. Details - ImportResultOutputID=3d6fa52065c30efcd6a4d0b5944b5e3b DependenciesID=49568f03e4fa4fcd682bab629061bfea StaticDependenciesID=d6a46c26ae34417c2b9027d7cfbf8318 
Number of updated asset objects reloaded before import = 0
Number of asset objects unloaded after import = 0
========================================================================
Received Import Request.
  Time of request: 2026-08-11T15:50:18.5185163Z
  Time since last request: 0.0002914 seconds.
  importAddress: GUID: 854faad156b245d4b50a15e233e9ad55 - Path: Packages/com.unity.inputsystem/InputSystem/Runtime/Controls/StickControl.cs - Importer: ScriptedImporter/UnityEditor.QuickSearchModule:UnityEditor.Search:ASIAI0B
Importing 'GUID: 854faad156b245d4b50a15e233e9ad55 - Path: Packages/com.unity.inputsystem/InputSystem/Runtime/Controls/StickControl.cs - Importer: ScriptedImporter/UnityEditor.QuickSearchModule:UnityEditor.Search:ASIAI0B' with importer (ScriptedImporter : UnityEditor.QuickSearchModule:UnityEditor.Search:ASIAI0B)
Imported 'GUID: 854faad156b245d4b50a15e233e9ad55' -> (Import Result ID: 'b6f546a5344dfbd64c8a0e2b63649da5') in 0.003 seconds [static and dynamic dependencies]. Details - ImportResultOutputID=c015e0d8a2bd7ff27b569528c8c8b250 DependenciesID=fe514a68728ffa4210993d9bdd866969 StaticDependenciesID=eb57eecec0064eae026b98aaedbca078 
Number of updated asset objects reloaded before import = 0
Number of asset objects unloaded after import = 0
========================================================================
Received Import Request.
  Time of request: 2026-08-11T15:50:18.531787Z
  Time since last request: 0.0004228 seconds.
  importAddress: GUID: e3da24ab555e0c04793b0618d387a2b5 - Path: Packages/com.unity.inputsystem/InputSystem/Runtime/Controls/TouchPressControl.cs - Importer: ScriptedImporter/UnityEditor.QuickSearchModule:UnityEditor.Search:ASIAI0B
Importing 'GUID: e3da24ab555e0c04793b0618d387a2b5 - Path: Packages/com.unity.inputsystem/InputSystem/Runtime/Controls/TouchPressControl.cs - Importer: ScriptedImporter/UnityEditor.QuickSearchModule:UnityEditor.Search:ASIAI0B' with importer (ScriptedImporter : UnityEditor.QuickSearchModule:UnityEditor.Search:ASIAI0B)
Imported 'GUID: e3da24ab555e0c04793b0618d387a2b5' -> (Import Result ID: '7a1903d7fd3963068acea5da268ef743') in 0.003 seconds [static and dynamic dependencies]. Details - ImportResultOutputID=a26e7114f0146e7829ed69da081a4c46 DependenciesID=1c71a1157aad9f31fe4a8d4ad1f1b136 StaticDependenciesID=4b1b3bf2320083f84154a5dd9f9312c0 
Number of updated asset objects reloaded before import = 0
Number of asset objects unloaded after import = 0
========================================================================
Received Import Request.
  Time of request: 2026-08-11T15:50:18.5621426Z
  Time since last request: 0.0188821 seconds.
  importAddress: GUID: 6633b33d60f14b81927d89a4b06c8a1f - Path: Packages/com.unity.inputsystem/InputSystem/Runtime/State/InputStateBuffers.cs - Importer: ScriptedImporter/UnityEditor.QuickSearchModule:UnityEditor.Search:ASIAI0B
Importing 'GUID: 6633b33d60f14b81927d89a4b06c8a1f - Path: Packages/com.unity.inputsystem/InputSystem/Runtime/State/InputStateBuffers.cs - Importer: ScriptedImporter/UnityEditor.QuickSearchModule:UnityEditor.Search:ASIAI0B' with importer (ScriptedImporter : UnityEditor.QuickSearchModule:UnityEditor.Search:ASIAI0B)
Imported 'GUID: 6633b33d60f14b81927d89a4b06c8a1f' -> (Import Result ID: '554b42a1e2bb246df9d6b2231f8a1421') in 0.003 seconds [static and dynamic dependencies]. Details - ImportResultOutputID=276ead13fd27633f6c3b61bae2f813c3 DependenciesID=549677169938ca26a5c54fa767f7246b StaticDependenciesID=432811cfb0f7fc4c0d7e916e5cc51a7b 
Number of updated asset objects reloaded before import = 0
Number of asset objects unloaded after import = 0
========================================================================
Received Import Request.
  Time of request: 2026-08-11T15:50:18.5740576Z
  Time since last request: 0.001182 seconds.
  importAddress: GUID: c632b886b4d04e6b856720556b399ffe - Path: Packages/com.unity.inputsystem/InputSystem/Runtime/Events/DeltaStateEvent.cs - Importer: ScriptedImporter/UnityEditor.QuickSearchModule:UnityEditor.Search:ASIAI0B
Importing 'GUID: c632b886b4d04e6b856720556b399ffe - Path: Packages/com.unity.inputsystem/InputSystem/Runtime/Events/DeltaStateEvent.cs - Importer: ScriptedImporter/UnityEditor.QuickSearchModule:UnityEditor.Search:ASIAI0B' with importer (ScriptedImporter : UnityEditor.QuickSearchModule:UnityEditor.Search:ASIAI0B)
Imported 'GUID: c632b886b4d04e6b856720556b399ffe' -> (Import Result ID: 'b3324eb964863509333743f6b5ea94a0') in 0.003 seconds [static and dynamic dependencies]. Details - ImportResultOutputID=7d39601371ccd7b87f10e31c511d7be2 DependenciesID=1ec45d6787951ae7d0f5a19a6cf06347 StaticDependenciesID=163d1364eea9ca5f0f145fc839e7531d 
Number of updated asset objects reloaded before import = 0
Number of asset objects unloaded after import = 0
========================================================================
Received Import Request.
  Time of request: 2026-08-11T15:50:18.5854487Z
  Time since last request: 0.0005995 seconds.
  importAddress: GUID: 8ccfc0b2d0da54246a3a9a3938b52fa4 - Path: Packages/com.unity.inputsystem/InputSystem/Runtime/Events/InputEventStream.cs - Importer: ScriptedImporter/UnityEditor.QuickSearchModule:UnityEditor.Search:ASIAI0B
Importing 'GUID: 8ccfc0b2d0da54246a3a9a3938b52fa4 - Path: Packages/com.unity.inputsystem/InputSystem/Runtime/Events/InputEventStream.cs - Importer: ScriptedImporter/UnityEditor.QuickSearchModule:UnityEditor.Search:ASIAI0B' with importer (ScriptedImporter : UnityEditor.QuickSearchModule:UnityEditor.Search:ASIAI0B)
Imported 'GUID: 8ccfc0b2d0da54246a3a9a3938b52fa4' -> (Import Result ID: '699c955f5c758040640c2089191eef29') in 0.003 seconds [static and dynamic dependencies]. Details - ImportResultOutputID=d53bef2031af8be222412a80178c7a8e DependenciesID=d61f5848aae0668fe4ebad17f98e8350 StaticDependenciesID=8a1fcf5378179a19030e7d940f5e623d 
Number of updated asset objects reloaded before import = 0
Number of asset objects unloaded after import = 0
========================================================================
Received Import Request.
  Time of request: 2026-08-11T15:50:18.5994246Z
  Time since last request: 0.0006389 seconds.
  importAddress: GUID: d2c401960c5dc624c8970b2bee0371dc - Path: Packages/com.unity.inputsystem/InputSystem/Runtime/Utilities/DisplayStringFormatAttribute.cs - Importer: ScriptedImporter/UnityEditor.QuickSearchModule:UnityEditor.Search:ASIAI0B
Importing 'GUID: d2c401960c5dc624c8970b2bee0371dc - Path: Packages/com.unity.inputsystem/InputSystem/Runtime/Utilities/DisplayStringFormatAttribute.cs - Importer: ScriptedImporter/UnityEditor.QuickSearchModule:UnityEditor.Search:ASIAI0B' with importer (ScriptedImporter : UnityEditor.QuickSearchModule:UnityEditor.Search:ASIAI0B)
Imported 'GUID: d2c401960c5dc624c8970b2bee0371dc' -> (Import Result ID: 'e4bcbf4416003fa8ab27933c6b13282a') in 0.003 seconds [static and dynamic dependencies]. Details - ImportResultOutputID=6531e281c452d120896f6202636ee989 DependenciesID=45e0252a8386795d2c23dcdd3ecde206 StaticDependenciesID=77031dcc35b4c036b0d6bc8deb7099e6 
Number of updated asset objects reloaded before import = 0
Number of asset objects unloaded after import = 0
========================================================================
Received Import Request.
  Time of request: 2026-08-11T15:50:18.6107078Z
  Time since last request: 0.0002907 seconds.
  importAddress: GUID: 0e0c005ff24ec4cfb951eefa16239b9b - Path: Packages/com.unity.inputsystem/InputSystem/Runtime/Utilities/NamedValue.cs - Importer: ScriptedImporter/UnityEditor.QuickSearchModule:UnityEditor.Search:ASIAI0B
Importing 'GUID: 0e0c005ff24ec4cfb951eefa16239b9b - Path: Packages/com.unity.inputsystem/InputSystem/Runtime/Utilities/NamedValue.cs - Importer: ScriptedImporter/UnityEditor.QuickSearchModule:UnityEditor.Search:ASIAI0B' with importer (ScriptedImporter : UnityEditor.QuickSearchModule:UnityEditor.Search:ASIAI0B)
Imported 'GUID: 0e0c005ff24ec4cfb951eefa16239b9b' -> (Import Result ID: '6b8e3d7f19f378e193da3a9d5c7fd66d') in 0.003 seconds [static and dynamic dependencies]. Details - ImportResultOutputID=cc18b1e84a763bbc484794b8e7e67fbf DependenciesID=21757a824998ec479db0283b51ef9a79 StaticDependenciesID=22aa4a6c9166d5ca2c938a1b81aabe36 
Number of updated asset objects reloaded before import = 0
Number of asset objects unloaded after import = 0
========================================================================
Received Import Request.
  Time of request: 2026-08-11T15:50:18.6236412Z
  Time since last request: 0.0004732 seconds.
  importAddress: GUID: 2349376ef4c6487db94a6e15873ee6a8 - Path: Packages/com.unity.inputsystem/InputSystem/Runtime/Utilities/CallbackArray.cs - Importer: ScriptedImporter/UnityEditor.QuickSearchModule:UnityEditor.Search:ASIAI0B
Importing 'GUID: 2349376ef4c6487db94a6e15873ee6a8 - Path: Packages/com.unity.inputsystem/InputSystem/Runtime/Utilities/CallbackArray.cs - Importer: ScriptedImporter/UnityEditor.QuickSearchModule:UnityEditor.Search:ASIAI0B' with importer (ScriptedImporter : UnityEditor.QuickSearchModule:UnityEditor.Search:ASIAI0B)
Imported 'GUID: 2349376ef4c6487db94a6e15873ee6a8' -> (Import Result ID: 'f8666f2e0baf1924f8b1160439b8385e') in 0.003 seconds [static and dynamic dependencies]. Details - ImportResultOutputID=48085a6056d0794c2d9b67523dbe3f71 DependenciesID=3a46d51fc1f0dae991924813a29677d0 StaticDependenciesID=92e0d18bd270d0154df05b19585f8945 
Number of updated asset objects reloaded before import = 0
Number of asset objects unloaded after import = 0
========================================================================
Received Import Request.
  Time of request: 2026-08-11T15:50:18.6365108Z
  Time since last request: 0.0005007 seconds.
  importAddress: GUID: d1166ae938ecb42adaf8c4530372fb2b - Path: Packages/com.unity.inputsystem/InputSystem/Runtime/Events/ActionEvent.cs - Importer: ScriptedImporter/UnityEditor.QuickSearchModule:UnityEditor.Search:ASIAI0B
Importing 'GUID: d1166ae938ecb42adaf8c4530372fb2b - Path: Packages/com.unity.inputsystem/InputSystem/Runtime/Events/ActionEvent.cs - Importer: ScriptedImporter/UnityEditor.QuickSearchModule:UnityEditor.Search:ASIAI0B' with importer (ScriptedImporter : UnityEditor.QuickSearchModule:UnityEditor.Search:ASIAI0B)
Imported 'GUID: d1166ae938ecb42adaf8c4530372fb2b' -> (Import Result ID: 'f3502377295f61a68c94ae4e5ffd59da') in 0.003 seconds [static and dynamic dependencies]. Details - ImportResultOutputID=d7eef6d66ec85be04b7f6d284e605118 DependenciesID=8f15f82cd6072e00df349e0efd5212f1 StaticDependenciesID=0bf685a7add67006537a3a30e63ba988 
Number of updated asset objects reloaded before import = 0
Number of asset objects unloaded after import = 0
========================================================================
Received Import Request.
  Time of request: 2026-08-11T15:50:18.6843971Z
  Time since last request: 0.0358417 seconds.
  importAddress: GUID: 0eb07b1cf75d04357a7fbd95093f1fa9 - Path: Packages/com.unity.inputsystem/InputSystem/Editor/Actions/Composites/Vector2CompositeEditor.cs - Importer: ScriptedImporter/UnityEditor.QuickSearchModule:UnityEditor.Search:ASIAI0B
Importing 'GUID: 0eb07b1cf75d04357a7fbd95093f1fa9 - Path: Packages/com.unity.inputsystem/InputSystem/Editor/Actions/Composites/Vector2CompositeEditor.cs - Importer: ScriptedImporter/UnityEditor.QuickSearchModule:UnityEditor.Search:ASIAI0B' with importer (ScriptedImporter : UnityEditor.QuickSearchModule:UnityEditor.Search:ASIAI0B)
Imported 'GUID: 0eb07b1cf75d04357a7fbd95093f1fa9' -> (Import Result ID: '04c941664433d5bd1e1331752f6d4bbd') in 0.003 seconds [static and dynamic dependencies]. Details - ImportResultOutputID=f2b2037cf8e58e4e4b121b5bb0097e58 DependenciesID=0a8aaa8fd1841c3ce5e6cb15c8fdafdb StaticDependenciesID=3ee8a4ed444cbb43f8c017cf6762ff75 
Number of updated asset objects reloaded before import = 0
Number of asset objects unloaded after import = 0
========================================================================
Received Import Request.
  Time of request: 2026-08-11T15:50:18.695083Z
  Time since last request: 0.0005925 seconds.
  importAddress: GUID: 224236193350c244abab484f4514df16 - Path: Packages/com.unity.inputsystem/InputSystem/Editor/ControlPicker/Layouts/TouchscreenControlPickerLayout.cs - Importer: ScriptedImporter/UnityEditor.QuickSearchModule:UnityEditor.Search:ASIAI0B
Importing 'GUID: 224236193350c244abab484f4514df16 - Path: Packages/com.unity.inputsystem/InputSystem/Editor/ControlPicker/Layouts/TouchscreenControlPickerLayout.cs - Importer: ScriptedImporter/UnityEditor.QuickSearchModule:UnityEditor.Search:ASIAI0B' with importer (ScriptedImporter : UnityEditor.QuickSearchModule:UnityEditor.Search:ASIAI0B)
Imported 'GUID: 224236193350c244abab484f4514df16' -> (Import Result ID: 'ead7a0d3a2963a46c507b189371077e8') in 0.003 seconds [static and dynamic dependencies]. Details - ImportResultOutputID=fe544346640c30f90d8ea3344bdfa888 DependenciesID=596f84b36290d700f8e8b0aa2a131140 StaticDependenciesID=383c5bbeed25be28a881cf66d751a134 
Number of updated asset objects reloaded before import = 0
Number of asset objects unloaded after import = 0
========================================================================
Received Import Request.
  Time of request: 2026-08-11T15:50:18.7565001Z
  Time since last request: 0.0502732 seconds.
  importAddress: GUID: ae42a3986cf84fe2aa1df4aa984dd806 - Path: Packages/com.unity.inputsystem/InputSystem/Editor/Plugins/HID/HIDDescriptorWindow.cs - Importer: ScriptedImporter/UnityEditor.QuickSearchModule:UnityEditor.Search:ASIAI0B
Importing 'GUID: ae42a3986cf84fe2aa1df4aa984dd806 - Path: Packages/com.unity.inputsystem/InputSystem/Editor/Plugins/HID/HIDDescriptorWindow.cs - Importer: ScriptedImporter/UnityEditor.QuickSearchModule:UnityEditor.Search:ASIAI0B' with importer (ScriptedImporter : UnityEditor.QuickSearchModule:UnityEditor.Search:ASIAI0B)
Imported 'GUID: ae42a3986cf84fe2aa1df4aa984dd806' -> (Import Result ID: 'ba161f730d862a6773b45b791cff312c') in 0.003 seconds [static and dynamic dependencies]. Details - ImportResultOutputID=3fdfbac22df6c084752629faccce26c4 DependenciesID=afbe3ed09e843db5590ac6938fa74456 StaticDependenciesID=3080be701b925e439bedc3c943e19ce7 
Number of updated asset objects reloaded before import = 0
Number of asset objects unloaded after import = 0
========================================================================
Received Import Request.
  Time of request: 2026-08-11T15:50:18.7693779Z
  Time since last request: 0.0013331 seconds.
  importAddress: GUID: f0800c72aa1894e478bb749990855f9e - Path: Packages/com.unity.inputsystem/InputSystem/Editor/Plugins/UI/InputSystemUIInputModuleEditor.cs - Importer: ScriptedImporter/UnityEditor.QuickSearchModule:UnityEditor.Search:ASIAI0B
Importing 'GUID: f0800c72aa1894e478bb749990855f9e - Path: Packages/com.unity.inputsystem/InputSystem/Editor/Plugins/UI/InputSystemUIInputModuleEditor.cs - Importer: ScriptedImporter/UnityEditor.QuickSearchModule:UnityEditor.Search:ASIAI0B' with importer (ScriptedImporter : UnityEditor.QuickSearchModule:UnityEditor.Search:ASIAI0B)
Imported 'GUID: f0800c72aa1894e478bb749990855f9e' -> (Import Result ID: '8bb7b50337c12aad1065ad02a2985041') in 0.004 seconds [static and dynamic dependencies]. Details - ImportResultOutputID=1aba2c91980e34a180eee218ab1d66e2 DependenciesID=677e6f5c76df37806aa5762f624dce30 StaticDependenciesID=580f3bf48db75e16e171483341b2d592 
Number of updated asset objects reloaded before import = 0
Number of asset objects unloaded after import = 0
========================================================================
Received Import Request.
  Time of request: 2026-08-11T15:50:18.7826425Z
  Time since last request: 0.0002685 seconds.
  importAddress: GUID: 156cc514fbe5442381b68a445ee3bf6a - Path: Packages/com.unity.inputsystem/InputSystem/Editor/Plugins/UnityRemote/UnityRemoteSupport.cs - Importer: ScriptedImporter/UnityEditor.QuickSearchModule:UnityEditor.Search:ASIAI0B
Importing 'GUID: 156cc514fbe5442381b68a445ee3bf6a - Path: Packages/com.unity.inputsystem/InputSystem/Editor/Plugins/UnityRemote/UnityRemoteSupport.cs - Importer: ScriptedImporter/UnityEditor.QuickSearchModule:UnityEditor.Search:ASIAI0B' with importer (ScriptedImporter : UnityEditor.QuickSearchModule:UnityEditor.Search:ASIAI0B)
Imported 'GUID: 156cc514fbe5442381b68a445ee3bf6a' -> (Import Result ID: 'c9b86b681b4c4f09620a5842822fe609') in 0.003 seconds [static and dynamic dependencies]. Details - ImportResultOutputID=4042b9db648bdc48e438a84e12db2045 DependenciesID=72a44a39d91e7ff7e711dcceeee23f3a StaticDependenciesID=4b158b09c1dfbaa2f9e95e37f2bf7fdc 
Number of updated asset objects reloaded before import = 0
Number of asset objects unloaded after import = 0
========================================================================
Received Import Request.
  Time of request: 2026-08-11T15:50:18.7941606Z
  Time since last request: 0.0008147 seconds.
  importAddress: GUID: 15164829aab964eedaee6bac785c2c05 - Path: Packages/com.unity.inputsystem/InputSystem/Runtime/Actions/Composites/ButtonWithOneModifier.cs - Importer: ScriptedImporter/UnityEditor.QuickSearchModule:UnityEditor.Search:ASIAI0B
Importing 'GUID: 15164829aab964eedaee6bac785c2c05 - Path: Packages/com.unity.inputsystem/InputSystem/Runtime/Actions/Composites/ButtonWithOneModifier.cs - Importer: ScriptedImporter/UnityEditor.QuickSearchModule:UnityEditor.Search:ASIAI0B' with importer (ScriptedImporter : UnityEditor.QuickSearchModule:UnityEditor.Search:ASIAI0B)
Imported 'GUID: 15164829aab964eedaee6bac785c2c05' -> (Import Result ID: '21a82a6312c061744373ed38ee95cdd5') in 0.003 seconds [static and dynamic dependencies]. Details - ImportResultOutputID=f3606977fbafc22d2f44e639e2fb9a1c DependenciesID=22716fbf7111503421aabeb3ca366be0 StaticDependenciesID=cd3a899871bb4cc3b7c483d1ffe3c252 
Number of updated asset objects reloaded before import = 0
Number of asset objects unloaded after import = 0
========================================================================
Received Import Request.
  Time of request: 2026-08-11T15:50:18.8069664Z
  Time since last request: 0.0004702 seconds.
  importAddress: GUID: 2fe2cf22711ac4db3b094a955603f8bd - Path: Packages/com.unity.inputsystem/InputSystem/Editor/Internal/AdvancedDropdown/CallbackDataSource.cs - Importer: ScriptedImporter/UnityEditor.QuickSearchModule:UnityEditor.Search:ASIAI0B
Importing 'GUID: 2fe2cf22711ac4db3b094a955603f8bd - Path: Packages/com.unity.inputsystem/InputSystem/Editor/Internal/AdvancedDropdown/CallbackDataSource.cs - Importer: ScriptedImporter/UnityEditor.QuickSearchModule:UnityEditor.Search:ASIAI0B' with importer (ScriptedImporter : UnityEditor.QuickSearchModule:UnityEditor.Search:ASIAI0B)
Imported 'GUID: 2fe2cf22711ac4db3b094a955603f8bd' -> (Import Result ID: '317ab38edda0d93d159a64440368d924') in 0.004 seconds [static and dynamic dependencies]. Details - ImportResultOutputID=a633a714194653af5fb2bfa5f8230f92 DependenciesID=89b0187825e0dbde0d417a4a1efe4ef5 StaticDependenciesID=dfcb05bfb69a7f1d7f5de8ded705e461 
Number of updated asset objects reloaded before import = 0
Number of asset objects unloaded after import = 0
========================================================================
Received Import Request.
  Time of request: 2026-08-11T15:50:18.8200311Z
  Time since last request: 0.0007317 seconds.
  importAddress: GUID: 890eded7b7fc53b489fcc92f0aeb774e - Path: Packages/com.unity.inputsystem/InputSystem/Editor/UITKAssetEditor/Views/MatchingControlPaths.cs - Importer: ScriptedImporter/UnityEditor.QuickSearchModule:UnityEditor.Search:ASIAI0B
Importing 'GUID: 890eded7b7fc53b489fcc92f0aeb774e - Path: Packages/com.unity.inputsystem/InputSystem/Editor/UITKAssetEditor/Views/MatchingControlPaths.cs - Importer: ScriptedImporter/UnityEditor.QuickSearchModule:UnityEditor.Search:ASIAI0B' with importer (ScriptedImporter : UnityEditor.QuickSearchModule:UnityEditor.Search:ASIAI0B)
Imported 'GUID: 890eded7b7fc53b489fcc92f0aeb774e' -> (Import Result ID: '56aeeeee8786a5fbaa192c7de2df21c3') in 0.003 seconds [static and dynamic dependencies]. Details - ImportResultOutputID=0c5e6cb6d7b5acfb61cd60e44b498b07 DependenciesID=541389c4678b7fa5c2cdfe528fb4bfa3 StaticDependenciesID=749f521ad5529419a3cce36660c04bd5 
Number of updated asset objects reloaded before import = 0
Number of asset objects unloaded after import = 0
========================================================================
Received Import Request.
  Time of request: 2026-08-11T15:50:18.832641Z
  Time since last request: 0.0003373 seconds.
  importAddress: GUID: c662e0d3cc3c4f948808f9847f715ef2 - Path: Packages/com.unity.inputsystem/InputSystem/Editor/UITKAssetEditor/PackageResources/InputActionsEditor.uxml - Importer: ScriptedImporter/UnityEditor.QuickSearchModule:UnityEditor.Search:ASIAI0B
Importing 'GUID: c662e0d3cc3c4f948808f9847f715ef2 - Path: Packages/com.unity.inputsystem/InputSystem/Editor/UITKAssetEditor/PackageResources/InputActionsEditor.uxml - Importer: ScriptedImporter/UnityEditor.QuickSearchModule:UnityEditor.Search:ASIAI0B' with importer (ScriptedImporter : UnityEditor.QuickSearchModule:UnityEditor.Search:ASIAI0B)
Imported 'GUID: c662e0d3cc3c4f948808f9847f715ef2' -> (Import Result ID: 'bebdc7973febc8ab0c7a0e8f8f73af29') in 0.073 seconds [static and dynamic dependencies]. Details - ImportResultOutputID=64e7159ff41bf716ef7058d7012e745c DependenciesID=6448ebe8242dfc5b540665d39758ec4c StaticDependenciesID=1c66b07c53ca8d6862c20371f49d46ef 
Number of updated asset objects reloaded before import = 0
Number of asset objects unloaded after import = 3
========================================================================
Received Import Request.
  Time of request: 2026-08-11T15:50:18.9238741Z
  Time since last request: 0.0105011 seconds.
  importAddress: GUID: cda1b45d3bda468a95dca208b99174da - Path: Packages/com.unity.inputsystem/InputSystem/Runtime/Actions/Composites/Vector3Composite.cs - Importer: ScriptedImporter/UnityEditor.QuickSearchModule:UnityEditor.Search:ASIAI0B
Importing 'GUID: cda1b45d3bda468a95dca208b99174da - Path: Packages/com.unity.inputsystem/InputSystem/Runtime/Actions/Composites/Vector3Composite.cs - Importer: ScriptedImporter/UnityEditor.QuickSearchModule:UnityEditor.Search:ASIAI0B' with importer (ScriptedImporter : UnityEditor.QuickSearchModule:UnityEditor.Search:ASIAI0B)
Imported 'GUID: cda1b45d3bda468a95dca208b99174da' -> (Import Result ID: '6703a671916496284706e56a61cd825a') in 0.003 seconds [static and dynamic dependencies]. Details - ImportResultOutputID=585f905ae8633ac28531793df7834a90 DependenciesID=7981ad7ff392fdba48c8e4e47c25c222 StaticDependenciesID=cdf1d06ed6c687b6c4d39b1b5b18001e 
Number of updated asset objects reloaded before import = 0
Number of asset objects unloaded after import = 0
========================================================================
Received Import Request.
  Time of request: 2026-08-11T15:50:18.9355616Z
  Time since last request: 0.0012047 seconds.
  importAddress: GUID: 830105192d35a17469c56711468d1e8f - Path: Packages/com.unity.inputsystem/InputSystem/Runtime/Plugins/Android/AndroidSensors.cs - Importer: ScriptedImporter/UnityEditor.QuickSearchModule:UnityEditor.Search:ASIAI0B
Importing 'GUID: 830105192d35a17469c56711468d1e8f - Path: Packages/com.unity.inputsystem/InputSystem/Runtime/Plugins/Android/AndroidSensors.cs - Importer: ScriptedImporter/UnityEditor.QuickSearchModule:UnityEditor.Search:ASIAI0B' with importer (ScriptedImporter : UnityEditor.QuickSearchModule:UnityEditor.Search:ASIAI0B)
Imported 'GUID: 830105192d35a17469c56711468d1e8f' -> (Import Result ID: '02c9827d3d9fa78bc5b1cd141f1b5a36') in 0.004 seconds [static and dynamic dependencies]. Details - ImportResultOutputID=6f3c9ee66baffdf3cea227200f7e2dcb DependenciesID=e108292ca76a24f79ebc758febb1101c StaticDependenciesID=82c996927dc66f9a597bfca626687501 
Number of updated asset objects reloaded before import = 0
Number of asset objects unloaded after import = 0
========================================================================
Received Import Request.
  Time of request: 2026-08-11T15:50:18.9487802Z
  Time since last request: 0.0006189 seconds.
  importAddress: GUID: e4a1c749d40b4bf985d6b32d7db339bb - Path: Packages/com.unity.inputsystem/InputSystem/Runtime/Devices/Haptics/DualMotorRumble.cs - Importer: ScriptedImporter/UnityEditor.QuickSearchModule:UnityEditor.Search:ASIAI0B
Importing 'GUID: e4a1c749d40b4bf985d6b32d7db339bb - Path: Packages/com.unity.inputsystem/InputSystem/Runtime/Devices/Haptics/DualMotorRumble.cs - Importer: ScriptedImporter/UnityEditor.QuickSearchModule:UnityEditor.Search:ASIAI0B' with importer (ScriptedImporter : UnityEditor.QuickSearchModule:UnityEditor.Search:ASIAI0B)
Imported 'GUID: e4a1c749d40b4bf985d6b32d7db339bb' -> (Import Result ID: 'de6ac68f2cb7d2dbd0ea146a49714cec') in 0.003 seconds [static and dynamic dependencies]. Details - ImportResultOutputID=5a0b65c589c29cc0441c1d186daa6971 DependenciesID=0c4c3933bc34899c90b34be952c54818 StaticDependenciesID=1be4540c180f0b354eb2850da947b7d6 
Number of updated asset objects reloaded before import = 0
Number of asset objects unloaded after import = 0
========================================================================
Received Import Request.
  Time of request: 2026-08-11T15:50:18.9602463Z
  Time since last request: 0.0003286 seconds.
  importAddress: GUID: 90a43988da5cf85498b40180b9040a38 - Path: Packages/com.unity.inputsystem/InputSystem/Runtime/Devices/Commands/RequestResetCommand.cs - Importer: ScriptedImporter/UnityEditor.QuickSearchModule:UnityEditor.Search:ASIAI0B
Importing 'GUID: 90a43988da5cf85498b40180b9040a38 - Path: Packages/com.unity.inputsystem/InputSystem/Runtime/Devices/Commands/RequestResetCommand.cs - Importer: ScriptedImporter/UnityEditor.QuickSearchModule:UnityEditor.Search:ASIAI0B' with importer (ScriptedImporter : UnityEditor.QuickSearchModule:UnityEditor.Search:ASIAI0B)
Imported 'GUID: 90a43988da5cf85498b40180b9040a38' -> (Import Result ID: 'b8e38e0e8d4c987dc00a564e63fbe1a8') in 0.003 seconds [static and dynamic dependencies]. Details - ImportResultOutputID=84e98a09062d3f20ecbbe9b7b1d11d30 DependenciesID=f340f824a6d558f81a78536eb78fc4ce StaticDependenciesID=b201ba7c12ddd946ffcd9fa1a823d798 
Number of updated asset objects reloaded before import = 0
Number of asset objects unloaded after import = 0
========================================================================
Received Import Request.
  Time of request: 2026-08-11T15:50:18.9728887Z
  Time since last request: 0.0002367 seconds.
  importAddress: GUID: 179e4e4b8003406d97463b101f15eb8b - Path: Packages/com.unity.inputsystem/InputSystem/Runtime/Devices/Haptics/IHaptics.cs - Importer: ScriptedImporter/UnityEditor.QuickSearchModule:UnityEditor.Search:ASIAI0B
Importing 'GUID: 179e4e4b8003406d97463b101f15eb8b - Path: Packages/com.unity.inputsystem/InputSystem/Runtime/Devices/Haptics/IHaptics.cs - Importer: ScriptedImporter/UnityEditor.QuickSearchModule:UnityEditor.Search:ASIAI0B' with importer (ScriptedImporter : UnityEditor.QuickSearchModule:UnityEditor.Search:ASIAI0B)
Imported 'GUID: 179e4e4b8003406d97463b101f15eb8b' -> (Import Result ID: '2f5e21737fbf67f63719aaa85958ce6c') in 0.004 seconds [static and dynamic dependencies]. Details - ImportResultOutputID=4420bcece1f9b2f4296c65481cd34eb0 DependenciesID=891db6ecbac81f58e43273330d8d2e5c StaticDependenciesID=e779b491f0b237c77ff6aaaab1964daa 
Number of updated asset objects reloaded before import = 0
Number of asset objects unloaded after import = 0
========================================================================
Received Import Request.
  Time of request: 2026-08-11T15:50:18.9853426Z
  Time since last request: 0.0005799 seconds.
  importAddress: GUID: 9e0ea5a9f932f6541962b1bf7934f7c3 - Path: Packages/com.unity.inputsystem/InputSystem/Runtime/Devices/Commands/EnableIMECompositionCommand.cs - Importer: ScriptedImporter/UnityEditor.QuickSearchModule:UnityEditor.Search:ASIAI0B
Importing 'GUID: 9e0ea5a9f932f6541962b1bf7934f7c3 - Path: Packages/com.unity.inputsystem/InputSystem/Runtime/Devices/Commands/EnableIMECompositionCommand.cs - Importer: ScriptedImporter/UnityEditor.QuickSearchModule:UnityEditor.Search:ASIAI0B' with importer (ScriptedImporter : UnityEditor.QuickSearchModule:UnityEditor.Search:ASIAI0B)
Imported 'GUID: 9e0ea5a9f932f6541962b1bf7934f7c3' -> (Import Result ID: '89502d88b10de89e446325aee3114fb8') in 0.003 seconds [static and dynamic dependencies]. Details - ImportResultOutputID=ed86ef46b4f8cdf73d639e8ca776aa8c DependenciesID=ca1209d60d88eafbbbe7cfa5d609b061 StaticDependenciesID=34623db7fca17bd8065b16fa431de9ba 
Number of updated asset objects reloaded before import = 0
Number of asset objects unloaded after import = 0
========================================================================
Received Import Request.
  Time of request: 2026-08-11T15:50:18.9966915Z
  Time since last request: 0.0004021 seconds.
  importAddress: GUID: 6a390ac9b9af0fb49b702bae14eaed84 - Path: Packages/com.unity.inputsystem/InputSystem/Runtime/Devices/Precompiled/FastMouse.cs - Importer: ScriptedImporter/UnityEditor.QuickSearchModule:UnityEditor.Search:ASIAI0B
Importing 'GUID: 6a390ac9b9af0fb49b702bae14eaed84 - Path: Packages/com.unity.inputsystem/InputSystem/Runtime/Devices/Precompiled/FastMouse.cs - Importer: ScriptedImporter/UnityEditor.QuickSearchModule:UnityEditor.Search:ASIAI0B' with importer (ScriptedImporter : UnityEditor.QuickSearchModule:UnityEditor.Search:ASIAI0B)
Imported 'GUID: 6a390ac9b9af0fb49b702bae14eaed84' -> (Import Result ID: '451d13303370f6a44d751ba029ddf1cc') in 0.003 seconds [static and dynamic dependencies]. Details - ImportResultOutputID=816655f9f9ed373b3102a74c7d143279 DependenciesID=b4523c3f520517ab10b111e26d9c3e42 StaticDependenciesID=4d3aa18aaf50cfde5140b48b9b9aa463 
Number of updated asset objects reloaded before import = 0
Number of asset objects unloaded after import = 0
========================================================================
Received Import Request.
  Time of request: 2026-08-11T15:50:19.0101076Z
  Time since last request: 0.0003913 seconds.
  importAddress: GUID: caa587f0fb5099040bf6193f93daec5d - Path: Packages/com.unity.inputsystem/InputSystem/Runtime/Actions/Interactions/TapInteraction.cs - Importer: ScriptedImporter/UnityEditor.QuickSearchModule:UnityEditor.Search:ASIAI0B
Importing 'GUID: caa587f0fb5099040bf6193f93daec5d - Path: Packages/com.unity.inputsystem/InputSystem/Runtime/Actions/Interactions/TapInteraction.cs - Importer: ScriptedImporter/UnityEditor.QuickSearchModule:UnityEditor.Search:ASIAI0B' with importer (ScriptedImporter : UnityEditor.QuickSearchModule:UnityEditor.Search:ASIAI0B)
Imported 'GUID: caa587f0fb5099040bf6193f93daec5d' -> (Import Result ID: '929e0c00a869c8b35a15253e907c7092') in 0.003 seconds [static and dynamic dependencies]. Details - ImportResultOutputID=21c13d065481609deda681e5ec04a1ef DependenciesID=b649aec36b06cd7467669d34cfaba1d0 StaticDependenciesID=5b043fc49520921b583cbdeb4a83d1ce 
Number of updated asset objects reloaded before import = 0
Number of asset objects unloaded after import = 0
========================================================================
Received Import Request.
  Time of request: 2026-08-11T15:50:19.0344039Z
  Time since last request: 0.0119301 seconds.
  importAddress: GUID: b0e29a3b2e6d01345abeaefb681b5f22 - Path: Packages/com.unity.inputsystem/InputSystem/Runtime/Plugins/iOS/IOSGameController.cs - Importer: ScriptedImporter/UnityEditor.QuickSearchModule:UnityEditor.Search:ASIAI0B
Importing 'GUID: b0e29a3b2e6d01345abeaefb681b5f22 - Path: Packages/com.unity.inputsystem/InputSystem/Runtime/Plugins/iOS/IOSGameController.cs - Importer: ScriptedImporter/UnityEditor.QuickSearchModule:UnityEditor.Search:ASIAI0B' with importer (ScriptedImporter : UnityEditor.QuickSearchModule:UnityEditor.Search:ASIAI0B)
Imported 'GUID: b0e29a3b2e6d01345abeaefb681b5f22' -> (Import Result ID: '8431068aaf4724605d442cfe9cd4e7da') in 0.003 seconds [static and dynamic dependencies]. Details - ImportResultOutputID=9a54ccbec6262fffe528fcd933690a80 DependenciesID=866f1e807b3b2fbc3dd3b3d5d58a5824 StaticDependenciesID=fa327f14421aaa5cfc317ee576041e8e 
Number of updated asset objects reloaded before import = 0
Number of asset objects unloaded after import = 0
========================================================================
Received Import Request.
  Time of request: 2026-08-11T15:50:19.0460671Z
  Time since last request: 0.0011142 seconds.
  importAddress: GUID: 62899f850307741f2a39c98a8b639597 - Path: Packages/com.unity.inputsystem/InputSystem/Runtime/Plugins/PlayerInput/PlayerInput.cs - Importer: ScriptedImporter/UnityEditor.QuickSearchModule:UnityEditor.Search:ASIAI0B
Importing 'GUID: 62899f850307741f2a39c98a8b639597 - Path: Packages/com.unity.inputsystem/InputSystem/Runtime/Plugins/PlayerInput/PlayerInput.cs - Importer: ScriptedImporter/UnityEditor.QuickSearchModule:UnityEditor.Search:ASIAI0B' with importer (ScriptedImporter : UnityEditor.QuickSearchModule:UnityEditor.Search:ASIAI0B)
Imported 'GUID: 62899f850307741f2a39c98a8b639597' -> (Import Result ID: 'd9fea539e953d6a1e64bcf743b379e97') in 0.005 seconds [static and dynamic dependencies]. Details - ImportResultOutputID=3a762fa70f2edef7243cd69425e04e2d DependenciesID=99f3702dd4312172df8432b043a4824e StaticDependenciesID=ef5b7a36f159853f77019a7b141fe1cf 
Number of updated asset objects reloaded before import = 0
Number of asset objects unloaded after import = 1
========================================================================
Received Import Request.
  Time of request: 2026-08-11T15:50:19.0609346Z
  Time since last request: 0.0002208 seconds.
  importAddress: GUID: 7bef150b341c4d0dbab3db81ccf2ea81 - Path: Packages/com.unity.inputsystem/InputSystem/Runtime/Plugins/Steam/SteamSupport.cs - Importer: ScriptedImporter/UnityEditor.QuickSearchModule:UnityEditor.Search:ASIAI0B
Importing 'GUID: 7bef150b341c4d0dbab3db81ccf2ea81 - Path: Packages/com.unity.inputsystem/InputSystem/Runtime/Plugins/Steam/SteamSupport.cs - Importer: ScriptedImporter/UnityEditor.QuickSearchModule:UnityEditor.Search:ASIAI0B' with importer (ScriptedImporter : UnityEditor.QuickSearchModule:UnityEditor.Search:ASIAI0B)
Imported 'GUID: 7bef150b341c4d0dbab3db81ccf2ea81' -> (Import Result ID: '03027d6800dc09282a79e56e9c106b94') in 0.003 seconds [static and dynamic dependencies]. Details - ImportResultOutputID=9846ec02f368f9de8aac32c3bdee7d34 DependenciesID=c4166aa7dfbebe9e10909a992685478a StaticDependenciesID=b6ae2c989f8faf60c60d6f3fc1c1be79 
Number of updated asset objects reloaded before import = 0
Number of asset objects unloaded after import = 0
========================================================================
Received Import Request.
  Time of request: 2026-08-11T15:50:19.0731551Z
  Time since last request: 0.0003098 seconds.
  importAddress: GUID: 425bde5d5c63e4c5d8d95b068a911236 - Path: Packages/com.unity.inputsystem/InputSystem/Runtime/Plugins/Steam/IStreamControllerAPI.cs - Importer: ScriptedImporter/UnityEditor.QuickSearchModule:UnityEditor.Search:ASIAI0B
Importing 'GUID: 425bde5d5c63e4c5d8d95b068a911236 - Path: Packages/com.unity.inputsystem/InputSystem/Runtime/Plugins/Steam/IStreamControllerAPI.cs - Importer: ScriptedImporter/UnityEditor.QuickSearchModule:UnityEditor.Search:ASIAI0B' with importer (ScriptedImporter : UnityEditor.QuickSearchModule:UnityEditor.Search:ASIAI0B)
Imported 'GUID: 425bde5d5c63e4c5d8d95b068a911236' -> (Import Result ID: '3af0786a0a0aecdea047eb11455640c4') in 0.003 seconds [static and dynamic dependencies]. Details - ImportResultOutputID=cf068dde5e87e16a2230b628a5e23c64 DependenciesID=e5cd5e7cf847df5976025134536fa5e7 StaticDependenciesID=d3ec2ad96ccb89810ddafd0a5f1c1e9a 
Number of updated asset objects reloaded before import = 0
Number of asset objects unloaded after import = 0
========================================================================
Received Import Request.
  Time of request: 2026-08-11T15:50:19.0845288Z
  Time since last request: 0.0002555 seconds.
  importAddress: GUID: 92ae37f8da4c25141a0c43e136275e46 - Path: Packages/com.unity.inputsystem/InputSystem/Runtime/Plugins/OnScreen/OnScreenControl.cs - Importer: ScriptedImporter/UnityEditor.QuickSearchModule:UnityEditor.Search:ASIAI0B
Importing 'GUID: 92ae37f8da4c25141a0c43e136275e46 - Path: Packages/com.unity.inputsystem/InputSystem/Runtime/Plugins/OnScreen/OnScreenControl.cs - Importer: ScriptedImporter/UnityEditor.QuickSearchModule:UnityEditor.Search:ASIAI0B' with importer (ScriptedImporter : UnityEditor.QuickSearchModule:UnityEditor.Search:ASIAI0B)
Imported 'GUID: 92ae37f8da4c25141a0c43e136275e46' -> (Import Result ID: '3ea91b1659be073879afe06be674eda9') in 0.003 seconds [static and dynamic dependencies]. Details - ImportResultOutputID=fb54c1b490390634527036013d03a33c DependenciesID=6b3b3b078b83aa3d154020e665264d96 StaticDependenciesID=23860ee580358bc11981d7fef6536546 
Number of updated asset objects reloaded before import = 0
Number of asset objects unloaded after import = 0
========================================================================
Received Import Request.
  Time of request: 2026-08-11T15:50:19.0958521Z
  Time since last request: 0.0004846 seconds.
  importAddress: GUID: 621567455fd1c4ceb811cc8a00b6a1a5 - Path: Packages/com.unity.inputsystem/InputSystem/Runtime/Plugins/PlayerInput/PlayerInputManager.cs - Importer: ScriptedImporter/UnityEditor.QuickSearchModule:UnityEditor.Search:ASIAI0B
Importing 'GUID: 621567455fd1c4ceb811cc8a00b6a1a5 - Path: Packages/com.unity.inputsystem/InputSystem/Runtime/Plugins/PlayerInput/PlayerInputManager.cs - Importer: ScriptedImporter/UnityEditor.QuickSearchModule:UnityEditor.Search:ASIAI0B' with importer (ScriptedImporter : UnityEditor.QuickSearchModule:UnityEditor.Search:ASIAI0B)
Imported 'GUID: 621567455fd1c4ceb811cc8a00b6a1a5' -> (Import Result ID: '26cc3252a72b3ed0631db73f358d0cb3') in 0.005 seconds [static and dynamic dependencies]. Details - ImportResultOutputID=1a119ea230a686f4bec061fcb7a46963 DependenciesID=6e36e7796f5161f4a09755967903f522 StaticDependenciesID=a41962202d90c29ff8d9e29cefa03aa8 
Number of updated asset objects reloaded before import = 0
Number of asset objects unloaded after import = 1
========================================================================
Received Import Request.
  Time of request: 2026-08-11T15:50:19.1095531Z
  Time since last request: 0.0002255 seconds.
  importAddress: GUID: e31057ef324a04478bb4f7d469b3cdc0 - Path: Packages/com.unity.inputsystem/InputSystem/Runtime/Plugins/EnhancedTouch/TouchSimulation.cs - Importer: ScriptedImporter/UnityEditor.QuickSearchModule:UnityEditor.Search:ASIAI0B
Importing 'GUID: e31057ef324a04478bb4f7d469b3cdc0 - Path: Packages/com.unity.inputsystem/InputSystem/Runtime/Plugins/EnhancedTouch/TouchSimulation.cs - Importer: ScriptedImporter/UnityEditor.QuickSearchModule:UnityEditor.Search:ASIAI0B' with importer (ScriptedImporter : UnityEditor.QuickSearchModule:UnityEditor.Search:ASIAI0B)
Imported 'GUID: e31057ef324a04478bb4f7d469b3cdc0' -> (Import Result ID: '298de0c1b108fb9340c0129eca5d3ac5') in 0.005 seconds [static and dynamic dependencies]. Details - ImportResultOutputID=e1021c124e45e953c9f3c60b8dbf22ad DependenciesID=5e4c450453a4e7b3681150aeabed272c StaticDependenciesID=f9730aec1ebdde8cf9fbebf8bbb7228e 
Number of updated asset objects reloaded before import = 0
Number of asset objects unloaded after import = 0
========================================================================
Received Import Request.
  Time of request: 2026-08-11T15:50:19.1231297Z
  Time since last request: 0.0003315 seconds.
  importAddress: GUID: 424b6720ff5999446843ba414e58a907 - Path: Packages/com.unity.inputsystem/InputSystem/Runtime/Plugins/UI/VirtualMouseInput.cs - Importer: ScriptedImporter/UnityEditor.QuickSearchModule:UnityEditor.Search:ASIAI0B
Importing 'GUID: 424b6720ff5999446843ba414e58a907 - Path: Packages/com.unity.inputsystem/InputSystem/Runtime/Plugins/UI/VirtualMouseInput.cs - Importer: ScriptedImporter/UnityEditor.QuickSearchModule:UnityEditor.Search:ASIAI0B' with importer (ScriptedImporter : UnityEditor.QuickSearchModule:UnityEditor.Search:ASIAI0B)
Imported 'GUID: 424b6720ff5999446843ba414e58a907' -> (Import Result ID: 'f73412a67b1bdf1068a9c0a7e9b24f18') in 0.003 seconds [static and dynamic dependencies]. Details - ImportResultOutputID=c1c0c2e750cc00bb97a406d094887b7c DependenciesID=07a658f81797669f3a489478b1078a1c StaticDependenciesID=757ab6e2788e42305108a6c6ee342403 
Number of updated asset objects reloaded before import = 0
Number of asset objects unloaded after import = 0
========================================================================
Received Import Request.
  Time of request: 2026-08-11T15:50:19.1556129Z
  Time since last request: 0.0202758 seconds.
  importAddress: GUID: 943deaaee9c9347e0a455aa208526c42 - Path: Packages/com.unity.inputsystem/InputSystem/Editor/AssetEditor/PackageResources/pro/actionTreeBackgroundWithoutBorder.png - Importer: ScriptedImporter/UnityEditor.QuickSearchModule:UnityEditor.Search:ASIAI0B
Importing 'GUID: 943deaaee9c9347e0a455aa208526c42 - Path: Packages/com.unity.inputsystem/InputSystem/Editor/AssetEditor/PackageResources/pro/actionTreeBackgroundWithoutBorder.png - Importer: ScriptedImporter/UnityEditor.QuickSearchModule:UnityEditor.Search:ASIAI0B' with importer (ScriptedImporter : UnityEditor.QuickSearchModule:UnityEditor.Search:ASIAI0B)
Imported 'GUID: 943deaaee9c9347e0a455aa208526c42' -> (Import Result ID: '879c5bf673329cfed86d83b47c13091a') in 0.006 seconds [static and dynamic dependencies]. Details - ImportResultOutputID=f34322776c964e7af62c3f6594a48ef8 DependenciesID=3430814095e711b0ce80c04bfacf2e9e StaticDependenciesID=3f6d4f60f826e8d70a9131af2f4ab27f 
Number of updated asset objects reloaded before import = 0
Number of asset objects unloaded after import = 1
========================================================================
Received Import Request.
  Time of request: 2026-08-11T15:50:19.169402Z
  Time since last request: 0.0002419 seconds.
  importAddress: GUID: 5ab69704aa4984b49bc426da72fabbed - Path: Packages/com.unity.inputsystem/InputSystem/Editor/AssetEditor/PackageResources/personal/foldoutBackground.png - Importer: ScriptedImporter/UnityEditor.QuickSearchModule:UnityEditor.Search:ASIAI0B
Importing 'GUID: 5ab69704aa4984b49bc426da72fabbed - Path: Packages/com.unity.inputsystem/InputSystem/Editor/AssetEditor/PackageResources/personal/foldoutBackground.png - Importer: ScriptedImporter/UnityEditor.QuickSearchModule:UnityEditor.Search:ASIAI0B' with importer (ScriptedImporter : UnityEditor.QuickSearchModule:UnityEditor.Search:ASIAI0B)
Imported 'GUID: 5ab69704aa4984b49bc426da72fabbed' -> (Import Result ID: 'b15fcdc33e6dcbfaaa492fbd6a2da57e') in 0.007 seconds [static and dynamic dependencies]. Details - ImportResultOutputID=be7261bb5ba76aa30e07b3998e689768 DependenciesID=9efb612d59a4f3c940c0eaff12d14f64 StaticDependenciesID=b4231ff969333ee26dd303ff5e3f52d8 
Number of updated asset objects reloaded before import = 0
Number of asset objects unloaded after import = 1
========================================================================
Received Import Request.
  Time of request: 2026-08-11T15:50:19.1847198Z
  Time since last request: 0.0003127 seconds.
  importAddress: GUID: 749d1db079e2d5e4ea440488ee312b04 - Path: Packages/com.unity.visualscripting/Graphics/Icons_16x_72dpi.psd - Importer: ScriptedImporter/UnityEditor.QuickSearchModule:UnityEditor.Search:ASIAI0B
Importing 'GUID: 749d1db079e2d5e4ea440488ee312b04 - Path: Packages/com.unity.visualscripting/Graphics/Icons_16x_72dpi.psd - Importer: ScriptedImporter/UnityEditor.QuickSearchModule:UnityEditor.Search:ASIAI0B' with importer (ScriptedImporter : UnityEditor.QuickSearchModule:UnityEditor.Search:ASIAI0B)
Imported 'GUID: 749d1db079e2d5e4ea440488ee312b04' -> (Import Result ID: '0de124c641bfe25de692a4d4673dcfe8') in 0.007 seconds [static and dynamic dependencies]. Details - ImportResultOutputID=852c307ee5996f23b53b0a5e235bfede DependenciesID=ccfc932f1033fd0790b971dc671b62e0 StaticDependenciesID=cc121b3d82d4dde8216e87839dead86a 
Number of updated asset objects reloaded before import = 0
Number of asset objects unloaded after import = 1
========================================================================
Received Import Request.
  Time of request: 2026-08-11T15:50:19.1998571Z
  Time since last request: 0.0002828 seconds.
  importAddress: GUID: 5f1b15ef6f7374405b6abe5fae72c2e3 - Path: Packages/com.unity.visualscripting/Editor/VisualScripting.Core/AssetBundleCreator.cs - Importer: ScriptedImporter/UnityEditor.QuickSearchModule:UnityEditor.Search:ASIAI0B
Importing 'GUID: 5f1b15ef6f7374405b6abe5fae72c2e3 - Path: Packages/com.unity.visualscripting/Editor/VisualScripting.Core/AssetBundleCreator.cs - Importer: ScriptedImporter/UnityEditor.QuickSearchModule:UnityEditor.Search:ASIAI0B' with importer (ScriptedImporter : UnityEditor.QuickSearchModule:UnityEditor.Search:ASIAI0B)
Imported 'GUID: 5f1b15ef6f7374405b6abe5fae72c2e3' -> (Import Result ID: '49140298d3ad13566e1957c11b8feafd') in 0.003 seconds [static and dynamic dependencies]. Details - ImportResultOutputID=e1bde025d34c87ce6e161114a9922674 DependenciesID=a4e1de58ec0acd4d955f8bd0b37d301b StaticDependenciesID=5cf91f30eb8ccd3b332cc5ab78f1c6b0 
Number of updated asset objects reloaded before import = 0
Number of asset objects unloaded after import = 0
========================================================================
Received Import Request.
  Time of request: 2026-08-11T15:50:19.211716Z
  Time since last request: 0.0003183 seconds.
  importAddress: GUID: 2f0cb32e9f8a4724ab6642e567fa5a7d - Path: Packages/com.unity.visualscripting/Graphics/Events.afphoto - Importer: ScriptedImporter/UnityEditor.QuickSearchModule:UnityEditor.Search:ASIAI0B
Importing 'GUID: 2f0cb32e9f8a4724ab6642e567fa5a7d - Path: Packages/com.unity.visualscripting/Graphics/Events.afphoto - Importer: ScriptedImporter/UnityEditor.QuickSearchModule:UnityEditor.Search:ASIAI0B' with importer (ScriptedImporter : UnityEditor.QuickSearchModule:UnityEditor.Search:ASIAI0B)
Imported 'GUID: 2f0cb32e9f8a4724ab6642e567fa5a7d' -> (Import Result ID: 'e7b48bc4ee5a60008f268baf5b850be7') in 0.004 seconds [static and dynamic dependencies]. Details - ImportResultOutputID=7f087ab86b05b30885308b46b86ab5b8 DependenciesID=78a24ea8c52d5fa42bdfb0eb0c653351 StaticDependenciesID=f8be17d8da25d88030212eff8649a332 
Number of updated asset objects reloaded before import = 0
Number of asset objects unloaded after import = 1
========================================================================
Received Import Request.
  Time of request: 2026-08-11T15:50:19.223417Z
  Time since last request: 0.0003484 seconds.
  importAddress: GUID: 25881642ba784356b23ef34898fdc690 - Path: Packages/com.unity.inputsystem/InputSystem/Runtime/Utilities/Observables/TakeNObservable.cs - Importer: ScriptedImporter/UnityEditor.QuickSearchModule:UnityEditor.Search:ASIAI0B
Importing 'GUID: 25881642ba784356b23ef34898fdc690 - Path: Packages/com.unity.inputsystem/InputSystem/Runtime/Utilities/Observables/TakeNObservable.cs - Importer: ScriptedImporter/UnityEditor.QuickSearchModule:UnityEditor.Search:ASIAI0B' with importer (ScriptedImporter : UnityEditor.QuickSearchModule:UnityEditor.Search:ASIAI0B)
Imported 'GUID: 25881642ba784356b23ef34898fdc690' -> (Import Result ID: '2ffde576cf956ef4c1109e3ef683f9ca') in 0.003 seconds [static and dynamic dependencies]. Details - ImportResultOutputID=3f4d081badee6247003f14bc3ccbf2ca DependenciesID=9b173dae2562c6db4b27ec5263ef4f81 StaticDependenciesID=d6b110c2e37f5faf2ae11d372b66f4f2 
Number of updated asset objects reloaded before import = 0
Number of asset objects unloaded after import = 0
========================================================================
Received Import Request.
  Time of request: 2026-08-11T15:50:19.2371886Z
  Time since last request: 0.0003485 seconds.
  importAddress: GUID: 35a21b8c004950548af9fc81919e1aa9 - Path: Packages/com.unity.visualscripting/Graphics/Icons_32x_72dpi.psd - Importer: ScriptedImporter/UnityEditor.QuickSearchModule:UnityEditor.Search:ASIAI0B
Importing 'GUID: 35a21b8c004950548af9fc81919e1aa9 - Path: Packages/com.unity.visualscripting/Graphics/Icons_32x_72dpi.psd - Importer: ScriptedImporter/UnityEditor.QuickSearchModule:UnityEditor.Search:ASIAI0B' with importer (ScriptedImporter : UnityEditor.QuickSearchModule:UnityEditor.Search:ASIAI0B)
Imported 'GUID: 35a21b8c004950548af9fc81919e1aa9' -> (Import Result ID: '216a306b387664f3db073d5a43ea398d') in 0.007 seconds [static and dynamic dependencies]. Details - ImportResultOutputID=3588d9a74c9a5d7785a6f681733c1f23 DependenciesID=1c4f8f34d1f0146e34e17147b609cbb4 StaticDependenciesID=20a65efcc061bc75fd372432d7d0c888 
Number of updated asset objects reloaded before import = 0
Number of asset objects unloaded after import = 1
========================================================================
Received Import Request.
  Time of request: 2026-08-11T15:50:19.3024162Z
  Time since last request: 0.0510536 seconds.
  importAddress: GUID: d20b55e1b62454c3cb8261290858b417 - Path: Packages/com.unity.visualscripting/Runtime/VisualScripting.State/StateGraph.cs - Importer: ScriptedImporter/UnityEditor.QuickSearchModule:UnityEditor.Search:ASIAI0B
Importing 'GUID: d20b55e1b62454c3cb8261290858b417 - Path: Packages/com.unity.visualscripting/Runtime/VisualScripting.State/StateGraph.cs - Importer: ScriptedImporter/UnityEditor.QuickSearchModule:UnityEditor.Search:ASIAI0B' with importer (ScriptedImporter : UnityEditor.QuickSearchModule:UnityEditor.Search:ASIAI0B)
Imported 'GUID: d20b55e1b62454c3cb8261290858b417' -> (Import Result ID: 'f72e3261fa1b07a2215bd7e211a517c5') in 0.005 seconds [static and dynamic dependencies]. Details - ImportResultOutputID=0f0482c61fd5fd6084ee1b3d47a92582 DependenciesID=ef4c40c5567822783733add082350b4e StaticDependenciesID=5f77818da0ae600a1195654a79c0b221 
Number of updated asset objects reloaded before import = 0
Number of asset objects unloaded after import = 0
========================================================================
Received Import Request.
  Time of request: 2026-08-11T15:50:19.3153155Z
  Time since last request: 0.0010316 seconds.
  importAddress: GUID: e5469618019ff476db0e9a02c0c3f432 - Path: Packages/com.unity.visualscripting/Editor/VisualScripting.Flow/FlowMachineEditor.cs - Importer: ScriptedImporter/UnityEditor.QuickSearchModule:UnityEditor.Search:ASIAI0B
Importing 'GUID: e5469618019ff476db0e9a02c0c3f432 - Path: Packages/com.unity.visualscripting/Editor/VisualScripting.Flow/FlowMachineEditor.cs - Importer: ScriptedImporter/UnityEditor.QuickSearchModule:UnityEditor.Search:ASIAI0B' with importer (ScriptedImporter : UnityEditor.QuickSearchModule:UnityEditor.Search:ASIAI0B)
Imported 'GUID: e5469618019ff476db0e9a02c0c3f432' -> (Import Result ID: '5b2f5ac70792cca63ba81dc7bfab717a') in 0.003 seconds [static and dynamic dependencies]. Details - ImportResultOutputID=b7d153969a49f60dc89a7b9e7337cdcb DependenciesID=819d84511719e0add32e2149ab417f88 StaticDependenciesID=646c0974921f2cc27224ea377e1ebf3e 
Number of updated asset objects reloaded before import = 0
Number of asset objects unloaded after import = 0
========================================================================
Received Import Request.
  Time of request: 2026-08-11T15:50:19.3260765Z
  Time since last request: 0.0005119 seconds.
  importAddress: GUID: 115b9acbeb0934c0daf0875f2eb28b61 - Path: Packages/com.unity.visualscripting/Runtime/VisualScripting.State/IStateTransitionDebugData.cs - Importer: ScriptedImporter/UnityEditor.QuickSearchModule:UnityEditor.Search:ASIAI0B
Importing 'GUID: 115b9acbeb0934c0daf0875f2eb28b61 - Path: Packages/com.unity.visualscripting/Runtime/VisualScripting.State/IStateTransitionDebugData.cs - Importer: ScriptedImporter/UnityEditor.QuickSearchModule:UnityEditor.Search:ASIAI0B' with importer (ScriptedImporter : UnityEditor.QuickSearchModule:UnityEditor.Search:ASIAI0B)
Imported 'GUID: 115b9acbeb0934c0daf0875f2eb28b61' -> (Import Result ID: '346d5d4c65efbf05947df5f88a272897') in 0.003 seconds [static and dynamic dependencies]. Details - ImportResultOutputID=30edcb901865840dac786b3339a11d3d DependenciesID=8660e269594f8c67b939e45c8f4c7ebe StaticDependenciesID=5267e6a0afddfa346f09ab171db14651 
Number of updated asset objects reloaded before import = 0
Number of asset objects unloaded after import = 0
========================================================================
Received Import Request.
  Time of request: 2026-08-11T15:50:19.338742Z
  Time since last request: 0.0003008 seconds.
  importAddress: GUID: 44645be24e12a48a9ba727b163f3b637 - Path: Packages/com.unity.visualscripting/Editor/VisualScripting.Flow/XFlowGraph.cs - Importer: ScriptedImporter/UnityEditor.QuickSearchModule:UnityEditor.Search:ASIAI0B
Importing 'GUID: 44645be24e12a48a9ba727b163f3b637 - Path: Packages/com.unity.visualscripting/Editor/VisualScripting.Flow/XFlowGraph.cs - Importer: ScriptedImporter/UnityEditor.QuickSearchModule:UnityEditor.Search:ASIAI0B' with importer (ScriptedImporter : UnityEditor.QuickSearchModule:UnityEditor.Search:ASIAI0B)
Imported 'GUID: 44645be24e12a48a9ba727b163f3b637' -> (Import Result ID: '1395fea7942b95725aeaf8c9c7783a23') in 0.004 seconds [static and dynamic dependencies]. Details - ImportResultOutputID=0346330c237460a5ff36d36983d75105 DependenciesID=f5637bdc4d09b5781949dd4345bd0ffa StaticDependenciesID=440b954212d8efb07f471daa9e3512bf 
Number of updated asset objects reloaded before import = 0
Number of asset objects unloaded after import = 0
========================================================================
Received Import Request.
  Time of request: 2026-08-11T15:50:19.351484Z
  Time since last request: 0.0002577 seconds.
  importAddress: GUID: 10477d5d4528e40818aa77439952fa2f - Path: Packages/com.unity.visualscripting/Runtime/VisualScripting.Flow/IUnit.cs - Importer: ScriptedImporter/UnityEditor.QuickSearchModule:UnityEditor.Search:ASIAI0B
Importing 'GUID: 10477d5d4528e40818aa77439952fa2f - Path: Packages/com.unity.visualscripting/Runtime/VisualScripting.Flow/IUnit.cs - Importer: ScriptedImporter/UnityEditor.QuickSearchModule:UnityEditor.Search:ASIAI0B' with importer (ScriptedImporter : UnityEditor.QuickSearchModule:UnityEditor.Search:ASIAI0B)
Imported 'GUID: 10477d5d4528e40818aa77439952fa2f' -> (Import Result ID: 'a36abaa0038da7e9b96e11bd1cc14534') in 0.003 seconds [static and dynamic dependencies]. Details - ImportResultOutputID=557c912857e1f87321b9d653cc8fe717 DependenciesID=b43f56e4c65a63d39125096592a5029a StaticDependenciesID=0fa7abf8a4de5792822d7f5add7fb83b 
Number of updated asset objects reloaded before import = 0
Number of asset objects unloaded after import = 0
========================================================================
Received Import Request.
  Time of request: 2026-08-11T15:50:19.362917Z
  Time since last request: 0.000345 seconds.
  importAddress: GUID: ad597e0a189a942b794d0b24eba536f4 - Path: Packages/com.unity.visualscripting/Runtime/VisualScripting.Flow/NesterUnit.cs - Importer: ScriptedImporter/UnityEditor.QuickSearchModule:UnityEditor.Search:ASIAI0B
Importing 'GUID: ad597e0a189a942b794d0b24eba536f4 - Path: Packages/com.unity.visualscripting/Runtime/VisualScripting.Flow/NesterUnit.cs - Importer: ScriptedImporter/UnityEditor.QuickSearchModule:UnityEditor.Search:ASIAI0B' with importer (ScriptedImporter : UnityEditor.QuickSearchModule:UnityEditor.Search:ASIAI0B)
Imported 'GUID: ad597e0a189a942b794d0b24eba536f4' -> (Import Result ID: '39b792d78f20075653e0194b1d94ce1f') in 0.004 seconds [static and dynamic dependencies]. Details - ImportResultOutputID=7008b18f7dc21acd1b7e8ea3f4fdb1f7 DependenciesID=e73717d7367b75d5cee0956c79df2134 StaticDependenciesID=41677045d7eded0c93fe9bf3f2a95581 
Number of updated asset objects reloaded before import = 0
Number of asset objects unloaded after import = 0
========================================================================
Received Import Request.
  Time of request: 2026-08-11T15:50:19.3765809Z
  Time since last request: 0.0003225 seconds.
  importAddress: GUID: 96720bb3a1ee0448b8de15584f45ad51 - Path: Packages/com.unity.visualscripting/Runtime/VisualScripting.State/IStateDebugData.cs - Importer: ScriptedImporter/UnityEditor.QuickSearchModule:UnityEditor.Search:ASIAI0B
Importing 'GUID: 96720bb3a1ee0448b8de15584f45ad51 - Path: Packages/com.unity.visualscripting/Runtime/VisualScripting.State/IStateDebugData.cs - Importer: ScriptedImporter/UnityEditor.QuickSearchModule:UnityEditor.Search:ASIAI0B' with importer (ScriptedImporter : UnityEditor.QuickSearchModule:UnityEditor.Search:ASIAI0B)
Imported 'GUID: 96720bb3a1ee0448b8de15584f45ad51' -> (Import Result ID: '38892287956ec8f4d256c0d710e81b95') in 0.003 seconds [static and dynamic dependencies]. Details - ImportResultOutputID=79825539394b6038d4db6b28f4f34998 DependenciesID=f6a93956e4188cfa65518287d64913c4 StaticDependenciesID=154d521d1204e72be78870863e03d885 
Number of updated asset objects reloaded before import = 0
Number of asset objects unloaded after import = 0
========================================================================
Received Import Request.
  Time of request: 2026-08-11T15:50:19.3888488Z
  Time since last request: 0.0005404 seconds.
  importAddress: GUID: 4218da2cc7b0547f2a287e752116fd68 - Path: Packages/com.unity.visualscripting/Runtime/VisualScripting.State/State.cs - Importer: ScriptedImporter/UnityEditor.QuickSearchModule:UnityEditor.Search:ASIAI0B
Importing 'GUID: 4218da2cc7b0547f2a287e752116fd68 - Path: Packages/com.unity.visualscripting/Runtime/VisualScripting.State/State.cs - Importer: ScriptedImporter/UnityEditor.QuickSearchModule:UnityEditor.Search:ASIAI0B' with importer (ScriptedImporter : UnityEditor.QuickSearchModule:UnityEditor.Search:ASIAI0B)
Imported 'GUID: 4218da2cc7b0547f2a287e752116fd68' -> (Import Result ID: 'c04d799d703bea13ba72dda9944f85ee') in 0.003 seconds [static and dynamic dependencies]. Details - ImportResultOutputID=a5444128a6bf22601fa9afc131cd7b0e DependenciesID=4b25bfc33131a8cd3bc20952306534bb StaticDependenciesID=bdaddc3e36e2ef3d5d4d7cd04980f111 
Number of updated asset objects reloaded before import = 0
Number of asset objects unloaded after import = 0
========================================================================
Received Import Request.
  Time of request: 2026-08-11T15:50:19.4199099Z
  Time since last request: 0.0194839 seconds.
  importAddress: GUID: 2badc2f72eb6f4a8d8e6f42746b39cfa - Path: Packages/com.unity.visualscripting/Editor/VisualScripting.Core/Context/GraphContextExtensionProvider.cs - Importer: ScriptedImporter/UnityEditor.QuickSearchModule:UnityEditor.Search:ASIAI0B
Importing 'GUID: 2badc2f72eb6f4a8d8e6f42746b39cfa - Path: Packages/com.unity.visualscripting/Editor/VisualScripting.Core/Context/GraphContextExtensionProvider.cs - Importer: ScriptedImporter/UnityEditor.QuickSearchModule:UnityEditor.Search:ASIAI0B' with importer (ScriptedImporter : UnityEditor.QuickSearchModule:UnityEditor.Search:ASIAI0B)
Imported 'GUID: 2badc2f72eb6f4a8d8e6f42746b39cfa' -> (Import Result ID: '22188b818d0efc081c4bac58d27cdb58') in 0.003 seconds [static and dynamic dependencies]. Details - ImportResultOutputID=e2bd08cd0e43d9da4d4b57aa87f4f4a5 DependenciesID=7891c7472b8af175b6c86480f82f3ff1 StaticDependenciesID=84098ac2b9014d26b428440492ec0be5 
Number of updated asset objects reloaded before import = 0
Number of asset objects unloaded after import = 0
========================================================================
Received Import Request.
  Time of request: 2026-08-11T15:50:19.431252Z
  Time since last request: 0.0011316 seconds.
  importAddress: GUID: 075261282385d497b8b191d4e752d49b - Path: Packages/com.unity.visualscripting/Editor/VisualScripting.Core/Context/GraphContextExtension.cs - Importer: ScriptedImporter/UnityEditor.QuickSearchModule:UnityEditor.Search:ASIAI0B
Importing 'GUID: 075261282385d497b8b191d4e752d49b - Path: Packages/com.unity.visualscripting/Editor/VisualScripting.Core/Context/GraphContextExtension.cs - Importer: ScriptedImporter/UnityEditor.QuickSearchModule:UnityEditor.Search:ASIAI0B' with importer (ScriptedImporter : UnityEditor.QuickSearchModule:UnityEditor.Search:ASIAI0B)
Imported 'GUID: 075261282385d497b8b191d4e752d49b' -> (Import Result ID: '57758c0d46275a320bd262d77180adea') in 0.004 seconds [static and dynamic dependencies]. Details - ImportResultOutputID=4213ada62a1d1d21d3e5437205359d5a DependenciesID=5c1b50a824f02027e1f7ac318a0ef973 StaticDependenciesID=6057c5de61d7c67bee7993b9597a41c8 
Number of updated asset objects reloaded before import = 0
Number of asset objects unloaded after import = 0
========================================================================
Received Import Request.
  Time of request: 2026-08-11T15:50:19.4463311Z
  Time since last request: 0.0005524 seconds.
  importAddress: GUID: efe58df89b5b74a97a123b5ed2b70422 - Path: Packages/com.unity.visualscripting/Runtime/VisualScripting.State/StateMachine.cs - Importer: ScriptedImporter/UnityEditor.QuickSearchModule:UnityEditor.Search:ASIAI0B
Importing 'GUID: efe58df89b5b74a97a123b5ed2b70422 - Path: Packages/com.unity.visualscripting/Runtime/VisualScripting.State/StateMachine.cs - Importer: ScriptedImporter/UnityEditor.QuickSearchModule:UnityEditor.Search:ASIAI0B' with importer (ScriptedImporter : UnityEditor.QuickSearchModule:UnityEditor.Search:ASIAI0B)
Imported 'GUID: efe58df89b5b74a97a123b5ed2b70422' -> (Import Result ID: '98bac5f9d7115733dd84d836526092de') in 0.004 seconds [static and dynamic dependencies]. Details - ImportResultOutputID=e3b44ac6bb106755c2c299fddec654ce DependenciesID=ff0882af00c9b7698d666127a7724882 StaticDependenciesID=2daf9d42aa624fa6842d08ba16f12597 
Number of updated asset objects reloaded before import = 0
Number of asset objects unloaded after import = 1
========================================================================
Received Import Request.
  Time of request: 2026-08-11T15:50:19.4597726Z
  Time since last request: 0.0002287 seconds.
  importAddress: GUID: d885addfd783d438abb23f4dd7eb24c3 - Path: Packages/com.unity.visualscripting/Editor/VisualScripting.Core/Description/GraphDescription.cs - Importer: ScriptedImporter/UnityEditor.QuickSearchModule:UnityEditor.Search:ASIAI0B
Importing 'GUID: d885addfd783d438abb23f4dd7eb24c3 - Path: Packages/com.unity.visualscripting/Editor/VisualScripting.Core/Description/GraphDescription.cs - Importer: ScriptedImporter/UnityEditor.QuickSearchModule:UnityEditor.Search:ASIAI0B' with importer (ScriptedImporter : UnityEditor.QuickSearchModule:UnityEditor.Search:ASIAI0B)
Imported 'GUID: d885addfd783d438abb23f4dd7eb24c3' -> (Import Result ID: 'e6072dd1a4507c523d2912a728236d50') in 0.004 seconds [static and dynamic dependencies]. Details - ImportResultOutputID=3424fad2060ef9ed4e06e327f1fe7b71 DependenciesID=c1215ec3a8f857256604c366ac429278 StaticDependenciesID=242ecfdb961cf86ce5f423f2171e0b25 
Number of updated asset objects reloaded before import = 0
Number of asset objects unloaded after import = 0
========================================================================
Received Import Request.
  Time of request: 2026-08-11T15:50:19.4724137Z
  Time since last request: 0.0009054 seconds.
  importAddress: GUID: b7663ba3a43454ba48fd2c7c17a0ae75 - Path: Packages/com.unity.visualscripting/Editor/VisualScripting.Core/Analysis/AnalyserAttribute.cs - Importer: ScriptedImporter/UnityEditor.QuickSearchModule:UnityEditor.Search:ASIAI0B
Importing 'GUID: b7663ba3a43454ba48fd2c7c17a0ae75 - Path: Packages/com.unity.visualscripting/Editor/VisualScripting.Core/Analysis/AnalyserAttribute.cs - Importer: ScriptedImporter/UnityEditor.QuickSearchModule:UnityEditor.Search:ASIAI0B' with importer (ScriptedImporter : UnityEditor.QuickSearchModule:UnityEditor.Search:ASIAI0B)
Imported 'GUID: b7663ba3a43454ba48fd2c7c17a0ae75' -> (Import Result ID: '4fa88ac023cdbdb9500ce2e13949b4d1') in 0.003 seconds [static and dynamic dependencies]. Details - ImportResultOutputID=6da517348d464e2f039e6688efe3fbf7 DependenciesID=eea79f89222e38e03894278e3881a9be StaticDependenciesID=e1027c1bcd14096748518d3712848f18 
Number of updated asset objects reloaded before import = 0
Number of asset objects unloaded after import = 0
========================================================================
Received Import Request.
  Time of request: 2026-08-11T15:50:19.4857708Z
  Time since last request: 0.0002404 seconds.
  importAddress: GUID: 4fb36d0252722495cbe1fddf45ba9185 - Path: Packages/com.unity.visualscripting/Editor/VisualScripting.Core/Analysis/IAnalysis.cs - Importer: ScriptedImporter/UnityEditor.QuickSearchModule:UnityEditor.Search:ASIAI0B
Importing 'GUID: 4fb36d0252722495cbe1fddf45ba9185 - Path: Packages/com.unity.visualscripting/Editor/VisualScripting.Core/Analysis/IAnalysis.cs - Importer: ScriptedImporter/UnityEditor.QuickSearchModule:UnityEditor.Search:ASIAI0B' with importer (ScriptedImporter : UnityEditor.QuickSearchModule:UnityEditor.Search:ASIAI0B)
Imported 'GUID: 4fb36d0252722495cbe1fddf45ba9185' -> (Import Result ID: '1eaea38f28c244ffe5708b93e0d27d48') in 0.004 seconds [static and dynamic dependencies]. Details - ImportResultOutputID=085f1f43702e22ab24040771148408e2 DependenciesID=800aece87b5f3cdaf5f5bcbe493aa044 StaticDependenciesID=804b177ff62486e62c3f845342395372 
Number of updated asset objects reloaded before import = 0
Number of asset objects unloaded after import = 0
========================================================================
Received Import Request.
  Time of request: 2026-08-11T15:50:19.4991435Z
  Time since last request: 0.0004072 seconds.
  importAddress: GUID: 8c1743061b8e147ff9c808d137b1014e - Path: Packages/com.unity.visualscripting/Editor/VisualScripting.Core/Analysis/AnalyserProvider.cs - Importer: ScriptedImporter/UnityEditor.QuickSearchModule:UnityEditor.Search:ASIAI0B
Importing 'GUID: 8c1743061b8e147ff9c808d137b1014e - Path: Packages/com.unity.visualscripting/Editor/VisualScripting.Core/Analysis/AnalyserProvider.cs - Importer: ScriptedImporter/UnityEditor.QuickSearchModule:UnityEditor.Search:ASIAI0B' with importer (ScriptedImporter : UnityEditor.QuickSearchModule:UnityEditor.Search:ASIAI0B)
Imported 'GUID: 8c1743061b8e147ff9c808d137b1014e' -> (Import Result ID: '54845bcead4694c2dd65df393389f048') in 0.003 seconds [static and dynamic dependencies]. Details - ImportResultOutputID=8d74eefa7cd19c389e53cddeaafc3788 DependenciesID=45ed325ec354865f3b94797b63d506ab StaticDependenciesID=b31f31754decf8e55a034a410297bf19 
Number of updated asset objects reloaded before import = 0
Number of asset objects unloaded after import = 0
========================================================================
Received Import Request.
  Time of request: 2026-08-11T15:50:19.5114886Z
  Time since last request: 0.0002288 seconds.
  importAddress: GUID: f061d8e7ad514436d82f47b34306a22c - Path: Packages/com.unity.visualscripting/Editor/SettingsProvider/ProjectSettings/TypeOptionsSettings.cs - Importer: ScriptedImporter/UnityEditor.QuickSearchModule:UnityEditor.Search:ASIAI0B
Importing 'GUID: f061d8e7ad514436d82f47b34306a22c - Path: Packages/com.unity.visualscripting/Editor/SettingsProvider/ProjectSettings/TypeOptionsSettings.cs - Importer: ScriptedImporter/UnityEditor.QuickSearchModule:UnityEditor.Search:ASIAI0B' with importer (ScriptedImporter : UnityEditor.QuickSearchModule:UnityEditor.Search:ASIAI0B)
Imported 'GUID: f061d8e7ad514436d82f47b34306a22c' -> (Import Result ID: '41c924693ba7f0aa7a0bbb2c049173ee') in 0.003 seconds [static and dynamic dependencies]. Details - ImportResultOutputID=b8b344e5caf37e9c6fcad90f6ccb6bb1 DependenciesID=3946a6dc9de47d5be3878940fc8fb4f2 StaticDependenciesID=664c27c4a8973d1e9660c8a4a32033b0 
Number of updated asset objects reloaded before import = 0
Number of asset objects unloaded after import = 0
========================================================================
Received Import Request.
  Time of request: 2026-08-11T15:50:19.5265496Z
  Time since last request: 0.0031901 seconds.
  importAddress: GUID: df06244bf38794c8eabb7747f5ecae20 - Path: Packages/com.unity.visualscripting/Editor/VisualScripting.Core/Inspection/Inspector.cs - Importer: ScriptedImporter/UnityEditor.QuickSearchModule:UnityEditor.Search:ASIAI0B
Importing 'GUID: df06244bf38794c8eabb7747f5ecae20 - Path: Packages/com.unity.visualscripting/Editor/VisualScripting.Core/Inspection/Inspector.cs - Importer: ScriptedImporter/UnityEditor.QuickSearchModule:UnityEditor.Search:ASIAI0B' with importer (ScriptedImporter : UnityEditor.QuickSearchModule:UnityEditor.Search:ASIAI0B)
Imported 'GUID: df06244bf38794c8eabb7747f5ecae20' -> (Import Result ID: '7bbc1aa770f7a031c68ed6ae32bf5c87') in 0.003 seconds [static and dynamic dependencies]. Details - ImportResultOutputID=b461ad7c4705e6d0806e1ef3fc335d03 DependenciesID=a19d9d6af2d3019df496281684395919 StaticDependenciesID=39c6724e17f464e21b182afa34cc6eb4 
Number of updated asset objects reloaded before import = 0
Number of asset objects unloaded after import = 0
========================================================================
Received Import Request.
  Time of request: 2026-08-11T15:50:19.5410965Z
  Time since last request: 0.0007366 seconds.
  importAddress: GUID: a290a560776f048e9ad208532685d2de - Path: Packages/com.unity.visualscripting/Editor/VisualScripting.Core/Inspection/OptimizedEditor.cs - Importer: ScriptedImporter/UnityEditor.QuickSearchModule:UnityEditor.Search:ASIAI0B
Importing 'GUID: a290a560776f048e9ad208532685d2de - Path: Packages/com.unity.visualscripting/Editor/VisualScripting.Core/Inspection/OptimizedEditor.cs - Importer: ScriptedImporter/UnityEditor.QuickSearchModule:UnityEditor.Search:ASIAI0B' with importer (ScriptedImporter : UnityEditor.QuickSearchModule:UnityEditor.Search:ASIAI0B)
Imported 'GUID: a290a560776f048e9ad208532685d2de' -> (Import Result ID: 'f670002ea3fc921dbdc9c3e4576aa4d0') in 0.003 seconds [static and dynamic dependencies]. Details - ImportResultOutputID=9cf37b5dd9e30b8184e781099325f7a7 DependenciesID=bd989edd879413c3990d3cdfdd9ad3f3 StaticDependenciesID=c5342b059a12ca54c176e555b0032947 
Number of updated asset objects reloaded before import = 0
Number of asset objects unloaded after import = 0
========================================================================
Received Import Request.
  Time of request: 2026-08-11T15:50:19.5532818Z
  Time since last request: 0.0002854 seconds.
  importAddress: GUID: 27dc281077fec4945b70b86ac32105d1 - Path: Packages/com.unity.visualscripting/Editor/VisualScripting.Core/Inspection/MacroEditor.cs - Importer: ScriptedImporter/UnityEditor.QuickSearchModule:UnityEditor.Search:ASIAI0B
Importing 'GUID: 27dc281077fec4945b70b86ac32105d1 - Path: Packages/com.unity.visualscripting/Editor/VisualScripting.Core/Inspection/MacroEditor.cs - Importer: ScriptedImporter/UnityEditor.QuickSearchModule:UnityEditor.Search:ASIAI0B' with importer (ScriptedImporter : UnityEditor.QuickSearchModule:UnityEditor.Search:ASIAI0B)
Imported 'GUID: 27dc281077fec4945b70b86ac32105d1' -> (Import Result ID: 'e17ed7cbe9aecccd4db536f03d9e2255') in 0.003 seconds [static and dynamic dependencies]. Details - ImportResultOutputID=459b56a8c7ae3a63669ea738884ed2c8 DependenciesID=37d5ae7c3093fc1a5058a8cf1f5049e0 StaticDependenciesID=ff94e0b5e3187ff9767f9b4c586ea7cb 
Number of updated asset objects reloaded before import = 0
Number of asset objects unloaded after import = 0
========================================================================
Received Import Request.
  Time of request: 2026-08-11T15:50:19.5653509Z
  Time since last request: 0.0002856 seconds.
  importAddress: GUID: 2f680a9779a934c7dbbd07c1402801c5 - Path: Packages/com.unity.visualscripting/Editor/VisualScripting.Core/Inspection/GraphEditor.cs - Importer: ScriptedImporter/UnityEditor.QuickSearchModule:UnityEditor.Search:ASIAI0B
Importing 'GUID: 2f680a9779a934c7dbbd07c1402801c5 - Path: Packages/com.unity.visualscripting/Editor/VisualScripting.Core/Inspection/GraphEditor.cs - Importer: ScriptedImporter/UnityEditor.QuickSearchModule:UnityEditor.Search:ASIAI0B' with importer (ScriptedImporter : UnityEditor.QuickSearchModule:UnityEditor.Search:ASIAI0B)
Imported 'GUID: 2f680a9779a934c7dbbd07c1402801c5' -> (Import Result ID: '2572303053d3ba3af19dbbd44479e24d') in 0.003 seconds [static and dynamic dependencies]. Details - ImportResultOutputID=40897e2b68b51e34c53f7785ffb79982 DependenciesID=ced804a90bac7fe388f57ca120c77a1d StaticDependenciesID=f8fa4bf798ae7ac4201fb99f1c3656e0 
Number of updated asset objects reloaded before import = 0
Number of asset objects unloaded after import = 0
========================================================================
Received Import Request.
  Time of request: 2026-08-11T15:50:19.5758964Z
  Time since last request: 0.0003689 seconds.
  importAddress: GUID: eea36313850504a6dbb40650d7ff4463 - Path: Packages/com.unity.visualscripting/Editor/VisualScripting.Core/Inspection/EditorAttribute.cs - Importer: ScriptedImporter/UnityEditor.QuickSearchModule:UnityEditor.Search:ASIAI0B
Importing 'GUID: eea36313850504a6dbb40650d7ff4463 - Path: Packages/com.unity.visualscripting/Editor/VisualScripting.Core/Inspection/EditorAttribute.cs - Importer: ScriptedImporter/UnityEditor.QuickSearchModule:UnityEditor.Search:ASIAI0B' with importer (ScriptedImporter : UnityEditor.QuickSearchModule:UnityEditor.Search:ASIAI0B)
Imported 'GUID: eea36313850504a6dbb40650d7ff4463' -> (Import Result ID: '48754f3beb2fdc342fe710be45ebe3e9') in 0.003 seconds [static and dynamic dependencies]. Details - ImportResultOutputID=247afe7604d11cab89a7ad5530bb2001 DependenciesID=352f8bb967d6eb471b7a46676b43e0f9 StaticDependenciesID=cb7e78ff2e590a6ac108e580e33029ee 
Number of updated asset objects reloaded before import = 0
Number of asset objects unloaded after import = 0
========================================================================
Received Import Request.
  Time of request: 2026-08-11T15:50:19.5881847Z
  Time since last request: 0.0002634 seconds.
  importAddress: GUID: c80d40a984deb4f9f80cdb14dd56b6cb - Path: Packages/com.unity.visualscripting/Editor/VisualScripting.Core/Descriptors/IDescriptor.cs - Importer: ScriptedImporter/UnityEditor.QuickSearchModule:UnityEditor.Search:ASIAI0B
Importing 'GUID: c80d40a984deb4f9f80cdb14dd56b6cb - Path: Packages/com.unity.visualscripting/Editor/VisualScripting.Core/Descriptors/IDescriptor.cs - Importer: ScriptedImporter/UnityEditor.QuickSearchModule:UnityEditor.Search:ASIAI0B' with importer (ScriptedImporter : UnityEditor.QuickSearchModule:UnityEditor.Search:ASIAI0B)
Imported 'GUID: c80d40a984deb4f9f80cdb14dd56b6cb' -> (Import Result ID: '2ef0421ab5dea180a5fc030f7b805e47') in 0.003 seconds [static and dynamic dependencies]. Details - ImportResultOutputID=a912cec8a6c16483a76008b9ac4d49d7 DependenciesID=bf473f5f89c27e1c0d265e6e682d600e StaticDependenciesID=3944c739043073bf197d2297514256d7 
Number of updated asset objects reloaded before import = 0
Number of asset objects unloaded after import = 0
========================================================================
Received Import Request.
  Time of request: 2026-08-11T15:50:19.5994451Z
  Time since last request: 0.0003544 seconds.
  importAddress: GUID: 7927fbf2f61644ce58f6237590426fef - Path: Packages/com.unity.visualscripting/Editor/VisualScripting.Core/Inspection/IndividualPropertyDrawer.cs - Importer: ScriptedImporter/UnityEditor.QuickSearchModule:UnityEditor.Search:ASIAI0B
Importing 'GUID: 7927fbf2f61644ce58f6237590426fef - Path: Packages/com.unity.visualscripting/Editor/VisualScripting.Core/Inspection/IndividualPropertyDrawer.cs - Importer: ScriptedImporter/UnityEditor.QuickSearchModule:UnityEditor.Search:ASIAI0B' with importer (ScriptedImporter : UnityEditor.QuickSearchModule:UnityEditor.Search:ASIAI0B)
Imported 'GUID: 7927fbf2f61644ce58f6237590426fef' -> (Import Result ID: 'ad5ee957bf9afff585ed56386203d405') in 0.003 seconds [static and dynamic dependencies]. Details - ImportResultOutputID=6869ab18eb5fc45c867f9f5ee7433ed6 DependenciesID=47cbed952fab163941ab4f9263f4b497 StaticDependenciesID=479c67ff1250eacad941aabfa73d7b56 
Number of updated asset objects reloaded before import = 0
Number of asset objects unloaded after import = 0
========================================================================
Received Import Request.
  Time of request: 2026-08-11T15:50:19.6102601Z
  Time since last request: 0.000466 seconds.
  importAddress: GUID: 63bf871f267024ac7b02300ecdc9025f - Path: Packages/com.unity.visualscripting/Editor/VisualScripting.Core/Interface/SharedEditorTextureDictionary.cs - Importer: ScriptedImporter/UnityEditor.QuickSearchModule:UnityEditor.Search:ASIAI0B
Importing 'GUID: 63bf871f267024ac7b02300ecdc9025f - Path: Packages/com.unity.visualscripting/Editor/VisualScripting.Core/Interface/SharedEditorTextureDictionary.cs - Importer: ScriptedImporter/UnityEditor.QuickSearchModule:UnityEditor.Search:ASIAI0B' with importer (ScriptedImporter : UnityEditor.QuickSearchModule:UnityEditor.Search:ASIAI0B)
Imported 'GUID: 63bf871f267024ac7b02300ecdc9025f' -> (Import Result ID: '910c9232573688e095a9cb22c1cc59ee') in 0.003 seconds [static and dynamic dependencies]. Details - ImportResultOutputID=2500ea953d5fda49b4c3a4fda046275d DependenciesID=d08d82710921f15f0080a7ddce035d4f StaticDependenciesID=1b4c9ec1dbf73c89aefdd0c1b811dcaa 
Number of updated asset objects reloaded before import = 0
Number of asset objects unloaded after import = 0
========================================================================
Received Import Request.
  Time of request: 2026-08-11T15:50:19.6232051Z
  Time since last request: 0.0004098 seconds.
  importAddress: GUID: a23af8f998e0348fd90f0b57650ff939 - Path: Packages/com.unity.visualscripting/Editor/VisualScripting.Core/Interface/LudiqStyles.cs - Importer: ScriptedImporter/UnityEditor.QuickSearchModule:UnityEditor.Search:ASIAI0B
Importing 'GUID: a23af8f998e0348fd90f0b57650ff939 - Path: Packages/com.unity.visualscripting/Editor/VisualScripting.Core/Interface/LudiqStyles.cs - Importer: ScriptedImporter/UnityEditor.QuickSearchModule:UnityEditor.Search:ASIAI0B' with importer (ScriptedImporter : UnityEditor.QuickSearchModule:UnityEditor.Search:ASIAI0B)
Imported 'GUID: a23af8f998e0348fd90f0b57650ff939' -> (Import Result ID: '2a71ee73668bec9b2d06881a90e0d4af') in 0.003 seconds [static and dynamic dependencies]. Details - ImportResultOutputID=ead38f5eb980f910443064d9dad98f87 DependenciesID=fc9803efba5850ffbd9fca853eefb073 StaticDependenciesID=f17d89557839b91cb980e08aee2d768f 
Number of updated asset objects reloaded before import = 0
Number of asset objects unloaded after import = 0
========================================================================
Received Import Request.
  Time of request: 2026-08-11T15:50:19.6360371Z
  Time since last request: 0.002455 seconds.
  importAddress: GUID: 9fc9d3273edfe40faa1392f2bb9f9d09 - Path: Packages/com.unity.visualscripting/Editor/VisualScripting.Core/Plugins/IPluginLinked.cs - Importer: ScriptedImporter/UnityEditor.QuickSearchModule:UnityEditor.Search:ASIAI0B
Importing 'GUID: 9fc9d3273edfe40faa1392f2bb9f9d09 - Path: Packages/com.unity.visualscripting/Editor/VisualScripting.Core/Plugins/IPluginLinked.cs - Importer: ScriptedImporter/UnityEditor.QuickSearchModule:UnityEditor.Search:ASIAI0B' with importer (ScriptedImporter : UnityEditor.QuickSearchModule:UnityEditor.Search:ASIAI0B)
Imported 'GUID: 9fc9d3273edfe40faa1392f2bb9f9d09' -> (Import Result ID: 'b135e5201a858abb14082037d83cbf53') in 0.004 seconds [static and dynamic dependencies]. Details - ImportResultOutputID=8399ab1c6da53e1b951f5116c1b3aee4 DependenciesID=0a6fffb9a9ffcee58341cbf8619798d3 StaticDependenciesID=a9915cebc0749968230634572e252d07 
Number of updated asset objects reloaded before import = 0
Number of asset objects unloaded after import = 0
========================================================================
Received Import Request.
  Time of request: 2026-08-11T15:50:19.6487624Z
  Time since last request: 0.0002252 seconds.
  importAddress: GUID: c839b1e72d19046a4b955abf6e051740 - Path: Packages/com.unity.visualscripting/Editor/VisualScripting.Core/Plugins/PluginModuleDependencyAttribute.cs - Importer: ScriptedImporter/UnityEditor.QuickSearchModule:UnityEditor.Search:ASIAI0B
Importing 'GUID: c839b1e72d19046a4b955abf6e051740 - Path: Packages/com.unity.visualscripting/Editor/VisualScripting.Core/Plugins/PluginModuleDependencyAttribute.cs - Importer: ScriptedImporter/UnityEditor.QuickSearchModule:UnityEditor.Search:ASIAI0B' with importer (ScriptedImporter : UnityEditor.QuickSearchModule:UnityEditor.Search:ASIAI0B)
Imported 'GUID: c839b1e72d19046a4b955abf6e051740' -> (Import Result ID: '0a52ca6d7832c555286bde5eef5e8886') in 0.003 seconds [static and dynamic dependencies]. Details - ImportResultOutputID=b36252cab90ab3b3b7b574125bed3eb5 DependenciesID=849c9debeca09e4373a246503329dd55 StaticDependenciesID=f9ec52d46ac787f4ceaf111bde3be903 
Number of updated asset objects reloaded before import = 0
Number of asset objects unloaded after import = 0
========================================================================
Received Import Request.
  Time of request: 2026-08-11T15:50:19.6611992Z
  Time since last request: 0.0002937 seconds.
  importAddress: GUID: 710ead06414b94d41bc48ae70c78e052 - Path: Packages/com.unity.visualscripting/Editor/VisualScripting.Core/Plugins/PluginModuleAttribute.cs - Importer: ScriptedImporter/UnityEditor.QuickSearchModule:UnityEditor.Search:ASIAI0B
Importing 'GUID: 710ead06414b94d41bc48ae70c78e052 - Path: Packages/com.unity.visualscripting/Editor/VisualScripting.Core/Plugins/PluginModuleAttribute.cs - Importer: ScriptedImporter/UnityEditor.QuickSearchModule:UnityEditor.Search:ASIAI0B' with importer (ScriptedImporter : UnityEditor.QuickSearchModule:UnityEditor.Search:ASIAI0B)
Imported 'GUID: 710ead06414b94d41bc48ae70c78e052' -> (Import Result ID: 'e1078de8859ce5e955164b5ef11076ab') in 0.003 seconds [static and dynamic dependencies]. Details - ImportResultOutputID=4ced23ce87d70532641d43100812d5ef DependenciesID=b94a322a1a0dfa944c4779a2b7e25c01 StaticDependenciesID=92849e5810e2bd8ab6f1880e3e55fc87 
Number of updated asset objects reloaded before import = 0
Number of asset objects unloaded after import = 0
========================================================================
Received Import Request.
  Time of request: 2026-08-11T15:50:19.672385Z
  Time since last request: 0.0003513 seconds.
  importAddress: GUID: 6315bf405c4444841884254414416a5b - Path: Packages/com.unity.visualscripting/Editor/VisualScripting.Core/Plugin/BoltCoreMigration.cs - Importer: ScriptedImporter/UnityEditor.QuickSearchModule:UnityEditor.Search:ASIAI0B
Importing 'GUID: 6315bf405c4444841884254414416a5b - Path: Packages/com.unity.visualscripting/Editor/VisualScripting.Core/Plugin/BoltCoreMigration.cs - Importer: ScriptedImporter/UnityEditor.QuickSearchModule:UnityEditor.Search:ASIAI0B' with importer (ScriptedImporter : UnityEditor.QuickSearchModule:UnityEditor.Search:ASIAI0B)
Imported 'GUID: 6315bf405c4444841884254414416a5b' -> (Import Result ID: '7f758868c3e1db296a4dce467c32145a') in 0.003 seconds [static and dynamic dependencies]. Details - ImportResultOutputID=c83e77f5591487badfc4f5babcb7abd8 DependenciesID=77957a31d8a68baa59496be3eb353c22 StaticDependenciesID=a9806178dd6d184d88451d83c8325f85 
Number of updated asset objects reloaded before import = 0
Number of asset objects unloaded after import = 0
========================================================================
Received Import Request.
  Time of request: 2026-08-11T15:50:19.6851633Z
  Time since last request: 0.0008529 seconds.
  importAddress: GUID: e39e74e832fa74e8db9d83926d0dac11 - Path: Packages/com.unity.visualscripting/Editor/VisualScripting.Core/Plugin/BoltCoreConfiguration.cs - Importer: ScriptedImporter/UnityEditor.QuickSearchModule:UnityEditor.Search:ASIAI0B
Importing 'GUID: e39e74e832fa74e8db9d83926d0dac11 - Path: Packages/com.unity.visualscripting/Editor/VisualScripting.Core/Plugin/BoltCoreConfiguration.cs - Importer: ScriptedImporter/UnityEditor.QuickSearchModule:UnityEditor.Search:ASIAI0B' with importer (ScriptedImporter : UnityEditor.QuickSearchModule:UnityEditor.Search:ASIAI0B)
Imported 'GUID: e39e74e832fa74e8db9d83926d0dac11' -> (Import Result ID: 'b0c7fbe61f65b33b31a1fa366ae3a839') in 0.003 seconds [static and dynamic dependencies]. Details - ImportResultOutputID=9897b885fa0cc8f972a42970daf6c219 DependenciesID=f582bdc9577507798b2c47f46c69094f StaticDependenciesID=798994881f1463cce292c36f3e95cbb7 
Number of updated asset objects reloaded before import = 0
Number of asset objects unloaded after import = 0
========================================================================
Received Import Request.
  Time of request: 2026-08-11T15:50:19.6974392Z
  Time since last request: 0.0008536 seconds.
  importAddress: GUID: b194adc479b2344caaee84f9790b456e - Path: Packages/com.unity.visualscripting/Editor/VisualScripting.Core/Platforms/AotStubWriterProvider.cs - Importer: ScriptedImporter/UnityEditor.QuickSearchModule:UnityEditor.Search:ASIAI0B
Importing 'GUID: b194adc479b2344caaee84f9790b456e - Path: Packages/com.unity.visualscripting/Editor/VisualScripting.Core/Platforms/AotStubWriterProvider.cs - Importer: ScriptedImporter/UnityEditor.QuickSearchModule:UnityEditor.Search:ASIAI0B' with importer (ScriptedImporter : UnityEditor.QuickSearchModule:UnityEditor.Search:ASIAI0B)
Imported 'GUID: b194adc479b2344caaee84f9790b456e' -> (Import Result ID: '03e379263ef30ec2960598985035e418') in 0.004 seconds [static and dynamic dependencies]. Details - ImportResultOutputID=5acebad303aaabc9e859c0f014fc3bc5 DependenciesID=4f12a3b54585f1679ba96a64dc072bf1 StaticDependenciesID=79fbfbec32590ecf2dd3ae3078a606d3 
Number of updated asset objects reloaded before import = 0
Number of asset objects unloaded after import = 0
========================================================================
Received Import Request.
  Time of request: 2026-08-11T15:50:19.7097529Z
  Time since last request: 0.0003021 seconds.
  importAddress: GUID: 7089744d1c79149858f9d5e05872a327 - Path: Packages/com.unity.visualscripting/Editor/VisualScripting.Core/Reflection/CodebaseSubset.cs - Importer: ScriptedImporter/UnityEditor.QuickSearchModule:UnityEditor.Search:ASIAI0B
Importing 'GUID: 7089744d1c79149858f9d5e05872a327 - Path: Packages/com.unity.visualscripting/Editor/VisualScripting.Core/Reflection/CodebaseSubset.cs - Importer: ScriptedImporter/UnityEditor.QuickSearchModule:UnityEditor.Search:ASIAI0B' with importer (ScriptedImporter : UnityEditor.QuickSearchModule:UnityEditor.Search:ASIAI0B)
Imported 'GUID: 7089744d1c79149858f9d5e05872a327' -> (Import Result ID: '5dd23e3b7d2b0aa5ff1053c0a80c2e34') in 0.003 seconds [static and dynamic dependencies]. Details - ImportResultOutputID=2c1bddea30e9a8b0c6b86292fb2099ea DependenciesID=25b914a742e4fa1ef656f4e56b74bf0b StaticDependenciesID=ea4771ae497f7f6bec6ec69a039cbfb3 
Number of updated asset objects reloaded before import = 0
Number of asset objects unloaded after import = 0
========================================================================
Received Import Request.
  Time of request: 2026-08-11T15:50:19.7211585Z
  Time since last request: 0.0004578 seconds.
  importAddress: GUID: 302bb00cbcc604835bb3999588d5113e - Path: Packages/com.unity.visualscripting/Editor/VisualScripting.Core/Plugin/BoltCoreManifest.cs - Importer: ScriptedImporter/UnityEditor.QuickSearchModule:UnityEditor.Search:ASIAI0B
Importing 'GUID: 302bb00cbcc604835bb3999588d5113e - Path: Packages/com.unity.visualscripting/Editor/VisualScripting.Core/Plugin/BoltCoreManifest.cs - Importer: ScriptedImporter/UnityEditor.QuickSearchModule:UnityEditor.Search:ASIAI0B' with importer (ScriptedImporter : UnityEditor.QuickSearchModule:UnityEditor.Search:ASIAI0B)
Imported 'GUID: 302bb00cbcc604835bb3999588d5113e' -> (Import Result ID: 'f8d99d12907bce567e9b886ee19c4d52') in 0.003 seconds [static and dynamic dependencies]. Details - ImportResultOutputID=74f57b5e482571fabcaa225ac9502e93 DependenciesID=65204b999b1eac4a9e2d8a5fe5b61fd8 StaticDependenciesID=60e69b82804cfa78ff130d2a6c1b79b7 
Number of updated asset objects reloaded before import = 0
Number of asset objects unloaded after import = 0
========================================================================
Received Import Request.
  Time of request: 2026-08-11T15:50:19.7388239Z
  Time since last request: 0.0062781 seconds.
  importAddress: GUID: 74f2c853a758b4f8389946c50d690e37 - Path: Packages/com.unity.visualscripting/Editor/VisualScripting.Core/ResourceProviders/CreateTextureOptions.cs - Importer: ScriptedImporter/UnityEditor.QuickSearchModule:UnityEditor.Search:ASIAI0B
Importing 'GUID: 74f2c853a758b4f8389946c50d690e37 - Path: Packages/com.unity.visualscripting/Editor/VisualScripting.Core/ResourceProviders/CreateTextureOptions.cs - Importer: ScriptedImporter/UnityEditor.QuickSearchModule:UnityEditor.Search:ASIAI0B' with importer (ScriptedImporter : UnityEditor.QuickSearchModule:UnityEditor.Search:ASIAI0B)
Imported 'GUID: 74f2c853a758b4f8389946c50d690e37' -> (Import Result ID: '1a46f394ca6fae9c47dd1737ce7871be') in 0.004 seconds [static and dynamic dependencies]. Details - ImportResultOutputID=91d7e9764b88b928672920c42eed2eb8 DependenciesID=76b46662877a9fa85edee5bac7437f40 StaticDependenciesID=c633122dcdaaa05b8f7f2a06d53cf750 
Number of updated asset objects reloaded before import = 0
Number of asset objects unloaded after import = 0
========================================================================
Received Import Request.
  Time of request: 2026-08-11T15:50:19.7529762Z
  Time since last request: 0.0008803 seconds.
  importAddress: GUID: 8f3e73ba2acf64cb1b0da8deb9ac1e46 - Path: Packages/com.unity.visualscripting/Editor/VisualScripting.Core/Utilities/ScriptReference.cs - Importer: ScriptedImporter/UnityEditor.QuickSearchModule:UnityEditor.Search:ASIAI0B
Importing 'GUID: 8f3e73ba2acf64cb1b0da8deb9ac1e46 - Path: Packages/com.unity.visualscripting/Editor/VisualScripting.Core/Utilities/ScriptReference.cs - Importer: ScriptedImporter/UnityEditor.QuickSearchModule:UnityEditor.Search:ASIAI0B' with importer (ScriptedImporter : UnityEditor.QuickSearchModule:UnityEditor.Search:ASIAI0B)
Imported 'GUID: 8f3e73ba2acf64cb1b0da8deb9ac1e46' -> (Import Result ID: 'cb3254a29c9b677dc21d8d5c0207bc81') in 0.004 seconds [static and dynamic dependencies]. Details - ImportResultOutputID=09b3130d5ff37199754b52ce1919a0f5 DependenciesID=924353d44f72829501b6b8a28a0664f3 StaticDependenciesID=c622709ccf1081ea74aac437f07d04e3 
Number of updated asset objects reloaded before import = 0
Number of asset objects unloaded after import = 0
========================================================================
Received Import Request.
  Time of request: 2026-08-11T15:50:19.7669582Z
  Time since last request: 0.0003466 seconds.
  importAddress: GUID: 3abc02ba39ffa4dbe838a360c1b840f2 - Path: Packages/com.unity.visualscripting/Editor/VisualScripting.Core/Utilities/WarningLevel.cs - Importer: ScriptedImporter/UnityEditor.QuickSearchModule:UnityEditor.Search:ASIAI0B
Importing 'GUID: 3abc02ba39ffa4dbe838a360c1b840f2 - Path: Packages/com.unity.visualscripting/Editor/VisualScripting.Core/Utilities/WarningLevel.cs - Importer: ScriptedImporter/UnityEditor.QuickSearchModule:UnityEditor.Search:ASIAI0B' with importer (ScriptedImporter : UnityEditor.QuickSearchModule:UnityEditor.Search:ASIAI0B)
Imported 'GUID: 3abc02ba39ffa4dbe838a360c1b840f2' -> (Import Result ID: '3545304116281a523aa9a355f4529207') in 0.003 seconds [static and dynamic dependencies]. Details - ImportResultOutputID=1c21a5a53f52b40d30e0490529535eee DependenciesID=30dcbb31598d7880ab0e62aaee3863da StaticDependenciesID=0db13905acd3ebc5a4c97f2d5717eb9e 
Number of updated asset objects reloaded before import = 0
Number of asset objects unloaded after import = 0
========================================================================
Received Import Request.
  Time of request: 2026-08-11T15:50:19.7788314Z
  Time since last request: 0.0003929 seconds.
  importAddress: GUID: d11d8156e1fe44e4ba4931e52e7e8a62 - Path: Packages/com.unity.visualscripting/Editor/VisualScripting.Core/Utilities/VSUsageUtility.cs - Importer: ScriptedImporter/UnityEditor.QuickSearchModule:UnityEditor.Search:ASIAI0B
Importing 'GUID: d11d8156e1fe44e4ba4931e52e7e8a62 - Path: Packages/com.unity.visualscripting/Editor/VisualScripting.Core/Utilities/VSUsageUtility.cs - Importer: ScriptedImporter/UnityEditor.QuickSearchModule:UnityEditor.Search:ASIAI0B' with importer (ScriptedImporter : UnityEditor.QuickSearchModule:UnityEditor.Search:ASIAI0B)
Imported 'GUID: d11d8156e1fe44e4ba4931e52e7e8a62' -> (Import Result ID: 'acc02f31c1958e64b15c1a9fdcb270c5') in 0.003 seconds [static and dynamic dependencies]. Details - ImportResultOutputID=f6f59b031307e1752660a620c52b55f1 DependenciesID=a92385c7a4c654be97228a3d8ebdd6fc StaticDependenciesID=4748f85c2a6c10634317dd4e6496f4ef 
Number of updated asset objects reloaded before import = 0
Number of asset objects unloaded after import = 0
========================================================================
Received Import Request.
  Time of request: 2026-08-11T15:50:19.7915253Z
  Time since last request: 0.0004165 seconds.
  importAddress: GUID: 7bc59e867a8484d9392256b02bfbeb35 - Path: Packages/com.unity.visualscripting/Editor/VisualScripting.Core/ResourceProviders/EmbeddedResourceProvider.cs - Importer: ScriptedImporter/UnityEditor.QuickSearchModule:UnityEditor.Search:ASIAI0B
Importing 'GUID: 7bc59e867a8484d9392256b02bfbeb35 - Path: Packages/com.unity.visualscripting/Editor/VisualScripting.Core/ResourceProviders/EmbeddedResourceProvider.cs - Importer: ScriptedImporter/UnityEditor.QuickSearchModule:UnityEditor.Search:ASIAI0B' with importer (ScriptedImporter : UnityEditor.QuickSearchModule:UnityEditor.Search:ASIAI0B)
Imported 'GUID: 7bc59e867a8484d9392256b02bfbeb35' -> (Import Result ID: 'be6d92cdbfc1de08d73ddef62ee22add') in 0.004 seconds [static and dynamic dependencies]. Details - ImportResultOutputID=1730cfe9942169444af3b7c3b5aa4c92 DependenciesID=6ba232a6f966b4b8a6a79b3ac3b4c511 StaticDependenciesID=b13523c1a0ba2610039427c90d3dd490 
Number of updated asset objects reloaded before import = 0
Number of asset objects unloaded after import = 0
========================================================================
Received Import Request.
  Time of request: 2026-08-11T15:50:19.8038255Z
  Time since last request: 0.0003326 seconds.
  importAddress: GUID: 569177478479479486e8b0965691e71a - Path: Packages/com.unity.visualscripting/Editor/VisualScripting.Core/Serialization/TypeSerializer.cs - Importer: ScriptedImporter/UnityEditor.QuickSearchModule:UnityEditor.Search:ASIAI0B
Importing 'GUID: 569177478479479486e8b0965691e71a - Path: Packages/com.unity.visualscripting/Editor/VisualScripting.Core/Serialization/TypeSerializer.cs - Importer: ScriptedImporter/UnityEditor.QuickSearchModule:UnityEditor.Search:ASIAI0B' with importer (ScriptedImporter : UnityEditor.QuickSearchModule:UnityEditor.Search:ASIAI0B)
Imported 'GUID: 569177478479479486e8b0965691e71a' -> (Import Result ID: '7abf6114c53d34aba70090aa836ad980') in 0.003 seconds [static and dynamic dependencies]. Details - ImportResultOutputID=640d09926b8ea4553d58b821c463ec75 DependenciesID=2f65dcb082c1c212c2d7fe8569f2077e StaticDependenciesID=7ace8ad0f19438fb35771dcbdb963647 
Number of updated asset objects reloaded before import = 0
Number of asset objects unloaded after import = 0
========================================================================
Received Import Request.
  Time of request: 2026-08-11T15:50:19.8183361Z
  Time since last request: 0.0003017 seconds.
  importAddress: GUID: a6c8921d974604cdf8065157e3333a06 - Path: Packages/com.unity.visualscripting/Editor/VisualScripting.Core/Utilities/NameUtility.cs - Importer: ScriptedImporter/UnityEditor.QuickSearchModule:UnityEditor.Search:ASIAI0B
Importing 'GUID: a6c8921d974604cdf8065157e3333a06 - Path: Packages/com.unity.visualscripting/Editor/VisualScripting.Core/Utilities/NameUtility.cs - Importer: ScriptedImporter/UnityEditor.QuickSearchModule:UnityEditor.Search:ASIAI0B' with importer (ScriptedImporter : UnityEditor.QuickSearchModule:UnityEditor.Search:ASIAI0B)
Imported 'GUID: a6c8921d974604cdf8065157e3333a06' -> (Import Result ID: '5a2de9227ee9e6ad598eec40809c1be5') in 0.003 seconds [static and dynamic dependencies]. Details - ImportResultOutputID=933f8bc3b88a15e27623e048f4207618 DependenciesID=7f8f41c517e50608881c5e112bf52ca2 StaticDependenciesID=4a4153419e66579bcc3ca416a9a6e4e4 
Number of updated asset objects reloaded before import = 0
Number of asset objects unloaded after import = 0
========================================================================
Received Import Request.
  Time of request: 2026-08-11T15:50:19.8314186Z
  Time since last request: 0.000302 seconds.
  importAddress: GUID: f985966dd0b9243ad8a285f709cfa520 - Path: Packages/com.unity.visualscripting/Editor/VisualScripting.Core/Utilities/SearchUtility.cs - Importer: ScriptedImporter/UnityEditor.QuickSearchModule:UnityEditor.Search:ASIAI0B
Importing 'GUID: f985966dd0b9243ad8a285f709cfa520 - Path: Packages/com.unity.visualscripting/Editor/VisualScripting.Core/Utilities/SearchUtility.cs - Importer: ScriptedImporter/UnityEditor.QuickSearchModule:UnityEditor.Search:ASIAI0B' with importer (ScriptedImporter : UnityEditor.QuickSearchModule:UnityEditor.Search:ASIAI0B)
Imported 'GUID: f985966dd0b9243ad8a285f709cfa520' -> (Import Result ID: 'a0e8df050c0c771214b145e06efdacd4') in 0.003 seconds [static and dynamic dependencies]. Details - ImportResultOutputID=fcf1fc6d5ff982cff22fa3af80973672 DependenciesID=9873aeb361fa84c27ae3a3301f923b2b StaticDependenciesID=fb19456c3b5729730ab6dde697542ae6 
Number of updated asset objects reloaded before import = 0
Number of asset objects unloaded after import = 0
========================================================================
Received Import Request.
  Time of request: 2026-08-11T15:50:19.8557426Z
  Time since last request: 0.0137417 seconds.
  importAddress: GUID: 51835fa842102474c83eeea00b0602aa - Path: Packages/com.unity.visualscripting/Editor/VisualScripting.Flow/Description/UnitPortDescription.cs - Importer: ScriptedImporter/UnityEditor.QuickSearchModule:UnityEditor.Search:ASIAI0B
Importing 'GUID: 51835fa842102474c83eeea00b0602aa - Path: Packages/com.unity.visualscripting/Editor/VisualScripting.Flow/Description/UnitPortDescription.cs - Importer: ScriptedImporter/UnityEditor.QuickSearchModule:UnityEditor.Search:ASIAI0B' with importer (ScriptedImporter : UnityEditor.QuickSearchModule:UnityEditor.Search:ASIAI0B)
Imported 'GUID: 51835fa842102474c83eeea00b0602aa' -> (Import Result ID: '4e3ae02e75c7c27e147118a64f19c74d') in 0.003 seconds [static and dynamic dependencies]. Details - ImportResultOutputID=775455b477ec5a71fd638e1730638eb3 DependenciesID=ac9468344941ccbbd083eece55f2f923 StaticDependenciesID=f967b3235f428193e6de37579ebaf1a5 
Number of updated asset objects reloaded before import = 0
Number of asset objects unloaded after import = 0
========================================================================
Received Import Request.
  Time of request: 2026-08-11T15:50:19.8670163Z
  Time since last request: 0.0003123 seconds.
  importAddress: GUID: 23070ced5c01f495eb6b3dcc75ab6fc1 - Path: Packages/com.unity.visualscripting/Editor/VisualScripting.Flow/Description/FlowMacroDescriptor.cs - Importer: ScriptedImporter/UnityEditor.QuickSearchModule:UnityEditor.Search:ASIAI0B
Importing 'GUID: 23070ced5c01f495eb6b3dcc75ab6fc1 - Path: Packages/com.unity.visualscripting/Editor/VisualScripting.Flow/Description/FlowMacroDescriptor.cs - Importer: ScriptedImporter/UnityEditor.QuickSearchModule:UnityEditor.Search:ASIAI0B' with importer (ScriptedImporter : UnityEditor.QuickSearchModule:UnityEditor.Search:ASIAI0B)
Imported 'GUID: 23070ced5c01f495eb6b3dcc75ab6fc1' -> (Import Result ID: 'bfcdacc636435e6611ac519e3d8a3bee') in 0.003 seconds [static and dynamic dependencies]. Details - ImportResultOutputID=a1c2f9e733c1de387301ae9c569d7a84 DependenciesID=e23584e2cbd014e2c23994d5e29a93cf StaticDependenciesID=e6b6444b607957cc5d22b012be07a2ea 
Number of updated asset objects reloaded before import = 0
Number of asset objects unloaded after import = 0
========================================================================
Received Import Request.
  Time of request: 2026-08-11T15:50:19.8775467Z
  Time since last request: 0.0003256 seconds.
  importAddress: GUID: 4b9a6b214affa42b79f66d4c087b1de5 - Path: Packages/com.unity.visualscripting/Editor/VisualScripting.Core/Widgets/WidgetProvider.cs - Importer: ScriptedImporter/UnityEditor.QuickSearchModule:UnityEditor.Search:ASIAI0B
Importing 'GUID: 4b9a6b214affa42b79f66d4c087b1de5 - Path: Packages/com.unity.visualscripting/Editor/VisualScripting.Core/Widgets/WidgetProvider.cs - Importer: ScriptedImporter/UnityEditor.QuickSearchModule:UnityEditor.Search:ASIAI0B' with importer (ScriptedImporter : UnityEditor.QuickSearchModule:UnityEditor.Search:ASIAI0B)
Imported 'GUID: 4b9a6b214affa42b79f66d4c087b1de5' -> (Import Result ID: '11f31732023029b197eb503fa883aa20') in 0.003 seconds [static and dynamic dependencies]. Details - ImportResultOutputID=f493b3433102459d4c2eb0421708866e DependenciesID=2677018a4e37ed0831c9837f51518918 StaticDependenciesID=c98a0fe4cfb65e7d1ad30470096aab40 
Number of updated asset objects reloaded before import = 0
Number of asset objects unloaded after import = 0
========================================================================
Received Import Request.
  Time of request: 2026-08-11T15:50:19.8916222Z
  Time since last request: 0.0002839 seconds.
  importAddress: GUID: fd6fd6310ecb2405fae7d988941661de - Path: Packages/com.unity.visualscripting/Editor/VisualScripting.Flow/Options/IUnitOption.cs - Importer: ScriptedImporter/UnityEditor.QuickSearchModule:UnityEditor.Search:ASIAI0B
Importing 'GUID: fd6fd6310ecb2405fae7d988941661de - Path: Packages/com.unity.visualscripting/Editor/VisualScripting.Flow/Options/IUnitOption.cs - Importer: ScriptedImporter/UnityEditor.QuickSearchModule:UnityEditor.Search:ASIAI0B' with importer (ScriptedImporter : UnityEditor.QuickSearchModule:UnityEditor.Search:ASIAI0B)
Imported 'GUID: fd6fd6310ecb2405fae7d988941661de' -> (Import Result ID: '7659a368f90e3fdb47468d25365a831d') in 0.003 seconds [static and dynamic dependencies]. Details - ImportResultOutputID=35a7c33bc07c2ced1e9bf0b2c4983527 DependenciesID=d88a1ce8e5e0766d8d0e78c8d0a54b9f StaticDependenciesID=8ffda58df6b042723fc0b7dd6daffe7f 
Number of updated asset objects reloaded before import = 0
Number of asset objects unloaded after import = 0
========================================================================
Received Import Request.
  Time of request: 2026-08-11T15:50:19.9044019Z
  Time since last request: 0.0002206 seconds.
  importAddress: GUID: 92d593d2901254b83b2030d1560c9350 - Path: Packages/com.unity.visualscripting/Editor/VisualScripting.Core/Variables/EditorVariablesUtility.cs - Importer: ScriptedImporter/UnityEditor.QuickSearchModule:UnityEditor.Search:ASIAI0B
Importing 'GUID: 92d593d2901254b83b2030d1560c9350 - Path: Packages/com.unity.visualscripting/Editor/VisualScripting.Core/Variables/EditorVariablesUtility.cs - Importer: ScriptedImporter/UnityEditor.QuickSearchModule:UnityEditor.Search:ASIAI0B' with importer (ScriptedImporter : UnityEditor.QuickSearchModule:UnityEditor.Search:ASIAI0B)
Imported 'GUID: 92d593d2901254b83b2030d1560c9350' -> (Import Result ID: '171f71715c51284e73d8e24ebd2e9c4d') in 0.003 seconds [static and dynamic dependencies]. Details - ImportResultOutputID=3d564bc7e31697b109fd1b1b36922e9c DependenciesID=83c17723b8625251981b9763f2c46bda StaticDependenciesID=6a7e533f1cb6aed2c93defc612a8bbc4 
Number of updated asset objects reloaded before import = 0
Number of asset objects unloaded after import = 0
========================================================================
Received Import Request.
  Time of request: 2026-08-11T15:50:19.914741Z
  Time since last request: 0.0003464 seconds.
  importAddress: GUID: bf11352faae8e4195bed44acfb96c522 - Path: Packages/com.unity.visualscripting/Editor/VisualScripting.Flow/Description/FlowMachineDescriptor.cs - Importer: ScriptedImporter/UnityEditor.QuickSearchModule:UnityEditor.Search:ASIAI0B
Importing 'GUID: bf11352faae8e4195bed44acfb96c522 - Path: Packages/com.unity.visualscripting/Editor/VisualScripting.Flow/Description/FlowMachineDescriptor.cs - Importer: ScriptedImporter/UnityEditor.QuickSearchModule:UnityEditor.Search:ASIAI0B' with importer (ScriptedImporter : UnityEditor.QuickSearchModule:UnityEditor.Search:ASIAI0B)
Imported 'GUID: bf11352faae8e4195bed44acfb96c522' -> (Import Result ID: 'a4e2e7e39f30dda6e84e71aa66127773') in 0.003 seconds [static and dynamic dependencies]. Details - ImportResultOutputID=bc3662957bb44c1ebc75b600227f1d10 DependenciesID=55514e60c1ae48c9a92417a0f87169c2 StaticDependenciesID=c5b086903dfd8da954e4389837330ae8 
Number of updated asset objects reloaded before import = 0
Number of asset objects unloaded after import = 0
========================================================================
Received Import Request.
  Time of request: 2026-08-11T15:50:19.9276331Z
  Time since last request: 0.0003731 seconds.
  importAddress: GUID: 42ff2b3640dea47c1bcb2863082b6ba2 - Path: Packages/com.unity.visualscripting/Editor/VisualScripting.Core/Widgets/GraphElementWidget.cs - Importer: ScriptedImporter/UnityEditor.QuickSearchModule:UnityEditor.Search:ASIAI0B
Importing 'GUID: 42ff2b3640dea47c1bcb2863082b6ba2 - Path: Packages/com.unity.visualscripting/Editor/VisualScripting.Core/Widgets/GraphElementWidget.cs - Importer: ScriptedImporter/UnityEditor.QuickSearchModule:UnityEditor.Search:ASIAI0B' with importer (ScriptedImporter : UnityEditor.QuickSearchModule:UnityEditor.Search:ASIAI0B)
Imported 'GUID: 42ff2b3640dea47c1bcb2863082b6ba2' -> (Import Result ID: '24b931cb9560b67650ae45e60eae22f8') in 0.003 seconds [static and dynamic dependencies]. Details - ImportResultOutputID=a95bc5d797bb898caf068b8036cb2564 DependenciesID=75a253852a2e55eddb207a0db64e7159 StaticDependenciesID=3a0911fd8aeee26a4d96182d21a1d538 
Number of updated asset objects reloaded before import = 0
Number of asset objects unloaded after import = 0
========================================================================
Received Import Request.
  Time of request: 2026-08-11T15:50:19.9406679Z
  Time since last request: 0.000323 seconds.
  importAddress: GUID: 8c83776c0292d488392648f9c94e53ad - Path: Packages/com.unity.visualscripting/Editor/VisualScripting.Core/Widgets/Widget.cs - Importer: ScriptedImporter/UnityEditor.QuickSearchModule:UnityEditor.Search:ASIAI0B
Importing 'GUID: 8c83776c0292d488392648f9c94e53ad - Path: Packages/com.unity.visualscripting/Editor/VisualScripting.Core/Widgets/Widget.cs - Importer: ScriptedImporter/UnityEditor.QuickSearchModule:UnityEditor.Search:ASIAI0B' with importer (ScriptedImporter : UnityEditor.QuickSearchModule:UnityEditor.Search:ASIAI0B)
Imported 'GUID: 8c83776c0292d488392648f9c94e53ad' -> (Import Result ID: 'a7a4a36d003b6906727d88f007a4d6b6') in 0.003 seconds [static and dynamic dependencies]. Details - ImportResultOutputID=4580875f57611064de77ced7b29ca93f DependenciesID=5eeea9df92c4adaff78e319e54ebc185 StaticDependenciesID=84c310508a1c899d1c08b239a5b0bd6a 
Number of updated asset objects reloaded before import = 0
Number of asset objects unloaded after import = 0
========================================================================
Received Import Request.
  Time of request: 2026-08-11T15:50:19.9635996Z
  Time since last request: 0.0115019 seconds.
  importAddress: GUID: a2b9227c78ca546fcb92bb352fcab92d - Path: Packages/com.unity.visualscripting/Editor/VisualScripting.Flow/Options/UnitOptionProvider.cs - Importer: ScriptedImporter/UnityEditor.QuickSearchModule:UnityEditor.Search:ASIAI0B
Importing 'GUID: a2b9227c78ca546fcb92bb352fcab92d - Path: Packages/com.unity.visualscripting/Editor/VisualScripting.Flow/Options/UnitOptionProvider.cs - Importer: ScriptedImporter/UnityEditor.QuickSearchModule:UnityEditor.Search:ASIAI0B' with importer (ScriptedImporter : UnityEditor.QuickSearchModule:UnityEditor.Search:ASIAI0B)
Imported 'GUID: a2b9227c78ca546fcb92bb352fcab92d' -> (Import Result ID: '0c51748afaba65b358ff737ab0322fb4') in 0.003 seconds [static and dynamic dependencies]. Details - ImportResultOutputID=121bfc09c58cda1f7427e5f27e0e0196 DependenciesID=6a029201454962f557560e3de20c725b StaticDependenciesID=ccc70b1fbce0188dab46e668a04dd95f 
Number of updated asset objects reloaded before import = 0
Number of asset objects unloaded after import = 0
========================================================================
Received Import Request.
  Time of request: 2026-08-11T15:50:19.9749198Z
  Time since last request: 0.0009829 seconds.
  importAddress: GUID: eb1a4bbdbfdb14545866ce6d30badb33 - Path: Packages/com.unity.visualscripting/Editor/VisualScripting.State/States/StateAnalyser.cs - Importer: ScriptedImporter/UnityEditor.QuickSearchModule:UnityEditor.Search:ASIAI0B
Importing 'GUID: eb1a4bbdbfdb14545866ce6d30badb33 - Path: Packages/com.unity.visualscripting/Editor/VisualScripting.State/States/StateAnalyser.cs - Importer: ScriptedImporter/UnityEditor.QuickSearchModule:UnityEditor.Search:ASIAI0B' with importer (ScriptedImporter : UnityEditor.QuickSearchModule:UnityEditor.Search:ASIAI0B)
Imported 'GUID: eb1a4bbdbfdb14545866ce6d30badb33' -> (Import Result ID: 'b8717e3ad0aef7dad9850fe39eb52bfe') in 0.003 seconds [static and dynamic dependencies]. Details - ImportResultOutputID=78eff869f9fd4759444625c9ece3b4c0 DependenciesID=2feefe9851b6a232127a03009d2a8e53 StaticDependenciesID=29c15833106a23b2c51f3c0ffa393662 
Number of updated asset objects reloaded before import = 0
Number of asset objects unloaded after import = 0
========================================================================
Received Import Request.
  Time of request: 2026-08-11T15:50:19.988821Z
  Time since last request: 0.0002797 seconds.
  importAddress: GUID: 6392d6c3118b84772bac990889aaa190 - Path: Packages/com.unity.visualscripting/Editor/VisualScripting.Flow/Ports/ValueOutputWidget.cs - Importer: ScriptedImporter/UnityEditor.QuickSearchModule:UnityEditor.Search:ASIAI0B
Importing 'GUID: 6392d6c3118b84772bac990889aaa190 - Path: Packages/com.unity.visualscripting/Editor/VisualScripting.Flow/Ports/ValueOutputWidget.cs - Importer: ScriptedImporter/UnityEditor.QuickSearchModule:UnityEditor.Search:ASIAI0B' with importer (ScriptedImporter : UnityEditor.QuickSearchModule:UnityEditor.Search:ASIAI0B)
Imported 'GUID: 6392d6c3118b84772bac990889aaa190' -> (Import Result ID: 'ff6a9a739c26963c83baa9af953eb5a8') in 0.003 seconds [static and dynamic dependencies]. Details - ImportResultOutputID=c412b55d82c8c6fe3e808daca89541ad DependenciesID=b6d8358a93f3ee0f96b9d892600aa306 StaticDependenciesID=af19415b737e68bab42e1d94c10fe72d 
Number of updated asset objects reloaded before import = 0
Number of asset objects unloaded after import = 0
========================================================================
Received Import Request.
  Time of request: 2026-08-11T15:50:20.0010705Z
  Time since last request: 0.0002806 seconds.
  importAddress: GUID: 90539a84ee39e4c2493af60a32b9adb4 - Path: Packages/com.unity.visualscripting/Editor/VisualScripting.State/States/StateAnalysis.cs - Importer: ScriptedImporter/UnityEditor.QuickSearchModule:UnityEditor.Search:ASIAI0B
Importing 'GUID: 90539a84ee39e4c2493af60a32b9adb4 - Path: Packages/com.unity.visualscripting/Editor/VisualScripting.State/States/StateAnalysis.cs - Importer: ScriptedImporter/UnityEditor.QuickSearchModule:UnityEditor.Search:ASIAI0B' with importer (ScriptedImporter : UnityEditor.QuickSearchModule:UnityEditor.Search:ASIAI0B)
Imported 'GUID: 90539a84ee39e4c2493af60a32b9adb4' -> (Import Result ID: '3ce94b0c2798308f728f7ae9ee9c6041') in 0.003 seconds [static and dynamic dependencies]. Details - ImportResultOutputID=0830efb74e92ef87584452535e846fa0 DependenciesID=10d4f8a79a43b1482421d9152993d73a StaticDependenciesID=519d03e4f0fb5ea8f21d11fa891d4c68 
Number of updated asset objects reloaded before import = 0
Number of asset objects unloaded after import = 0
========================================================================
Received Import Request.
  Time of request: 2026-08-11T15:50:20.0125017Z
  Time since last request: 0.0003308 seconds.
  importAddress: GUID: 388714a324a29401594aee5d32810261 - Path: Packages/com.unity.visualscripting/Editor/VisualScripting.State/Description/StateMacroDescriptor.cs - Importer: ScriptedImporter/UnityEditor.QuickSearchModule:UnityEditor.Search:ASIAI0B
Importing 'GUID: 388714a324a29401594aee5d32810261 - Path: Packages/com.unity.visualscripting/Editor/VisualScripting.State/Description/StateMacroDescriptor.cs - Importer: ScriptedImporter/UnityEditor.QuickSearchModule:UnityEditor.Search:ASIAI0B' with importer (ScriptedImporter : UnityEditor.QuickSearchModule:UnityEditor.Search:ASIAI0B)
Imported 'GUID: 388714a324a29401594aee5d32810261' -> (Import Result ID: 'd98b239ca19987603ed6f2ac731e8b91') in 0.003 seconds [static and dynamic dependencies]. Details - ImportResultOutputID=1d0ab883a076ae724980589800da61bd DependenciesID=d42ab2b16f1ca88b0d92f703debd7dd6 StaticDependenciesID=4eff8814b5ac219b2511aa4bf4e300b5 
Number of updated asset objects reloaded before import = 0
Number of asset objects unloaded after import = 0
========================================================================
Received Import Request.
  Time of request: 2026-08-11T15:50:20.0247115Z
  Time since last request: 0.0006588 seconds.
  importAddress: GUID: a560e5c5437a44f2db6a4291e7ea9182 - Path: Packages/com.unity.visualscripting/Editor/VisualScripting.State/States/IStateWidget.cs - Importer: ScriptedImporter/UnityEditor.QuickSearchModule:UnityEditor.Search:ASIAI0B
Importing 'GUID: a560e5c5437a44f2db6a4291e7ea9182 - Path: Packages/com.unity.visualscripting/Editor/VisualScripting.State/States/IStateWidget.cs - Importer: ScriptedImporter/UnityEditor.QuickSearchModule:UnityEditor.Search:ASIAI0B' with importer (ScriptedImporter : UnityEditor.QuickSearchModule:UnityEditor.Search:ASIAI0B)
Imported 'GUID: a560e5c5437a44f2db6a4291e7ea9182' -> (Import Result ID: 'c6603690a0f9d1adbf6f4fdc0e9a678e') in 0.003 seconds [static and dynamic dependencies]. Details - ImportResultOutputID=f45a9554e74edddd21e8e6b8824beb92 DependenciesID=e3e277cfec1fc23eb59e92d012c6cfcb StaticDependenciesID=58dca765fa6dae2493b2856c823c47f6 
Number of updated asset objects reloaded before import = 0
Number of asset objects unloaded after import = 0
========================================================================
Received Import Request.
  Time of request: 2026-08-11T15:50:20.0366388Z
  Time since last request: 0.0005788 seconds.
  importAddress: GUID: 07e0926bb74a646ad92846ce48b5074e - Path: Packages/com.unity.visualscripting/Editor/VisualScripting.State/Flow/StateUnitWidget.cs - Importer: ScriptedImporter/UnityEditor.QuickSearchModule:UnityEditor.Search:ASIAI0B
Importing 'GUID: 07e0926bb74a646ad92846ce48b5074e - Path: Packages/com.unity.visualscripting/Editor/VisualScripting.State/Flow/StateUnitWidget.cs - Importer: ScriptedImporter/UnityEditor.QuickSearchModule:UnityEditor.Search:ASIAI0B' with importer (ScriptedImporter : UnityEditor.QuickSearchModule:UnityEditor.Search:ASIAI0B)
Imported 'GUID: 07e0926bb74a646ad92846ce48b5074e' -> (Import Result ID: 'c192ae6c553b2443675ec5a6ca467bf1') in 0.003 seconds [static and dynamic dependencies]. Details - ImportResultOutputID=a27a504042137a36fb28fddbdaa23d2d DependenciesID=d4e052f6c7420da6de6a369f2c3d72f9 StaticDependenciesID=1431a0b2ea0f87e7a9d2376df69992a6 
Number of updated asset objects reloaded before import = 0
Number of asset objects unloaded after import = 0
========================================================================
Received Import Request.
  Time of request: 2026-08-11T15:50:20.0483351Z
  Time since last request: 0.0003941 seconds.
  importAddress: GUID: f920ee4f22d664b36925352e3b321895 - Path: Packages/com.unity.visualscripting/Editor/VisualScripting.State/Plugin/BoltState.cs - Importer: ScriptedImporter/UnityEditor.QuickSearchModule:UnityEditor.Search:ASIAI0B
Importing 'GUID: f920ee4f22d664b36925352e3b321895 - Path: Packages/com.unity.visualscripting/Editor/VisualScripting.State/Plugin/BoltState.cs - Importer: ScriptedImporter/UnityEditor.QuickSearchModule:UnityEditor.Search:ASIAI0B' with importer (ScriptedImporter : UnityEditor.QuickSearchModule:UnityEditor.Search:ASIAI0B)
Imported 'GUID: f920ee4f22d664b36925352e3b321895' -> (Import Result ID: 'c6415d3fad589a96130453a8547df0d6') in 0.003 seconds [static and dynamic dependencies]. Details - ImportResultOutputID=a482e614b06fefa6a3cee4960a42aa11 DependenciesID=f6ae1e8a09c4e813de7edad0b2cf84bc StaticDependenciesID=406c481412e5c16a8ff0e9cfbfee3dee 
Number of updated asset objects reloaded before import = 0
Number of asset objects unloaded after import = 0
========================================================================
Received Import Request.
  Time of request: 2026-08-11T15:50:20.0812596Z
  Time since last request: 0.0221333 seconds.
  importAddress: GUID: e0381bb4e0f05444598e51b5a33edf4d - Path: Packages/com.unity.visualscripting/Runtime/VisualScripting.Core/Collections/MergedCollection.cs - Importer: ScriptedImporter/UnityEditor.QuickSearchModule:UnityEditor.Search:ASIAI0B
Importing 'GUID: e0381bb4e0f05444598e51b5a33edf4d - Path: Packages/com.unity.visualscripting/Runtime/VisualScripting.Core/Collections/MergedCollection.cs - Importer: ScriptedImporter/UnityEditor.QuickSearchModule:UnityEditor.Search:ASIAI0B' with importer (ScriptedImporter : UnityEditor.QuickSearchModule:UnityEditor.Search:ASIAI0B)
Imported 'GUID: e0381bb4e0f05444598e51b5a33edf4d' -> (Import Result ID: 'e4270a36f6377ca5535345e8b628131f') in 0.004 seconds [static and dynamic dependencies]. Details - ImportResultOutputID=89e6d175bdaefb9a25c1b5635e4194f9 DependenciesID=8d10c4cd0401cb64390341e8ae58d4df StaticDependenciesID=2062dc1b8f1f7b43ff83dba717233b13 
Number of updated asset objects reloaded before import = 0
Number of asset objects unloaded after import = 0
========================================================================
Received Import Request.
  Time of request: 2026-08-11T15:50:20.093167Z
  Time since last request: 0.0012594 seconds.
  importAddress: GUID: d87db61d4949f45af99577f40b0ea695 - Path: Packages/com.unity.visualscripting/Runtime/VisualScripting.Core/Collections/NonNullableHashSet.cs - Importer: ScriptedImporter/UnityEditor.QuickSearchModule:UnityEditor.Search:ASIAI0B
Importing 'GUID: d87db61d4949f45af99577f40b0ea695 - Path: Packages/com.unity.visualscripting/Runtime/VisualScripting.Core/Collections/NonNullableHashSet.cs - Importer: ScriptedImporter/UnityEditor.QuickSearchModule:UnityEditor.Search:ASIAI0B' with importer (ScriptedImporter : UnityEditor.QuickSearchModule:UnityEditor.Search:ASIAI0B)
Imported 'GUID: d87db61d4949f45af99577f40b0ea695' -> (Import Result ID: 'fec25e75e79f8b1350a742ab317fd0fd') in 0.004 seconds [static and dynamic dependencies]. Details - ImportResultOutputID=668e20c60ffa2cf247dacfc292f871c6 DependenciesID=de2634719c2d690c5e97b21b5c4792a7 StaticDependenciesID=9baa73cdd3fd3159af0449f18d37d4ef 
Number of updated asset objects reloaded before import = 0
Number of asset objects unloaded after import = 0
========================================================================
Received Import Request.
  Time of request: 2026-08-11T15:50:20.1050714Z
  Time since last request: 0.0004942 seconds.
  importAddress: GUID: 6a1240097a06b411090f9cb6c29cf64a - Path: Packages/com.unity.visualscripting/Editor/VisualScripting.State/Transitions/FlowStateTransitionEditor.cs - Importer: ScriptedImporter/UnityEditor.QuickSearchModule:UnityEditor.Search:ASIAI0B
Importing 'GUID: 6a1240097a06b411090f9cb6c29cf64a - Path: Packages/com.unity.visualscripting/Editor/VisualScripting.State/Transitions/FlowStateTransitionEditor.cs - Importer: ScriptedImporter/UnityEditor.QuickSearchModule:UnityEditor.Search:ASIAI0B' with importer (ScriptedImporter : UnityEditor.QuickSearchModule:UnityEditor.Search:ASIAI0B)
Imported 'GUID: 6a1240097a06b411090f9cb6c29cf64a' -> (Import Result ID: 'c219cf5e002ebf254e23d6d8b1c41f1b') in 0.003 seconds [static and dynamic dependencies]. Details - ImportResultOutputID=50534f9f1dcaeb5176139b3ede9c77ed DependenciesID=b4eae63f5ec813a9b5066d1dea94c8e6 StaticDependenciesID=3e27f009929a7da2d0239ef8c810eff5 
Number of updated asset objects reloaded before import = 0
Number of asset objects unloaded after import = 0
========================================================================
Received Import Request.
  Time of request: 2026-08-11T15:50:20.1182507Z
  Time since last request: 0.0004965 seconds.
  importAddress: GUID: 13defabd061af4a5b823040e401f9c58 - Path: Packages/com.unity.visualscripting/Runtime/VisualScripting.Core/EditorBinding/AllowsNullAttribute.cs - Importer: ScriptedImporter/UnityEditor.QuickSearchModule:UnityEditor.Search:ASIAI0B
Importing 'GUID: 13defabd061af4a5b823040e401f9c58 - Path: Packages/com.unity.visualscripting/Runtime/VisualScripting.Core/EditorBinding/AllowsNullAttribute.cs - Importer: ScriptedImporter/UnityEditor.QuickSearchModule:UnityEditor.Search:ASIAI0B' with importer (ScriptedImporter : UnityEditor.QuickSearchModule:UnityEditor.Search:ASIAI0B)
Imported 'GUID: 13defabd061af4a5b823040e401f9c58' -> (Import Result ID: 'a52d97161f0e06bcd2a1626456fd94ca') in 0.003 seconds [static and dynamic dependencies]. Details - ImportResultOutputID=0c79b9c85b2ecde10523449457f7b255 DependenciesID=5855e4443fd08a3a0b9b734ab03cca1c StaticDependenciesID=120751976211b5ea1191f8210551ba91 
Number of updated asset objects reloaded before import = 0
Number of asset objects unloaded after import = 0
========================================================================
Received Import Request.
  Time of request: 2026-08-11T15:50:20.1321404Z
  Time since last request: 0.0006364 seconds.
  importAddress: GUID: 8b1b785745a7f45e7aeb8928f8301c7e - Path: Packages/com.unity.visualscripting/Runtime/VisualScripting.Core/Connections/IConnectionCollection.cs - Importer: ScriptedImporter/UnityEditor.QuickSearchModule:UnityEditor.Search:ASIAI0B
Importing 'GUID: 8b1b785745a7f45e7aeb8928f8301c7e - Path: Packages/com.unity.visualscripting/Runtime/VisualScripting.Core/Connections/IConnectionCollection.cs - Importer: ScriptedImporter/UnityEditor.QuickSearchModule:UnityEditor.Search:ASIAI0B' with importer (ScriptedImporter : UnityEditor.QuickSearchModule:UnityEditor.Search:ASIAI0B)
Imported 'GUID: 8b1b785745a7f45e7aeb8928f8301c7e' -> (Import Result ID: '0b45f4f2133f6c934644648936772117') in 0.003 seconds [static and dynamic dependencies]. Details - ImportResultOutputID=bea5913d0cf5e538150b8e24025723be DependenciesID=3784625789ddf685bb35432a9f9d0143 StaticDependenciesID=a8b1846e14b0cf8edb0a0191b74b3395 
Number of updated asset objects reloaded before import = 0
Number of asset objects unloaded after import = 0
========================================================================
Received Import Request.
  Time of request: 2026-08-11T15:50:20.1455164Z
  Time since last request: 0.0002537 seconds.
  importAddress: GUID: 9d4e73ed999c34cb3ae93178fcb08712 - Path: Packages/com.unity.visualscripting/Editor/VisualScripting.State/Transitions/StateTransitionEditor.cs - Importer: ScriptedImporter/UnityEditor.QuickSearchModule:UnityEditor.Search:ASIAI0B
Importing 'GUID: 9d4e73ed999c34cb3ae93178fcb08712 - Path: Packages/com.unity.visualscripting/Editor/VisualScripting.State/Transitions/StateTransitionEditor.cs - Importer: ScriptedImporter/UnityEditor.QuickSearchModule:UnityEditor.Search:ASIAI0B' with importer (ScriptedImporter : UnityEditor.QuickSearchModule:UnityEditor.Search:ASIAI0B)
Imported 'GUID: 9d4e73ed999c34cb3ae93178fcb08712' -> (Import Result ID: 'c1313ab5458fcb736bdab1ccbedce2e7') in 0.003 seconds [static and dynamic dependencies]. Details - ImportResultOutputID=833ead4bcf5e72ecbf993a76a392ef95 DependenciesID=4ca7f4d87f2af99e251813ca8dfbeea8 StaticDependenciesID=afc4aea4f56234ffb653a715cbaf0460 
Number of updated asset objects reloaded before import = 0
Number of asset objects unloaded after import = 0
========================================================================
Received Import Request.
  Time of request: 2026-08-11T15:50:20.1557781Z
  Time since last request: 0.0002175 seconds.
  importAddress: GUID: 82e797f2fea594d6f89e0146757d0ed6 - Path: Packages/com.unity.visualscripting/Editor/VisualScripting.State/Transitions/StateTransitionDescriptor.cs - Importer: ScriptedImporter/UnityEditor.QuickSearchModule:UnityEditor.Search:ASIAI0B
Importing 'GUID: 82e797f2fea594d6f89e0146757d0ed6 - Path: Packages/com.unity.visualscripting/Editor/VisualScripting.State/Transitions/StateTransitionDescriptor.cs - Importer: ScriptedImporter/UnityEditor.QuickSearchModule:UnityEditor.Search:ASIAI0B' with importer (ScriptedImporter : UnityEditor.QuickSearchModule:UnityEditor.Search:ASIAI0B)
Imported 'GUID: 82e797f2fea594d6f89e0146757d0ed6' -> (Import Result ID: '25db666f6db3df0b3f504d36111b5fdc') in 0.003 seconds [static and dynamic dependencies]. Details - ImportResultOutputID=12e7d82222558a6d587d0dd781161e77 DependenciesID=9f37bad2a9f604cf73ced0599eeaa3ff StaticDependenciesID=64c6c01a6dc130ebdc2bdd1de7e27640 
Number of updated asset objects reloaded before import = 0
Number of asset objects unloaded after import = 0
========================================================================
Received Import Request.
  Time of request: 2026-08-11T15:50:20.168507Z
  Time since last request: 0.0003528 seconds.
  importAddress: GUID: 355c8a593616d459494378fc4c6f39a2 - Path: Packages/com.unity.visualscripting/Editor/VisualScripting.State/Transitions/FlowStateTransitionDescriptor.cs - Importer: ScriptedImporter/UnityEditor.QuickSearchModule:UnityEditor.Search:ASIAI0B
Importing 'GUID: 355c8a593616d459494378fc4c6f39a2 - Path: Packages/com.unity.visualscripting/Editor/VisualScripting.State/Transitions/FlowStateTransitionDescriptor.cs - Importer: ScriptedImporter/UnityEditor.QuickSearchModule:UnityEditor.Search:ASIAI0B' with importer (ScriptedImporter : UnityEditor.QuickSearchModule:UnityEditor.Search:ASIAI0B)
Imported 'GUID: 355c8a593616d459494378fc4c6f39a2' -> (Import Result ID: 'd45911678e35ca462518b70dc5d25c54') in 0.003 seconds [static and dynamic dependencies]. Details - ImportResultOutputID=10a8f5a2c3ec487cb577264ee0937256 DependenciesID=bdd0e03b9e063724220338e79bb5dcf5 StaticDependenciesID=999899ded00d91924d01bef314d8add2 
Number of updated asset objects reloaded before import = 0
Number of asset objects unloaded after import = 0
========================================================================
Received Import Request.
  Time of request: 2026-08-11T15:50:20.2039699Z
  Time since last request: 0.0246682 seconds.
  importAddress: GUID: 2779fdac2027441508654540bc9b17dc - Path: Packages/com.unity.visualscripting/Runtime/VisualScripting.Core/Graphs/GraphInstances.cs - Importer: ScriptedImporter/UnityEditor.QuickSearchModule:UnityEditor.Search:ASIAI0B
Importing 'GUID: 2779fdac2027441508654540bc9b17dc - Path: Packages/com.unity.visualscripting/Runtime/VisualScripting.Core/Graphs/GraphInstances.cs - Importer: ScriptedImporter/UnityEditor.QuickSearchModule:UnityEditor.Search:ASIAI0B' with importer (ScriptedImporter : UnityEditor.QuickSearchModule:UnityEditor.Search:ASIAI0B)
Imported 'GUID: 2779fdac2027441508654540bc9b17dc' -> (Import Result ID: '3a473b9c12646ea53440ae9b14b63a6b') in 0.003 seconds [static and dynamic dependencies]. Details - ImportResultOutputID=9854f3f3ab594a767d8eed39b068bcbd DependenciesID=0e7bdcd88d4743bc60092cfebaa9be96 StaticDependenciesID=07c3c85f4e3c97972685cb9f8d4b3e6c 
Number of updated asset objects reloaded before import = 0
Number of asset objects unloaded after import = 0
========================================================================
Received Import Request.
  Time of request: 2026-08-11T15:50:20.2158289Z
  Time since last request: 0.000723 seconds.
  importAddress: GUID: b217cb060732b439ab2575423ca7eb5d - Path: Packages/com.unity.visualscripting/Runtime/VisualScripting.Core/Graphs/GraphPointerException.cs - Importer: ScriptedImporter/UnityEditor.QuickSearchModule:UnityEditor.Search:ASIAI0B
Importing 'GUID: b217cb060732b439ab2575423ca7eb5d - Path: Packages/com.unity.visualscripting/Runtime/VisualScripting.Core/Graphs/GraphPointerException.cs - Importer: ScriptedImporter/UnityEditor.QuickSearchModule:UnityEditor.Search:ASIAI0B' with importer (ScriptedImporter : UnityEditor.QuickSearchModule:UnityEditor.Search:ASIAI0B)
Imported 'GUID: b217cb060732b439ab2575423ca7eb5d' -> (Import Result ID: '29b02bb654874c6239ab5183f877af91') in 0.003 seconds [static and dynamic dependencies]. Details - ImportResultOutputID=71c97a4af5ddafd4bc0ad64f702e5e4d DependenciesID=c7f5967e66d71af027a33644b1ffcdb8 StaticDependenciesID=59f4f7606f6a19d91c5a0a5f398662b1 
Number of updated asset objects reloaded before import = 0
Number of asset objects unloaded after import = 0
========================================================================
Received Import Request.
  Time of request: 2026-08-11T15:50:20.2293241Z
  Time since last request: 0.0002266 seconds.
  importAddress: GUID: cfb22729ea2604a4fa969fe03e12362c - Path: Packages/com.unity.visualscripting/Runtime/VisualScripting.Core/Ensure/Ensure.cs - Importer: ScriptedImporter/UnityEditor.QuickSearchModule:UnityEditor.Search:ASIAI0B
Importing 'GUID: cfb22729ea2604a4fa969fe03e12362c - Path: Packages/com.unity.visualscripting/Runtime/VisualScripting.Core/Ensure/Ensure.cs - Importer: ScriptedImporter/UnityEditor.QuickSearchModule:UnityEditor.Search:ASIAI0B' with importer (ScriptedImporter : UnityEditor.QuickSearchModule:UnityEditor.Search:ASIAI0B)
Imported 'GUID: cfb22729ea2604a4fa969fe03e12362c' -> (Import Result ID: 'e547b33dc3a8e0d10c75e46e1fe8e38a') in 0.003 seconds [static and dynamic dependencies]. Details - ImportResultOutputID=b630c887b2cf1c15523c685b081ea243 DependenciesID=d9ffbbce85589c62522eba624188eb35 StaticDependenciesID=c96ab38c0f4748af09fad17d9a32634c 
Number of updated asset objects reloaded before import = 0
Number of asset objects unloaded after import = 0
========================================================================
Received Import Request.
  Time of request: 2026-08-11T15:50:20.2407366Z
  Time since last request: 0.0003228 seconds.
  importAddress: GUID: e82ba0da11a744d4aa13044f972bf8f0 - Path: Packages/com.unity.visualscripting/Runtime/VisualScripting.Core/Graphs/GraphData.cs - Importer: ScriptedImporter/UnityEditor.QuickSearchModule:UnityEditor.Search:ASIAI0B
Importing 'GUID: e82ba0da11a744d4aa13044f972bf8f0 - Path: Packages/com.unity.visualscripting/Runtime/VisualScripting.Core/Graphs/GraphData.cs - Importer: ScriptedImporter/UnityEditor.QuickSearchModule:UnityEditor.Search:ASIAI0B' with importer (ScriptedImporter : UnityEditor.QuickSearchModule:UnityEditor.Search:ASIAI0B)
Imported 'GUID: e82ba0da11a744d4aa13044f972bf8f0' -> (Import Result ID: 'ae69a97d17b67ba7ea53fbcc9b00ea33') in 0.003 seconds [static and dynamic dependencies]. Details - ImportResultOutputID=afdc1f5c46f911030c983b657b9270db DependenciesID=d1f7df6f5f8768d69bbc64640dcc5ff1 StaticDependenciesID=db9559bbff405865e4392de8d668080d 
Number of updated asset objects reloaded before import = 0
Number of asset objects unloaded after import = 0
========================================================================
Received Import Request.
  Time of request: 2026-08-11T15:50:20.2537128Z
  Time since last request: 0.0002894 seconds.
  importAddress: GUID: 6410b5472beb34ccca83003c8599382c - Path: Packages/com.unity.visualscripting/Runtime/VisualScripting.Core/Events/EmptyEventArgs.cs - Importer: ScriptedImporter/UnityEditor.QuickSearchModule:UnityEditor.Search:ASIAI0B
Importing 'GUID: 6410b5472beb34ccca83003c8599382c - Path: Packages/com.unity.visualscripting/Runtime/VisualScripting.Core/Events/EmptyEventArgs.cs - Importer: ScriptedImporter/UnityEditor.QuickSearchModule:UnityEditor.Search:ASIAI0B' with importer (ScriptedImporter : UnityEditor.QuickSearchModule:UnityEditor.Search:ASIAI0B)
Imported 'GUID: 6410b5472beb34ccca83003c8599382c' -> (Import Result ID: '850a0b7001126c8e9e9fcd1d83ca5bdd') in 0.003 seconds [static and dynamic dependencies]. Details - ImportResultOutputID=089f17e2d48009b4ef03cde46b474f8e DependenciesID=43c0a3a94c0bda6a58b3aebd996c9781 StaticDependenciesID=0fd556d441100c8141fe0d67a51988ca 
Number of updated asset objects reloaded before import = 0
Number of asset objects unloaded after import = 0
========================================================================
Received Import Request.
  Time of request: 2026-08-11T15:50:20.2663721Z
  Time since last request: 0.0003364 seconds.
  importAddress: GUID: 12ce731cce6f947049d4c6d825a29c3d - Path: Packages/com.unity.visualscripting/Runtime/VisualScripting.Core/Graphs/MergedGraphElementCollection.cs - Importer: ScriptedImporter/UnityEditor.QuickSearchModule:UnityEditor.Search:ASIAI0B
Importing 'GUID: 12ce731cce6f947049d4c6d825a29c3d - Path: Packages/com.unity.visualscripting/Runtime/VisualScripting.Core/Graphs/MergedGraphElementCollection.cs - Importer: ScriptedImporter/UnityEditor.QuickSearchModule:UnityEditor.Search:ASIAI0B' with importer (ScriptedImporter : UnityEditor.QuickSearchModule:UnityEditor.Search:ASIAI0B)
Imported 'GUID: 12ce731cce6f947049d4c6d825a29c3d' -> (Import Result ID: 'cbdd6824ea2ac514fce7841da7514b78') in 0.003 seconds [static and dynamic dependencies]. Details - ImportResultOutputID=73617d72c95e8d254a56e84a5114c5b6 DependenciesID=71a734087a3eccd18961608d10cbf484 StaticDependenciesID=92f82c8ece9aa88bcf58454fb05a9db7 
Number of updated asset objects reloaded before import = 0
Number of asset objects unloaded after import = 0
========================================================================
Received Import Request.
  Time of request: 2026-08-11T15:50:20.2789658Z
  Time since last request: 0.0003045 seconds.
  importAddress: GUID: b9cb6febeac1a471bac43cd4c509a764 - Path: Packages/com.unity.visualscripting/Runtime/VisualScripting.Core/Graphs/IGraphNester.cs - Importer: ScriptedImporter/UnityEditor.QuickSearchModule:UnityEditor.Search:ASIAI0B
Importing 'GUID: b9cb6febeac1a471bac43cd4c509a764 - Path: Packages/com.unity.visualscripting/Runtime/VisualScripting.Core/Graphs/IGraphNester.cs - Importer: ScriptedImporter/UnityEditor.QuickSearchModule:UnityEditor.Search:ASIAI0B' with importer (ScriptedImporter : UnityEditor.QuickSearchModule:UnityEditor.Search:ASIAI0B)
Imported 'GUID: b9cb6febeac1a471bac43cd4c509a764' -> (Import Result ID: '1a7b09193815340b08918734e232ca9f') in 0.003 seconds [static and dynamic dependencies]. Details - ImportResultOutputID=720bc520dc1d46e7624b4d1aed53cbd0 DependenciesID=e3964dad2d12565f07e494de4d73aaa6 StaticDependenciesID=9f71a0d8946de0c922a2eaed2664a254 
Number of updated asset objects reloaded before import = 0
Number of asset objects unloaded after import = 0
========================================================================
Received Import Request.
  Time of request: 2026-08-11T15:50:20.2913336Z
  Time since last request: 0.0008993 seconds.
  importAddress: GUID: aec68ea079c1545968ca3678efd2a542 - Path: Packages/com.unity.visualscripting/Runtime/VisualScripting.Core/Events/EventMachine.cs - Importer: ScriptedImporter/UnityEditor.QuickSearchModule:UnityEditor.Search:ASIAI0B
Importing 'GUID: aec68ea079c1545968ca3678efd2a542 - Path: Packages/com.unity.visualscripting/Runtime/VisualScripting.Core/Events/EventMachine.cs - Importer: ScriptedImporter/UnityEditor.QuickSearchModule:UnityEditor.Search:ASIAI0B' with importer (ScriptedImporter : UnityEditor.QuickSearchModule:UnityEditor.Search:ASIAI0B)
Imported 'GUID: aec68ea079c1545968ca3678efd2a542' -> (Import Result ID: '1666836d803e5e1b63e96f3b637bf496') in 0.003 seconds [static and dynamic dependencies]. Details - ImportResultOutputID=b7af91ddcab76f6f595adf68a6586d0d DependenciesID=f04d5dfb45b9f1e9facb2e22971fa121 StaticDependenciesID=5a80bd0b3298e8c5aff41bb20e614ce5 
Number of updated asset objects reloaded before import = 0
Number of asset objects unloaded after import = 0
========================================================================
Received Import Request.
  Time of request: 2026-08-11T15:50:20.3215297Z
  Time since last request: 0.01934 seconds.
  importAddress: GUID: 13bd0b2b84cd782408ba37c684c50988 - Path: Packages/com.unity.visualscripting/Runtime/VisualScripting.Core/Reflection/TypeName.cs - Importer: ScriptedImporter/UnityEditor.QuickSearchModule:UnityEditor.Search:ASIAI0B
Importing 'GUID: 13bd0b2b84cd782408ba37c684c50988 - Path: Packages/com.unity.visualscripting/Runtime/VisualScripting.Core/Reflection/TypeName.cs - Importer: ScriptedImporter/UnityEditor.QuickSearchModule:UnityEditor.Search:ASIAI0B' with importer (ScriptedImporter : UnityEditor.QuickSearchModule:UnityEditor.Search:ASIAI0B)
Imported 'GUID: 13bd0b2b84cd782408ba37c684c50988' -> (Import Result ID: '09f4606081444754b97bded212ab283d') in 0.003 seconds [static and dynamic dependencies]. Details - ImportResultOutputID=25753249fc010777d26c0a34eec7c4ae DependenciesID=d880288d4aeea864ab9c225b61c356bd StaticDependenciesID=6b6a62a935ee0cba18d84022b286a761 
Number of updated asset objects reloaded before import = 0
Number of asset objects unloaded after import = 0
========================================================================
Received Import Request.
  Time of request: 2026-08-11T15:50:20.3330587Z
  Time since last request: 0.0010209 seconds.
  importAddress: GUID: 28f68b4d087241c5b91fe67f0dd234f9 - Path: Packages/com.unity.visualscripting/Runtime/VisualScripting.Core/Serialization/SerializableType.cs - Importer: ScriptedImporter/UnityEditor.QuickSearchModule:UnityEditor.Search:ASIAI0B
Importing 'GUID: 28f68b4d087241c5b91fe67f0dd234f9 - Path: Packages/com.unity.visualscripting/Runtime/VisualScripting.Core/Serialization/SerializableType.cs - Importer: ScriptedImporter/UnityEditor.QuickSearchModule:UnityEditor.Search:ASIAI0B' with importer (ScriptedImporter : UnityEditor.QuickSearchModule:UnityEditor.Search:ASIAI0B)
Imported 'GUID: 28f68b4d087241c5b91fe67f0dd234f9' -> (Import Result ID: '642509b2a4210254048dbccbd106be64') in 0.003 seconds [static and dynamic dependencies]. Details - ImportResultOutputID=77c1d771d94ac27a1571a8164e1cad81 DependenciesID=cffeba1cbea9d301653e0cd1913e24f0 StaticDependenciesID=d467af041a367105631d4090698ebe45 
Number of updated asset objects reloaded before import = 0
Number of asset objects unloaded after import = 0
========================================================================
Received Import Request.
  Time of request: 2026-08-11T15:50:20.3439049Z
  Time since last request: 0.000434 seconds.
  importAddress: GUID: 628d9148413e5487f8a67004133213e4 - Path: Packages/com.unity.visualscripting/Runtime/VisualScripting.Core/Reflection/Member.cs - Importer: ScriptedImporter/UnityEditor.QuickSearchModule:UnityEditor.Search:ASIAI0B
Importing 'GUID: 628d9148413e5487f8a67004133213e4 - Path: Packages/com.unity.visualscripting/Runtime/VisualScripting.Core/Reflection/Member.cs - Importer: ScriptedImporter/UnityEditor.QuickSearchModule:UnityEditor.Search:ASIAI0B' with importer (ScriptedImporter : UnityEditor.QuickSearchModule:UnityEditor.Search:ASIAI0B)
Imported 'GUID: 628d9148413e5487f8a67004133213e4' -> (Import Result ID: '825402ee08b2468af80811d234d8cd81') in 0.003 seconds [static and dynamic dependencies]. Details - ImportResultOutputID=cf3770880d84cefe8005d5c2cb00eae2 DependenciesID=2b3fd2db55e6c3c7b90fa2064b52a449 StaticDependenciesID=fb20ac63dca4ecf28a7454dcaa8ddbfc 
Number of updated asset objects reloaded before import = 0
Number of asset objects unloaded after import = 0
========================================================================
Received Import Request.
  Time of request: 2026-08-11T15:50:20.3561913Z
  Time since last request: 0.0005599 seconds.
  importAddress: GUID: c3ff50e5514fb40fa967a7e53e3ca8ab - Path: Packages/com.unity.visualscripting/Runtime/VisualScripting.Core/Serialization/SerializationOperation.cs - Importer: ScriptedImporter/UnityEditor.QuickSearchModule:UnityEditor.Search:ASIAI0B
Importing 'GUID: c3ff50e5514fb40fa967a7e53e3ca8ab - Path: Packages/com.unity.visualscripting/Runtime/VisualScripting.Core/Serialization/SerializationOperation.cs - Importer: ScriptedImporter/UnityEditor.QuickSearchModule:UnityEditor.Search:ASIAI0B' with importer (ScriptedImporter : UnityEditor.QuickSearchModule:UnityEditor.Search:ASIAI0B)
Imported 'GUID: c3ff50e5514fb40fa967a7e53e3ca8ab' -> (Import Result ID: '3e60a6003efa776b32621aa3002b0aa0') in 0.003 seconds [static and dynamic dependencies]. Details - ImportResultOutputID=560bceb17f6f6e40df1352b69b600914 DependenciesID=b94fa6b084ec8611a4022f3c8adac55c StaticDependenciesID=6cd7b0a3362559370e357c55062dcdf0 
Number of updated asset objects reloaded before import = 0
Number of asset objects unloaded after import = 0
========================================================================
Received Import Request.
  Time of request: 2026-08-11T15:50:20.3676979Z
  Time since last request: 0.0003233 seconds.
  importAddress: GUID: 1ab7f5ef907064fa1b582dcf410c5dc3 - Path: Packages/com.unity.visualscripting/Runtime/VisualScripting.Core/Macros/Macro.cs - Importer: ScriptedImporter/UnityEditor.QuickSearchModule:UnityEditor.Search:ASIAI0B
Importing 'GUID: 1ab7f5ef907064fa1b582dcf410c5dc3 - Path: Packages/com.unity.visualscripting/Runtime/VisualScripting.Core/Macros/Macro.cs - Importer: ScriptedImporter/UnityEditor.QuickSearchModule:UnityEditor.Search:ASIAI0B' with importer (ScriptedImporter : UnityEditor.QuickSearchModule:UnityEditor.Search:ASIAI0B)
Imported 'GUID: 1ab7f5ef907064fa1b582dcf410c5dc3' -> (Import Result ID: '0197b1336889e9ee2d4b94f4cad17372') in 0.003 seconds [static and dynamic dependencies]. Details - ImportResultOutputID=63aadb3e5daeefc9c4457bc53775dfaa DependenciesID=087c43c28595d37cdc01e596f6a97829 StaticDependenciesID=fe4280aed2f38504a12339f1316b4b79 
Number of updated asset objects reloaded before import = 0
Number of asset objects unloaded after import = 0
========================================================================
Received Import Request.
  Time of request: 2026-08-11T15:50:20.3805296Z
  Time since last request: 0.000379 seconds.
  importAddress: GUID: 4775483b5fa10443292f1bd03d6cdf3d - Path: Packages/com.unity.visualscripting/Runtime/VisualScripting.Core/Pooling/HashSetPool.cs - Importer: ScriptedImporter/UnityEditor.QuickSearchModule:UnityEditor.Search:ASIAI0B
Importing 'GUID: 4775483b5fa10443292f1bd03d6cdf3d - Path: Packages/com.unity.visualscripting/Runtime/VisualScripting.Core/Pooling/HashSetPool.cs - Importer: ScriptedImporter/UnityEditor.QuickSearchModule:UnityEditor.Search:ASIAI0B' with importer (ScriptedImporter : UnityEditor.QuickSearchModule:UnityEditor.Search:ASIAI0B)
Imported 'GUID: 4775483b5fa10443292f1bd03d6cdf3d' -> (Import Result ID: '967d9a61431c05ba2666b2b9c487b978') in 0.003 seconds [static and dynamic dependencies]. Details - ImportResultOutputID=8e57a7966c820cf95d098eed3aa9eab0 DependenciesID=4a56d225d228967e10317726db5e84a7 StaticDependenciesID=51fa304f5d10c7abe8c9cde4a9a3b3af 
Number of updated asset objects reloaded before import = 0
Number of asset objects unloaded after import = 0
========================================================================
Received Import Request.
  Time of request: 2026-08-11T15:50:20.3922511Z
  Time since last request: 0.0004166 seconds.
  importAddress: GUID: 35e9f44c540fa4c21ae094155fec787e - Path: Packages/com.unity.visualscripting/Runtime/VisualScripting.Core/Listeners/IGraphEventListenerData.cs - Importer: ScriptedImporter/UnityEditor.QuickSearchModule:UnityEditor.Search:ASIAI0B
Importing 'GUID: 35e9f44c540fa4c21ae094155fec787e - Path: Packages/com.unity.visualscripting/Runtime/VisualScripting.Core/Listeners/IGraphEventListenerData.cs - Importer: ScriptedImporter/UnityEditor.QuickSearchModule:UnityEditor.Search:ASIAI0B' with importer (ScriptedImporter : UnityEditor.QuickSearchModule:UnityEditor.Search:ASIAI0B)
Imported 'GUID: 35e9f44c540fa4c21ae094155fec787e' -> (Import Result ID: '417b189055b4e8a55fc7d8e38e9a2aff') in 0.003 seconds [static and dynamic dependencies]. Details - ImportResultOutputID=f0cbe8178f7ce93b14c2f81e8cd54068 DependenciesID=2301a40b31818803d389621da2eea429 StaticDependenciesID=ac43232b005876b1d39f094ead9ef957 
Number of updated asset objects reloaded before import = 0
Number of asset objects unloaded after import = 0
========================================================================
Received Import Request.
  Time of request: 2026-08-11T15:50:20.4048151Z
  Time since last request: 0.0008084 seconds.
  importAddress: GUID: df194c6a0ebd14f2b9e5debcd26784ee - Path: Packages/com.unity.visualscripting/Runtime/VisualScripting.Core/Machines/IMachine.cs - Importer: ScriptedImporter/UnityEditor.QuickSearchModule:UnityEditor.Search:ASIAI0B
Importing 'GUID: df194c6a0ebd14f2b9e5debcd26784ee - Path: Packages/com.unity.visualscripting/Runtime/VisualScripting.Core/Machines/IMachine.cs - Importer: ScriptedImporter/UnityEditor.QuickSearchModule:UnityEditor.Search:ASIAI0B' with importer (ScriptedImporter : UnityEditor.QuickSearchModule:UnityEditor.Search:ASIAI0B)
Imported 'GUID: df194c6a0ebd14f2b9e5debcd26784ee' -> (Import Result ID: 'cfbb6ff6974aa1a8a0c9c544ac41a8f7') in 0.003 seconds [static and dynamic dependencies]. Details - ImportResultOutputID=695c895858a6b46d77ee6cab5aad2e40 DependenciesID=d5c0609260331920aa0ca6a377bca7e5 StaticDependenciesID=84fe7ab1337d1e7dd1bdb1246fd789df 
Number of updated asset objects reloaded before import = 0
Number of asset objects unloaded after import = 0
========================================================================
Received Import Request.
  Time of request: 2026-08-11T15:50:20.4374838Z
  Time since last request: 0.0192409 seconds.
  importAddress: GUID: 765181c9ef4b24d32a4f7cbd2ef370dc - Path: Packages/com.unity.visualscripting/Runtime/VisualScripting.Core/Variables/SceneVariables.cs - Importer: ScriptedImporter/UnityEditor.QuickSearchModule:UnityEditor.Search:ASIAI0B
Importing 'GUID: 765181c9ef4b24d32a4f7cbd2ef370dc - Path: Packages/com.unity.visualscripting/Runtime/VisualScripting.Core/Variables/SceneVariables.cs - Importer: ScriptedImporter/UnityEditor.QuickSearchModule:UnityEditor.Search:ASIAI0B' with importer (ScriptedImporter : UnityEditor.QuickSearchModule:UnityEditor.Search:ASIAI0B)
Imported 'GUID: 765181c9ef4b24d32a4f7cbd2ef370dc' -> (Import Result ID: 'fcd838a6f094c8ca9297231145ceabdc') in 0.004 seconds [static and dynamic dependencies]. Details - ImportResultOutputID=1cea99ede218d5f9b4bb0453ace0a870 DependenciesID=d2a0496f82b123455c914a443320f551 StaticDependenciesID=77632b164a988ea17fa6fb6d4e54e467 
Number of updated asset objects reloaded before import = 0
Number of asset objects unloaded after import = 1
========================================================================
Received Import Request.
  Time of request: 2026-08-11T15:50:20.4498986Z
  Time since last request: 0.0010682 seconds.
  importAddress: GUID: 3314c51d5eca847faa3dca214bbb52cf - Path: Packages/com.unity.visualscripting/Runtime/VisualScripting.Core/Utilities/EnumUtility.cs - Importer: ScriptedImporter/UnityEditor.QuickSearchModule:UnityEditor.Search:ASIAI0B
Importing 'GUID: 3314c51d5eca847faa3dca214bbb52cf - Path: Packages/com.unity.visualscripting/Runtime/VisualScripting.Core/Utilities/EnumUtility.cs - Importer: ScriptedImporter/UnityEditor.QuickSearchModule:UnityEditor.Search:ASIAI0B' with importer (ScriptedImporter : UnityEditor.QuickSearchModule:UnityEditor.Search:ASIAI0B)
Imported 'GUID: 3314c51d5eca847faa3dca214bbb52cf' -> (Import Result ID: 'f447cf4661b68867287fb67926754763') in 0.003 seconds [static and dynamic dependencies]. Details - ImportResultOutputID=3319795d173dbe3177deaa44a9edb5bb DependenciesID=138995fc7239736dd2219a9bacab4fae StaticDependenciesID=019454601e1f98c4e767c99b2c8370d2 
Number of updated asset objects reloaded before import = 0
Number of asset objects unloaded after import = 0
========================================================================
Received Import Request.
  Time of request: 2026-08-11T15:50:20.4619323Z
  Time since last request: 0.0003011 seconds.
  importAddress: GUID: 09c9e2e5152e0495f86ddb8484d7e1bc - Path: Packages/com.unity.visualscripting/Runtime/VisualScripting.Core/Utilities/CSharpNameUtility.cs - Importer: ScriptedImporter/UnityEditor.QuickSearchModule:UnityEditor.Search:ASIAI0B
Importing 'GUID: 09c9e2e5152e0495f86ddb8484d7e1bc - Path: Packages/com.unity.visualscripting/Runtime/VisualScripting.Core/Utilities/CSharpNameUtility.cs - Importer: ScriptedImporter/UnityEditor.QuickSearchModule:UnityEditor.Search:ASIAI0B' with importer (ScriptedImporter : UnityEditor.QuickSearchModule:UnityEditor.Search:ASIAI0B)
Imported 'GUID: 09c9e2e5152e0495f86ddb8484d7e1bc' -> (Import Result ID: '12a5493bfcb3d94ad69e7535ad7f7141') in 0.003 seconds [static and dynamic dependencies]. Details - ImportResultOutputID=ed398a42a68d1cf390f6b1927fb4d734 DependenciesID=881442e82256adf0c78e8523b4a05702 StaticDependenciesID=0c62b92f7aa0e7d37cdc291ce29dc264 
Number of updated asset objects reloaded before import = 0
Number of asset objects unloaded after import = 0
========================================================================
Received Import Request.
  Time of request: 2026-08-11T15:50:20.4744654Z
  Time since last request: 0.0003202 seconds.
  importAddress: GUID: b257eddef63bb4088bc8cb60712c1801 - Path: Packages/com.unity.visualscripting/Runtime/VisualScripting.Core/Unity/LudiqScriptableObject.cs - Importer: ScriptedImporter/UnityEditor.QuickSearchModule:UnityEditor.Search:ASIAI0B
Importing 'GUID: b257eddef63bb4088bc8cb60712c1801 - Path: Packages/com.unity.visualscripting/Runtime/VisualScripting.Core/Unity/LudiqScriptableObject.cs - Importer: ScriptedImporter/UnityEditor.QuickSearchModule:UnityEditor.Search:ASIAI0B' with importer (ScriptedImporter : UnityEditor.QuickSearchModule:UnityEditor.Search:ASIAI0B)
Imported 'GUID: b257eddef63bb4088bc8cb60712c1801' -> (Import Result ID: 'c8b9360251fb869bb2045b29e68fc6ad') in 0.003 seconds [static and dynamic dependencies]. Details - ImportResultOutputID=56c6a70ecf9099985412795f96029c60 DependenciesID=2735b9f2a3e6cd7c0f9a0564627459ce StaticDependenciesID=26c47c68dd8a7160ff1ba62e804cee76 
Number of updated asset objects reloaded before import = 0
Number of asset objects unloaded after import = 0
========================================================================
Received Import Request.
  Time of request: 2026-08-11T15:50:20.4856669Z
  Time since last request: 0.0006778 seconds.
  importAddress: GUID: b0efdfbd6ee674288a50819c81f48320 - Path: Packages/com.unity.visualscripting/Runtime/VisualScripting.Core/Utilities/IIdentifiable.cs - Importer: ScriptedImporter/UnityEditor.QuickSearchModule:UnityEditor.Search:ASIAI0B
Importing 'GUID: b0efdfbd6ee674288a50819c81f48320 - Path: Packages/com.unity.visualscripting/Runtime/VisualScripting.Core/Utilities/IIdentifiable.cs - Importer: ScriptedImporter/UnityEditor.QuickSearchModule:UnityEditor.Search:ASIAI0B' with importer (ScriptedImporter : UnityEditor.QuickSearchModule:UnityEditor.Search:ASIAI0B)
Imported 'GUID: b0efdfbd6ee674288a50819c81f48320' -> (Import Result ID: '3b697f9a5978d856e2e2339d2986bef4') in 0.003 seconds [static and dynamic dependencies]. Details - ImportResultOutputID=4b30b2d6c81ecc00bce3e14ca7239182 DependenciesID=810a7a3b8f06db6dca39dc9bff697557 StaticDependenciesID=9b4b556053557df10273dbae9180aad5 
Number of updated asset objects reloaded before import = 0
Number of asset objects unloaded after import = 0
========================================================================
Received Import Request.
  Time of request: 2026-08-11T15:50:20.4961016Z
  Time since last request: 0.0003802 seconds.
  importAddress: GUID: 8b277cd84c6a344269542f249c6feafc - Path: Packages/com.unity.visualscripting/Runtime/VisualScripting.Flow/EditorBinding/PortLabelAttribute.cs - Importer: ScriptedImporter/UnityEditor.QuickSearchModule:UnityEditor.Search:ASIAI0B
Importing 'GUID: 8b277cd84c6a344269542f249c6feafc - Path: Packages/com.unity.visualscripting/Runtime/VisualScripting.Flow/EditorBinding/PortLabelAttribute.cs - Importer: ScriptedImporter/UnityEditor.QuickSearchModule:UnityEditor.Search:ASIAI0B' with importer (ScriptedImporter : UnityEditor.QuickSearchModule:UnityEditor.Search:ASIAI0B)
Imported 'GUID: 8b277cd84c6a344269542f249c6feafc' -> (Import Result ID: 'f342754aa5f6ee028b7ee20563885ca4') in 0.003 seconds [static and dynamic dependencies]. Details - ImportResultOutputID=1af0c66c504d7e539c33406dfb0d2a9f DependenciesID=30df54e981dc0bcaefc5aa263df649be StaticDependenciesID=3de2dee29dc79d71c6ac99526d39ec34 
Number of updated asset objects reloaded before import = 0
Number of asset objects unloaded after import = 0
========================================================================
Received Import Request.
  Time of request: 2026-08-11T15:50:20.5082741Z
  Time since last request: 0.0004057 seconds.
  importAddress: GUID: f45eb13c750f34cc497852f2312d5937 - Path: Packages/com.unity.visualscripting/Runtime/VisualScripting.Core/Unity/Singleton.cs - Importer: ScriptedImporter/UnityEditor.QuickSearchModule:UnityEditor.Search:ASIAI0B
Importing 'GUID: f45eb13c750f34cc497852f2312d5937 - Path: Packages/com.unity.visualscripting/Runtime/VisualScripting.Core/Unity/Singleton.cs - Importer: ScriptedImporter/UnityEditor.QuickSearchModule:UnityEditor.Search:ASIAI0B' with importer (ScriptedImporter : UnityEditor.QuickSearchModule:UnityEditor.Search:ASIAI0B)
Imported 'GUID: f45eb13c750f34cc497852f2312d5937' -> (Import Result ID: '1c3633798bb0ef2c490b9b352dcf0921') in 0.003 seconds [static and dynamic dependencies]. Details - ImportResultOutputID=130d212ba4198b09837b86644a484652 DependenciesID=49936b30fcf9d007d229d63661ff097c StaticDependenciesID=d6b67dcf87fd260b306067d7f620d3d0 
Number of updated asset objects reloaded before import = 0
Number of asset objects unloaded after import = 0
========================================================================
Received Import Request.
  Time of request: 2026-08-11T15:50:20.5225803Z
  Time since last request: 0.0002956 seconds.
  importAddress: GUID: 559342c7f4b384dca87c44931ae7a8d4 - Path: Packages/com.unity.visualscripting/Runtime/VisualScripting.Core/Variables/VariablesSaver.cs - Importer: ScriptedImporter/UnityEditor.QuickSearchModule:UnityEditor.Search:ASIAI0B
Importing 'GUID: 559342c7f4b384dca87c44931ae7a8d4 - Path: Packages/com.unity.visualscripting/Runtime/VisualScripting.Core/Variables/VariablesSaver.cs - Importer: ScriptedImporter/UnityEditor.QuickSearchModule:UnityEditor.Search:ASIAI0B' with importer (ScriptedImporter : UnityEditor.QuickSearchModule:UnityEditor.Search:ASIAI0B)
Imported 'GUID: 559342c7f4b384dca87c44931ae7a8d4' -> (Import Result ID: '7d7054cdb1030f9372ed9a89aeac9dd5') in 0.005 seconds [static and dynamic dependencies]. Details - ImportResultOutputID=24fcc0e668cbd7f89a170a8a6ecb2725 DependenciesID=ad457e0c72e26497696df5eb4ad31576 StaticDependenciesID=72ee7213b269f9fb8e459d876381a63c 
Number of updated asset objects reloaded before import = 0
Number of asset objects unloaded after import = 1
========================================================================
Received Import Request.
  Time of request: 2026-08-11T15:50:20.5683636Z
  Time since last request: 0.0333165 seconds.
  importAddress: GUID: bd46e493293084cb4ad0597463418259 - Path: Packages/com.unity.visualscripting/Runtime/VisualScripting.Flow/Ports/ValueOutput.cs - Importer: ScriptedImporter/UnityEditor.QuickSearchModule:UnityEditor.Search:ASIAI0B
Importing 'GUID: bd46e493293084cb4ad0597463418259 - Path: Packages/com.unity.visualscripting/Runtime/VisualScripting.Flow/Ports/ValueOutput.cs - Importer: ScriptedImporter/UnityEditor.QuickSearchModule:UnityEditor.Search:ASIAI0B' with importer (ScriptedImporter : UnityEditor.QuickSearchModule:UnityEditor.Search:ASIAI0B)
Imported 'GUID: bd46e493293084cb4ad0597463418259' -> (Import Result ID: 'a64cf8c0d2a44dcb2352f4836157dd9a') in 0.003 seconds [static and dynamic dependencies]. Details - ImportResultOutputID=25ce5af9bbeb4a3553b9cccfe53f6ac8 DependenciesID=7f873a5e38fe7842dfefc6c2e1b0a40b StaticDependenciesID=ef3ddeb4d859ab2fe76cfe59c36513ca 
Number of updated asset objects reloaded before import = 0
Number of asset objects unloaded after import = 0
========================================================================
Received Import Request.
  Time of request: 2026-08-11T15:50:20.5800838Z
  Time since last request: 0.0008495 seconds.
  importAddress: GUID: 76201b6f75e08429fa02a733b40d0594 - Path: Packages/com.unity.visualscripting/Runtime/VisualScripting.Flow/Ports/ControlPortDefinition.cs - Importer: ScriptedImporter/UnityEditor.QuickSearchModule:UnityEditor.Search:ASIAI0B
Importing 'GUID: 76201b6f75e08429fa02a733b40d0594 - Path: Packages/com.unity.visualscripting/Runtime/VisualScripting.Flow/Ports/ControlPortDefinition.cs - Importer: ScriptedImporter/UnityEditor.QuickSearchModule:UnityEditor.Search:ASIAI0B' with importer (ScriptedImporter : UnityEditor.QuickSearchModule:UnityEditor.Search:ASIAI0B)
Imported 'GUID: 76201b6f75e08429fa02a733b40d0594' -> (Import Result ID: '84bf624d08751e627f5d4ca56874a963') in 0.003 seconds [static and dynamic dependencies]. Details - ImportResultOutputID=b083a20fc8556e8a568e5636671c3a5c DependenciesID=5828ac0f7a4c07afa52cec740ce131ac StaticDependenciesID=de1b5fd7ebd958f89f8ecff1da253fdd 
Number of updated asset objects reloaded before import = 0
Number of asset objects unloaded after import = 0
========================================================================
Received Import Request.
  Time of request: 2026-08-11T15:50:20.5927355Z
  Time since last request: 0.0002834 seconds.
  importAddress: GUID: 80f1beca4f65e4c2f8ca6030e735149a - Path: Packages/com.unity.visualscripting/Runtime/VisualScripting.Flow/Ports/IUnitControlPortDefinition.cs - Importer: ScriptedImporter/UnityEditor.QuickSearchModule:UnityEditor.Search:ASIAI0B
Importing 'GUID: 80f1beca4f65e4c2f8ca6030e735149a - Path: Packages/com.unity.visualscripting/Runtime/VisualScripting.Flow/Ports/IUnitControlPortDefinition.cs - Importer: ScriptedImporter/UnityEditor.QuickSearchModule:UnityEditor.Search:ASIAI0B' with importer (ScriptedImporter : UnityEditor.QuickSearchModule:UnityEditor.Search:ASIAI0B)
Imported 'GUID: 80f1beca4f65e4c2f8ca6030e735149a' -> (Import Result ID: '10e97d8d875f481e4c1ca89deeab724c') in 0.003 seconds [static and dynamic dependencies]. Details - ImportResultOutputID=65c4706fb2e04738dad0d6b70fdb10b9 DependenciesID=b06f567beb3e2408c78fddc6fdedf2ad StaticDependenciesID=1a54316490a8026f7e180e1a747e2256 
Number of updated asset objects reloaded before import = 0
Number of asset objects unloaded after import = 0
========================================================================
Received Import Request.
  Time of request: 2026-08-11T15:50:20.6054824Z
  Time since last request: 0.0003751 seconds.
  importAddress: GUID: a718e6fb4b5d14b5d9a65a854759bb7b - Path: Packages/com.unity.visualscripting/Runtime/VisualScripting.Flow/Ports/ControlInput.cs - Importer: ScriptedImporter/UnityEditor.QuickSearchModule:UnityEditor.Search:ASIAI0B
Importing 'GUID: a718e6fb4b5d14b5d9a65a854759bb7b - Path: Packages/com.unity.visualscripting/Runtime/VisualScripting.Flow/Ports/ControlInput.cs - Importer: ScriptedImporter/UnityEditor.QuickSearchModule:UnityEditor.Search:ASIAI0B' with importer (ScriptedImporter : UnityEditor.QuickSearchModule:UnityEditor.Search:ASIAI0B)
Imported 'GUID: a718e6fb4b5d14b5d9a65a854759bb7b' -> (Import Result ID: '5149a2b9ee42c2a52e3ab5c150ce491d') in 0.003 seconds [static and dynamic dependencies]. Details - ImportResultOutputID=f682eea139dfbb21500a1273f519f55f DependenciesID=c6766cf664f4ce010238a90b7b5c7cde StaticDependenciesID=9384451a906badac34a0c0e734314be6 
Number of updated asset objects reloaded before import = 0
Number of asset objects unloaded after import = 0
========================================================================
Received Import Request.
  Time of request: 2026-08-11T15:50:20.6182038Z
  Time since last request: 0.0003745 seconds.
  importAddress: GUID: 23da87a1c9c7548268d5277908e99367 - Path: Packages/com.unity.visualscripting/Editor/VisualScripting.Core/Dependencies/ReorderableList/IReorderableListDropTarget.cs - Importer: ScriptedImporter/UnityEditor.QuickSearchModule:UnityEditor.Search:ASIAI0B
Importing 'GUID: 23da87a1c9c7548268d5277908e99367 - Path: Packages/com.unity.visualscripting/Editor/VisualScripting.Core/Dependencies/ReorderableList/IReorderableListDropTarget.cs - Importer: ScriptedImporter/UnityEditor.QuickSearchModule:UnityEditor.Search:ASIAI0B' with importer (ScriptedImporter : UnityEditor.QuickSearchModule:UnityEditor.Search:ASIAI0B)
Imported 'GUID: 23da87a1c9c7548268d5277908e99367' -> (Import Result ID: '5e3115aeda567cdd829a72987bfe4df7') in 0.003 seconds [static and dynamic dependencies]. Details - ImportResultOutputID=3d2a84bb0bb7823ff3a03ed6d8db65ca DependenciesID=b410e58a0fe714ed21c974dabac1dd83 StaticDependenciesID=e4948e4d417a7f4cf67cb5b3a824e552 
Number of updated asset objects reloaded before import = 0
Number of asset objects unloaded after import = 0
========================================================================
Received Import Request.
  Time of request: 2026-08-11T15:50:20.6313809Z
  Time since last request: 0.0003453 seconds.
  importAddress: GUID: 6ef3738cc5ade4aa7916b4c10da33abf - Path: Packages/com.unity.visualscripting/Editor/VisualScripting.Core/Dependencies/SQLite/SQLite.cs - Importer: ScriptedImporter/UnityEditor.QuickSearchModule:UnityEditor.Search:ASIAI0B
Importing 'GUID: 6ef3738cc5ade4aa7916b4c10da33abf - Path: Packages/com.unity.visualscripting/Editor/VisualScripting.Core/Dependencies/SQLite/SQLite.cs - Importer: ScriptedImporter/UnityEditor.QuickSearchModule:UnityEditor.Search:ASIAI0B' with importer (ScriptedImporter : UnityEditor.QuickSearchModule:UnityEditor.Search:ASIAI0B)
Imported 'GUID: 6ef3738cc5ade4aa7916b4c10da33abf' -> (Import Result ID: '9737a892e13be748b105c7aca8b9f605') in 0.003 seconds [static and dynamic dependencies]. Details - ImportResultOutputID=e66baad227490b31e8808c48005b2344 DependenciesID=7a8822fc5543b6b02ed108e5a97686e6 StaticDependenciesID=2c582488409cd7632cf6f1c138e2f4b1 
Number of updated asset objects reloaded before import = 0
Number of asset objects unloaded after import = 0
========================================================================
Received Import Request.
  Time of request: 2026-08-11T15:50:20.6436148Z
  Time since last request: 0.0003269 seconds.
  importAddress: GUID: 37d3ce74ab2f0451db3e7823e0305c2a - Path: Packages/com.unity.visualscripting/Runtime/VisualScripting.Flow/EditorBinding/UnitTitleAttribute.cs - Importer: ScriptedImporter/UnityEditor.QuickSearchModule:UnityEditor.Search:ASIAI0B
Importing 'GUID: 37d3ce74ab2f0451db3e7823e0305c2a - Path: Packages/com.unity.visualscripting/Runtime/VisualScripting.Flow/EditorBinding/UnitTitleAttribute.cs - Importer: ScriptedImporter/UnityEditor.QuickSearchModule:UnityEditor.Search:ASIAI0B' with importer (ScriptedImporter : UnityEditor.QuickSearchModule:UnityEditor.Search:ASIAI0B)
Imported 'GUID: 37d3ce74ab2f0451db3e7823e0305c2a' -> (Import Result ID: '2523fe869eeb0f18684f36a13769ccb1') in 0.003 seconds [static and dynamic dependencies]. Details - ImportResultOutputID=640c4bb2c80697ba8dd77d8329a72a63 DependenciesID=c6a677557ef3c8b99ca08e537bd852cf StaticDependenciesID=d60576a6778bd68677884c207ba6bf10 
Number of updated asset objects reloaded before import = 0
Number of asset objects unloaded after import = 0
========================================================================
Received Import Request.
  Time of request: 2026-08-11T15:50:20.6565866Z
  Time since last request: 0.0003437 seconds.
  importAddress: GUID: 313a2421408e049a5a52a0335ba082ea - Path: Packages/com.unity.visualscripting/Runtime/VisualScripting.Flow/Ports/ValueInputDefinition.cs - Importer: ScriptedImporter/UnityEditor.QuickSearchModule:UnityEditor.Search:ASIAI0B
Importing 'GUID: 313a2421408e049a5a52a0335ba082ea - Path: Packages/com.unity.visualscripting/Runtime/VisualScripting.Flow/Ports/ValueInputDefinition.cs - Importer: ScriptedImporter/UnityEditor.QuickSearchModule:UnityEditor.Search:ASIAI0B' with importer (ScriptedImporter : UnityEditor.QuickSearchModule:UnityEditor.Search:ASIAI0B)
Imported 'GUID: 313a2421408e049a5a52a0335ba082ea' -> (Import Result ID: '392042f2e4928ebb1c892f86018785d8') in 0.003 seconds [static and dynamic dependencies]. Details - ImportResultOutputID=40bc6ea80b6718d8615fe97f6b78526c DependenciesID=ea6717261425fe838d3dd4a71d1078f9 StaticDependenciesID=42532da0521f78f0d0a15c360ce25236 
Number of updated asset objects reloaded before import = 0
Number of asset objects unloaded after import = 0
========================================================================
Received Import Request.
  Time of request: 2026-08-11T15:50:20.6838809Z
  Time since last request: 0.0149558 seconds.
  importAddress: GUID: b77530c9d13544093b1a023a6f00ac4b - Path: Packages/com.unity.visualscripting/Editor/VisualScripting.Core/Inspection/Unity/Vector3Inspector.cs - Importer: ScriptedImporter/UnityEditor.QuickSearchModule:UnityEditor.Search:ASIAI0B
Importing 'GUID: b77530c9d13544093b1a023a6f00ac4b - Path: Packages/com.unity.visualscripting/Editor/VisualScripting.Core/Inspection/Unity/Vector3Inspector.cs - Importer: ScriptedImporter/UnityEditor.QuickSearchModule:UnityEditor.Search:ASIAI0B' with importer (ScriptedImporter : UnityEditor.QuickSearchModule:UnityEditor.Search:ASIAI0B)
Imported 'GUID: b77530c9d13544093b1a023a6f00ac4b' -> (Import Result ID: '3d74dc5fae86ca52bf598767c3fd39b5') in 0.003 seconds [static and dynamic dependencies]. Details - ImportResultOutputID=095853e14b5cdc8cf1f4787678c20d7d DependenciesID=649cc0e11bf88e3e315f4f6be0ba633b StaticDependenciesID=785b8699f0b133d503de761000716f93 
Number of updated asset objects reloaded before import = 0
Number of asset objects unloaded after import = 0
========================================================================
Received Import Request.
  Time of request: 2026-08-11T15:50:20.6945451Z
  Time since last request: 0.0005922 seconds.
  importAddress: GUID: c45290b12ef2e4d268159fe2820d1c43 - Path: Packages/com.unity.visualscripting/Editor/VisualScripting.Core/Inspection/Primitives/UintInspector.cs - Importer: ScriptedImporter/UnityEditor.QuickSearchModule:UnityEditor.Search:ASIAI0B
Importing 'GUID: c45290b12ef2e4d268159fe2820d1c43 - Path: Packages/com.unity.visualscripting/Editor/VisualScripting.Core/Inspection/Primitives/UintInspector.cs - Importer: ScriptedImporter/UnityEditor.QuickSearchModule:UnityEditor.Search:ASIAI0B' with importer (ScriptedImporter : UnityEditor.QuickSearchModule:UnityEditor.Search:ASIAI0B)
Imported 'GUID: c45290b12ef2e4d268159fe2820d1c43' -> (Import Result ID: 'bfaf20816fa3f0156d48b9c8b7525f94') in 0.003 seconds [static and dynamic dependencies]. Details - ImportResultOutputID=b275d7b085f5723b891c5c45ebfc7784 DependenciesID=2fa2ca82a1e8f8586fe73a3885b9ce77 StaticDependenciesID=28c706b03a3126001423aa292c1f97de 
Number of updated asset objects reloaded before import = 0
Number of asset objects unloaded after import = 0
========================================================================
Received Import Request.
  Time of request: 2026-08-11T15:50:20.7074062Z
  Time since last request: 0.0002506 seconds.
  importAddress: GUID: 74f59e13dc547459883874f9cc5e5953 - Path: Packages/com.unity.visualscripting/Editor/VisualScripting.Core/Inspection/Unity/AnimationCurveInspector.cs - Importer: ScriptedImporter/UnityEditor.QuickSearchModule:UnityEditor.Search:ASIAI0B
Importing 'GUID: 74f59e13dc547459883874f9cc5e5953 - Path: Packages/com.unity.visualscripting/Editor/VisualScripting.Core/Inspection/Unity/AnimationCurveInspector.cs - Importer: ScriptedImporter/UnityEditor.QuickSearchModule:UnityEditor.Search:ASIAI0B' with importer (ScriptedImporter : UnityEditor.QuickSearchModule:UnityEditor.Search:ASIAI0B)
Imported 'GUID: 74f59e13dc547459883874f9cc5e5953' -> (Import Result ID: '01f69773b52b521825a40a3c778e4e3d') in 0.003 seconds [static and dynamic dependencies]. Details - ImportResultOutputID=20a555dea65408c125c594dd5a7f4986 DependenciesID=7e99fac0f75c4186d4e4cc1ec103dd3c StaticDependenciesID=081bcd4ceba13f8439b1243278cdc020 
Number of updated asset objects reloaded before import = 0
Number of asset objects unloaded after import = 0
========================================================================
Received Import Request.
  Time of request: 2026-08-11T15:50:20.7190144Z
  Time since last request: 0.000268 seconds.
  importAddress: GUID: 1827561248e74afe92bbcc68ec2c5615 - Path: Packages/com.unity.visualscripting/Editor/VisualScripting.Core/Inspection/Special/TypeHandleInspector.cs - Importer: ScriptedImporter/UnityEditor.QuickSearchModule:UnityEditor.Search:ASIAI0B
Importing 'GUID: 1827561248e74afe92bbcc68ec2c5615 - Path: Packages/com.unity.visualscripting/Editor/VisualScripting.Core/Inspection/Special/TypeHandleInspector.cs - Importer: ScriptedImporter/UnityEditor.QuickSearchModule:UnityEditor.Search:ASIAI0B' with importer (ScriptedImporter : UnityEditor.QuickSearchModule:UnityEditor.Search:ASIAI0B)
Imported 'GUID: 1827561248e74afe92bbcc68ec2c5615' -> (Import Result ID: 'ef235e60851a57ea19036b0b5eb466ae') in 0.003 seconds [static and dynamic dependencies]. Details - ImportResultOutputID=4177da85b2ffb51596d37e7d1651e72f DependenciesID=cd7da30a138c912865fc34cd8f5f9df5 StaticDependenciesID=2244b5aaf21c65a0f6e0202b62e95315 
Number of updated asset objects reloaded before import = 0
Number of asset objects unloaded after import = 0
========================================================================
Received Import Request.
  Time of request: 2026-08-11T15:50:20.7310666Z
  Time since last request: 0.0001083 seconds.
  importAddress: GUID: bbad61f852b7a47bbb2954aca5422636 - Path: Packages/com.unity.visualscripting/Editor/VisualScripting.Core/Inspection/Special/NullableInspector.cs - Importer: ScriptedImporter/UnityEditor.QuickSearchModule:UnityEditor.Search:ASIAI0B
Importing 'GUID: bbad61f852b7a47bbb2954aca5422636 - Path: Packages/com.unity.visualscripting/Editor/VisualScripting.Core/Inspection/Special/NullableInspector.cs - Importer: ScriptedImporter/UnityEditor.QuickSearchModule:UnityEditor.Search:ASIAI0B' with importer (ScriptedImporter : UnityEditor.QuickSearchModule:UnityEditor.Search:ASIAI0B)
Imported 'GUID: bbad61f852b7a47bbb2954aca5422636' -> (Import Result ID: 'd79f52ad13058536ff68342d8496e91d') in 0.003 seconds [static and dynamic dependencies]. Details - ImportResultOutputID=208cb7ccd72e47377e89de0e47b9ebc1 DependenciesID=4b1ecea175d69be47d13dfe5564bc878 StaticDependenciesID=baf9804a0856958d9f53ff7878aae78b 
Number of updated asset objects reloaded before import = 0
Number of asset objects unloaded after import = 0
========================================================================
Received Import Request.
  Time of request: 2026-08-11T15:50:20.7429967Z
  Time since last request: 0.0003013 seconds.
  importAddress: GUID: 7143c53fbfd0141e4bbedd6bb2f325ae - Path: Packages/com.unity.visualscripting/Editor/VisualScripting.Core/Inspection/Special/AutomaticReflectedInspector.cs - Importer: ScriptedImporter/UnityEditor.QuickSearchModule:UnityEditor.Search:ASIAI0B
Importing 'GUID: 7143c53fbfd0141e4bbedd6bb2f325ae - Path: Packages/com.unity.visualscripting/Editor/VisualScripting.Core/Inspection/Special/AutomaticReflectedInspector.cs - Importer: ScriptedImporter/UnityEditor.QuickSearchModule:UnityEditor.Search:ASIAI0B' with importer (ScriptedImporter : UnityEditor.QuickSearchModule:UnityEditor.Search:ASIAI0B)
Imported 'GUID: 7143c53fbfd0141e4bbedd6bb2f325ae' -> (Import Result ID: 'a3f607d00b3ce04f9041267725b26c59') in 0.003 seconds [static and dynamic dependencies]. Details - ImportResultOutputID=7838e723e48eaae5f73219e0b3fe3a9c DependenciesID=a28290a914fe4070a47e20e9701ab71e StaticDependenciesID=39f18e29f0261375bda08f141b3b851c 
Number of updated asset objects reloaded before import = 0
Number of asset objects unloaded after import = 0
========================================================================
Received Import Request.
  Time of request: 2026-08-11T15:50:20.7570895Z
  Time since last request: 0.0003369 seconds.
  importAddress: GUID: 64d2974c17d834cb3a946fbddb61a200 - Path: Packages/com.unity.visualscripting/Editor/VisualScripting.Core/Interface/Fonts/FontWeight.cs - Importer: ScriptedImporter/UnityEditor.QuickSearchModule:UnityEditor.Search:ASIAI0B
Importing 'GUID: 64d2974c17d834cb3a946fbddb61a200 - Path: Packages/com.unity.visualscripting/Editor/VisualScripting.Core/Interface/Fonts/FontWeight.cs - Importer: ScriptedImporter/UnityEditor.QuickSearchModule:UnityEditor.Search:ASIAI0B' with importer (ScriptedImporter : UnityEditor.QuickSearchModule:UnityEditor.Search:ASIAI0B)
Imported 'GUID: 64d2974c17d834cb3a946fbddb61a200' -> (Import Result ID: '129a87fca1250db218ab862413940d44') in 0.003 seconds [static and dynamic dependencies]. Details - ImportResultOutputID=cc5148b04c7958660f5346b6d94300e8 DependenciesID=943017ff5752931907c0db5ff9d8b71f StaticDependenciesID=0c6f51c2a32c76123c729e5fb025ddfe 
Number of updated asset objects reloaded before import = 0
Number of asset objects unloaded after import = 0
========================================================================
Received Import Request.
  Time of request: 2026-08-11T15:50:20.7681587Z
  Time since last request: 0.0003902 seconds.
  importAddress: GUID: c071859f478fc4d82ae0e64adac9fc74 - Path: Packages/com.unity.visualscripting/Editor/VisualScripting.Core/Inspection/Unity/Vector4Inspector.cs - Importer: ScriptedImporter/UnityEditor.QuickSearchModule:UnityEditor.Search:ASIAI0B
Importing 'GUID: c071859f478fc4d82ae0e64adac9fc74 - Path: Packages/com.unity.visualscripting/Editor/VisualScripting.Core/Inspection/Unity/Vector4Inspector.cs - Importer: ScriptedImporter/UnityEditor.QuickSearchModule:UnityEditor.Search:ASIAI0B' with importer (ScriptedImporter : UnityEditor.QuickSearchModule:UnityEditor.Search:ASIAI0B)
Imported 'GUID: c071859f478fc4d82ae0e64adac9fc74' -> (Import Result ID: '7ce0eaea9f24393f7862bd107ca4d7e6') in 0.003 seconds [static and dynamic dependencies]. Details - ImportResultOutputID=825dba28002f337a46aa84c474865a8e DependenciesID=48b1db50ea33822dde49a261474cd9f0 StaticDependenciesID=09993c9e51a8c95647c822568b182874 
Number of updated asset objects reloaded before import = 0
Number of asset objects unloaded after import = 0
========================================================================
Received Import Request.
  Time of request: 2026-08-11T15:50:20.7867797Z
  Time since last request: 0.006168 seconds.
  importAddress: GUID: fb75f9128c3a4b74a80c5214f102ae4e - Path: Packages/com.unity.visualscripting/Editor/VisualScripting.Core/Plugin/Migrations/Migration_1_5_1_to_1_5_2.cs - Importer: ScriptedImporter/UnityEditor.QuickSearchModule:UnityEditor.Search:ASIAI0B
Importing 'GUID: fb75f9128c3a4b74a80c5214f102ae4e - Path: Packages/com.unity.visualscripting/Editor/VisualScripting.Core/Plugin/Migrations/Migration_1_5_1_to_1_5_2.cs - Importer: ScriptedImporter/UnityEditor.QuickSearchModule:UnityEditor.Search:ASIAI0B' with importer (ScriptedImporter : UnityEditor.QuickSearchModule:UnityEditor.Search:ASIAI0B)
Imported 'GUID: fb75f9128c3a4b74a80c5214f102ae4e' -> (Import Result ID: 'bee53b46232f7a6cc5b4f98ff95c2a4d') in 0.003 seconds [static and dynamic dependencies]. Details - ImportResultOutputID=39fe0ac44c814ed5db9c713efccf730a DependenciesID=3945768b8d33fe27b8f7b7ad5341d6af StaticDependenciesID=55386feab51857a91c472fab00608e22 
Number of updated asset objects reloaded before import = 0
Number of asset objects unloaded after import = 0
========================================================================
Received Import Request.
  Time of request: 2026-08-11T15:50:20.7988343Z
  Time since last request: 0.0014098 seconds.
  importAddress: GUID: cb68dc0d8187e4dac9ae1d3b600b8c4c - Path: Packages/com.unity.visualscripting/Editor/VisualScripting.Core/Plugin/Acknowledgements/Acknowledgement_DeepCopy.cs - Importer: ScriptedImporter/UnityEditor.QuickSearchModule:UnityEditor.Search:ASIAI0B
Importing 'GUID: cb68dc0d8187e4dac9ae1d3b600b8c4c - Path: Packages/com.unity.visualscripting/Editor/VisualScripting.Core/Plugin/Acknowledgements/Acknowledgement_DeepCopy.cs - Importer: ScriptedImporter/UnityEditor.QuickSearchModule:UnityEditor.Search:ASIAI0B' with importer (ScriptedImporter : UnityEditor.QuickSearchModule:UnityEditor.Search:ASIAI0B)
Imported 'GUID: cb68dc0d8187e4dac9ae1d3b600b8c4c' -> (Import Result ID: '590de535dc1a65b4da9222f792988c2a') in 0.003 seconds [static and dynamic dependencies]. Details - ImportResultOutputID=9712ec70ee912e573b2c2683c7c83613 DependenciesID=02f2c4d0761fb884fea1bfa54351a105 StaticDependenciesID=4e11fe58cdf79e76e9f6198ef051682c 
Number of updated asset objects reloaded before import = 0
Number of asset objects unloaded after import = 0
========================================================================
Received Import Request.
  Time of request: 2026-08-11T15:50:20.8113932Z
  Time since last request: 0.000501 seconds.
  importAddress: GUID: 9f79d342f010943d4ba954eba455a85d - Path: Packages/com.unity.visualscripting/Editor/VisualScripting.Core/Plugin/Acknowledgements/Acknowledgement_Iconmonstr.cs - Importer: ScriptedImporter/UnityEditor.QuickSearchModule:UnityEditor.Search:ASIAI0B
Importing 'GUID: 9f79d342f010943d4ba954eba455a85d - Path: Packages/com.unity.visualscripting/Editor/VisualScripting.Core/Plugin/Acknowledgements/Acknowledgement_Iconmonstr.cs - Importer: ScriptedImporter/UnityEditor.QuickSearchModule:UnityEditor.Search:ASIAI0B' with importer (ScriptedImporter : UnityEditor.QuickSearchModule:UnityEditor.Search:ASIAI0B)
Imported 'GUID: 9f79d342f010943d4ba954eba455a85d' -> (Import Result ID: '7b174c4727d000d52e2415a09de7868f') in 0.003 seconds [static and dynamic dependencies]. Details - ImportResultOutputID=67704a0b6e2576982e073a4fff829775 DependenciesID=55cb0cd8d79aa477af956a131706d581 StaticDependenciesID=6d748a7936e67f39c1a69112de8b8ac7 
Number of updated asset objects reloaded before import = 0
Number of asset objects unloaded after import = 0
========================================================================
Received Import Request.
  Time of request: 2026-08-11T15:50:20.8247869Z
  Time since last request: 0.0007648 seconds.
  importAddress: GUID: 6180f4f2f0336466999b9e6e9beea8ea - Path: Packages/com.unity.visualscripting/Editor/VisualScripting.Core/Windows/Sidebars/SidebarPanel.cs - Importer: ScriptedImporter/UnityEditor.QuickSearchModule:UnityEditor.Search:ASIAI0B
Importing 'GUID: 6180f4f2f0336466999b9e6e9beea8ea - Path: Packages/com.unity.visualscripting/Editor/VisualScripting.Core/Windows/Sidebars/SidebarPanel.cs - Importer: ScriptedImporter/UnityEditor.QuickSearchModule:UnityEditor.Search:ASIAI0B' with importer (ScriptedImporter : UnityEditor.QuickSearchModule:UnityEditor.Search:ASIAI0B)
Imported 'GUID: 6180f4f2f0336466999b9e6e9beea8ea' -> (Import Result ID: '3009fbf01c689091893de15d7515d02d') in 0.003 seconds [static and dynamic dependencies]. Details - ImportResultOutputID=bab3235612f71a4b9c8cb6cb6db024cf DependenciesID=3b723f8fcf770a2be9fcb0badf477d69 StaticDependenciesID=380bb82634413c9e4216bae5e84d0496 
Number of updated asset objects reloaded before import = 0
Number of asset objects unloaded after import = 0
========================================================================
Received Import Request.
  Time of request: 2026-08-11T15:50:20.8378947Z
  Time since last request: 0.0005192 seconds.
  importAddress: GUID: 75fe96b03c978494fb3783e00a031d95 - Path: Packages/com.unity.visualscripting/Editor/VisualScripting.Core/Plugin/Changelogs/Changelog_1_4_1.cs - Importer: ScriptedImporter/UnityEditor.QuickSearchModule:UnityEditor.Search:ASIAI0B
Importing 'GUID: 75fe96b03c978494fb3783e00a031d95 - Path: Packages/com.unity.visualscripting/Editor/VisualScripting.Core/Plugin/Changelogs/Changelog_1_4_1.cs - Importer: ScriptedImporter/UnityEditor.QuickSearchModule:UnityEditor.Search:ASIAI0B' with importer (ScriptedImporter : UnityEditor.QuickSearchModule:UnityEditor.Search:ASIAI0B)
Imported 'GUID: 75fe96b03c978494fb3783e00a031d95' -> (Import Result ID: 'e3f2b2ee9c7bd87815246f2e06c42c62') in 0.003 seconds [static and dynamic dependencies]. Details - ImportResultOutputID=6b4378bd739fc11772f58467fa199be9 DependenciesID=7df11dcda42811df637155047e198403 StaticDependenciesID=d4780d8e6bd26de799ee1712ab24d670 
Number of updated asset objects reloaded before import = 0
Number of asset objects unloaded after import = 0
========================================================================
Received Import Request.
  Time of request: 2026-08-11T15:50:20.8491168Z
  Time since last request: 0.0003278 seconds.
  importAddress: GUID: 248fbae74ccad4cc394bd9351b86e61d - Path: Packages/com.unity.visualscripting/Editor/VisualScripting.Core/Plugin/Acknowledgements/Acknowledgement_SQLite.cs - Importer: ScriptedImporter/UnityEditor.QuickSearchModule:UnityEditor.Search:ASIAI0B
Importing 'GUID: 248fbae74ccad4cc394bd9351b86e61d - Path: Packages/com.unity.visualscripting/Editor/VisualScripting.Core/Plugin/Acknowledgements/Acknowledgement_SQLite.cs - Importer: ScriptedImporter/UnityEditor.QuickSearchModule:UnityEditor.Search:ASIAI0B' with importer (ScriptedImporter : UnityEditor.QuickSearchModule:UnityEditor.Search:ASIAI0B)
Imported 'GUID: 248fbae74ccad4cc394bd9351b86e61d' -> (Import Result ID: '5ffeb82f2aa935bb22e7d61d272cb216') in 0.003 seconds [static and dynamic dependencies]. Details - ImportResultOutputID=9c2885aab863a4f6ac4319f81d9e7ad8 DependenciesID=24c90b09421c70b1d5863a265622607e StaticDependenciesID=b6043b056be15423a1b88b8a32120fea 
Number of updated asset objects reloaded before import = 0
Number of asset objects unloaded after import = 0
========================================================================
Received Import Request.
  Time of request: 2026-08-11T15:50:20.8620898Z
  Time since last request: 0.0006099 seconds.
  importAddress: GUID: b589725a6a9048ab89b70908b95fc471 - Path: Packages/com.unity.visualscripting/Editor/VisualScripting.Core/Widgets/StickyNote/StickyNoteOption.cs - Importer: ScriptedImporter/UnityEditor.QuickSearchModule:UnityEditor.Search:ASIAI0B
Importing 'GUID: b589725a6a9048ab89b70908b95fc471 - Path: Packages/com.unity.visualscripting/Editor/VisualScripting.Core/Widgets/StickyNote/StickyNoteOption.cs - Importer: ScriptedImporter/UnityEditor.QuickSearchModule:UnityEditor.Search:ASIAI0B' with importer (ScriptedImporter : UnityEditor.QuickSearchModule:UnityEditor.Search:ASIAI0B)
Imported 'GUID: b589725a6a9048ab89b70908b95fc471' -> (Import Result ID: 'b6fe7d36bb0c5b01bd49abc5ce79e572') in 0.003 seconds [static and dynamic dependencies]. Details - ImportResultOutputID=bfa87d32d5a6f4252da963a8d643fd49 DependenciesID=8cbb9a70b93ffd3c8030dac077e98b4a StaticDependenciesID=451c8123666e2840220808ce6f5ef2ba 
Number of updated asset objects reloaded before import = 0
Number of asset objects unloaded after import = 0
========================================================================
Received Import Request.
  Time of request: 2026-08-11T15:50:20.8761366Z
  Time since last request: 0.0005603 seconds.
  importAddress: GUID: d9f59511dd131424499537df9e65325f - Path: Packages/com.unity.visualscripting/Editor/VisualScripting.Core/Plugin/Acknowledgements/Acknowledgement_FatcowIcons.cs - Importer: ScriptedImporter/UnityEditor.QuickSearchModule:UnityEditor.Search:ASIAI0B
Importing 'GUID: d9f59511dd131424499537df9e65325f - Path: Packages/com.unity.visualscripting/Editor/VisualScripting.Core/Plugin/Acknowledgements/Acknowledgement_FatcowIcons.cs - Importer: ScriptedImporter/UnityEditor.QuickSearchModule:UnityEditor.Search:ASIAI0B' with importer (ScriptedImporter : UnityEditor.QuickSearchModule:UnityEditor.Search:ASIAI0B)
Imported 'GUID: d9f59511dd131424499537df9e65325f' -> (Import Result ID: '571da64ccae879ee2a703a021d7a38a3') in 0.003 seconds [static and dynamic dependencies]. Details - ImportResultOutputID=f436c44815d51f903a20afa660c89f7e DependenciesID=6f185c8e78ab9953f328b54b6950a4b4 StaticDependenciesID=6e29a6e68b3eff7ec094db453df39f3f 
Number of updated asset objects reloaded before import = 0
Number of asset objects unloaded after import = 0
========================================================================
Received Import Request.
  Time of request: 2026-08-11T15:50:20.9063048Z
  Time since last request: 0.0197204 seconds.
  importAddress: GUID: 7eb7fa2c8eaf44bdfa80d6353200c200 - Path: Packages/com.unity.visualscripting/Editor/VisualScripting.Flow/Framework/Control/SwitchUnitDescriptor.cs - Importer: ScriptedImporter/UnityEditor.QuickSearchModule:UnityEditor.Search:ASIAI0B
Importing 'GUID: 7eb7fa2c8eaf44bdfa80d6353200c200 - Path: Packages/com.unity.visualscripting/Editor/VisualScripting.Flow/Framework/Control/SwitchUnitDescriptor.cs - Importer: ScriptedImporter/UnityEditor.QuickSearchModule:UnityEditor.Search:ASIAI0B' with importer (ScriptedImporter : UnityEditor.QuickSearchModule:UnityEditor.Search:ASIAI0B)
Imported 'GUID: 7eb7fa2c8eaf44bdfa80d6353200c200' -> (Import Result ID: '39e3235550fc9d9854b0af537cc72d16') in 0.003 seconds [static and dynamic dependencies]. Details - ImportResultOutputID=88e9bdbbb026be61ec131fa34b34a49d DependenciesID=a1acc17217b9e9cc55a36efb6dba3e0e StaticDependenciesID=91f236c066164dee22601bf29068220a 
Number of updated asset objects reloaded before import = 0
Number of asset objects unloaded after import = 0
========================================================================
Received Import Request.
  Time of request: 2026-08-11T15:50:20.918225Z
  Time since last request: 0.0013856 seconds.
  importAddress: GUID: efe957c61ae624ee2bfbcccad6c40b02 - Path: Packages/com.unity.visualscripting/Editor/VisualScripting.Flow/Framework/Codebase/InvokeMemberDescriptor.cs - Importer: ScriptedImporter/UnityEditor.QuickSearchModule:UnityEditor.Search:ASIAI0B
Importing 'GUID: efe957c61ae624ee2bfbcccad6c40b02 - Path: Packages/com.unity.visualscripting/Editor/VisualScripting.Flow/Framework/Codebase/InvokeMemberDescriptor.cs - Importer: ScriptedImporter/UnityEditor.QuickSearchModule:UnityEditor.Search:ASIAI0B' with importer (ScriptedImporter : UnityEditor.QuickSearchModule:UnityEditor.Search:ASIAI0B)
Imported 'GUID: efe957c61ae624ee2bfbcccad6c40b02' -> (Import Result ID: 'af60565fdd5faf2c4d29cda908c2e083') in 0.003 seconds [static and dynamic dependencies]. Details - ImportResultOutputID=b6c3c69d39d5a5cadf22ba322565f1a8 DependenciesID=0742f798c6b50aa1623cda2b25da9b36 StaticDependenciesID=5a8fb2ace34be080ef17fbd776b63a2f 
Number of updated asset objects reloaded before import = 0
Number of asset objects unloaded after import = 0
========================================================================
Received Import Request.
  Time of request: 2026-08-11T15:50:20.9287327Z
  Time since last request: 0.0003466 seconds.
  importAddress: GUID: 5f25afcb4762e4dad98e5b628f5f7730 - Path: Packages/com.unity.visualscripting/Editor/VisualScripting.Flow/Framework/Codebase/CreateStructOption.cs - Importer: ScriptedImporter/UnityEditor.QuickSearchModule:UnityEditor.Search:ASIAI0B
Importing 'GUID: 5f25afcb4762e4dad98e5b628f5f7730 - Path: Packages/com.unity.visualscripting/Editor/VisualScripting.Flow/Framework/Codebase/CreateStructOption.cs - Importer: ScriptedImporter/UnityEditor.QuickSearchModule:UnityEditor.Search:ASIAI0B' with importer (ScriptedImporter : UnityEditor.QuickSearchModule:UnityEditor.Search:ASIAI0B)
Imported 'GUID: 5f25afcb4762e4dad98e5b628f5f7730' -> (Import Result ID: '10223a6448ef878c501e3d019b09b440') in 0.005 seconds [static and dynamic dependencies]. Details - ImportResultOutputID=d99cc0b738cbea59ce11253909fa4320 DependenciesID=783379bb76a412d36e3c0d9caf9cc0ed StaticDependenciesID=d17740120d8d070a4c00231918f2542f 
Number of updated asset objects reloaded before import = 0
Number of asset objects unloaded after import = 0
========================================================================
Received Import Request.
  Time of request: 2026-08-11T15:50:20.9432028Z
  Time since last request: 0.0005895 seconds.
  importAddress: GUID: b586d76e38d834ff69f0f2ebb64cb0d0 - Path: Packages/com.unity.visualscripting/Editor/VisualScripting.Flow/Framework/Variables/UnifiedVariableUnitWidget.cs - Importer: ScriptedImporter/UnityEditor.QuickSearchModule:UnityEditor.Search:ASIAI0B
Importing 'GUID: b586d76e38d834ff69f0f2ebb64cb0d0 - Path: Packages/com.unity.visualscripting/Editor/VisualScripting.Flow/Framework/Variables/UnifiedVariableUnitWidget.cs - Importer: ScriptedImporter/UnityEditor.QuickSearchModule:UnityEditor.Search:ASIAI0B' with importer (ScriptedImporter : UnityEditor.QuickSearchModule:UnityEditor.Search:ASIAI0B)
Imported 'GUID: b586d76e38d834ff69f0f2ebb64cb0d0' -> (Import Result ID: 'b1498ae2be8d489ab7de25c6affa0208') in 0.003 seconds [static and dynamic dependencies]. Details - ImportResultOutputID=3073352627f5678e04a817143ad722bf DependenciesID=69b970b86abf2a2a6d754ce252605125 StaticDependenciesID=4d183cdb8da952896e5c0078d9c7e9dd 
Number of updated asset objects reloaded before import = 0
Number of asset objects unloaded after import = 0
========================================================================
Received Import Request.
  Time of request: 2026-08-11T15:50:20.9566725Z
  Time since last request: 0.0007091 seconds.
  importAddress: GUID: 7e3b945fe4958447ea2acee2fc137913 - Path: Packages/com.unity.visualscripting/Editor/VisualScripting.Flow/Framework/Nesting/GraphOutputWidget.cs - Importer: ScriptedImporter/UnityEditor.QuickSearchModule:UnityEditor.Search:ASIAI0B
Importing 'GUID: 7e3b945fe4958447ea2acee2fc137913 - Path: Packages/com.unity.visualscripting/Editor/VisualScripting.Flow/Framework/Nesting/GraphOutputWidget.cs - Importer: ScriptedImporter/UnityEditor.QuickSearchModule:UnityEditor.Search:ASIAI0B' with importer (ScriptedImporter : UnityEditor.QuickSearchModule:UnityEditor.Search:ASIAI0B)
Imported 'GUID: 7e3b945fe4958447ea2acee2fc137913' -> (Import Result ID: 'af477919b0c6557615488042e2fd636b') in 0.004 seconds [static and dynamic dependencies]. Details - ImportResultOutputID=638e2f031eda53a3b11f395ad79155a7 DependenciesID=8d3b372d50052eed8d261f9281f5e4bc StaticDependenciesID=15e6aa97bd45a62e7dfe8d87e3ffb8cb 
Number of updated asset objects reloaded before import = 0
Number of asset objects unloaded after import = 0
========================================================================
Received Import Request.
  Time of request: 2026-08-11T15:50:20.969333Z
  Time since last request: 0.0002683 seconds.
  importAddress: GUID: 04c08655b26284f21b41bddeec3acd2c - Path: Packages/com.unity.visualscripting/Editor/VisualScripting.Flow/Framework/Codebase/LiteralWidget.cs - Importer: ScriptedImporter/UnityEditor.QuickSearchModule:UnityEditor.Search:ASIAI0B
Importing 'GUID: 04c08655b26284f21b41bddeec3acd2c - Path: Packages/com.unity.visualscripting/Editor/VisualScripting.Flow/Framework/Codebase/LiteralWidget.cs - Importer: ScriptedImporter/UnityEditor.QuickSearchModule:UnityEditor.Search:ASIAI0B' with importer (ScriptedImporter : UnityEditor.QuickSearchModule:UnityEditor.Search:ASIAI0B)
Imported 'GUID: 04c08655b26284f21b41bddeec3acd2c' -> (Import Result ID: '7aff646ea14aeb8e0c1dcafe9a4b7281') in 0.003 seconds [static and dynamic dependencies]. Details - ImportResultOutputID=86753ed1598cd4e439fd55b49a44952d DependenciesID=d74321080a580411c48e8ce2491c1a46 StaticDependenciesID=4c26bce8aaa1e5fb41fa88dd54534259 
Number of updated asset objects reloaded before import = 0
Number of asset objects unloaded after import = 0
========================================================================
Received Import Request.
  Time of request: 2026-08-11T15:50:20.9814686Z
  Time since last request: 0.0003141 seconds.
  importAddress: GUID: 4981e1df4d7142528afeec7ba28fbae3 - Path: Packages/com.unity.visualscripting/Editor/VisualScripting.Flow/Framework/Control/ForAnalyser.cs - Importer: ScriptedImporter/UnityEditor.QuickSearchModule:UnityEditor.Search:ASIAI0B
Importing 'GUID: 4981e1df4d7142528afeec7ba28fbae3 - Path: Packages/com.unity.visualscripting/Editor/VisualScripting.Flow/Framework/Control/ForAnalyser.cs - Importer: ScriptedImporter/UnityEditor.QuickSearchModule:UnityEditor.Search:ASIAI0B' with importer (ScriptedImporter : UnityEditor.QuickSearchModule:UnityEditor.Search:ASIAI0B)
Imported 'GUID: 4981e1df4d7142528afeec7ba28fbae3' -> (Import Result ID: 'f033656671c5952ff32a711b7eac5cb2') in 0.004 seconds [static and dynamic dependencies]. Details - ImportResultOutputID=c2db805f49f0b23f1801015d03b12e95 DependenciesID=70fbd156da7f4344b93a8170e24ce170 StaticDependenciesID=18ffb52a022541957cdfcdc95bd9d86b 
Number of updated asset objects reloaded before import = 0
Number of asset objects unloaded after import = 0
========================================================================
Received Import Request.
  Time of request: 2026-08-11T15:50:20.9935868Z
  Time since last request: 0.000295 seconds.
  importAddress: GUID: fb52af51c49c24810bccfff47fba0f3b - Path: Packages/com.unity.visualscripting/Editor/VisualScripting.Flow/Plugin/Changelogs/Changelog_1_1_2.cs - Importer: ScriptedImporter/UnityEditor.QuickSearchModule:UnityEditor.Search:ASIAI0B
Importing 'GUID: fb52af51c49c24810bccfff47fba0f3b - Path: Packages/com.unity.visualscripting/Editor/VisualScripting.Flow/Plugin/Changelogs/Changelog_1_1_2.cs - Importer: ScriptedImporter/UnityEditor.QuickSearchModule:UnityEditor.Search:ASIAI0B' with importer (ScriptedImporter : UnityEditor.QuickSearchModule:UnityEditor.Search:ASIAI0B)
Imported 'GUID: fb52af51c49c24810bccfff47fba0f3b' -> (Import Result ID: 'f4dc249f82d274b98871bfa11b25c6bf') in 0.003 seconds [static and dynamic dependencies]. Details - ImportResultOutputID=a0549f4ad1b0095242fe85a9bd54283d DependenciesID=0b3174ff98c86dc80d5a7194015bcb9a StaticDependenciesID=849c6349ccb1eadc7f5cb284d55fd984 
Number of updated asset objects reloaded before import = 0
Number of asset objects unloaded after import = 0
========================================================================
Received Import Request.
  Time of request: 2026-08-11T15:50:21.0214682Z
  Time since last request: 0.0153366 seconds.
  importAddress: GUID: e2e9bd39536a24cc7b4597a9d712cf91 - Path: Packages/com.unity.visualscripting/Editor/VisualScripting.Flow/Plugin/Changelogs/Changelog_1_4_0.cs - Importer: ScriptedImporter/UnityEditor.QuickSearchModule:UnityEditor.Search:ASIAI0B
Importing 'GUID: e2e9bd39536a24cc7b4597a9d712cf91 - Path: Packages/com.unity.visualscripting/Editor/VisualScripting.Flow/Plugin/Changelogs/Changelog_1_4_0.cs - Importer: ScriptedImporter/UnityEditor.QuickSearchModule:UnityEditor.Search:ASIAI0B' with importer (ScriptedImporter : UnityEditor.QuickSearchModule:UnityEditor.Search:ASIAI0B)
Imported 'GUID: e2e9bd39536a24cc7b4597a9d712cf91' -> (Import Result ID: '8439e6ca770b870c8de28615ad6f0989') in 0.003 seconds [static and dynamic dependencies]. Details - ImportResultOutputID=7dd31df6d657a9f56d7ebbeaf550ba6a DependenciesID=96d0a44cc29fd2b2f2dbb4f8e5a150fe StaticDependenciesID=b3a0cc409d5fe30a1c7642da644750ce 
Number of updated asset objects reloaded before import = 0
Number of asset objects unloaded after import = 0
========================================================================
Received Import Request.
  Time of request: 2026-08-11T15:50:21.0335187Z
  Time since last request: 0.0003077 seconds.
  importAddress: GUID: 14260676d94004f02b41b5c7844458fe - Path: Packages/com.unity.visualscripting/Runtime/VisualScripting.Core/Dependencies/FullSerializer/fsConverter.cs - Importer: ScriptedImporter/UnityEditor.QuickSearchModule:UnityEditor.Search:ASIAI0B
Importing 'GUID: 14260676d94004f02b41b5c7844458fe - Path: Packages/com.unity.visualscripting/Runtime/VisualScripting.Core/Dependencies/FullSerializer/fsConverter.cs - Importer: ScriptedImporter/UnityEditor.QuickSearchModule:UnityEditor.Search:ASIAI0B' with importer (ScriptedImporter : UnityEditor.QuickSearchModule:UnityEditor.Search:ASIAI0B)
Imported 'GUID: 14260676d94004f02b41b5c7844458fe' -> (Import Result ID: '3c523e303aa50ad3bedbbf1c8c8cfc5f') in 0.004 seconds [static and dynamic dependencies]. Details - ImportResultOutputID=aa9b495f7592209ec250e7f3a21e3f7c DependenciesID=54bd503a7b057fb72b59ab1e9c6e01b6 StaticDependenciesID=8663e2613ef85e37f4a0b93b5d160251 
Number of updated asset objects reloaded before import = 0
Number of asset objects unloaded after import = 0
========================================================================
Received Import Request.
  Time of request: 2026-08-11T15:50:21.0462763Z
  Time since last request: 0.0002054 seconds.
  importAddress: GUID: 4ae4d3f2430124e44bd5968e7d4994cf - Path: Packages/com.unity.visualscripting/Editor/VisualScripting.Flow/Plugin/Migrations/Migration_1_1_2_to_1_1_3.cs - Importer: ScriptedImporter/UnityEditor.QuickSearchModule:UnityEditor.Search:ASIAI0B
Importing 'GUID: 4ae4d3f2430124e44bd5968e7d4994cf - Path: Packages/com.unity.visualscripting/Editor/VisualScripting.Flow/Plugin/Migrations/Migration_1_1_2_to_1_1_3.cs - Importer: ScriptedImporter/UnityEditor.QuickSearchModule:UnityEditor.Search:ASIAI0B' with importer (ScriptedImporter : UnityEditor.QuickSearchModule:UnityEditor.Search:ASIAI0B)
Imported 'GUID: 4ae4d3f2430124e44bd5968e7d4994cf' -> (Import Result ID: '30bfe89f146252e19be01bd27e75e7a7') in 0.003 seconds [static and dynamic dependencies]. Details - ImportResultOutputID=d93b031b72f4707d60da6eaaa2d8fa6e DependenciesID=529d752be0cfb78f27b2a76319c388f4 StaticDependenciesID=0875ee2ae6e96126842ca41ec894c45a 
Number of updated asset objects reloaded before import = 0
Number of asset objects unloaded after import = 0
========================================================================
Received Import Request.
  Time of request: 2026-08-11T15:50:21.0577073Z
  Time since last request: 0.0002948 seconds.
  importAddress: GUID: 55f9606c92224790823f7ac7fd2c8d41 - Path: Packages/com.unity.visualscripting/Editor/VisualScripting.State/Plugin/Migrations/Migration_1_6_to_1_7.cs - Importer: ScriptedImporter/UnityEditor.QuickSearchModule:UnityEditor.Search:ASIAI0B
Importing 'GUID: 55f9606c92224790823f7ac7fd2c8d41 - Path: Packages/com.unity.visualscripting/Editor/VisualScripting.State/Plugin/Migrations/Migration_1_6_to_1_7.cs - Importer: ScriptedImporter/UnityEditor.QuickSearchModule:UnityEditor.Search:ASIAI0B' with importer (ScriptedImporter : UnityEditor.QuickSearchModule:UnityEditor.Search:ASIAI0B)
Imported 'GUID: 55f9606c92224790823f7ac7fd2c8d41' -> (Import Result ID: '98ff5bce69666a2017b847cf0e791c6d') in 0.004 seconds [static and dynamic dependencies]. Details - ImportResultOutputID=b37ef545408f4429207e8b335391f558 DependenciesID=2f0b84efb813afe42bd647cb7f8cf7b4 StaticDependenciesID=324f98592af482217eeabe160c8a0cd2 
Number of updated asset objects reloaded before import = 0
Number of asset objects unloaded after import = 0
========================================================================
Received Import Request.
  Time of request: 2026-08-11T15:50:21.0695021Z
  Time since last request: 0.0010326 seconds.
  importAddress: GUID: 98d16b6826cab47639c1c29e2a9ed97d - Path: Packages/com.unity.visualscripting/Runtime/VisualScripting.Core/Dependencies/FullSerializer/fsConfig.cs - Importer: ScriptedImporter/UnityEditor.QuickSearchModule:UnityEditor.Search:ASIAI0B
Importing 'GUID: 98d16b6826cab47639c1c29e2a9ed97d - Path: Packages/com.unity.visualscripting/Runtime/VisualScripting.Core/Dependencies/FullSerializer/fsConfig.cs - Importer: ScriptedImporter/UnityEditor.QuickSearchModule:UnityEditor.Search:ASIAI0B' with importer (ScriptedImporter : UnityEditor.QuickSearchModule:UnityEditor.Search:ASIAI0B)
Imported 'GUID: 98d16b6826cab47639c1c29e2a9ed97d' -> (Import Result ID: '830131480e067a69fc299a2156219718') in 0.004 seconds [static and dynamic dependencies]. Details - ImportResultOutputID=437c6938ce999beade3f8f1013b26620 DependenciesID=89a3417566d401535ec3eb0d398942fa StaticDependenciesID=0c6393be85478a019b520826dd4714d2 
Number of updated asset objects reloaded before import = 0
Number of asset objects unloaded after import = 0
========================================================================
Received Import Request.
  Time of request: 2026-08-11T15:50:21.0840379Z
  Time since last request: 0.0002827 seconds.
  importAddress: GUID: 0b5002b6061e24473a0c1176f6d2b5d8 - Path: Packages/com.unity.visualscripting/Editor/VisualScripting.Flow/Plugin/Changelogs/Changelog_1_2_3.cs - Importer: ScriptedImporter/UnityEditor.QuickSearchModule:UnityEditor.Search:ASIAI0B
Importing 'GUID: 0b5002b6061e24473a0c1176f6d2b5d8 - Path: Packages/com.unity.visualscripting/Editor/VisualScripting.Flow/Plugin/Changelogs/Changelog_1_2_3.cs - Importer: ScriptedImporter/UnityEditor.QuickSearchModule:UnityEditor.Search:ASIAI0B' with importer (ScriptedImporter : UnityEditor.QuickSearchModule:UnityEditor.Search:ASIAI0B)
Imported 'GUID: 0b5002b6061e24473a0c1176f6d2b5d8' -> (Import Result ID: '480e358796c256d90149ffda4b65fa63') in 0.003 seconds [static and dynamic dependencies]. Details - ImportResultOutputID=6ddd1ce077ffcf36af62cf3322cbda5f DependenciesID=6804af7ec11281f2a8843517a6c65ccd StaticDependenciesID=8987879129c4d0aec5f09c5db1592e60 
Number of updated asset objects reloaded before import = 0
Number of asset objects unloaded after import = 0
========================================================================
Received Import Request.
  Time of request: 2026-08-11T15:50:21.0952135Z
  Time since last request: 0.0002585 seconds.
  importAddress: GUID: c87b8c463f7214cd88f60ae3f4ab4d4f - Path: Packages/com.unity.visualscripting/Editor/VisualScripting.Flow/Plugin/Migrations/Migration_1_2_0_to_1_2_2.cs - Importer: ScriptedImporter/UnityEditor.QuickSearchModule:UnityEditor.Search:ASIAI0B
Importing 'GUID: c87b8c463f7214cd88f60ae3f4ab4d4f - Path: Packages/com.unity.visualscripting/Editor/VisualScripting.Flow/Plugin/Migrations/Migration_1_2_0_to_1_2_2.cs - Importer: ScriptedImporter/UnityEditor.QuickSearchModule:UnityEditor.Search:ASIAI0B' with importer (ScriptedImporter : UnityEditor.QuickSearchModule:UnityEditor.Search:ASIAI0B)
Imported 'GUID: c87b8c463f7214cd88f60ae3f4ab4d4f' -> (Import Result ID: '4d8ceeb13510e09de009c14b05426eb7') in 0.003 seconds [static and dynamic dependencies]. Details - ImportResultOutputID=0319f74366944084a6d0f0c9aafea769 DependenciesID=3055a611a4a3a4882f86729cfbff987b StaticDependenciesID=89ad74ef0846514bd387c45647decf8e 
Number of updated asset objects reloaded before import = 0
Number of asset objects unloaded after import = 0
========================================================================
Received Import Request.
  Time of request: 2026-08-11T15:50:21.1082867Z
  Time since last request: 0.0002877 seconds.
  importAddress: GUID: f99cc5dee358b492f8b7df887ae4cfa7 - Path: Packages/com.unity.visualscripting/Editor/VisualScripting.Flow/Plugin/Changelogs/Changelog_1_4_7.cs - Importer: ScriptedImporter/UnityEditor.QuickSearchModule:UnityEditor.Search:ASIAI0B
Importing 'GUID: f99cc5dee358b492f8b7df887ae4cfa7 - Path: Packages/com.unity.visualscripting/Editor/VisualScripting.Flow/Plugin/Changelogs/Changelog_1_4_7.cs - Importer: ScriptedImporter/UnityEditor.QuickSearchModule:UnityEditor.Search:ASIAI0B' with importer (ScriptedImporter : UnityEditor.QuickSearchModule:UnityEditor.Search:ASIAI0B)
Imported 'GUID: f99cc5dee358b492f8b7df887ae4cfa7' -> (Import Result ID: '7655b8ce74bc72388c141e4ab8c94940') in 0.003 seconds [static and dynamic dependencies]. Details - ImportResultOutputID=f0741b07a9898ae44cc9fcc271762e53 DependenciesID=2b9ca69408ec82826a48049f07dea057 StaticDependenciesID=ea70c88f5f55c91abb41d1d7bbc8697a 
Number of updated asset objects reloaded before import = 0
Number of asset objects unloaded after import = 0
========================================================================
Received Import Request.
  Time of request: 2026-08-11T15:50:21.1236256Z
  Time since last request: 0.0030098 seconds.
  importAddress: GUID: 324a15989877436a861bd398ad569655 - Path: Packages/com.unity.visualscripting/Runtime/VisualScripting.Core/Listeners/MonoBehaviour/UnityOnTriggerExit2DMListener.cs - Importer: ScriptedImporter/UnityEditor.QuickSearchModule:UnityEditor.Search:ASIAI0B
Importing 'GUID: 324a15989877436a861bd398ad569655 - Path: Packages/com.unity.visualscripting/Runtime/VisualScripting.Core/Listeners/MonoBehaviour/UnityOnTriggerExit2DMListener.cs - Importer: ScriptedImporter/UnityEditor.QuickSearchModule:UnityEditor.Search:ASIAI0B' with importer (ScriptedImporter : UnityEditor.QuickSearchModule:UnityEditor.Search:ASIAI0B)
Imported 'GUID: 324a15989877436a861bd398ad569655' -> (Import Result ID: 'a7cfc83d61e27fadfe45c90f83e23f9a') in 0.003 seconds [static and dynamic dependencies]. Details - ImportResultOutputID=3444ea2e5c8c0b4291a76bc0cb42fe8c DependenciesID=265b427993bf42a648ec9b066eb6345a StaticDependenciesID=d9bad2e79d5ec7ec3243586e0f04f941 
Number of updated asset objects reloaded before import = 0
Number of asset objects unloaded after import = 0
========================================================================
Received Import Request.
  Time of request: 2026-08-11T15:50:21.1357471Z
  Time since last request: 0.0013254 seconds.
  importAddress: GUID: 421f953bce2c4b5b85a56bf401a9fba5 - Path: Packages/com.unity.visualscripting/Runtime/VisualScripting.Core/Listeners/UIInterfaces/UnityOnBeginDragMessageListener.cs - Importer: ScriptedImporter/UnityEditor.QuickSearchModule:UnityEditor.Search:ASIAI0B
Importing 'GUID: 421f953bce2c4b5b85a56bf401a9fba5 - Path: Packages/com.unity.visualscripting/Runtime/VisualScripting.Core/Listeners/UIInterfaces/UnityOnBeginDragMessageListener.cs - Importer: ScriptedImporter/UnityEditor.QuickSearchModule:UnityEditor.Search:ASIAI0B' with importer (ScriptedImporter : UnityEditor.QuickSearchModule:UnityEditor.Search:ASIAI0B)
Imported 'GUID: 421f953bce2c4b5b85a56bf401a9fba5' -> (Import Result ID: 'b8803164a556aa8f95392e8140c4447c') in 0.003 seconds [static and dynamic dependencies]. Details - ImportResultOutputID=f2b951c61c918230a2f3f54d04ce5b56 DependenciesID=b21740e54e89c43c03ce30bc7758f24b StaticDependenciesID=6baa6dbbca9e2779d7f5ea7137018eaa 
Number of updated asset objects reloaded before import = 0
Number of asset objects unloaded after import = 0
========================================================================
Received Import Request.
  Time of request: 2026-08-11T15:50:21.1487996Z
  Time since last request: 0.0002898 seconds.
  importAddress: GUID: 8498618d4b2146a99535b878ca911525 - Path: Packages/com.unity.visualscripting/Runtime/VisualScripting.Core/Listeners/MonoBehaviour/UnityOnMouseUpAsButtonMessageListener.cs - Importer: ScriptedImporter/UnityEditor.QuickSearchModule:UnityEditor.Search:ASIAI0B
Importing 'GUID: 8498618d4b2146a99535b878ca911525 - Path: Packages/com.unity.visualscripting/Runtime/VisualScripting.Core/Listeners/MonoBehaviour/UnityOnMouseUpAsButtonMessageListener.cs - Importer: ScriptedImporter/UnityEditor.QuickSearchModule:UnityEditor.Search:ASIAI0B' with importer (ScriptedImporter : UnityEditor.QuickSearchModule:UnityEditor.Search:ASIAI0B)
Imported 'GUID: 8498618d4b2146a99535b878ca911525' -> (Import Result ID: 'e8488406107b584a927bb2d27c10fefa') in 0.003 seconds [static and dynamic dependencies]. Details - ImportResultOutputID=7b00c6b26051d16061d8053fa2e70409 DependenciesID=6097de870f8117ba684a054529a26b56 StaticDependenciesID=54ed779fef52c930146b62eceb458872 
Number of updated asset objects reloaded before import = 0
Number of asset objects unloaded after import = 0
========================================================================
Received Import Request.
  Time of request: 2026-08-11T15:50:21.1608574Z
  Time since last request: 0.0005603 seconds.
  importAddress: GUID: 14fb21595fc142c5be2f1f3c28fe9917 - Path: Packages/com.unity.visualscripting/Runtime/VisualScripting.Core/Listeners/MonoBehaviour/UnityOnTransformParentChangedMListener.cs - Importer: ScriptedImporter/UnityEditor.QuickSearchModule:UnityEditor.Search:ASIAI0B
Importing 'GUID: 14fb21595fc142c5be2f1f3c28fe9917 - Path: Packages/com.unity.visualscripting/Runtime/VisualScripting.Core/Listeners/MonoBehaviour/UnityOnTransformParentChangedMListener.cs - Importer: ScriptedImporter/UnityEditor.QuickSearchModule:UnityEditor.Search:ASIAI0B' with importer (ScriptedImporter : UnityEditor.QuickSearchModule:UnityEditor.Search:ASIAI0B)
Imported 'GUID: 14fb21595fc142c5be2f1f3c28fe9917' -> (Import Result ID: '4f880dbf97eec7a21687d9a407d0c22f') in 0.003 seconds [static and dynamic dependencies]. Details - ImportResultOutputID=104190fdd3cbbe0aad09001a5698f3e9 DependenciesID=61154d10ce283401eca73f17b19339d2 StaticDependenciesID=b276373be83902c527781d68a000f632 
Number of updated asset objects reloaded before import = 0
Number of asset objects unloaded after import = 0
========================================================================
Received Import Request.
  Time of request: 2026-08-11T15:50:21.1726943Z
  Time since last request: 0.0004857 seconds.
  importAddress: GUID: 5e447df39a878402a956665bd7041d02 - Path: Packages/com.unity.visualscripting/Runtime/VisualScripting.Core/EditorBinding/Inspector/InspectorExpandTooltipAttribute.cs - Importer: ScriptedImporter/UnityEditor.QuickSearchModule:UnityEditor.Search:ASIAI0B
Importing 'GUID: 5e447df39a878402a956665bd7041d02 - Path: Packages/com.unity.visualscripting/Runtime/VisualScripting.Core/EditorBinding/Inspector/InspectorExpandTooltipAttribute.cs - Importer: ScriptedImporter/UnityEditor.QuickSearchModule:UnityEditor.Search:ASIAI0B' with importer (ScriptedImporter : UnityEditor.QuickSearchModule:UnityEditor.Search:ASIAI0B)
Imported 'GUID: 5e447df39a878402a956665bd7041d02' -> (Import Result ID: '0ae82a3d08913a054c517af8cb8c78d8') in 0.004 seconds [static and dynamic dependencies]. Details - ImportResultOutputID=96a1adfc05c1ec2d11b9cdf52a0453bb DependenciesID=492122cd543018b73426de167557f2b7 StaticDependenciesID=3391039e51fef0122417de95f371a617 
Number of updated asset objects reloaded before import = 0
Number of asset objects unloaded after import = 0
========================================================================
Received Import Request.
  Time of request: 2026-08-11T15:50:21.1863854Z
  Time since last request: 0.000412 seconds.
  importAddress: GUID: 9f79d544c42641a5bc9703eea02dd296 - Path: Packages/com.unity.visualscripting/Runtime/VisualScripting.Core/Listeners/MonoBehaviour/UnityOnCollisionEnter2DMessageListener.cs - Importer: ScriptedImporter/UnityEditor.QuickSearchModule:UnityEditor.Search:ASIAI0B
Importing 'GUID: 9f79d544c42641a5bc9703eea02dd296 - Path: Packages/com.unity.visualscripting/Runtime/VisualScripting.Core/Listeners/MonoBehaviour/UnityOnCollisionEnter2DMessageListener.cs - Importer: ScriptedImporter/UnityEditor.QuickSearchModule:UnityEditor.Search:ASIAI0B' with importer (ScriptedImporter : UnityEditor.QuickSearchModule:UnityEditor.Search:ASIAI0B)
Imported 'GUID: 9f79d544c42641a5bc9703eea02dd296' -> (Import Result ID: 'f625489f242ee4ca6b582f9ecce29b78') in 0.003 seconds [static and dynamic dependencies]. Details - ImportResultOutputID=212fb240874a1734c8972fb5a3729b65 DependenciesID=20fbe6bde3e23a3fbbad7c42deeb05c3 StaticDependenciesID=74d9931efd2cb84eabcf4ac1fc2b28bc 
Number of updated asset objects reloaded before import = 0
Number of asset objects unloaded after import = 0
========================================================================
Received Import Request.
  Time of request: 2026-08-11T15:50:21.1967174Z
  Time since last request: 0.0002902 seconds.
  importAddress: GUID: 90b8d0fe19604808aba0b0d4ae2b0c12 - Path: Packages/com.unity.visualscripting/Runtime/VisualScripting.Core/Listeners/UI/UnityOnSliderValueChangedMessageListener.cs - Importer: ScriptedImporter/UnityEditor.QuickSearchModule:UnityEditor.Search:ASIAI0B
Importing 'GUID: 90b8d0fe19604808aba0b0d4ae2b0c12 - Path: Packages/com.unity.visualscripting/Runtime/VisualScripting.Core/Listeners/UI/UnityOnSliderValueChangedMessageListener.cs - Importer: ScriptedImporter/UnityEditor.QuickSearchModule:UnityEditor.Search:ASIAI0B' with importer (ScriptedImporter : UnityEditor.QuickSearchModule:UnityEditor.Search:ASIAI0B)
Imported 'GUID: 90b8d0fe19604808aba0b0d4ae2b0c12' -> (Import Result ID: 'a447c70306a333ca0cf9566e1e19633e') in 0.003 seconds [static and dynamic dependencies]. Details - ImportResultOutputID=a28d30ede53db04bcf50933efbbb0524 DependenciesID=7d471d16aaf6095f98f4c32a1622b9e2 StaticDependenciesID=a449cf4efea2d24428e4b61d267f8ad1 
Number of updated asset objects reloaded before import = 0
Number of asset objects unloaded after import = 0
========================================================================
Received Import Request.
  Time of request: 2026-08-11T15:50:21.2091402Z
  Time since last request: 0.0004673 seconds.
  importAddress: GUID: 3327f1ba5674f471195edf533528f489 - Path: Packages/com.unity.visualscripting/Runtime/VisualScripting.Core/EditorBinding/Inspector/InspectorRangeAttribute.cs - Importer: ScriptedImporter/UnityEditor.QuickSearchModule:UnityEditor.Search:ASIAI0B
Importing 'GUID: 3327f1ba5674f471195edf533528f489 - Path: Packages/com.unity.visualscripting/Runtime/VisualScripting.Core/EditorBinding/Inspector/InspectorRangeAttribute.cs - Importer: ScriptedImporter/UnityEditor.QuickSearchModule:UnityEditor.Search:ASIAI0B' with importer (ScriptedImporter : UnityEditor.QuickSearchModule:UnityEditor.Search:ASIAI0B)
Imported 'GUID: 3327f1ba5674f471195edf533528f489' -> (Import Result ID: 'c1248016be0e73785014eea8a3436058') in 0.003 seconds [static and dynamic dependencies]. Details - ImportResultOutputID=4281e466dc1749f21b5b705a0fd0f7cf DependenciesID=e8e4e9f47cee15cfbff74def332721b4 StaticDependenciesID=bc10ed63d4d5cbc179a01422e5af54f2 
Number of updated asset objects reloaded before import = 0
Number of asset objects unloaded after import = 0
========================================================================
Received Import Request.
  Time of request: 2026-08-11T15:50:21.2403108Z
  Time since last request: 0.0181797 seconds.
  importAddress: GUID: 2f3bca0e9135d49adbd74367aca4625b - Path: Packages/com.unity.visualscripting/Runtime/VisualScripting.Core/Reflection/Optimization/InstanceActionInvoker_1.cs - Importer: ScriptedImporter/UnityEditor.QuickSearchModule:UnityEditor.Search:ASIAI0B
Importing 'GUID: 2f3bca0e9135d49adbd74367aca4625b - Path: Packages/com.unity.visualscripting/Runtime/VisualScripting.Core/Reflection/Optimization/InstanceActionInvoker_1.cs - Importer: ScriptedImporter/UnityEditor.QuickSearchModule:UnityEditor.Search:ASIAI0B' with importer (ScriptedImporter : UnityEditor.QuickSearchModule:UnityEditor.Search:ASIAI0B)
Imported 'GUID: 2f3bca0e9135d49adbd74367aca4625b' -> (Import Result ID: '591f32b022150d86a2401802861aac96') in 0.003 seconds [static and dynamic dependencies]. Details - ImportResultOutputID=d5ac2c858da9a2e37745598e9a8c0ed3 DependenciesID=5a26effe8540c6ee994c039b01b1cd89 StaticDependenciesID=976c0e0c9c4948314c00896d642c83ac 
Number of updated asset objects reloaded before import = 0
Number of asset objects unloaded after import = 0
========================================================================
Received Import Request.
  Time of request: 2026-08-11T15:50:21.2524366Z
  Time since last request: 0.001019 seconds.
  importAddress: GUID: d53a8293d351f4cf582ec062d60728a0 - Path: Packages/com.unity.visualscripting/Runtime/VisualScripting.Core/Reflection/Operators/UnaryOperatorHandler.cs - Importer: ScriptedImporter/UnityEditor.QuickSearchModule:UnityEditor.Search:ASIAI0B
Importing 'GUID: d53a8293d351f4cf582ec062d60728a0 - Path: Packages/com.unity.visualscripting/Runtime/VisualScripting.Core/Reflection/Operators/UnaryOperatorHandler.cs - Importer: ScriptedImporter/UnityEditor.QuickSearchModule:UnityEditor.Search:ASIAI0B' with importer (ScriptedImporter : UnityEditor.QuickSearchModule:UnityEditor.Search:ASIAI0B)
Imported 'GUID: d53a8293d351f4cf582ec062d60728a0' -> (Import Result ID: '122e9c600793fcd1a20432c04a3ce2a2') in 0.003 seconds [static and dynamic dependencies]. Details - ImportResultOutputID=4015a1ce6756dfbc55337fcbf67d81c2 DependenciesID=6aee80481a6e4eaf73c02fef41c7106f StaticDependenciesID=91e49ee19857451e9132619d6f557073 
Number of updated asset objects reloaded before import = 0
Number of asset objects unloaded after import = 0
========================================================================
Received Import Request.
  Time of request: 2026-08-11T15:50:21.2627558Z
  Time since last request: 0.0003021 seconds.
  importAddress: GUID: 46d4b046e765e4eeb8d73bbf9f5470ec - Path: Packages/com.unity.visualscripting/Runtime/VisualScripting.Core/Reflection/Operators/OperatorException.cs - Importer: ScriptedImporter/UnityEditor.QuickSearchModule:UnityEditor.Search:ASIAI0B
Importing 'GUID: 46d4b046e765e4eeb8d73bbf9f5470ec - Path: Packages/com.unity.visualscripting/Runtime/VisualScripting.Core/Reflection/Operators/OperatorException.cs - Importer: ScriptedImporter/UnityEditor.QuickSearchModule:UnityEditor.Search:ASIAI0B' with importer (ScriptedImporter : UnityEditor.QuickSearchModule:UnityEditor.Search:ASIAI0B)
Imported 'GUID: 46d4b046e765e4eeb8d73bbf9f5470ec' -> (Import Result ID: '64fa230d3c9d037138d48a75e04695e5') in 0.004 seconds [static and dynamic dependencies]. Details - ImportResultOutputID=5f1d47199a8b9d7c7ac26b66de233691 DependenciesID=c54f29053d0c09c64997e2956059d978 StaticDependenciesID=fca016bdf0aba2bab8f6164fefdc9132 
Number of updated asset objects reloaded before import = 0
Number of asset objects unloaded after import = 0
========================================================================
Received Import Request.
  Time of request: 2026-08-11T15:50:21.2769081Z
  Time since last request: 0.0002839 seconds.
  importAddress: GUID: 539448d7954e645988b32b392bdd221d - Path: Packages/com.unity.visualscripting/Runtime/VisualScripting.Core/Reflection/Optimization/InstanceActionInvoker_2.cs - Importer: ScriptedImporter/UnityEditor.QuickSearchModule:UnityEditor.Search:ASIAI0B
Importing 'GUID: 539448d7954e645988b32b392bdd221d - Path: Packages/com.unity.visualscripting/Runtime/VisualScripting.Core/Reflection/Optimization/InstanceActionInvoker_2.cs - Importer: ScriptedImporter/UnityEditor.QuickSearchModule:UnityEditor.Search:ASIAI0B' with importer (ScriptedImporter : UnityEditor.QuickSearchModule:UnityEditor.Search:ASIAI0B)
Imported 'GUID: 539448d7954e645988b32b392bdd221d' -> (Import Result ID: '0318d17bd068997e09f3c3e12e15f512') in 0.004 seconds [static and dynamic dependencies]. Details - ImportResultOutputID=12a0487e3d5eb2c2b2c92298b24b41e1 DependenciesID=74e1919ce9f28f689280245b59613051 StaticDependenciesID=23cbebb174aa9b7be7663935d377c2f8 
Number of updated asset objects reloaded before import = 0
Number of asset objects unloaded after import = 0
========================================================================
Received Import Request.
  Time of request: 2026-08-11T15:50:21.2913666Z
  Time since last request: 0.0003344 seconds.
  importAddress: GUID: 08201d8f66454a09a1c1ea0c55eb778d - Path: Packages/com.unity.visualscripting/Runtime/VisualScripting.Core/Listeners/UIInterfaces/UnityOnPointerUpMessageListener.cs - Importer: ScriptedImporter/UnityEditor.QuickSearchModule:UnityEditor.Search:ASIAI0B
Importing 'GUID: 08201d8f66454a09a1c1ea0c55eb778d - Path: Packages/com.unity.visualscripting/Runtime/VisualScripting.Core/Listeners/UIInterfaces/UnityOnPointerUpMessageListener.cs - Importer: ScriptedImporter/UnityEditor.QuickSearchModule:UnityEditor.Search:ASIAI0B' with importer (ScriptedImporter : UnityEditor.QuickSearchModule:UnityEditor.Search:ASIAI0B)
Imported 'GUID: 08201d8f66454a09a1c1ea0c55eb778d' -> (Import Result ID: 'b2a7fde05a4b007be2071684e65dde58') in 0.004 seconds [static and dynamic dependencies]. Details - ImportResultOutputID=3c86a2c8408076b75eccef75058ffd24 DependenciesID=db191b0f826ade2e396c5ad68121a2ec StaticDependenciesID=3b3bd7433aad19d663f1f84e93fd5c59 
Number of updated asset objects reloaded before import = 0
Number of asset objects unloaded after import = 0
========================================================================
Received Import Request.
  Time of request: 2026-08-11T15:50:21.3041488Z
  Time since last request: 0.0003077 seconds.
  importAddress: GUID: e2aa84da762494bc8b88aa8674bed044 - Path: Packages/com.unity.visualscripting/Runtime/VisualScripting.Core/Reflection/Operators/UnaryOperator.cs - Importer: ScriptedImporter/UnityEditor.QuickSearchModule:UnityEditor.Search:ASIAI0B
Importing 'GUID: e2aa84da762494bc8b88aa8674bed044 - Path: Packages/com.unity.visualscripting/Runtime/VisualScripting.Core/Reflection/Operators/UnaryOperator.cs - Importer: ScriptedImporter/UnityEditor.QuickSearchModule:UnityEditor.Search:ASIAI0B' with importer (ScriptedImporter : UnityEditor.QuickSearchModule:UnityEditor.Search:ASIAI0B)
Imported 'GUID: e2aa84da762494bc8b88aa8674bed044' -> (Import Result ID: '15569210e1e23f5fe77ebfe12449d312') in 0.003 seconds [static and dynamic dependencies]. Details - ImportResultOutputID=9be03565843d6e1b6754e28ba131a422 DependenciesID=829b5fa9d437f6c45a32cfec6b852095 StaticDependenciesID=43cd8cad4fadbc4ef272d6cf634bfa62 
Number of updated asset objects reloaded before import = 0
Number of asset objects unloaded after import = 0
========================================================================
Received Import Request.
  Time of request: 2026-08-11T15:50:21.3152661Z
  Time since last request: 0.0005301 seconds.
  importAddress: GUID: 2eb252808c6a14f89860c81afb8df8c4 - Path: Packages/com.unity.visualscripting/Runtime/VisualScripting.Core/Reflection/Optimization/InstancePropertyAccessor.cs - Importer: ScriptedImporter/UnityEditor.QuickSearchModule:UnityEditor.Search:ASIAI0B
Importing 'GUID: 2eb252808c6a14f89860c81afb8df8c4 - Path: Packages/com.unity.visualscripting/Runtime/VisualScripting.Core/Reflection/Optimization/InstancePropertyAccessor.cs - Importer: ScriptedImporter/UnityEditor.QuickSearchModule:UnityEditor.Search:ASIAI0B' with importer (ScriptedImporter : UnityEditor.QuickSearchModule:UnityEditor.Search:ASIAI0B)
Imported 'GUID: 2eb252808c6a14f89860c81afb8df8c4' -> (Import Result ID: '8678b84820e102df50da531b8f87b2b9') in 0.003 seconds [static and dynamic dependencies]. Details - ImportResultOutputID=8d6df23b79bedf33a1204e8997fe5e13 DependenciesID=cc3474c2f223de94dceffbbda3cc0fef StaticDependenciesID=755726310f0f23c114024f76ebdd107f 
Number of updated asset objects reloaded before import = 0
Number of asset objects unloaded after import = 0
========================================================================
Received Import Request.
  Time of request: 2026-08-11T15:50:21.3293229Z
  Time since last request: 0.0003175 seconds.
  importAddress: GUID: f7eff71d2342343c3985596ad46e6480 - Path: Packages/com.unity.visualscripting/Runtime/VisualScripting.Core/Reflection/Operators/AndHandler.cs - Importer: ScriptedImporter/UnityEditor.QuickSearchModule:UnityEditor.Search:ASIAI0B
Importing 'GUID: f7eff71d2342343c3985596ad46e6480 - Path: Packages/com.unity.visualscripting/Runtime/VisualScripting.Core/Reflection/Operators/AndHandler.cs - Importer: ScriptedImporter/UnityEditor.QuickSearchModule:UnityEditor.Search:ASIAI0B' with importer (ScriptedImporter : UnityEditor.QuickSearchModule:UnityEditor.Search:ASIAI0B)
Imported 'GUID: f7eff71d2342343c3985596ad46e6480' -> (Import Result ID: '34f9aea857a337c06f34e8b40d3ddd6f') in 0.003 seconds [static and dynamic dependencies]. Details - ImportResultOutputID=169f4cf073eede3a2a74cae0394117bb DependenciesID=c7b6297e8cf5122ba3e45bc129693beb StaticDependenciesID=e8cac013a7b419a08508f32e1a195458 
Number of updated asset objects reloaded before import = 0
Number of asset objects unloaded after import = 0
========================================================================
Received Import Request.
  Time of request: 2026-08-11T15:50:21.369329Z
  Time since last request: 0.0297527 seconds.
  importAddress: GUID: fd9a980a91f9b49fd88a6e484b27d51e - Path: Packages/com.unity.visualscripting/Runtime/VisualScripting.Flow/Framework/Collections/FirstItem.cs - Importer: ScriptedImporter/UnityEditor.QuickSearchModule:UnityEditor.Search:ASIAI0B
Importing 'GUID: fd9a980a91f9b49fd88a6e484b27d51e - Path: Packages/com.unity.visualscripting/Runtime/VisualScripting.Flow/Framework/Collections/FirstItem.cs - Importer: ScriptedImporter/UnityEditor.QuickSearchModule:UnityEditor.Search:ASIAI0B' with importer (ScriptedImporter : UnityEditor.QuickSearchModule:UnityEditor.Search:ASIAI0B)
Imported 'GUID: fd9a980a91f9b49fd88a6e484b27d51e' -> (Import Result ID: 'afe3ff486a99597e92461545858dacdd') in 0.003 seconds [static and dynamic dependencies]. Details - ImportResultOutputID=778d6f336a037e9198e54f0a3c7ef22a DependenciesID=30ff9da4652bc668b097f9cb6aeedae2 StaticDependenciesID=0aa430af01716bdffef6e1a12e24507f 
Number of updated asset objects reloaded before import = 0
Number of asset objects unloaded after import = 0
========================================================================
Received Import Request.
  Time of request: 2026-08-11T15:50:21.3813028Z
  Time since last request: 0.0009104 seconds.
  importAddress: GUID: e7fd49b5fad854cb09974df4282ea2d9 - Path: Packages/com.unity.visualscripting/Runtime/VisualScripting.Core/Reflection/Optimization/StaticActionInvoker_4.cs - Importer: ScriptedImporter/UnityEditor.QuickSearchModule:UnityEditor.Search:ASIAI0B
Importing 'GUID: e7fd49b5fad854cb09974df4282ea2d9 - Path: Packages/com.unity.visualscripting/Runtime/VisualScripting.Core/Reflection/Optimization/StaticActionInvoker_4.cs - Importer: ScriptedImporter/UnityEditor.QuickSearchModule:UnityEditor.Search:ASIAI0B' with importer (ScriptedImporter : UnityEditor.QuickSearchModule:UnityEditor.Search:ASIAI0B)
Imported 'GUID: e7fd49b5fad854cb09974df4282ea2d9' -> (Import Result ID: 'e1298a889b993a1e3f2c4a80ced19c4e') in 0.004 seconds [static and dynamic dependencies]. Details - ImportResultOutputID=eba7629788fbdb228703efa632359425 DependenciesID=83f722a1be0b70cad71767fe60788d07 StaticDependenciesID=005242a16ca257d0ad20867df2652235 
Number of updated asset objects reloaded before import = 0
Number of asset objects unloaded after import = 0
========================================================================
Received Import Request.
  Time of request: 2026-08-11T15:50:21.3950485Z
  Time since last request: 0.0002805 seconds.
  importAddress: GUID: ce34cee84b3684ac990325bd89f87e2d - Path: Packages/com.unity.visualscripting/Runtime/VisualScripting.Flow/Framework/Control/Once.cs - Importer: ScriptedImporter/UnityEditor.QuickSearchModule:UnityEditor.Search:ASIAI0B
Importing 'GUID: ce34cee84b3684ac990325bd89f87e2d - Path: Packages/com.unity.visualscripting/Runtime/VisualScripting.Flow/Framework/Control/Once.cs - Importer: ScriptedImporter/UnityEditor.QuickSearchModule:UnityEditor.Search:ASIAI0B' with importer (ScriptedImporter : UnityEditor.QuickSearchModule:UnityEditor.Search:ASIAI0B)
Imported 'GUID: ce34cee84b3684ac990325bd89f87e2d' -> (Import Result ID: 'b59f0ad2bda65b574a8280d828298229') in 0.004 seconds [static and dynamic dependencies]. Details - ImportResultOutputID=071c099f54620bb36123f83aad75e146 DependenciesID=b09d39251371aad3f2760117637e39ba StaticDependenciesID=a0065607c9569ccc01ed11f9c97eed6a 
Number of updated asset objects reloaded before import = 0
Number of asset objects unloaded after import = 0
========================================================================
Received Import Request.
  Time of request: 2026-08-11T15:50:21.4067538Z
  Time since last request: 0.0005983 seconds.
  importAddress: GUID: 6a2c35661d97146b2b302a94d1120f35 - Path: Packages/com.unity.visualscripting/Runtime/VisualScripting.Flow/Dependencies/NCalc/LogicalExpressionVisitor.cs - Importer: ScriptedImporter/UnityEditor.QuickSearchModule:UnityEditor.Search:ASIAI0B
Importing 'GUID: 6a2c35661d97146b2b302a94d1120f35 - Path: Packages/com.unity.visualscripting/Runtime/VisualScripting.Flow/Dependencies/NCalc/LogicalExpressionVisitor.cs - Importer: ScriptedImporter/UnityEditor.QuickSearchModule:UnityEditor.Search:ASIAI0B' with importer (ScriptedImporter : UnityEditor.QuickSearchModule:UnityEditor.Search:ASIAI0B)
Imported 'GUID: 6a2c35661d97146b2b302a94d1120f35' -> (Import Result ID: '3e93c486624cf8ee9674fecc3c350a70') in 0.003 seconds [static and dynamic dependencies]. Details - ImportResultOutputID=9c4153c493c35a0ffe6156e3c06bf799 DependenciesID=d9ad264e6353adae29986a4ba755bddd StaticDependenciesID=85b7ae36552d17bf43dfe1501809c72d 
Number of updated asset objects reloaded before import = 0
Number of asset objects unloaded after import = 0
========================================================================
Received Import Request.
  Time of request: 2026-08-11T15:50:21.4203632Z
  Time since last request: 0.000497 seconds.
  importAddress: GUID: 09866f522fd194ad594f316ca5a60535 - Path: Packages/com.unity.visualscripting/Runtime/VisualScripting.Core/Serialization/Converters/RayConverter.cs - Importer: ScriptedImporter/UnityEditor.QuickSearchModule:UnityEditor.Search:ASIAI0B
Importing 'GUID: 09866f522fd194ad594f316ca5a60535 - Path: Packages/com.unity.visualscripting/Runtime/VisualScripting.Core/Serialization/Converters/RayConverter.cs - Importer: ScriptedImporter/UnityEditor.QuickSearchModule:UnityEditor.Search:ASIAI0B' with importer (ScriptedImporter : UnityEditor.QuickSearchModule:UnityEditor.Search:ASIAI0B)
Imported 'GUID: 09866f522fd194ad594f316ca5a60535' -> (Import Result ID: '50105ac4142adc0cc015fe6ffa7ec39c') in 0.004 seconds [static and dynamic dependencies]. Details - ImportResultOutputID=e0d328749d37f3061b56a5260b5b5152 DependenciesID=f602e2140a8ef37ccf1bffcdd7620f9e StaticDependenciesID=2bf32bd833d2e9e1f51abb276dfd1df3 
Number of updated asset objects reloaded before import = 0
Number of asset objects unloaded after import = 0
========================================================================
Received Import Request.
  Time of request: 2026-08-11T15:50:21.4326716Z
  Time since last request: 0.0004832 seconds.
  importAddress: GUID: faf9b20d93da1412c8a40afd3632646a - Path: Packages/com.unity.visualscripting/Runtime/VisualScripting.Flow/Framework/Control/SelectOnEnum.cs - Importer: ScriptedImporter/UnityEditor.QuickSearchModule:UnityEditor.Search:ASIAI0B
Importing 'GUID: faf9b20d93da1412c8a40afd3632646a - Path: Packages/com.unity.visualscripting/Runtime/VisualScripting.Flow/Framework/Control/SelectOnEnum.cs - Importer: ScriptedImporter/UnityEditor.QuickSearchModule:UnityEditor.Search:ASIAI0B' with importer (ScriptedImporter : UnityEditor.QuickSearchModule:UnityEditor.Search:ASIAI0B)
Imported 'GUID: faf9b20d93da1412c8a40afd3632646a' -> (Import Result ID: '3675c76377ed575ccb95dc4e73bf84aa') in 0.005 seconds [static and dynamic dependencies]. Details - ImportResultOutputID=fcbd7cb17d6f6278e4bf4a4a9a372987 DependenciesID=b83aac871fcf00676b4c4a380a11f1fa StaticDependenciesID=54e9193d96f26bcb1c7cc46f46425562 
Number of updated asset objects reloaded before import = 0
Number of asset objects unloaded after import = 0
========================================================================
Received Import Request.
  Time of request: 2026-08-11T15:50:21.4484027Z
  Time since last request: 0.0004268 seconds.
  importAddress: GUID: 55514a8464191433785154307e445337 - Path: Packages/com.unity.visualscripting/Runtime/VisualScripting.Flow/Dependencies/NCalc/FunctionArgs.cs - Importer: ScriptedImporter/UnityEditor.QuickSearchModule:UnityEditor.Search:ASIAI0B
Importing 'GUID: 55514a8464191433785154307e445337 - Path: Packages/com.unity.visualscripting/Runtime/VisualScripting.Flow/Dependencies/NCalc/FunctionArgs.cs - Importer: ScriptedImporter/UnityEditor.QuickSearchModule:UnityEditor.Search:ASIAI0B' with importer (ScriptedImporter : UnityEditor.QuickSearchModule:UnityEditor.Search:ASIAI0B)
Imported 'GUID: 55514a8464191433785154307e445337' -> (Import Result ID: '8954b14c57f33b6507d5eed4504ffc38') in 0.003 seconds [static and dynamic dependencies]. Details - ImportResultOutputID=9a7524ae8469e5c86bcd4814d0f15683 DependenciesID=b003b7445019ef9c5c49d1e94bd02323 StaticDependenciesID=2ad9f7637ea928a6c6b8a547ee377800 
Number of updated asset objects reloaded before import = 0
Number of asset objects unloaded after import = 0
========================================================================
Received Import Request.
  Time of request: 2026-08-11T15:50:21.4606789Z
  Time since last request: 0.0002733 seconds.
  importAddress: GUID: 1dc7ac191c666468cab1db556cd6fa7c - Path: Packages/com.unity.visualscripting/Runtime/VisualScripting.Flow/Framework/Control/SelectOnFlow.cs - Importer: ScriptedImporter/UnityEditor.QuickSearchModule:UnityEditor.Search:ASIAI0B
Importing 'GUID: 1dc7ac191c666468cab1db556cd6fa7c - Path: Packages/com.unity.visualscripting/Runtime/VisualScripting.Flow/Framework/Control/SelectOnFlow.cs - Importer: ScriptedImporter/UnityEditor.QuickSearchModule:UnityEditor.Search:ASIAI0B' with importer (ScriptedImporter : UnityEditor.QuickSearchModule:UnityEditor.Search:ASIAI0B)
Imported 'GUID: 1dc7ac191c666468cab1db556cd6fa7c' -> (Import Result ID: '90a9fe46403b68c771f4c468775343d9') in 0.003 seconds [static and dynamic dependencies]. Details - ImportResultOutputID=a8b684a3dcc1a7adb1d9e73cf764656a DependenciesID=681d54b2f3d0b8b4a20704aae6ac12ed StaticDependenciesID=e199f793ad18a11fc27bc304d8926b7f 
Number of updated asset objects reloaded before import = 0
Number of asset objects unloaded after import = 0
========================================================================
Received Import Request.
  Time of request: 2026-08-11T15:50:21.4846169Z
  Time since last request: 0.0117804 seconds.
  importAddress: GUID: ce9bcdc8594234a6b81f4f195a2664de - Path: Packages/com.unity.visualscripting/Runtime/VisualScripting.Flow/Framework/Math/Round.cs - Importer: ScriptedImporter/UnityEditor.QuickSearchModule:UnityEditor.Search:ASIAI0B
Importing 'GUID: ce9bcdc8594234a6b81f4f195a2664de - Path: Packages/com.unity.visualscripting/Runtime/VisualScripting.Flow/Framework/Math/Round.cs - Importer: ScriptedImporter/UnityEditor.QuickSearchModule:UnityEditor.Search:ASIAI0B' with importer (ScriptedImporter : UnityEditor.QuickSearchModule:UnityEditor.Search:ASIAI0B)
Imported 'GUID: ce9bcdc8594234a6b81f4f195a2664de' -> (Import Result ID: '58c53546719ddd6f5151421cfe6a9671') in 0.003 seconds [static and dynamic dependencies]. Details - ImportResultOutputID=fb2aa86b511d9c3b5288d8d4e3730e36 DependenciesID=c01304c371d10a1cfdce8100a1d9eb2d StaticDependenciesID=ebb13a329ffaa8ce17fa2d78588543cf 
Number of updated asset objects reloaded before import = 0
Number of asset objects unloaded after import = 0
========================================================================
Received Import Request.
  Time of request: 2026-08-11T15:50:21.4960934Z
  Time since last request: 0.0009047 seconds.
  importAddress: GUID: 596f580b21e640b9bf2f5d49c8c6a689 - Path: Packages/com.unity.visualscripting/Runtime/VisualScripting.Flow/Framework/Graph/SetScriptGraph.cs - Importer: ScriptedImporter/UnityEditor.QuickSearchModule:UnityEditor.Search:ASIAI0B
Importing 'GUID: 596f580b21e640b9bf2f5d49c8c6a689 - Path: Packages/com.unity.visualscripting/Runtime/VisualScripting.Flow/Framework/Graph/SetScriptGraph.cs - Importer: ScriptedImporter/UnityEditor.QuickSearchModule:UnityEditor.Search:ASIAI0B' with importer (ScriptedImporter : UnityEditor.QuickSearchModule:UnityEditor.Search:ASIAI0B)
Imported 'GUID: 596f580b21e640b9bf2f5d49c8c6a689' -> (Import Result ID: '62aa590998b4e36144ffa1d6f4409ad4') in 0.003 seconds [static and dynamic dependencies]. Details - ImportResultOutputID=6dd93946c2968cf161e84fec0b0bf8fd DependenciesID=666ebd3f73a5663459ef564a24c2ae90 StaticDependenciesID=6ccd6030092637aea4caffb4db1063d8 
Number of updated asset objects reloaded before import = 0
Number of asset objects unloaded after import = 0
========================================================================
Received Import Request.
  Time of request: 2026-08-11T15:50:21.5073846Z
  Time since last request: 0.0002508 seconds.
  importAddress: GUID: ea642e809385d4bd8951566868e7f534 - Path: Packages/com.unity.visualscripting/Runtime/VisualScripting.Flow/Framework/Events/CustomEvent.cs - Importer: ScriptedImporter/UnityEditor.QuickSearchModule:UnityEditor.Search:ASIAI0B
Importing 'GUID: ea642e809385d4bd8951566868e7f534 - Path: Packages/com.unity.visualscripting/Runtime/VisualScripting.Flow/Framework/Events/CustomEvent.cs - Importer: ScriptedImporter/UnityEditor.QuickSearchModule:UnityEditor.Search:ASIAI0B' with importer (ScriptedImporter : UnityEditor.QuickSearchModule:UnityEditor.Search:ASIAI0B)
Imported 'GUID: ea642e809385d4bd8951566868e7f534' -> (Import Result ID: 'bd8ace29b000f1bd3ca1714fdf526686') in 0.004 seconds [static and dynamic dependencies]. Details - ImportResultOutputID=66ecdb3f26c39e65dc201c5bf0073f51 DependenciesID=f0f4004a431fe00a6113faee999b7046 StaticDependenciesID=6deced8a272aff1656a2e5ad8d2f5c35 
Number of updated asset objects reloaded before import = 0
Number of asset objects unloaded after import = 0
========================================================================
Received Import Request.
  Time of request: 2026-08-11T15:50:21.5224452Z
  Time since last request: 0.0002384 seconds.
  importAddress: GUID: b0df414b887c340aba028b9858a02b8c - Path: Packages/com.unity.visualscripting/Runtime/VisualScripting.Flow/Framework/Events/ManualEventUnit.cs - Importer: ScriptedImporter/UnityEditor.QuickSearchModule:UnityEditor.Search:ASIAI0B
Importing 'GUID: b0df414b887c340aba028b9858a02b8c - Path: Packages/com.unity.visualscripting/Runtime/VisualScripting.Flow/Framework/Events/ManualEventUnit.cs - Importer: ScriptedImporter/UnityEditor.QuickSearchModule:UnityEditor.Search:ASIAI0B' with importer (ScriptedImporter : UnityEditor.QuickSearchModule:UnityEditor.Search:ASIAI0B)
Imported 'GUID: b0df414b887c340aba028b9858a02b8c' -> (Import Result ID: '110ebdbbd0f6f69126267420b2c21fc5') in 0.003 seconds [static and dynamic dependencies]. Details - ImportResultOutputID=5feb1cc3503a58216b58d33937e25921 DependenciesID=3c17e67068470ef088ee0a34602b3638 StaticDependenciesID=7c1bfbb9528195db330cf62b559d9505 
Number of updated asset objects reloaded before import = 0
Number of asset objects unloaded after import = 0
========================================================================
Received Import Request.
  Time of request: 2026-08-11T15:50:21.5344627Z
  Time since last request: 0.0004099 seconds.
  importAddress: GUID: 2a3ffd951e0554203aff7d10d1a9b2f7 - Path: Packages/com.unity.visualscripting/Runtime/VisualScripting.Flow/Framework/Graph/HasGraph.cs - Importer: ScriptedImporter/UnityEditor.QuickSearchModule:UnityEditor.Search:ASIAI0B
Importing 'GUID: 2a3ffd951e0554203aff7d10d1a9b2f7 - Path: Packages/com.unity.visualscripting/Runtime/VisualScripting.Flow/Framework/Graph/HasGraph.cs - Importer: ScriptedImporter/UnityEditor.QuickSearchModule:UnityEditor.Search:ASIAI0B' with importer (ScriptedImporter : UnityEditor.QuickSearchModule:UnityEditor.Search:ASIAI0B)
Imported 'GUID: 2a3ffd951e0554203aff7d10d1a9b2f7' -> (Import Result ID: '29d46a07c6bc41b0ed80a8520408bd06') in 0.003 seconds [static and dynamic dependencies]. Details - ImportResultOutputID=b1662978d97b886f78627e0ac0809eb5 DependenciesID=8236145ab45fd5ad16393e7f87f04fcf StaticDependenciesID=29f30aa07b45383b958086ed08218e3c 
Number of updated asset objects reloaded before import = 0
Number of asset objects unloaded after import = 0
========================================================================
Received Import Request.
  Time of request: 2026-08-11T15:50:21.546667Z
  Time since last request: 0.0005232 seconds.
  importAddress: GUID: 0db824a4c272f449289bfa24e1b40805 - Path: Packages/com.unity.visualscripting/Runtime/VisualScripting.Flow/Framework/Control/While.cs - Importer: ScriptedImporter/UnityEditor.QuickSearchModule:UnityEditor.Search:ASIAI0B
Importing 'GUID: 0db824a4c272f449289bfa24e1b40805 - Path: Packages/com.unity.visualscripting/Runtime/VisualScripting.Flow/Framework/Control/While.cs - Importer: ScriptedImporter/UnityEditor.QuickSearchModule:UnityEditor.Search:ASIAI0B' with importer (ScriptedImporter : UnityEditor.QuickSearchModule:UnityEditor.Search:ASIAI0B)
Imported 'GUID: 0db824a4c272f449289bfa24e1b40805' -> (Import Result ID: 'c96d7e79874c79af77c9dac5347d47b3') in 0.003 seconds [static and dynamic dependencies]. Details - ImportResultOutputID=6d4fffe665722497fb45e49ffcfce4de DependenciesID=4ae1e95c3c858bb6eefec887a2d75603 StaticDependenciesID=0ca2870a1f8e9171ac35248714e041be 
Number of updated asset objects reloaded before import = 0
Number of asset objects unloaded after import = 0
========================================================================
Received Import Request.
  Time of request: 2026-08-11T15:50:21.559216Z
  Time since last request: 0.0002408 seconds.
  importAddress: GUID: 1741ba912c026413193538282d720958 - Path: Packages/com.unity.visualscripting/Runtime/VisualScripting.Flow/Framework/Graph/GetScriptGraphs.cs - Importer: ScriptedImporter/UnityEditor.QuickSearchModule:UnityEditor.Search:ASIAI0B
Importing 'GUID: 1741ba912c026413193538282d720958 - Path: Packages/com.unity.visualscripting/Runtime/VisualScripting.Flow/Framework/Graph/GetScriptGraphs.cs - Importer: ScriptedImporter/UnityEditor.QuickSearchModule:UnityEditor.Search:ASIAI0B' with importer (ScriptedImporter : UnityEditor.QuickSearchModule:UnityEditor.Search:ASIAI0B)
Imported 'GUID: 1741ba912c026413193538282d720958' -> (Import Result ID: '4631c67e415bad9a5c815bf26d65a1dd') in 0.004 seconds [static and dynamic dependencies]. Details - ImportResultOutputID=8ce314bda9cd765737b086b013812954 DependenciesID=2ebf2fdb14b967b59cc64e106c0e0ecd StaticDependenciesID=1841415e5cbcd1b63c4bb5c9d10d653e 
Number of updated asset objects reloaded before import = 0
Number of asset objects unloaded after import = 0
========================================================================
Received Import Request.
  Time of request: 2026-08-11T15:50:21.5716992Z
  Time since last request: 0.0004097 seconds.
  importAddress: GUID: 0617241f63fdf4b819789715e39c4a90 - Path: Packages/com.unity.visualscripting/Runtime/VisualScripting.Flow/Framework/Graph/GetScriptGraph.cs - Importer: ScriptedImporter/UnityEditor.QuickSearchModule:UnityEditor.Search:ASIAI0B
Importing 'GUID: 0617241f63fdf4b819789715e39c4a90 - Path: Packages/com.unity.visualscripting/Runtime/VisualScripting.Flow/Framework/Graph/GetScriptGraph.cs - Importer: ScriptedImporter/UnityEditor.QuickSearchModule:UnityEditor.Search:ASIAI0B' with importer (ScriptedImporter : UnityEditor.QuickSearchModule:UnityEditor.Search:ASIAI0B)
Imported 'GUID: 0617241f63fdf4b819789715e39c4a90' -> (Import Result ID: '6d6aec81262ee2db66aac9c051703572') in 0.003 seconds [static and dynamic dependencies]. Details - ImportResultOutputID=4b1bed01b33430a93b19d282a9d735d0 DependenciesID=b12c0db23ec9f1bb795b8495c94df261 StaticDependenciesID=08e453e62e4c27de8932fc2df88915b9 
Number of updated asset objects reloaded before import = 0
Number of asset objects unloaded after import = 0
========================================================================
Received Import Request.
  Time of request: 2026-08-11T15:50:21.602471Z
  Time since last request: 0.0196653 seconds.
  importAddress: GUID: 4148c9dca42b44d6ea0c67879fb1cd06 - Path: Packages/com.unity.visualscripting/Editor/VisualScripting.Core/Dependencies/ReorderableList/ElementAdderMenu/GenericElementAdderMenu.cs - Importer: ScriptedImporter/UnityEditor.QuickSearchModule:UnityEditor.Search:ASIAI0B
Importing 'GUID: 4148c9dca42b44d6ea0c67879fb1cd06 - Path: Packages/com.unity.visualscripting/Editor/VisualScripting.Core/Dependencies/ReorderableList/ElementAdderMenu/GenericElementAdderMenu.cs - Importer: ScriptedImporter/UnityEditor.QuickSearchModule:UnityEditor.Search:ASIAI0B' with importer (ScriptedImporter : UnityEditor.QuickSearchModule:UnityEditor.Search:ASIAI0B)
Imported 'GUID: 4148c9dca42b44d6ea0c67879fb1cd06' -> (Import Result ID: '1ea8c4f0a9a3c0894d13fd57d35e3ceb') in 0.003 seconds [static and dynamic dependencies]. Details - ImportResultOutputID=7ade1809396e4420aa85d528579aa879 DependenciesID=fa768bc3402bcd847e39848464763346 StaticDependenciesID=8372944ba38ac1a44c03a1906b99f103 
Number of updated asset objects reloaded before import = 0
Number of asset objects unloaded after import = 0
========================================================================
Received Import Request.
  Time of request: 2026-08-11T15:50:21.6144607Z
  Time since last request: 0.0007211 seconds.
  importAddress: GUID: 56c33d70d80ff4f6ba80cf6030a4eb9a - Path: Packages/com.unity.visualscripting/Editor/VisualScripting.Core/Plugin/Changelogs/LegacyLudiqCore/Changelog_1_4_1.cs - Importer: ScriptedImporter/UnityEditor.QuickSearchModule:UnityEditor.Search:ASIAI0B
Importing 'GUID: 56c33d70d80ff4f6ba80cf6030a4eb9a - Path: Packages/com.unity.visualscripting/Editor/VisualScripting.Core/Plugin/Changelogs/LegacyLudiqCore/Changelog_1_4_1.cs - Importer: ScriptedImporter/UnityEditor.QuickSearchModule:UnityEditor.Search:ASIAI0B' with importer (ScriptedImporter : UnityEditor.QuickSearchModule:UnityEditor.Search:ASIAI0B)
Imported 'GUID: 56c33d70d80ff4f6ba80cf6030a4eb9a' -> (Import Result ID: '1f2f7ff54b588ba4d2c92f5406081a19') in 0.003 seconds [static and dynamic dependencies]. Details - ImportResultOutputID=de2f0696ce34f4bbb7511b04de5753c3 DependenciesID=212f8268150c1fd0b703edeee6915fe2 StaticDependenciesID=c84476908dee9903cf4bdd79fda289a7 
Number of updated asset objects reloaded before import = 0
Number of asset objects unloaded after import = 0
========================================================================
Received Import Request.
  Time of request: 2026-08-11T15:50:21.6267268Z
  Time since last request: 0.0015094 seconds.
  importAddress: GUID: c0cb080bee3126343b4a887d9b3464b1 - Path: Packages/com.unity.visualscripting/Editor/VisualScripting.Core/Dependencies/Assemblies/WINARM64/Unity.VisualScripting.sqlite3.dll - Importer: ScriptedImporter/UnityEditor.QuickSearchModule:UnityEditor.Search:ASIAI0B
Importing 'GUID: c0cb080bee3126343b4a887d9b3464b1 - Path: Packages/com.unity.visualscripting/Editor/VisualScripting.Core/Dependencies/Assemblies/WINARM64/Unity.VisualScripting.sqlite3.dll - Importer: ScriptedImporter/UnityEditor.QuickSearchModule:UnityEditor.Search:ASIAI0B' with importer (ScriptedImporter : UnityEditor.QuickSearchModule:UnityEditor.Search:ASIAI0B)
Imported 'GUID: c0cb080bee3126343b4a887d9b3464b1' -> (Import Result ID: '0663c955c48602c419232725f7301864') in 0.004 seconds [static and dynamic dependencies]. Details - ImportResultOutputID=dcfbd2b7301b9a746228904dd92d7eea DependenciesID=86265379db6c285dc2c3c827d587ccbf StaticDependenciesID=3a18966ff606083170f8712a72057389 
Number of updated asset objects reloaded before import = 0
Number of asset objects unloaded after import = 0
========================================================================
Received Import Request.
  Time of request: 2026-08-11T15:50:21.638931Z
  Time since last request: 0.0003366 seconds.
  importAddress: GUID: 1dae8c3432bf04c91bc877618e08117e - Path: Packages/com.unity.visualscripting/Runtime/VisualScripting.Flow/Framework/Nesting/GraphInput.cs - Importer: ScriptedImporter/UnityEditor.QuickSearchModule:UnityEditor.Search:ASIAI0B
Importing 'GUID: 1dae8c3432bf04c91bc877618e08117e - Path: Packages/com.unity.visualscripting/Runtime/VisualScripting.Flow/Framework/Nesting/GraphInput.cs - Importer: ScriptedImporter/UnityEditor.QuickSearchModule:UnityEditor.Search:ASIAI0B' with importer (ScriptedImporter : UnityEditor.QuickSearchModule:UnityEditor.Search:ASIAI0B)
Imported 'GUID: 1dae8c3432bf04c91bc877618e08117e' -> (Import Result ID: '19c184b87692cc07b0a5f4e1150f74ad') in 0.003 seconds [static and dynamic dependencies]. Details - ImportResultOutputID=c310492efd526142fe1a69d0af27a4c2 DependenciesID=659320ccb52d73bbc82719398e441b2f StaticDependenciesID=a05422a6da62a4c9bcbbd49ae7705638 
Number of updated asset objects reloaded before import = 0
Number of asset objects unloaded after import = 0
========================================================================
Received Import Request.
  Time of request: 2026-08-11T15:50:21.6513671Z
  Time since last request: 0.0002618 seconds.
  importAddress: GUID: 9ff592532ebe14369b3bca09ee600108 - Path: Packages/com.unity.visualscripting/Editor/VisualScripting.Core/Dependencies/Assemblies/WINx64/Unity.VisualScripting.sqlite3.dll - Importer: ScriptedImporter/UnityEditor.QuickSearchModule:UnityEditor.Search:ASIAI0B
Importing 'GUID: 9ff592532ebe14369b3bca09ee600108 - Path: Packages/com.unity.visualscripting/Editor/VisualScripting.Core/Dependencies/Assemblies/WINx64/Unity.VisualScripting.sqlite3.dll - Importer: ScriptedImporter/UnityEditor.QuickSearchModule:UnityEditor.Search:ASIAI0B' with importer (ScriptedImporter : UnityEditor.QuickSearchModule:UnityEditor.Search:ASIAI0B)
Imported 'GUID: 9ff592532ebe14369b3bca09ee600108' -> (Import Result ID: '65f867e8227e124a14f0f7037e268f8a') in 0.005 seconds [static and dynamic dependencies]. Details - ImportResultOutputID=39839b08076f2bb92bc51303851de6dc DependenciesID=183b84be981c74ac97b2a4dbbcc6522f StaticDependenciesID=d73fed2c1e2843df1288f8acf78d23c9 
Number of updated asset objects reloaded before import = 0
Number of asset objects unloaded after import = 0
========================================================================
Received Import Request.
  Time of request: 2026-08-11T15:50:21.666941Z
  Time since last request: 0.0003434 seconds.
  importAddress: GUID: f662210e7a8f640e7a1db92d95218750 - Path: Packages/com.unity.visualscripting/Editor/VisualScripting.Core/Plugin/Changelogs/LegacyLudiqCore/Changelog_1_2_3.cs - Importer: ScriptedImporter/UnityEditor.QuickSearchModule:UnityEditor.Search:ASIAI0B
Importing 'GUID: f662210e7a8f640e7a1db92d95218750 - Path: Packages/com.unity.visualscripting/Editor/VisualScripting.Core/Plugin/Changelogs/LegacyLudiqCore/Changelog_1_2_3.cs - Importer: ScriptedImporter/UnityEditor.QuickSearchModule:UnityEditor.Search:ASIAI0B' with importer (ScriptedImporter : UnityEditor.QuickSearchModule:UnityEditor.Search:ASIAI0B)
Imported 'GUID: f662210e7a8f640e7a1db92d95218750' -> (Import Result ID: '1300d9fdbb4927d35e14d85ca82bec2d') in 0.003 seconds [static and dynamic dependencies]. Details - ImportResultOutputID=de4b9be565df5de4804a79fbdcdccc2c DependenciesID=4efa2a90937ad625732254e64604faad StaticDependenciesID=f60846e72b4fed63b740f0eff5b7297f 
Number of updated asset objects reloaded before import = 0
Number of asset objects unloaded after import = 0
========================================================================
Received Import Request.
  Time of request: 2026-08-11T15:50:21.67868Z
  Time since last request: 0.0004645 seconds.
  importAddress: GUID: 36959c1c145e243148cb214c7ada2bdd - Path: Packages/com.unity.visualscripting/Editor/VisualScripting.Core/Plugin/Changelogs/LegacyLudiqCore/Changelog_1_4_12.cs - Importer: ScriptedImporter/UnityEditor.QuickSearchModule:UnityEditor.Search:ASIAI0B
Importing 'GUID: 36959c1c145e243148cb214c7ada2bdd - Path: Packages/com.unity.visualscripting/Editor/VisualScripting.Core/Plugin/Changelogs/LegacyLudiqCore/Changelog_1_4_12.cs - Importer: ScriptedImporter/UnityEditor.QuickSearchModule:UnityEditor.Search:ASIAI0B' with importer (ScriptedImporter : UnityEditor.QuickSearchModule:UnityEditor.Search:ASIAI0B)
Imported 'GUID: 36959c1c145e243148cb214c7ada2bdd' -> (Import Result ID: '965e5fb75f6c9468cf053a9441bad5f0') in 0.003 seconds [static and dynamic dependencies]. Details - ImportResultOutputID=9a29399fb1e531735e0224f956161ae2 DependenciesID=15ebcf67cea282b9a1996ef8e578c23a StaticDependenciesID=8605173a37eb8954fda2516a0cbd0e34 
Number of updated asset objects reloaded before import = 0
Number of asset objects unloaded after import = 0
========================================================================
Received Import Request.
  Time of request: 2026-08-11T15:50:21.6915739Z
  Time since last request: 0.0002171 seconds.
  importAddress: GUID: ce45d6791b921454c821e8a1c9b5bd30 - Path: Packages/com.unity.visualscripting/Editor/VisualScripting.Core/Dependencies/ReorderableList/Internal/SerializedPropertyUtility.cs - Importer: ScriptedImporter/UnityEditor.QuickSearchModule:UnityEditor.Search:ASIAI0B
Importing 'GUID: ce45d6791b921454c821e8a1c9b5bd30 - Path: Packages/com.unity.visualscripting/Editor/VisualScripting.Core/Dependencies/ReorderableList/Internal/SerializedPropertyUtility.cs - Importer: ScriptedImporter/UnityEditor.QuickSearchModule:UnityEditor.Search:ASIAI0B' with importer (ScriptedImporter : UnityEditor.QuickSearchModule:UnityEditor.Search:ASIAI0B)
Imported 'GUID: ce45d6791b921454c821e8a1c9b5bd30' -> (Import Result ID: '52871fa6b69ec064f74e6485ad01469f') in 0.003 seconds [static and dynamic dependencies]. Details - ImportResultOutputID=ccca0fae4d6fda348354f4a75d97968f DependenciesID=fbb11d1ac4f9522614aa8cd6e087900a StaticDependenciesID=1be427dd8aacf2ffd6a1fec1bbf2129e 
Number of updated asset objects reloaded before import = 0
Number of asset objects unloaded after import = 0
========================================================================
Received Import Request.
  Time of request: 2026-08-11T15:50:21.7074386Z
  Time since last request: 0.0056747 seconds.
  importAddress: GUID: 4d86ff51cc6254e328144883c0cb4e80 - Path: Packages/com.unity.visualscripting/Editor/VisualScripting.Core/Plugin/Changelogs/LegacyLudiqGraphs/Changelog_1_1_0.cs - Importer: ScriptedImporter/UnityEditor.QuickSearchModule:UnityEditor.Search:ASIAI0B
Importing 'GUID: 4d86ff51cc6254e328144883c0cb4e80 - Path: Packages/com.unity.visualscripting/Editor/VisualScripting.Core/Plugin/Changelogs/LegacyLudiqGraphs/Changelog_1_1_0.cs - Importer: ScriptedImporter/UnityEditor.QuickSearchModule:UnityEditor.Search:ASIAI0B' with importer (ScriptedImporter : UnityEditor.QuickSearchModule:UnityEditor.Search:ASIAI0B)
Imported 'GUID: 4d86ff51cc6254e328144883c0cb4e80' -> (Import Result ID: '3915847953cb33461e2cd3b2575269e2') in 0.003 seconds [static and dynamic dependencies]. Details - ImportResultOutputID=242c6116661cc4e0739abb5d8922f20f DependenciesID=3c89c09ddc9a42c3583636f7b58c9cc4 StaticDependenciesID=948a64965104d0aa2fb25f273b381fcd 
Number of updated asset objects reloaded before import = 0
Number of asset objects unloaded after import = 0
========================================================================
Received Import Request.
  Time of request: 2026-08-11T15:50:21.7204018Z
  Time since last request: 0.0004219 seconds.
  importAddress: GUID: 61be118634d734d7298484c1415d484f - Path: Packages/com.unity.visualscripting/Editor/VisualScripting.Flow/Framework/Variables/Obsolete/SetVariableUnitOption.cs - Importer: ScriptedImporter/UnityEditor.QuickSearchModule:UnityEditor.Search:ASIAI0B
Importing 'GUID: 61be118634d734d7298484c1415d484f - Path: Packages/com.unity.visualscripting/Editor/VisualScripting.Flow/Framework/Variables/Obsolete/SetVariableUnitOption.cs - Importer: ScriptedImporter/UnityEditor.QuickSearchModule:UnityEditor.Search:ASIAI0B' with importer (ScriptedImporter : UnityEditor.QuickSearchModule:UnityEditor.Search:ASIAI0B)
Imported 'GUID: 61be118634d734d7298484c1415d484f' -> (Import Result ID: '60680bbab768af7448653770696b5c7c') in 0.003 seconds [static and dynamic dependencies]. Details - ImportResultOutputID=c85bb18f772749f03c324e559e097e5e DependenciesID=8c494d58f408552055a346ebe83d6dff StaticDependenciesID=7d87ca65d74368db341741be467ab7e4 
Number of updated asset objects reloaded before import = 0
Number of asset objects unloaded after import = 0
========================================================================
Received Import Request.
  Time of request: 2026-08-11T15:50:21.7325285Z
  Time since last request: 0.0004316 seconds.
  importAddress: GUID: f20b6488154d04514b542bc7dfec85b6 - Path: Packages/com.unity.visualscripting/Runtime/VisualScripting.Flow/Framework/Collections/Lists/InsertListItem.cs - Importer: ScriptedImporter/UnityEditor.QuickSearchModule:UnityEditor.Search:ASIAI0B
Importing 'GUID: f20b6488154d04514b542bc7dfec85b6 - Path: Packages/com.unity.visualscripting/Runtime/VisualScripting.Flow/Framework/Collections/Lists/InsertListItem.cs - Importer: ScriptedImporter/UnityEditor.QuickSearchModule:UnityEditor.Search:ASIAI0B' with importer (ScriptedImporter : UnityEditor.QuickSearchModule:UnityEditor.Search:ASIAI0B)
Imported 'GUID: f20b6488154d04514b542bc7dfec85b6' -> (Import Result ID: 'f02a801a4d00532d8c651c85ad49a038') in 0.003 seconds [static and dynamic dependencies]. Details - ImportResultOutputID=01c17c7119c991801072fa6dacb0d8ac DependenciesID=56da1f9619640f97df8951e7db3acf24 StaticDependenciesID=3de1a20434d05376122a2c570d53e4f6 
Number of updated asset objects reloaded before import = 0
Number of asset objects unloaded after import = 0
========================================================================
Received Import Request.
  Time of request: 2026-08-11T15:50:21.7452147Z
  Time since last request: 0.0004414 seconds.
  importAddress: GUID: b2c6916dd07ed47b7b77ccd07eea9fbe - Path: Packages/com.unity.visualscripting/Runtime/VisualScripting.Flow/Framework/Collections/Dictionaries/SetDictionaryItem.cs - Importer: ScriptedImporter/UnityEditor.QuickSearchModule:UnityEditor.Search:ASIAI0B
Importing 'GUID: b2c6916dd07ed47b7b77ccd07eea9fbe - Path: Packages/com.unity.visualscripting/Runtime/VisualScripting.Flow/Framework/Collections/Dictionaries/SetDictionaryItem.cs - Importer: ScriptedImporter/UnityEditor.QuickSearchModule:UnityEditor.Search:ASIAI0B' with importer (ScriptedImporter : UnityEditor.QuickSearchModule:UnityEditor.Search:ASIAI0B)
Imported 'GUID: b2c6916dd07ed47b7b77ccd07eea9fbe' -> (Import Result ID: '64b623e77efc7e6171391279ed37ef66') in 0.003 seconds [static and dynamic dependencies]. Details - ImportResultOutputID=43c06feb308145fdd2a64aea024aad2f DependenciesID=1023ba9008051d0fe9a04c949b3ab8f5 StaticDependenciesID=29b2d4cbe3d675ae696b0c3b8cccb2b1 
Number of updated asset objects reloaded before import = 0
Number of asset objects unloaded after import = 0
========================================================================
Received Import Request.
  Time of request: 2026-08-11T15:50:21.7581369Z
  Time since last request: 0.0002674 seconds.
  importAddress: GUID: 5f4c650178b4b4b79a3b5cabd17c9307 - Path: Packages/com.unity.visualscripting/Runtime/VisualScripting.Core/Dependencies/FullSerializer/Converters/fsArrayConverter.cs - Importer: ScriptedImporter/UnityEditor.QuickSearchModule:UnityEditor.Search:ASIAI0B
Importing 'GUID: 5f4c650178b4b4b79a3b5cabd17c9307 - Path: Packages/com.unity.visualscripting/Runtime/VisualScripting.Core/Dependencies/FullSerializer/Converters/fsArrayConverter.cs - Importer: ScriptedImporter/UnityEditor.QuickSearchModule:UnityEditor.Search:ASIAI0B' with importer (ScriptedImporter : UnityEditor.QuickSearchModule:UnityEditor.Search:ASIAI0B)
Imported 'GUID: 5f4c650178b4b4b79a3b5cabd17c9307' -> (Import Result ID: '1be95b3e41f33195a4c0ab67dbc3937e') in 0.003 seconds [static and dynamic dependencies]. Details - ImportResultOutputID=084fb42311dc7385d2cf98c4604a1f25 DependenciesID=e314e15bc9abacdba05807fb1159b240 StaticDependenciesID=ac3781cc90af39b010729e5caa04de8e 
Number of updated asset objects reloaded before import = 0
Number of asset objects unloaded after import = 0
========================================================================
Received Import Request.
  Time of request: 2026-08-11T15:50:21.7705056Z
  Time since last request: 0.000233 seconds.
  importAddress: GUID: b2cf6489d32e14b8ba1bec90f2dcc4bf - Path: Packages/com.unity.visualscripting/Runtime/VisualScripting.Core/Dependencies/FullSerializer/Converters/fsDateConverter.cs - Importer: ScriptedImporter/UnityEditor.QuickSearchModule:UnityEditor.Search:ASIAI0B
Importing 'GUID: b2cf6489d32e14b8ba1bec90f2dcc4bf - Path: Packages/com.unity.visualscripting/Runtime/VisualScripting.Core/Dependencies/FullSerializer/Converters/fsDateConverter.cs - Importer: ScriptedImporter/UnityEditor.QuickSearchModule:UnityEditor.Search:ASIAI0B' with importer (ScriptedImporter : UnityEditor.QuickSearchModule:UnityEditor.Search:ASIAI0B)
Imported 'GUID: b2cf6489d32e14b8ba1bec90f2dcc4bf' -> (Import Result ID: '9f4c7a73e6a117fe226d376176658148') in 0.003 seconds [static and dynamic dependencies]. Details - ImportResultOutputID=09227ad34998e9d182736a00ad792ed5 DependenciesID=43f9f964dde38e1be34bedf04980a1fc StaticDependenciesID=6defc21a06b89602691bc8dd1a236ce2 
Number of updated asset objects reloaded before import = 0
Number of asset objects unloaded after import = 0
========================================================================
Received Import Request.
  Time of request: 2026-08-11T15:50:21.7831755Z
  Time since last request: 0.0004029 seconds.
  importAddress: GUID: f3b23c5b811b54a9ab7a6c88146a46a5 - Path: Packages/com.unity.visualscripting/Editor/VisualScripting.Core/Plugin/Changelogs/LegacyLudiqGraphs/Changelog_1_4_1.cs - Importer: ScriptedImporter/UnityEditor.QuickSearchModule:UnityEditor.Search:ASIAI0B
Importing 'GUID: f3b23c5b811b54a9ab7a6c88146a46a5 - Path: Packages/com.unity.visualscripting/Editor/VisualScripting.Core/Plugin/Changelogs/LegacyLudiqGraphs/Changelog_1_4_1.cs - Importer: ScriptedImporter/UnityEditor.QuickSearchModule:UnityEditor.Search:ASIAI0B' with importer (ScriptedImporter : UnityEditor.QuickSearchModule:UnityEditor.Search:ASIAI0B)
Imported 'GUID: f3b23c5b811b54a9ab7a6c88146a46a5' -> (Import Result ID: 'd496d0861275f1190a0a65e90b449114') in 0.004 seconds [static and dynamic dependencies]. Details - ImportResultOutputID=0a9fe53af8c85880112652c567b3f7bd DependenciesID=98ed9c0b3dcf940d878d5f31aa197939 StaticDependenciesID=4389a55be98313cf4a5748ddc706cd16 
Number of updated asset objects reloaded before import = 0
Number of asset objects unloaded after import = 0
========================================================================
Received Import Request.
  Time of request: 2026-08-11T15:50:21.7944823Z
  Time since last request: 0.0003066 seconds.
  importAddress: GUID: a81c0890f86e544d8bd52f3fab082ca7 - Path: Packages/com.unity.visualscripting/Runtime/VisualScripting.Flow/Framework/Collections/Dictionaries/MergeDictionaries.cs - Importer: ScriptedImporter/UnityEditor.QuickSearchModule:UnityEditor.Search:ASIAI0B
Importing 'GUID: a81c0890f86e544d8bd52f3fab082ca7 - Path: Packages/com.unity.visualscripting/Runtime/VisualScripting.Flow/Framework/Collections/Dictionaries/MergeDictionaries.cs - Importer: ScriptedImporter/UnityEditor.QuickSearchModule:UnityEditor.Search:ASIAI0B' with importer (ScriptedImporter : UnityEditor.QuickSearchModule:UnityEditor.Search:ASIAI0B)
Imported 'GUID: a81c0890f86e544d8bd52f3fab082ca7' -> (Import Result ID: 'b7a32c174f2db6650a19c44481050efe') in 0.003 seconds [static and dynamic dependencies]. Details - ImportResultOutputID=7c41b0dd97674622fa89cc134bd22938 DependenciesID=9267e71e95238bdeb9c9bc57bc0f09cc StaticDependenciesID=767b9a2418e4a7ce193476301d11db9f 
Number of updated asset objects reloaded before import = 0
Number of asset objects unloaded after import = 0
========================================================================
Received Import Request.
  Time of request: 2026-08-11T15:50:21.8245534Z
  Time since last request: 0.0197174 seconds.
  importAddress: GUID: a0274e2d9504747689564e43b42b2525 - Path: Packages/com.unity.visualscripting/Runtime/VisualScripting.Flow/Framework/Events/Application/OnApplicationFocus.cs - Importer: ScriptedImporter/UnityEditor.QuickSearchModule:UnityEditor.Search:ASIAI0B
Importing 'GUID: a0274e2d9504747689564e43b42b2525 - Path: Packages/com.unity.visualscripting/Runtime/VisualScripting.Flow/Framework/Events/Application/OnApplicationFocus.cs - Importer: ScriptedImporter/UnityEditor.QuickSearchModule:UnityEditor.Search:ASIAI0B' with importer (ScriptedImporter : UnityEditor.QuickSearchModule:UnityEditor.Search:ASIAI0B)
Imported 'GUID: a0274e2d9504747689564e43b42b2525' -> (Import Result ID: '866cbcdf8f2faa6dc8c76a1c41525ad0') in 0.003 seconds [static and dynamic dependencies]. Details - ImportResultOutputID=53bfb058a4b5e7438300ff4cd272db44 DependenciesID=74328aee62df52e41fba8b2f20c45a36 StaticDependenciesID=610c6b4d7ecb03319b4a95726abbbc68 
Number of updated asset objects reloaded before import = 0
Number of asset objects unloaded after import = 0
========================================================================
Received Import Request.
  Time of request: 2026-08-11T15:50:21.8362688Z
  Time since last request: 0.0010452 seconds.
  importAddress: GUID: 9e09778b917d645b09bbd1aa93fb2ee0 - Path: Packages/com.unity.visualscripting/Runtime/VisualScripting.Flow/Framework/Events/GUI/OnBeginDrag.cs - Importer: ScriptedImporter/UnityEditor.QuickSearchModule:UnityEditor.Search:ASIAI0B
Importing 'GUID: 9e09778b917d645b09bbd1aa93fb2ee0 - Path: Packages/com.unity.visualscripting/Runtime/VisualScripting.Flow/Framework/Events/GUI/OnBeginDrag.cs - Importer: ScriptedImporter/UnityEditor.QuickSearchModule:UnityEditor.Search:ASIAI0B' with importer (ScriptedImporter : UnityEditor.QuickSearchModule:UnityEditor.Search:ASIAI0B)
Imported 'GUID: 9e09778b917d645b09bbd1aa93fb2ee0' -> (Import Result ID: '2cf5d459adae67ad93323654bbfbee2f') in 0.003 seconds [static and dynamic dependencies]. Details - ImportResultOutputID=b09e40fdb7366bd6e0aed72eacaf18ba DependenciesID=bfeb4238d8d27a83cb3458994f3c6a9e StaticDependenciesID=7dda7efe162154d70d31dfdc6fe82741 
Number of updated asset objects reloaded before import = 0
Number of asset objects unloaded after import = 0
========================================================================
Received Import Request.
  Time of request: 2026-08-11T15:50:21.8479645Z
  Time since last request: 0.0003869 seconds.
  importAddress: GUID: cc271ee33d067424a8d0a485c0f9d81a - Path: Packages/com.unity.visualscripting/Runtime/VisualScripting.Flow/Framework/Events/Lifecycle/Start.cs - Importer: ScriptedImporter/UnityEditor.QuickSearchModule:UnityEditor.Search:ASIAI0B
Importing 'GUID: cc271ee33d067424a8d0a485c0f9d81a - Path: Packages/com.unity.visualscripting/Runtime/VisualScripting.Flow/Framework/Events/Lifecycle/Start.cs - Importer: ScriptedImporter/UnityEditor.QuickSearchModule:UnityEditor.Search:ASIAI0B' with importer (ScriptedImporter : UnityEditor.QuickSearchModule:UnityEditor.Search:ASIAI0B)
Imported 'GUID: cc271ee33d067424a8d0a485c0f9d81a' -> (Import Result ID: 'f220f3474ac1aee92f2b96837fed0d5e') in 0.003 seconds [static and dynamic dependencies]. Details - ImportResultOutputID=545252c263f2d00a0d5334ec34a5f390 DependenciesID=6bca19a04bdea843c6c607e0eb1cbb21 StaticDependenciesID=fced306e8e8134a8bb64f910f372956e 
Number of updated asset objects reloaded before import = 0
Number of asset objects unloaded after import = 0
========================================================================
Received Import Request.
  Time of request: 2026-08-11T15:50:21.8607153Z
  Time since last request: 0.0005688 seconds.
  importAddress: GUID: f8252f45e05f7479dbc8c7a5125872b6 - Path: Packages/com.unity.visualscripting/Runtime/VisualScripting.Flow/Framework/Events/Physics/OnCollisionExit.cs - Importer: ScriptedImporter/UnityEditor.QuickSearchModule:UnityEditor.Search:ASIAI0B
Importing 'GUID: f8252f45e05f7479dbc8c7a5125872b6 - Path: Packages/com.unity.visualscripting/Runtime/VisualScripting.Flow/Framework/Events/Physics/OnCollisionExit.cs - Importer: ScriptedImporter/UnityEditor.QuickSearchModule:UnityEditor.Search:ASIAI0B' with importer (ScriptedImporter : UnityEditor.QuickSearchModule:UnityEditor.Search:ASIAI0B)
Imported 'GUID: f8252f45e05f7479dbc8c7a5125872b6' -> (Import Result ID: '6f37c5d4ef3cb53fdd56f7d56fd7414c') in 0.003 seconds [static and dynamic dependencies]. Details - ImportResultOutputID=751a75db1c80350a9b2a798ce0b9c8f6 DependenciesID=71de2b1b593c50a25baa7025dbc6dfcf StaticDependenciesID=142fb2865574d1409f4742ee08a89a56 
Number of updated asset objects reloaded before import = 0
Number of asset objects unloaded after import = 0
========================================================================
Received Import Request.
  Time of request: 2026-08-11T15:50:21.8720837Z
  Time since last request: 0.000654 seconds.
  importAddress: GUID: 4fb1cea9670ed404b8b39e9753cb227d - Path: Packages/com.unity.visualscripting/Runtime/VisualScripting.Flow/Framework/Events/GUI/OnPointerDown.cs - Importer: ScriptedImporter/UnityEditor.QuickSearchModule:UnityEditor.Search:ASIAI0B
Importing 'GUID: 4fb1cea9670ed404b8b39e9753cb227d - Path: Packages/com.unity.visualscripting/Runtime/VisualScripting.Flow/Framework/Events/GUI/OnPointerDown.cs - Importer: ScriptedImporter/UnityEditor.QuickSearchModule:UnityEditor.Search:ASIAI0B' with importer (ScriptedImporter : UnityEditor.QuickSearchModule:UnityEditor.Search:ASIAI0B)
Imported 'GUID: 4fb1cea9670ed404b8b39e9753cb227d' -> (Import Result ID: '0935f38634d6b9280345ac508cda2bd8') in 0.003 seconds [static and dynamic dependencies]. Details - ImportResultOutputID=99cdba51616404b6f3519f3bda185958 DependenciesID=cee5829d9f44563a4cd03e7f14c3c6a1 StaticDependenciesID=4a2f39eb568151f2ac60189870b779cb 
Number of updated asset objects reloaded before import = 0
Number of asset objects unloaded after import = 0
========================================================================
Received Import Request.
  Time of request: 2026-08-11T15:50:21.8844003Z
  Time since last request: 0.0004023 seconds.
  importAddress: GUID: a13da87eb3ffd4da1abc9b68445b4905 - Path: Packages/com.unity.visualscripting/Runtime/VisualScripting.Flow/Framework/Events/Application/OnApplicationResume.cs - Importer: ScriptedImporter/UnityEditor.QuickSearchModule:UnityEditor.Search:ASIAI0B
Importing 'GUID: a13da87eb3ffd4da1abc9b68445b4905 - Path: Packages/com.unity.visualscripting/Runtime/VisualScripting.Flow/Framework/Events/Application/OnApplicationResume.cs - Importer: ScriptedImporter/UnityEditor.QuickSearchModule:UnityEditor.Search:ASIAI0B' with importer (ScriptedImporter : UnityEditor.QuickSearchModule:UnityEditor.Search:ASIAI0B)
Imported 'GUID: a13da87eb3ffd4da1abc9b68445b4905' -> (Import Result ID: '5e216eeea0436e1eea712fa39c71fe4b') in 0.003 seconds [static and dynamic dependencies]. Details - ImportResultOutputID=136a0ff136ebfe9b95242eb8355afbfb DependenciesID=85e8fd2165170695d0bef1cf945a4325 StaticDependenciesID=f2ae02a6a71bd21407231c73d04ca8f2 
Number of updated asset objects reloaded before import = 0
Number of asset objects unloaded after import = 0
========================================================================
Received Import Request.
  Time of request: 2026-08-11T15:50:21.898007Z
  Time since last request: 0.0002817 seconds.
  importAddress: GUID: 66c7e0517c5f640cc9b62e077ca8dcbc - Path: Packages/com.unity.visualscripting/Runtime/VisualScripting.Flow/Framework/Events/GUI/OnCancel.cs - Importer: ScriptedImporter/UnityEditor.QuickSearchModule:UnityEditor.Search:ASIAI0B
Importing 'GUID: 66c7e0517c5f640cc9b62e077ca8dcbc - Path: Packages/com.unity.visualscripting/Runtime/VisualScripting.Flow/Framework/Events/GUI/OnCancel.cs - Importer: ScriptedImporter/UnityEditor.QuickSearchModule:UnityEditor.Search:ASIAI0B' with importer (ScriptedImporter : UnityEditor.QuickSearchModule:UnityEditor.Search:ASIAI0B)
Imported 'GUID: 66c7e0517c5f640cc9b62e077ca8dcbc' -> (Import Result ID: '624bd5a7e99b98656ad498e532c8741b') in 0.003 seconds [static and dynamic dependencies]. Details - ImportResultOutputID=4643706be7189bf3edd5f275944ad6c7 DependenciesID=833e0f2eab5d2cef0b087163c4ee5ba3 StaticDependenciesID=c2d8952088aa17da80db27f9ec906dc8 
Number of updated asset objects reloaded before import = 0
Number of asset objects unloaded after import = 0
========================================================================
Received Import Request.
  Time of request: 2026-08-11T15:50:21.9107046Z
  Time since last request: 0.0003105 seconds.
  importAddress: GUID: 6e80cd73486524a5fa8f4ebc514915c8 - Path: Packages/com.unity.visualscripting/Runtime/VisualScripting.Flow/Framework/Events/GUI/OnDeselect.cs - Importer: ScriptedImporter/UnityEditor.QuickSearchModule:UnityEditor.Search:ASIAI0B
Importing 'GUID: 6e80cd73486524a5fa8f4ebc514915c8 - Path: Packages/com.unity.visualscripting/Runtime/VisualScripting.Flow/Framework/Events/GUI/OnDeselect.cs - Importer: ScriptedImporter/UnityEditor.QuickSearchModule:UnityEditor.Search:ASIAI0B' with importer (ScriptedImporter : UnityEditor.QuickSearchModule:UnityEditor.Search:ASIAI0B)
Imported 'GUID: 6e80cd73486524a5fa8f4ebc514915c8' -> (Import Result ID: '54920322f2cc06c6919737b403f155ab') in 0.003 seconds [static and dynamic dependencies]. Details - ImportResultOutputID=d6ee9923e6c7bded2a7841dbcc36fec5 DependenciesID=3ba90f99265cc169a0d2110bd2541712 StaticDependenciesID=a52a356dcc1d0c457e35495e29ab088f 
Number of updated asset objects reloaded before import = 0
Number of asset objects unloaded after import = 0
========================================================================
Received Import Request.
  Time of request: 2026-08-11T15:50:21.9678642Z
  Time since last request: 0.0467597 seconds.
  importAddress: GUID: ddd8f3642494344d7937d9b32f751b2d - Path: Packages/com.unity.visualscripting/Runtime/VisualScripting.Flow/Framework/Events/Physics2D/OnCollisionEnter2D.cs - Importer: ScriptedImporter/UnityEditor.QuickSearchModule:UnityEditor.Search:ASIAI0B
Importing 'GUID: ddd8f3642494344d7937d9b32f751b2d - Path: Packages/com.unity.visualscripting/Runtime/VisualScripting.Flow/Framework/Events/Physics2D/OnCollisionEnter2D.cs - Importer: ScriptedImporter/UnityEditor.QuickSearchModule:UnityEditor.Search:ASIAI0B' with importer (ScriptedImporter : UnityEditor.QuickSearchModule:UnityEditor.Search:ASIAI0B)
Imported 'GUID: ddd8f3642494344d7937d9b32f751b2d' -> (Import Result ID: 'e4ec3173e8677983a2334e62fd9ae9bc') in 0.003 seconds [static and dynamic dependencies]. Details - ImportResultOutputID=d4bb25d3a3024d45be055cfd35da49fb DependenciesID=aa9a53255f3fa850d13bfd5818118198 StaticDependenciesID=e596e1f6c55faec47d7c33041b7019cf 
Number of updated asset objects reloaded before import = 0
Number of asset objects unloaded after import = 0
========================================================================
Received Import Request.
  Time of request: 2026-08-11T15:50:21.9789401Z
  Time since last request: 0.0009052 seconds.
  importAddress: GUID: bbdcb7c86e2654988b5328220f58a0fa - Path: Packages/com.unity.visualscripting/Runtime/VisualScripting.Flow/Framework/Math/Vector2/Vector2Multiply.cs - Importer: ScriptedImporter/UnityEditor.QuickSearchModule:UnityEditor.Search:ASIAI0B
Importing 'GUID: bbdcb7c86e2654988b5328220f58a0fa - Path: Packages/com.unity.visualscripting/Runtime/VisualScripting.Flow/Framework/Math/Vector2/Vector2Multiply.cs - Importer: ScriptedImporter/UnityEditor.QuickSearchModule:UnityEditor.Search:ASIAI0B' with importer (ScriptedImporter : UnityEditor.QuickSearchModule:UnityEditor.Search:ASIAI0B)
Imported 'GUID: bbdcb7c86e2654988b5328220f58a0fa' -> (Import Result ID: 'f248163f5bf18ef958210b4c42dd8d3e') in 0.003 seconds [static and dynamic dependencies]. Details - ImportResultOutputID=98bafed045241fe744fd10749f56abac DependenciesID=214a7024ea3a770791927d7a26ccc4d0 StaticDependenciesID=f6b724ac6c117fc442307bf72b4dfb1a 
Number of updated asset objects reloaded before import = 0
Number of asset objects unloaded after import = 0
========================================================================
Received Import Request.
  Time of request: 2026-08-11T15:50:21.9907829Z
  Time since last request: 0.0006745 seconds.
  importAddress: GUID: 0c2edba0ea7a04509b020c73dd56f326 - Path: Packages/com.unity.visualscripting/Runtime/VisualScripting.Flow/Framework/Math/Scalar/ScalarRound.cs - Importer: ScriptedImporter/UnityEditor.QuickSearchModule:UnityEditor.Search:ASIAI0B
Importing 'GUID: 0c2edba0ea7a04509b020c73dd56f326 - Path: Packages/com.unity.visualscripting/Runtime/VisualScripting.Flow/Framework/Math/Scalar/ScalarRound.cs - Importer: ScriptedImporter/UnityEditor.QuickSearchModule:UnityEditor.Search:ASIAI0B' with importer (ScriptedImporter : UnityEditor.QuickSearchModule:UnityEditor.Search:ASIAI0B)
Imported 'GUID: 0c2edba0ea7a04509b020c73dd56f326' -> (Import Result ID: 'e870bbaca5a9b449a353780dba9c6f64') in 0.003 seconds [static and dynamic dependencies]. Details - ImportResultOutputID=ea170662157be3310d341e0d971940e1 DependenciesID=7cefbfbbfa4290ef8068e1295261b64a StaticDependenciesID=6681ed3a716b65b94d90311d2c16acd9 
Number of updated asset objects reloaded before import = 0
Number of asset objects unloaded after import = 0
========================================================================
Received Import Request.
  Time of request: 2026-08-11T15:50:22.0014416Z
  Time since last request: 0.0002372 seconds.
  importAddress: GUID: 8f4ccd0eb5d9c446e82f3dee47a53b4b - Path: Packages/com.unity.visualscripting/Runtime/VisualScripting.Flow/Framework/Events/Physics/OnControllerColliderHit.cs - Importer: ScriptedImporter/UnityEditor.QuickSearchModule:UnityEditor.Search:ASIAI0B
Importing 'GUID: 8f4ccd0eb5d9c446e82f3dee47a53b4b - Path: Packages/com.unity.visualscripting/Runtime/VisualScripting.Flow/Framework/Events/Physics/OnControllerColliderHit.cs - Importer: ScriptedImporter/UnityEditor.QuickSearchModule:UnityEditor.Search:ASIAI0B' with importer (ScriptedImporter : UnityEditor.QuickSearchModule:UnityEditor.Search:ASIAI0B)
Imported 'GUID: 8f4ccd0eb5d9c446e82f3dee47a53b4b' -> (Import Result ID: 'a62f7572f450cec38198b43dfa028025') in 0.003 seconds [static and dynamic dependencies]. Details - ImportResultOutputID=8373e591dbbb8aea2778b2ea07669483 DependenciesID=e1996f6bf9eb4257a8d031e8db3fdae6 StaticDependenciesID=b6133ec373311dd22d4ee3db73670f54 
Number of updated asset objects reloaded before import = 0
Number of asset objects unloaded after import = 0
========================================================================
Received Import Request.
  Time of request: 2026-08-11T15:50:22.0172766Z
  Time since last request: 0.0007984 seconds.
  importAddress: GUID: 499a8bf0618a245dab78d3dc2d0dceca - Path: Packages/com.unity.visualscripting/Runtime/VisualScripting.Flow/Framework/Math/Generic/DeprecatedGenericAdd.cs - Importer: ScriptedImporter/UnityEditor.QuickSearchModule:UnityEditor.Search:ASIAI0B
Importing 'GUID: 499a8bf0618a245dab78d3dc2d0dceca - Path: Packages/com.unity.visualscripting/Runtime/VisualScripting.Flow/Framework/Math/Generic/DeprecatedGenericAdd.cs - Importer: ScriptedImporter/UnityEditor.QuickSearchModule:UnityEditor.Search:ASIAI0B' with importer (ScriptedImporter : UnityEditor.QuickSearchModule:UnityEditor.Search:ASIAI0B)
Imported 'GUID: 499a8bf0618a245dab78d3dc2d0dceca' -> (Import Result ID: '15922300739554ba8d22c07671ee55e4') in 0.003 seconds [static and dynamic dependencies]. Details - ImportResultOutputID=c10f7ebeb2d6458a94916848be19080b DependenciesID=7100b150bab8aac07c1076aea7cae76a StaticDependenciesID=8cf69c34445f65d7a2e45f58d4ec9091 
Number of updated asset objects reloaded before import = 0
Number of asset objects unloaded after import = 0
========================================================================
Received Import Request.
  Time of request: 2026-08-11T15:50:22.0291045Z
  Time since last request: 0.0003864 seconds.
  importAddress: GUID: 2c0466a3f6c794ba99744554b7540055 - Path: Packages/com.unity.visualscripting/Runtime/VisualScripting.Flow/Framework/Math/Generic/GenericMultiply.cs - Importer: ScriptedImporter/UnityEditor.QuickSearchModule:UnityEditor.Search:ASIAI0B
Importing 'GUID: 2c0466a3f6c794ba99744554b7540055 - Path: Packages/com.unity.visualscripting/Runtime/VisualScripting.Flow/Framework/Math/Generic/GenericMultiply.cs - Importer: ScriptedImporter/UnityEditor.QuickSearchModule:UnityEditor.Search:ASIAI0B' with importer (ScriptedImporter : UnityEditor.QuickSearchModule:UnityEditor.Search:ASIAI0B)
Imported 'GUID: 2c0466a3f6c794ba99744554b7540055' -> (Import Result ID: '17b31b7eaadc7b0521d7aa498f3f3f1f') in 0.004 seconds [static and dynamic dependencies]. Details - ImportResultOutputID=c7c0b76b3f427fe42522fe58e7a328d3 DependenciesID=48ecbd9d396d039c357a983bfc69f3bf StaticDependenciesID=a0fe80b50011d70f9737c6a5a8611145 
Number of updated asset objects reloaded before import = 0
Number of asset objects unloaded after import = 0
========================================================================
Received Import Request.
  Time of request: 2026-08-11T15:50:22.0432326Z
  Time since last request: 0.001464 seconds.
  importAddress: GUID: dd057b5714f104b34ba95ebc5e9dd2ac - Path: Packages/com.unity.visualscripting/Runtime/VisualScripting.Flow/Framework/Events/Rendering/OnBecameVisible.cs - Importer: ScriptedImporter/UnityEditor.QuickSearchModule:UnityEditor.Search:ASIAI0B
Importing 'GUID: dd057b5714f104b34ba95ebc5e9dd2ac - Path: Packages/com.unity.visualscripting/Runtime/VisualScripting.Flow/Framework/Events/Rendering/OnBecameVisible.cs - Importer: ScriptedImporter/UnityEditor.QuickSearchModule:UnityEditor.Search:ASIAI0B' with importer (ScriptedImporter : UnityEditor.QuickSearchModule:UnityEditor.Search:ASIAI0B)
Imported 'GUID: dd057b5714f104b34ba95ebc5e9dd2ac' -> (Import Result ID: 'ea479a64b2be92141c15efe516ff80e0') in 0.003 seconds [static and dynamic dependencies]. Details - ImportResultOutputID=cfe931cf4ec7666402448a1adb6d3202 DependenciesID=614d0766deb2460617b45a069525e9f3 StaticDependenciesID=577af6b1efb967a32c177e056bbd04c4 
Number of updated asset objects reloaded before import = 0
Number of asset objects unloaded after import = 0
========================================================================
Received Import Request.
  Time of request: 2026-08-11T15:50:22.0544135Z
  Time since last request: 0.0006418 seconds.
  importAddress: GUID: 7400058b93a7448c1a3b31c25f830c81 - Path: Packages/com.unity.visualscripting/Runtime/VisualScripting.Flow/Framework/Events/Physics/OnTriggerStay.cs - Importer: ScriptedImporter/UnityEditor.QuickSearchModule:UnityEditor.Search:ASIAI0B
Importing 'GUID: 7400058b93a7448c1a3b31c25f830c81 - Path: Packages/com.unity.visualscripting/Runtime/VisualScripting.Flow/Framework/Events/Physics/OnTriggerStay.cs - Importer: ScriptedImporter/UnityEditor.QuickSearchModule:UnityEditor.Search:ASIAI0B' with importer (ScriptedImporter : UnityEditor.QuickSearchModule:UnityEditor.Search:ASIAI0B)
Imported 'GUID: 7400058b93a7448c1a3b31c25f830c81' -> (Import Result ID: '96b2357468d181907cdbbfe309deec69') in 0.003 seconds [static and dynamic dependencies]. Details - ImportResultOutputID=e023e3ee9e406f7075571f8f33866707 DependenciesID=b87309c7ad47dbb3c2802ea125eb29a6 StaticDependenciesID=a663ef3eede2510154441f7c5492e615 
Number of updated asset objects reloaded before import = 0
Number of asset objects unloaded after import = 0
========================================================================
Received Import Request.
  Time of request: 2026-08-11T15:50:22.0753067Z
  Time since last request: 0.009236 seconds.
  importAddress: GUID: 0477178b781c14585ab8bdf5de793c55 - Path: Packages/com.unity.visualscripting/Runtime/VisualScripting.Flow/Framework/Math/Vector3/Vector3Angle.cs - Importer: ScriptedImporter/UnityEditor.QuickSearchModule:UnityEditor.Search:ASIAI0B
Importing 'GUID: 0477178b781c14585ab8bdf5de793c55 - Path: Packages/com.unity.visualscripting/Runtime/VisualScripting.Flow/Framework/Math/Vector3/Vector3Angle.cs - Importer: ScriptedImporter/UnityEditor.QuickSearchModule:UnityEditor.Search:ASIAI0B' with importer (ScriptedImporter : UnityEditor.QuickSearchModule:UnityEditor.Search:ASIAI0B)
Imported 'GUID: 0477178b781c14585ab8bdf5de793c55' -> (Import Result ID: 'f50010caa5c0a88cacd98af5a8e17f91') in 0.003 seconds [static and dynamic dependencies]. Details - ImportResultOutputID=6fce561650df48541a5fc125074a595e DependenciesID=fdac24f347767dee1eec7b5d1164ee63 StaticDependenciesID=5fbc0b04fe0f7f0672e8b3e852d740c2 
Number of updated asset objects reloaded before import = 0
Number of asset objects unloaded after import = 0
========================================================================
Received Import Request.
  Time of request: 2026-08-11T15:50:22.0868946Z
  Time since last request: 0.0008078 seconds.
  importAddress: GUID: 14d6a772e73d84506914b09768082066 - Path: Packages/com.unity.visualscripting/Runtime/VisualScripting.Flow/Framework/Math/Vector3/Vector3Sum.cs - Importer: ScriptedImporter/UnityEditor.QuickSearchModule:UnityEditor.Search:ASIAI0B
Importing 'GUID: 14d6a772e73d84506914b09768082066 - Path: Packages/com.unity.visualscripting/Runtime/VisualScripting.Flow/Framework/Math/Vector3/Vector3Sum.cs - Importer: ScriptedImporter/UnityEditor.QuickSearchModule:UnityEditor.Search:ASIAI0B' with importer (ScriptedImporter : UnityEditor.QuickSearchModule:UnityEditor.Search:ASIAI0B)
Imported 'GUID: 14d6a772e73d84506914b09768082066' -> (Import Result ID: '82b96abc0f56403d4ed04e650e762e60') in 0.003 seconds [static and dynamic dependencies]. Details - ImportResultOutputID=d87d6cbb81bb0aaa0cc88ae61beab949 DependenciesID=4e0e62dea0be1becb6d791cfdb8cc80a StaticDependenciesID=153a796d9866ab94e1adf33904ce03d1 
Number of updated asset objects reloaded before import = 0
Number of asset objects unloaded after import = 0
========================================================================
Received Import Request.
  Time of request: 2026-08-11T15:50:22.0994143Z
  Time since last request: 0.0004194 seconds.
  importAddress: GUID: 7bf47a5f03a29452f9d77b7a4b211efd - Path: Packages/com.unity.visualscripting/Runtime/VisualScripting.Flow/Framework/Variables/Obsolete/SetSceneVariable.cs - Importer: ScriptedImporter/UnityEditor.QuickSearchModule:UnityEditor.Search:ASIAI0B
Importing 'GUID: 7bf47a5f03a29452f9d77b7a4b211efd - Path: Packages/com.unity.visualscripting/Runtime/VisualScripting.Flow/Framework/Variables/Obsolete/SetSceneVariable.cs - Importer: ScriptedImporter/UnityEditor.QuickSearchModule:UnityEditor.Search:ASIAI0B' with importer (ScriptedImporter : UnityEditor.QuickSearchModule:UnityEditor.Search:ASIAI0B)
Imported 'GUID: 7bf47a5f03a29452f9d77b7a4b211efd' -> (Import Result ID: '414ff5ec469e966849593332d23a82bd') in 0.003 seconds [static and dynamic dependencies]. Details - ImportResultOutputID=4f7311c7708d747487701785d05e81f8 DependenciesID=11c99d4a2f55a61dcbf846d2a18a8b82 StaticDependenciesID=e6b6ecae287a4d738ca3ea903057e3c5 
Number of updated asset objects reloaded before import = 0
Number of asset objects unloaded after import = 0
========================================================================
Received Import Request.
  Time of request: 2026-08-11T15:50:22.1120036Z
  Time since last request: 0.0002896 seconds.
  importAddress: GUID: 729fa78c1ef01493fbcfc8a3236e609a - Path: Packages/com.unity.visualscripting/Runtime/VisualScripting.Flow/Framework/Math/Vector4/Vector4MoveTowards.cs - Importer: ScriptedImporter/UnityEditor.QuickSearchModule:UnityEditor.Search:ASIAI0B
Importing 'GUID: 729fa78c1ef01493fbcfc8a3236e609a - Path: Packages/com.unity.visualscripting/Runtime/VisualScripting.Flow/Framework/Math/Vector4/Vector4MoveTowards.cs - Importer: ScriptedImporter/UnityEditor.QuickSearchModule:UnityEditor.Search:ASIAI0B' with importer (ScriptedImporter : UnityEditor.QuickSearchModule:UnityEditor.Search:ASIAI0B)
Imported 'GUID: 729fa78c1ef01493fbcfc8a3236e609a' -> (Import Result ID: '8e5487a1e4ecb6354a9993582665e2ee') in 0.003 seconds [static and dynamic dependencies]. Details - ImportResultOutputID=c40def056d2218dee586b017b825a1ea DependenciesID=0abcf3de14ec94ba00b98fb9ab14128a StaticDependenciesID=ba0619f9a27a4e88c9912effb33067bf 
Number of updated asset objects reloaded before import = 0
Number of asset objects unloaded after import = 0
========================================================================
Received Import Request.
  Time of request: 2026-08-11T15:50:22.1242137Z
  Time since last request: 0.0007018 seconds.
  importAddress: GUID: bc1fa1568215548daaeb1628fbf30b3c - Path: Packages/com.unity.visualscripting/Runtime/VisualScripting.Flow/Framework/Variables/Obsolete/VariableUnit.cs - Importer: ScriptedImporter/UnityEditor.QuickSearchModule:UnityEditor.Search:ASIAI0B
Importing 'GUID: bc1fa1568215548daaeb1628fbf30b3c - Path: Packages/com.unity.visualscripting/Runtime/VisualScripting.Flow/Framework/Variables/Obsolete/VariableUnit.cs - Importer: ScriptedImporter/UnityEditor.QuickSearchModule:UnityEditor.Search:ASIAI0B' with importer (ScriptedImporter : UnityEditor.QuickSearchModule:UnityEditor.Search:ASIAI0B)
Imported 'GUID: bc1fa1568215548daaeb1628fbf30b3c' -> (Import Result ID: '89be141e33332af9020011f35745d321') in 0.004 seconds [static and dynamic dependencies]. Details - ImportResultOutputID=230bb6014932be817882106cc7f3f68a DependenciesID=c5f65780355635e280180f9bd546d7ba StaticDependenciesID=5bae812450c5a0c81e1015f6a520a43c 
Number of updated asset objects reloaded before import = 0
Number of asset objects unloaded after import = 0
========================================================================
Received Import Request.
  Time of request: 2026-08-11T15:50:22.1375472Z
  Time since last request: 0.000322 seconds.
  importAddress: GUID: b4ddd342caff84a1892dbda0d6933877 - Path: Packages/com.unity.visualscripting/Runtime/VisualScripting.Flow/Framework/Variables/Obsolete/IsSavedVariableDefined.cs - Importer: ScriptedImporter/UnityEditor.QuickSearchModule:UnityEditor.Search:ASIAI0B
Importing 'GUID: b4ddd342caff84a1892dbda0d6933877 - Path: Packages/com.unity.visualscripting/Runtime/VisualScripting.Flow/Framework/Variables/Obsolete/IsSavedVariableDefined.cs - Importer: ScriptedImporter/UnityEditor.QuickSearchModule:UnityEditor.Search:ASIAI0B' with importer (ScriptedImporter : UnityEditor.QuickSearchModule:UnityEditor.Search:ASIAI0B)
Imported 'GUID: b4ddd342caff84a1892dbda0d6933877' -> (Import Result ID: '9fd67248e3e84233206ce78b95a0df9f') in 0.003 seconds [static and dynamic dependencies]. Details - ImportResultOutputID=d8a9888ab41de8e50182ce4a1baeb064 DependenciesID=1f2e07272b2e2524450934c38d5f82b0 StaticDependenciesID=2caa8d765a5c8af1916974b91e0dec6c 
Number of updated asset objects reloaded before import = 0
Number of asset objects unloaded after import = 0
========================================================================
Received Import Request.
  Time of request: 2026-08-11T15:50:22.1483873Z
  Time since last request: 0.0003708 seconds.
  importAddress: GUID: 0bb12f33e0821422990be6c0080e2a4c - Path: Packages/com.unity.visualscripting/Runtime/VisualScripting.Flow/Framework/Math/Vector4/Vector4Multiply.cs - Importer: ScriptedImporter/UnityEditor.QuickSearchModule:UnityEditor.Search:ASIAI0B
Importing 'GUID: 0bb12f33e0821422990be6c0080e2a4c - Path: Packages/com.unity.visualscripting/Runtime/VisualScripting.Flow/Framework/Math/Vector4/Vector4Multiply.cs - Importer: ScriptedImporter/UnityEditor.QuickSearchModule:UnityEditor.Search:ASIAI0B' with importer (ScriptedImporter : UnityEditor.QuickSearchModule:UnityEditor.Search:ASIAI0B)
Imported 'GUID: 0bb12f33e0821422990be6c0080e2a4c' -> (Import Result ID: '9e7a23909d56663a94c09676b073bc02') in 0.003 seconds [static and dynamic dependencies]. Details - ImportResultOutputID=270abb4ee1bcd801656be32e50f36600 DependenciesID=7488e284e0877028446d0967d36adbb7 StaticDependenciesID=58896272a1e612684d911a2439fe9ff9 
Number of updated asset objects reloaded before import = 0
Number of asset objects unloaded after import = 0
========================================================================
Received Import Request.
  Time of request: 2026-08-11T15:50:22.1616745Z
  Time since last request: 0.0004394 seconds.
  importAddress: GUID: f0ec7b8aa104e452a82dedb597e2d987 - Path: Packages/com.unity.visualscripting/Runtime/VisualScripting.Core/Dependencies/FullSerializer/Converters/Unity/GUIStyleState_DirectConverter.cs - Importer: ScriptedImporter/UnityEditor.QuickSearchModule:UnityEditor.Search:ASIAI0B
Importing 'GUID: f0ec7b8aa104e452a82dedb597e2d987 - Path: Packages/com.unity.visualscripting/Runtime/VisualScripting.Core/Dependencies/FullSerializer/Converters/Unity/GUIStyleState_DirectConverter.cs - Importer: ScriptedImporter/UnityEditor.QuickSearchModule:UnityEditor.Search:ASIAI0B' with importer (ScriptedImporter : UnityEditor.QuickSearchModule:UnityEditor.Search:ASIAI0B)
Imported 'GUID: f0ec7b8aa104e452a82dedb597e2d987' -> (Import Result ID: '136e6aff0102781c236ca2a15af65f1d') in 0.003 seconds [static and dynamic dependencies]. Details - ImportResultOutputID=b9a83e09488579d61aa63d14149c5f55 DependenciesID=8c584a4412560b43937f52379ac23719 StaticDependenciesID=1997d6ecf6a10ed778bd3792602dd373 
Number of updated asset objects reloaded before import = 0
Number of asset objects unloaded after import = 0
========================================================================
Received Import Request.
  Time of request: 2026-08-11T15:50:22.1933547Z
  Time since last request: 0.0193694 seconds.
  importAddress: GUID: 80b10e1c58509a449a3c5aecc07d4455 - Path: Packages/com.unity.timeline/Runtime/TimelinePlayable.cs - Importer: ScriptedImporter/UnityEditor.QuickSearchModule:UnityEditor.Search:ASIAI0B
Importing 'GUID: 80b10e1c58509a449a3c5aecc07d4455 - Path: Packages/com.unity.timeline/Runtime/TimelinePlayable.cs - Importer: ScriptedImporter/UnityEditor.QuickSearchModule:UnityEditor.Search:ASIAI0B' with importer (ScriptedImporter : UnityEditor.QuickSearchModule:UnityEditor.Search:ASIAI0B)
Imported 'GUID: 80b10e1c58509a449a3c5aecc07d4455' -> (Import Result ID: 'cf63dedf5409154c130f1527ba3df4af') in 0.003 seconds [static and dynamic dependencies]. Details - ImportResultOutputID=0b41848fa704326f783b3faa1ff2a557 DependenciesID=191330c7ade61c086a0701684dbe7ab1 StaticDependenciesID=2e2432d0adbb3e30d427ec192153f942 
Number of updated asset objects reloaded before import = 0
Number of asset objects unloaded after import = 0
========================================================================
Received Import Request.
  Time of request: 2026-08-11T15:50:22.2040715Z
  Time since last request: 0.0004922 seconds.
  importAddress: GUID: 7748a1d3701ac824ea7f366ba0388f5d - Path: Packages/com.unity.timeline/Runtime/Timeline.deprecated.cs - Importer: ScriptedImporter/UnityEditor.QuickSearchModule:UnityEditor.Search:ASIAI0B
Importing 'GUID: 7748a1d3701ac824ea7f366ba0388f5d - Path: Packages/com.unity.timeline/Runtime/Timeline.deprecated.cs - Importer: ScriptedImporter/UnityEditor.QuickSearchModule:UnityEditor.Search:ASIAI0B' with importer (ScriptedImporter : UnityEditor.QuickSearchModule:UnityEditor.Search:ASIAI0B)
Imported 'GUID: 7748a1d3701ac824ea7f366ba0388f5d' -> (Import Result ID: 'dfac638db8f686d0b76d049f68442487') in 0.003 seconds [static and dynamic dependencies]. Details - ImportResultOutputID=b34b395c2d4fea3718f7b115597bc208 DependenciesID=0f434817b83a8f9d2cd49a4dcfd0b8c3 StaticDependenciesID=a58f7bd0c16965a06a63a1ff0687574f 
Number of updated asset objects reloaded before import = 0
Number of asset objects unloaded after import = 0
========================================================================
Received Import Request.
  Time of request: 2026-08-11T15:50:22.2147545Z
  Time since last request: 0.0005096 seconds.
  importAddress: GUID: 617e6579183b7cc488aae748fe3f88bd - Path: Packages/com.unity.timeline/DocCodeExamples/ActionExamples.cs - Importer: ScriptedImporter/UnityEditor.QuickSearchModule:UnityEditor.Search:ASIAI0B
Importing 'GUID: 617e6579183b7cc488aae748fe3f88bd - Path: Packages/com.unity.timeline/DocCodeExamples/ActionExamples.cs - Importer: ScriptedImporter/UnityEditor.QuickSearchModule:UnityEditor.Search:ASIAI0B' with importer (ScriptedImporter : UnityEditor.QuickSearchModule:UnityEditor.Search:ASIAI0B)
Imported 'GUID: 617e6579183b7cc488aae748fe3f88bd' -> (Import Result ID: 'ff022c28a620d71ad42f06017773ddd4') in 0.003 seconds [static and dynamic dependencies]. Details - ImportResultOutputID=a9b1393cb287d5337749ba52918035fb DependenciesID=2230c49e755d5a4e3fa844e7cbe255d9 StaticDependenciesID=c706221c318bbdae49ebe69628d8dbcb 
Number of updated asset objects reloaded before import = 0
Number of asset objects unloaded after import = 0
========================================================================
Received Import Request.
  Time of request: 2026-08-11T15:50:22.2260149Z
  Time since last request: 0.0002718 seconds.
  importAddress: GUID: d0fc6f5187a81dc47999eefade6f0935 - Path: Packages/com.unity.timeline/Runtime/GroupTrack.cs - Importer: ScriptedImporter/UnityEditor.QuickSearchModule:UnityEditor.Search:ASIAI0B
Importing 'GUID: d0fc6f5187a81dc47999eefade6f0935 - Path: Packages/com.unity.timeline/Runtime/GroupTrack.cs - Importer: ScriptedImporter/UnityEditor.QuickSearchModule:UnityEditor.Search:ASIAI0B' with importer (ScriptedImporter : UnityEditor.QuickSearchModule:UnityEditor.Search:ASIAI0B)
Imported 'GUID: d0fc6f5187a81dc47999eefade6f0935' -> (Import Result ID: 'cc3cc25ab686e40359b36f91db6f233d') in 0.003 seconds [static and dynamic dependencies]. Details - ImportResultOutputID=010f7be0297eef36fb8fcbb1f6b7b564 DependenciesID=c5f90a3d7efdd1a5d7ed67a2981a3cd3 StaticDependenciesID=b6f550c75b260c4ef555e20c6682b939 
Number of updated asset objects reloaded before import = 0
Number of asset objects unloaded after import = 0
========================================================================
Received Import Request.
  Time of request: 2026-08-11T15:50:22.2385859Z
  Time since last request: 0.0003173 seconds.
  importAddress: GUID: de11c48878ba1b44b8b641af54dba8c1 - Path: Packages/com.unity.timeline/Editor/Actions/IAction.cs - Importer: ScriptedImporter/UnityEditor.QuickSearchModule:UnityEditor.Search:ASIAI0B
Importing 'GUID: de11c48878ba1b44b8b641af54dba8c1 - Path: Packages/com.unity.timeline/Editor/Actions/IAction.cs - Importer: ScriptedImporter/UnityEditor.QuickSearchModule:UnityEditor.Search:ASIAI0B' with importer (ScriptedImporter : UnityEditor.QuickSearchModule:UnityEditor.Search:ASIAI0B)
Imported 'GUID: de11c48878ba1b44b8b641af54dba8c1' -> (Import Result ID: 'd020927467bd0178f0b18f5c3246d912') in 0.003 seconds [static and dynamic dependencies]. Details - ImportResultOutputID=173793bdf3dfd4daac29eb2aae77b008 DependenciesID=78f310b65d043c7b5ce1bcc29768962c StaticDependenciesID=d07848d55fbf2f113b3d755a8325dcd1 
Number of updated asset objects reloaded before import = 0
Number of asset objects unloaded after import = 0
========================================================================
Received Import Request.
  Time of request: 2026-08-11T15:50:22.252135Z
  Time since last request: 0.0002124 seconds.
  importAddress: GUID: c072e5b741a87974385c270827879cbf - Path: Packages/com.unity.timeline/Editor/TimelineEditor.cs - Importer: ScriptedImporter/UnityEditor.QuickSearchModule:UnityEditor.Search:ASIAI0B
Importing 'GUID: c072e5b741a87974385c270827879cbf - Path: Packages/com.unity.timeline/Editor/TimelineEditor.cs - Importer: ScriptedImporter/UnityEditor.QuickSearchModule:UnityEditor.Search:ASIAI0B' with importer (ScriptedImporter : UnityEditor.QuickSearchModule:UnityEditor.Search:ASIAI0B)
Imported 'GUID: c072e5b741a87974385c270827879cbf' -> (Import Result ID: 'ea3e8c06cd96d80f3cba7f3aa03dfea3') in 0.003 seconds [static and dynamic dependencies]. Details - ImportResultOutputID=8ee4a952c064add80403667bf4c62b59 DependenciesID=1103f8988fdf2e0c47aa869d8243e84b StaticDependenciesID=2c9659d1a199bdd8f5855c406eb57449 
Number of updated asset objects reloaded before import = 0
Number of asset objects unloaded after import = 0
========================================================================
Received Import Request.
  Time of request: 2026-08-11T15:50:22.264311Z
  Time since last request: 0.0003581 seconds.
  importAddress: GUID: 93665e8b67658804d99c4487228cc050 - Path: Packages/com.unity.timeline/Runtime/TimelineAsset_CreateRemove.cs - Importer: ScriptedImporter/UnityEditor.QuickSearchModule:UnityEditor.Search:ASIAI0B
Importing 'GUID: 93665e8b67658804d99c4487228cc050 - Path: Packages/com.unity.timeline/Runtime/TimelineAsset_CreateRemove.cs - Importer: ScriptedImporter/UnityEditor.QuickSearchModule:UnityEditor.Search:ASIAI0B' with importer (ScriptedImporter : UnityEditor.QuickSearchModule:UnityEditor.Search:ASIAI0B)
Imported 'GUID: 93665e8b67658804d99c4487228cc050' -> (Import Result ID: '00a72ac867052af18a8ce255a00001ba') in 0.003 seconds [static and dynamic dependencies]. Details - ImportResultOutputID=811a377ea51617b7edf485c796d70d4b DependenciesID=f3d2486d354e45d1d57039e9f8093b79 StaticDependenciesID=d2a06b634d3250856f8b2e1b58ab9e46 
Number of updated asset objects reloaded before import = 0
Number of asset objects unloaded after import = 0
========================================================================
Received Import Request.
  Time of request: 2026-08-11T15:50:22.2781176Z
  Time since last request: 0.0003126 seconds.
  importAddress: GUID: 65f3a4c67e4927a478b7036bae1da0e3 - Path: Packages/com.unity.timeline/Runtime/TimelineClip.cs - Importer: ScriptedImporter/UnityEditor.QuickSearchModule:UnityEditor.Search:ASIAI0B
Importing 'GUID: 65f3a4c67e4927a478b7036bae1da0e3 - Path: Packages/com.unity.timeline/Runtime/TimelineClip.cs - Importer: ScriptedImporter/UnityEditor.QuickSearchModule:UnityEditor.Search:ASIAI0B' with importer (ScriptedImporter : UnityEditor.QuickSearchModule:UnityEditor.Search:ASIAI0B)
Imported 'GUID: 65f3a4c67e4927a478b7036bae1da0e3' -> (Import Result ID: 'dca2bb64bfce7f4566be00aea8f2cf5b') in 0.003 seconds [static and dynamic dependencies]. Details - ImportResultOutputID=259b016dcd715e56a83d9f21b60459a9 DependenciesID=ac82d51cd1df5bc44fbaf2d77f4e4065 StaticDependenciesID=053a39f09a40a91a8813d683d136294c 
Number of updated asset objects reloaded before import = 0
Number of asset objects unloaded after import = 0
========================================================================
Received Import Request.
  Time of request: 2026-08-11T15:50:22.3048116Z
  Time since last request: 0.0152018 seconds.
  importAddress: GUID: 10ba9bc9317e315439b0223674162c52 - Path: Packages/com.unity.timeline/Editor/Analytics/TimelineAnalytics.cs - Importer: ScriptedImporter/UnityEditor.QuickSearchModule:UnityEditor.Search:ASIAI0B
Importing 'GUID: 10ba9bc9317e315439b0223674162c52 - Path: Packages/com.unity.timeline/Editor/Analytics/TimelineAnalytics.cs - Importer: ScriptedImporter/UnityEditor.QuickSearchModule:UnityEditor.Search:ASIAI0B' with importer (ScriptedImporter : UnityEditor.QuickSearchModule:UnityEditor.Search:ASIAI0B)
Imported 'GUID: 10ba9bc9317e315439b0223674162c52' -> (Import Result ID: '2ae904cd924a401112022bbc2434b229') in 0.003 seconds [static and dynamic dependencies]. Details - ImportResultOutputID=4fc4aa355837fae421d5472ef115ebec DependenciesID=1f8cae7ecd75986a887cd123a59e3434 StaticDependenciesID=b63c801d499c75d3eab9d30f8954f1ab 
Number of updated asset objects reloaded before import = 0
Number of asset objects unloaded after import = 0
========================================================================
Received Import Request.
  Time of request: 2026-08-11T15:50:22.3182732Z
  Time since last request: 0.0003092 seconds.
  importAddress: GUID: 647e1bbd3809b30459d946b4a1ddf22b - Path: Packages/com.unity.timeline/Editor/Items/ItemsPerTrack.cs - Importer: ScriptedImporter/UnityEditor.QuickSearchModule:UnityEditor.Search:ASIAI0B
Importing 'GUID: 647e1bbd3809b30459d946b4a1ddf22b - Path: Packages/com.unity.timeline/Editor/Items/ItemsPerTrack.cs - Importer: ScriptedImporter/UnityEditor.QuickSearchModule:UnityEditor.Search:ASIAI0B' with importer (ScriptedImporter : UnityEditor.QuickSearchModule:UnityEditor.Search:ASIAI0B)
Imported 'GUID: 647e1bbd3809b30459d946b4a1ddf22b' -> (Import Result ID: '90adbc5400598545d6f11e61768dbfc9') in 0.003 seconds [static and dynamic dependencies]. Details - ImportResultOutputID=c964751a3a96413517a4df3193233add DependenciesID=ee6f25b85a92dd0e862469acca75a953 StaticDependenciesID=f8e28bbea9a458f56183e0f48c3507e5 
Number of updated asset objects reloaded before import = 0
Number of asset objects unloaded after import = 0
========================================================================
Received Import Request.
  Time of request: 2026-08-11T15:50:22.3299625Z
  Time since last request: 0.0002852 seconds.
  importAddress: GUID: 227613ec5b3943443a284e30a6d6b91e - Path: Packages/com.unity.timeline/Editor/inspectors/TimelinePreferences.cs - Importer: ScriptedImporter/UnityEditor.QuickSearchModule:UnityEditor.Search:ASIAI0B
Importing 'GUID: 227613ec5b3943443a284e30a6d6b91e - Path: Packages/com.unity.timeline/Editor/inspectors/TimelinePreferences.cs - Importer: ScriptedImporter/UnityEditor.QuickSearchModule:UnityEditor.Search:ASIAI0B' with importer (ScriptedImporter : UnityEditor.QuickSearchModule:UnityEditor.Search:ASIAI0B)
Imported 'GUID: 227613ec5b3943443a284e30a6d6b91e' -> (Import Result ID: '9a73b51719f2593a7c439e941f27c21d') in 0.003 seconds [static and dynamic dependencies]. Details - ImportResultOutputID=934c19721b62b55c30df95323c080eaa DependenciesID=7c30a349edb9589fd6b387f6d331c209 StaticDependenciesID=2d21543cb68dc90a8ac6c63c2bdc2fe9 
Number of updated asset objects reloaded before import = 0
Number of asset objects unloaded after import = 0
========================================================================
Received Import Request.
  Time of request: 2026-08-11T15:50:22.3420866Z
  Time since last request: 0.0003378 seconds.
  importAddress: GUID: 3387717991705ce4e8ef033a0e543a06 - Path: Packages/com.unity.timeline/Editor/inspectors/TimelineInspectorUtility.cs - Importer: ScriptedImporter/UnityEditor.QuickSearchModule:UnityEditor.Search:ASIAI0B
Importing 'GUID: 3387717991705ce4e8ef033a0e543a06 - Path: Packages/com.unity.timeline/Editor/inspectors/TimelineInspectorUtility.cs - Importer: ScriptedImporter/UnityEditor.QuickSearchModule:UnityEditor.Search:ASIAI0B' with importer (ScriptedImporter : UnityEditor.QuickSearchModule:UnityEditor.Search:ASIAI0B)
Imported 'GUID: 3387717991705ce4e8ef033a0e543a06' -> (Import Result ID: '5337eeb161873d33c59081580716a95f') in 0.003 seconds [static and dynamic dependencies]. Details - ImportResultOutputID=99ee66e1530acf50ab6c181990fb43e7 DependenciesID=267a48914b675a1434c85bae27688a23 StaticDependenciesID=9a0781374449bcecb2aa2e13f3fa9ddb 
Number of updated asset objects reloaded before import = 0
Number of asset objects unloaded after import = 0
========================================================================
Received Import Request.
  Time of request: 2026-08-11T15:50:22.3551784Z
  Time since last request: 0.0005376 seconds.
  importAddress: GUID: 23884ce4c1de32846adafea2d53a4cee - Path: Packages/com.unity.timeline/Editor/Audio/AudioPlayableAssetInspector.cs - Importer: ScriptedImporter/UnityEditor.QuickSearchModule:UnityEditor.Search:ASIAI0B
Importing 'GUID: 23884ce4c1de32846adafea2d53a4cee - Path: Packages/com.unity.timeline/Editor/Audio/AudioPlayableAssetInspector.cs - Importer: ScriptedImporter/UnityEditor.QuickSearchModule:UnityEditor.Search:ASIAI0B' with importer (ScriptedImporter : UnityEditor.QuickSearchModule:UnityEditor.Search:ASIAI0B)
Imported 'GUID: 23884ce4c1de32846adafea2d53a4cee' -> (Import Result ID: 'ed62601c1d6c757b4129916fd14ea9cd') in 0.003 seconds [static and dynamic dependencies]. Details - ImportResultOutputID=61ca5a6ad6f815e8de60cdbb5cf6280c DependenciesID=b416d04c4a7d68d4bc95375fbec4655f StaticDependenciesID=58f506264d0bb4eafdce1a60825f2154 
Number of updated asset objects reloaded before import = 0
Number of asset objects unloaded after import = 0
========================================================================
Received Import Request.
  Time of request: 2026-08-11T15:50:22.3674645Z
  Time since last request: 0.0003348 seconds.
  importAddress: GUID: 5b6cac4a98010394791c66942a33caf4 - Path: Packages/com.unity.timeline/Editor/Audio/AudioClipPropertiesDrawer.cs - Importer: ScriptedImporter/UnityEditor.QuickSearchModule:UnityEditor.Search:ASIAI0B
Importing 'GUID: 5b6cac4a98010394791c66942a33caf4 - Path: Packages/com.unity.timeline/Editor/Audio/AudioClipPropertiesDrawer.cs - Importer: ScriptedImporter/UnityEditor.QuickSearchModule:UnityEditor.Search:ASIAI0B' with importer (ScriptedImporter : UnityEditor.QuickSearchModule:UnityEditor.Search:ASIAI0B)
Imported 'GUID: 5b6cac4a98010394791c66942a33caf4' -> (Import Result ID: '3cba18d131092c34f195b20cd41f5950') in 0.003 seconds [static and dynamic dependencies]. Details - ImportResultOutputID=37a6ba5593e81bb65d8d9e5b177315ed DependenciesID=4ea9b01686cb778e65dc1f898235c0a7 StaticDependenciesID=5cf8bf8db38565baf98db14df6875da8 
Number of updated asset objects reloaded before import = 0
Number of asset objects unloaded after import = 0
========================================================================
Received Import Request.
  Time of request: 2026-08-11T15:50:22.378468Z
  Time since last request: 0.0003731 seconds.
  importAddress: GUID: fd6ede1d2f47ab146b2ec0a3969a37cc - Path: Packages/com.unity.timeline/Editor/CustomEditors/CustomTimelineEditorCache.cs - Importer: ScriptedImporter/UnityEditor.QuickSearchModule:UnityEditor.Search:ASIAI0B
Importing 'GUID: fd6ede1d2f47ab146b2ec0a3969a37cc - Path: Packages/com.unity.timeline/Editor/CustomEditors/CustomTimelineEditorCache.cs - Importer: ScriptedImporter/UnityEditor.QuickSearchModule:UnityEditor.Search:ASIAI0B' with importer (ScriptedImporter : UnityEditor.QuickSearchModule:UnityEditor.Search:ASIAI0B)
Imported 'GUID: fd6ede1d2f47ab146b2ec0a3969a37cc' -> (Import Result ID: '3ebc7068ce02a0343d7bce440c9c7088') in 0.003 seconds [static and dynamic dependencies]. Details - ImportResultOutputID=1d178467d608192a41445c5ced15a5c0 DependenciesID=0d00f43fee13f5bb2f33562067d87eae StaticDependenciesID=21385f42b55b5ecd8f974e64f4a2dae3 
Number of updated asset objects reloaded before import = 0
Number of asset objects unloaded after import = 0
========================================================================
Received Import Request.
  Time of request: 2026-08-11T15:50:22.3925224Z
  Time since last request: 0.0002713 seconds.
  importAddress: GUID: 5b24618beecc3bf41acadfcf2246d772 - Path: Packages/com.unity.timeline/Editor/Extensions/TrackExtensions.cs - Importer: ScriptedImporter/UnityEditor.QuickSearchModule:UnityEditor.Search:ASIAI0B
Importing 'GUID: 5b24618beecc3bf41acadfcf2246d772 - Path: Packages/com.unity.timeline/Editor/Extensions/TrackExtensions.cs - Importer: ScriptedImporter/UnityEditor.QuickSearchModule:UnityEditor.Search:ASIAI0B' with importer (ScriptedImporter : UnityEditor.QuickSearchModule:UnityEditor.Search:ASIAI0B)
Imported 'GUID: 5b24618beecc3bf41acadfcf2246d772' -> (Import Result ID: '6efc9fcdec63f59ba12cc9a627ced818') in 0.003 seconds [static and dynamic dependencies]. Details - ImportResultOutputID=0098880c61f038fe935237440a66eb24 DependenciesID=d042e6488cdba8aa8837ac7ce901959a StaticDependenciesID=78945d4c804e6b564ee7438d7e3de85a 
Number of updated asset objects reloaded before import = 0
Number of asset objects unloaded after import = 0
========================================================================
Received Import Request.
  Time of request: 2026-08-11T15:50:22.4205252Z
  Time since last request: 0.0168704 seconds.
  importAddress: GUID: e801faa3b0dd2478dbe801a2441b679e - Path: Packages/com.unity.timeline/Editor/Utilities/ControlPlayableUtility.cs - Importer: ScriptedImporter/UnityEditor.QuickSearchModule:UnityEditor.Search:ASIAI0B
Importing 'GUID: e801faa3b0dd2478dbe801a2441b679e - Path: Packages/com.unity.timeline/Editor/Utilities/ControlPlayableUtility.cs - Importer: ScriptedImporter/UnityEditor.QuickSearchModule:UnityEditor.Search:ASIAI0B' with importer (ScriptedImporter : UnityEditor.QuickSearchModule:UnityEditor.Search:ASIAI0B)
Imported 'GUID: e801faa3b0dd2478dbe801a2441b679e' -> (Import Result ID: '41eb3a215f4a7c3a202015e004d2a6c5') in 0.003 seconds [static and dynamic dependencies]. Details - ImportResultOutputID=cc4cdf3306cbc25075499ba0ca690388 DependenciesID=b90ace30c31b135d8bb0bf06061a63b7 StaticDependenciesID=75f67017ae953593fbcb2f8059a02ad2 
Number of updated asset objects reloaded before import = 0
Number of asset objects unloaded after import = 0
========================================================================
Received Import Request.
  Time of request: 2026-08-11T15:50:22.4313419Z
  Time since last request: 0.0005724 seconds.
  importAddress: GUID: 685f63932bebd0c4db02ee14845191e2 - Path: Packages/com.unity.timeline/Editor/Signals/Styles.cs - Importer: ScriptedImporter/UnityEditor.QuickSearchModule:UnityEditor.Search:ASIAI0B
Importing 'GUID: 685f63932bebd0c4db02ee14845191e2 - Path: Packages/com.unity.timeline/Editor/Signals/Styles.cs - Importer: ScriptedImporter/UnityEditor.QuickSearchModule:UnityEditor.Search:ASIAI0B' with importer (ScriptedImporter : UnityEditor.QuickSearchModule:UnityEditor.Search:ASIAI0B)
Imported 'GUID: 685f63932bebd0c4db02ee14845191e2' -> (Import Result ID: '46a7534266b3cdbb07948585a95afdf3') in 0.003 seconds [static and dynamic dependencies]. Details - ImportResultOutputID=cd584c53e78e35843a70f61d39d6fd6a DependenciesID=7118f41d05e056afc814edc5ad16e41e StaticDependenciesID=28fc6c012d928b69350c466d0c66cf33 
Number of updated asset objects reloaded before import = 0
Number of asset objects unloaded after import = 0
========================================================================
Received Import Request.
  Time of request: 2026-08-11T15:50:22.4457653Z
  Time since last request: 0.000318 seconds.
  importAddress: GUID: 09f4db536a377bc40a9ac110af702bfa - Path: Packages/com.unity.timeline/Editor/State/SequenceState.cs - Importer: ScriptedImporter/UnityEditor.QuickSearchModule:UnityEditor.Search:ASIAI0B
Importing 'GUID: 09f4db536a377bc40a9ac110af702bfa - Path: Packages/com.unity.timeline/Editor/State/SequenceState.cs - Importer: ScriptedImporter/UnityEditor.QuickSearchModule:UnityEditor.Search:ASIAI0B' with importer (ScriptedImporter : UnityEditor.QuickSearchModule:UnityEditor.Search:ASIAI0B)
Imported 'GUID: 09f4db536a377bc40a9ac110af702bfa' -> (Import Result ID: 'd4fe1f06f1a2efe66fe6e4a44a491c07') in 0.003 seconds [static and dynamic dependencies]. Details - ImportResultOutputID=b7bf2e72f406c549ed938380fa03c1d9 DependenciesID=a01ab1c8e2d6459236076caf1e4c9b62 StaticDependenciesID=5ec99a293db4021776fe33a86474bab5 
Number of updated asset objects reloaded before import = 0
Number of asset objects unloaded after import = 0
========================================================================
Received Import Request.
  Time of request: 2026-08-11T15:50:22.4575825Z
  Time since last request: 0.000233 seconds.
  importAddress: GUID: a0a02e768c802b641b6793fa864f1c2c - Path: Packages/com.unity.timeline/Editor/Recording/AnimationTrackRecorder.cs - Importer: ScriptedImporter/UnityEditor.QuickSearchModule:UnityEditor.Search:ASIAI0B
Importing 'GUID: a0a02e768c802b641b6793fa864f1c2c - Path: Packages/com.unity.timeline/Editor/Recording/AnimationTrackRecorder.cs - Importer: ScriptedImporter/UnityEditor.QuickSearchModule:UnityEditor.Search:ASIAI0B' with importer (ScriptedImporter : UnityEditor.QuickSearchModule:UnityEditor.Search:ASIAI0B)
Imported 'GUID: a0a02e768c802b641b6793fa864f1c2c' -> (Import Result ID: 'e9083ef4eb9f18182a455a474d3e6504') in 0.005 seconds [static and dynamic dependencies]. Details - ImportResultOutputID=5e763350d48ac4dd0d5e9a27e16b20c3 DependenciesID=007541edd69153a7589c3718be81f4a8 StaticDependenciesID=5dce54f4c8cbb29e2c9f910583a0afa9 
Number of updated asset objects reloaded before import = 0
Number of asset objects unloaded after import = 0
========================================================================
Received Import Request.
  Time of request: 2026-08-11T15:50:22.4707933Z
  Time since last request: 0.0002723 seconds.
  importAddress: GUID: b8c3bda3a988b5f4c910a5c3f722d0be - Path: Packages/com.unity.timeline/Editor/Manipulators/TimelineClipGroup.cs - Importer: ScriptedImporter/UnityEditor.QuickSearchModule:UnityEditor.Search:ASIAI0B
Importing 'GUID: b8c3bda3a988b5f4c910a5c3f722d0be - Path: Packages/com.unity.timeline/Editor/Manipulators/TimelineClipGroup.cs - Importer: ScriptedImporter/UnityEditor.QuickSearchModule:UnityEditor.Search:ASIAI0B' with importer (ScriptedImporter : UnityEditor.QuickSearchModule:UnityEditor.Search:ASIAI0B)
Imported 'GUID: b8c3bda3a988b5f4c910a5c3f722d0be' -> (Import Result ID: '0bc08937072992d39f007e98803d321c') in 0.003 seconds [static and dynamic dependencies]. Details - ImportResultOutputID=cf1b83b69d3eb5940fccb74877b7ddac DependenciesID=27c1955b838dbf594792f68e7d4cb5c6 StaticDependenciesID=a478e5a8e232e9e6f0d5ed899be50060 
Number of updated asset objects reloaded before import = 0
Number of asset objects unloaded after import = 0
========================================================================
Received Import Request.
  Time of request: 2026-08-11T15:50:22.4825271Z
  Time since last request: 0.0002731 seconds.
  importAddress: GUID: 5151708d47edd4344ba8e7bd469d966e - Path: Packages/com.unity.timeline/Editor/treeview/ManipulationsTracks.cs - Importer: ScriptedImporter/UnityEditor.QuickSearchModule:UnityEditor.Search:ASIAI0B
Importing 'GUID: 5151708d47edd4344ba8e7bd469d966e - Path: Packages/com.unity.timeline/Editor/treeview/ManipulationsTracks.cs - Importer: ScriptedImporter/UnityEditor.QuickSearchModule:UnityEditor.Search:ASIAI0B' with importer (ScriptedImporter : UnityEditor.QuickSearchModule:UnityEditor.Search:ASIAI0B)
Imported 'GUID: 5151708d47edd4344ba8e7bd469d966e' -> (Import Result ID: '66e38ffd4f9fd5e265b7f2493d1383a7') in 0.003 seconds [static and dynamic dependencies]. Details - ImportResultOutputID=ffe6d599fedd3bc8ec91cc74ddad5c5f DependenciesID=b013aa6e7afe7bd4c72e47c7c0b3918d StaticDependenciesID=f25022d5800167d5752facc031e0292f 
Number of updated asset objects reloaded before import = 0
Number of asset objects unloaded after import = 0
========================================================================
Received Import Request.
  Time of request: 2026-08-11T15:50:22.4942501Z
  Time since last request: 0.0003008 seconds.
  importAddress: GUID: ee83d5e1ad2ac4c9aa39e3a6f256062e - Path: Packages/com.unity.timeline/Editor/treeview/IPropertyKeyDataSource.cs - Importer: ScriptedImporter/UnityEditor.QuickSearchModule:UnityEditor.Search:ASIAI0B
Importing 'GUID: ee83d5e1ad2ac4c9aa39e3a6f256062e - Path: Packages/com.unity.timeline/Editor/treeview/IPropertyKeyDataSource.cs - Importer: ScriptedImporter/UnityEditor.QuickSearchModule:UnityEditor.Search:ASIAI0B' with importer (ScriptedImporter : UnityEditor.QuickSearchModule:UnityEditor.Search:ASIAI0B)
Imported 'GUID: ee83d5e1ad2ac4c9aa39e3a6f256062e' -> (Import Result ID: '2aac64f51233c6adcfa057e5a3f25a90') in 0.003 seconds [static and dynamic dependencies]. Details - ImportResultOutputID=874a8e864761015eda0e544df521bd00 DependenciesID=454059741ec107e73c50a81dcb39ad69 StaticDependenciesID=a6acd7d3758e91de259eacf9b5a6c67e 
Number of updated asset objects reloaded before import = 0
Number of asset objects unloaded after import = 0
========================================================================
Received Import Request.
  Time of request: 2026-08-11T15:50:22.5075698Z
  Time since last request: 0.0002609 seconds.
  importAddress: GUID: b0eeee3cdfa56734abca5c1a4e7989ba - Path: Packages/com.unity.timeline/Editor/Utilities/ClipModifier.cs - Importer: ScriptedImporter/UnityEditor.QuickSearchModule:UnityEditor.Search:ASIAI0B
Importing 'GUID: b0eeee3cdfa56734abca5c1a4e7989ba - Path: Packages/com.unity.timeline/Editor/Utilities/ClipModifier.cs - Importer: ScriptedImporter/UnityEditor.QuickSearchModule:UnityEditor.Search:ASIAI0B' with importer (ScriptedImporter : UnityEditor.QuickSearchModule:UnityEditor.Search:ASIAI0B)
Imported 'GUID: b0eeee3cdfa56734abca5c1a4e7989ba' -> (Import Result ID: '49a9e7084b84d4d5df974aed96a852c3') in 0.003 seconds [static and dynamic dependencies]. Details - ImportResultOutputID=ba8a2c55cfacf7de21ca53dbd7cb84a3 DependenciesID=ffefdbc036e19afafc5029cb8f14b181 StaticDependenciesID=3c2aba3fadd87b622161a02668043575 
Number of updated asset objects reloaded before import = 0
Number of asset objects unloaded after import = 0
========================================================================
Received Import Request.
  Time of request: 2026-08-11T15:50:22.5225007Z
  Time since last request: 0.0045601 seconds.
  importAddress: GUID: f817a38900380be47942905e17e7d39b - Path: Packages/com.unity.timeline/Editor/Window/TimelineWindow.cs - Importer: ScriptedImporter/UnityEditor.QuickSearchModule:UnityEditor.Search:ASIAI0B
Importing 'GUID: f817a38900380be47942905e17e7d39b - Path: Packages/com.unity.timeline/Editor/Window/TimelineWindow.cs - Importer: ScriptedImporter/UnityEditor.QuickSearchModule:UnityEditor.Search:ASIAI0B' with importer (ScriptedImporter : UnityEditor.QuickSearchModule:UnityEditor.Search:ASIAI0B)
Imported 'GUID: f817a38900380be47942905e17e7d39b' -> (Import Result ID: 'dc701c18abedf10d7dba45740236632b') in 0.003 seconds [static and dynamic dependencies]. Details - ImportResultOutputID=cc6022cfd112b9491b6ad22507593168 DependenciesID=3c11438f71f2f71b6f9f2302347e7be8 StaticDependenciesID=bf12eb2423014eaceab75ef51b6597ad 
Number of updated asset objects reloaded before import = 0
Number of asset objects unloaded after import = 0
========================================================================
Received Import Request.
  Time of request: 2026-08-11T15:50:22.5337799Z
  Time since last request: 0.001067 seconds.
  importAddress: GUID: 25eff19ce9634557bc1b23c644c46692 - Path: Packages/com.unity.timeline/Editor/Utilities/TimeFormat.cs - Importer: ScriptedImporter/UnityEditor.QuickSearchModule:UnityEditor.Search:ASIAI0B
Importing 'GUID: 25eff19ce9634557bc1b23c644c46692 - Path: Packages/com.unity.timeline/Editor/Utilities/TimeFormat.cs - Importer: ScriptedImporter/UnityEditor.QuickSearchModule:UnityEditor.Search:ASIAI0B' with importer (ScriptedImporter : UnityEditor.QuickSearchModule:UnityEditor.Search:ASIAI0B)
Imported 'GUID: 25eff19ce9634557bc1b23c644c46692' -> (Import Result ID: 'a78f2b03311e52f1e4fd60beb320f9d4') in 0.003 seconds [static and dynamic dependencies]. Details - ImportResultOutputID=de12bc286aab01bcac7e460151856b95 DependenciesID=9345c62fe34a54001ddae7b1d85df56b StaticDependenciesID=36d270371ae491d8bd73f5efc97dc46e 
Number of updated asset objects reloaded before import = 0
Number of asset objects unloaded after import = 0
========================================================================
Received Import Request.
  Time of request: 2026-08-11T15:50:22.5446018Z
  Time since last request: 0.0003595 seconds.
  importAddress: GUID: 98545765d7a2b614b921715928035ee2 - Path: Packages/com.unity.timeline/Editor/Window/PlaybackScroller.cs - Importer: ScriptedImporter/UnityEditor.QuickSearchModule:UnityEditor.Search:ASIAI0B
Importing 'GUID: 98545765d7a2b614b921715928035ee2 - Path: Packages/com.unity.timeline/Editor/Window/PlaybackScroller.cs - Importer: ScriptedImporter/UnityEditor.QuickSearchModule:UnityEditor.Search:ASIAI0B' with importer (ScriptedImporter : UnityEditor.QuickSearchModule:UnityEditor.Search:ASIAI0B)
Imported 'GUID: 98545765d7a2b614b921715928035ee2' -> (Import Result ID: 'eb5a897bc312d1c8afbd3e1defb769a9') in 0.003 seconds [static and dynamic dependencies]. Details - ImportResultOutputID=d6c28f0683f975e6a7bdd734fd86ed01 DependenciesID=25f36990ed524bc67307a752e0e32563 StaticDependenciesID=0b6213a9a336371492d96d3e91c8741c 
Number of updated asset objects reloaded before import = 0
Number of asset objects unloaded after import = 0
========================================================================
Received Import Request.
  Time of request: 2026-08-11T15:50:22.5565485Z
  Time since last request: 0.0002858 seconds.
  importAddress: GUID: 6d768b1bb52e2c64ba818933dbdd8452 - Path: Packages/com.unity.timeline/Editor/Window/WindowConstants.cs - Importer: ScriptedImporter/UnityEditor.QuickSearchModule:UnityEditor.Search:ASIAI0B
Importing 'GUID: 6d768b1bb52e2c64ba818933dbdd8452 - Path: Packages/com.unity.timeline/Editor/Window/WindowConstants.cs - Importer: ScriptedImporter/UnityEditor.QuickSearchModule:UnityEditor.Search:ASIAI0B' with importer (ScriptedImporter : UnityEditor.QuickSearchModule:UnityEditor.Search:ASIAI0B)
Imported 'GUID: 6d768b1bb52e2c64ba818933dbdd8452' -> (Import Result ID: '17a9bd3e77115b208532c828d3836a2b') in 0.003 seconds [static and dynamic dependencies]. Details - ImportResultOutputID=c0cd3324458d4164b6bddca4d0e7192b DependenciesID=786b05240c03e3f4ec825e5c14972f97 StaticDependenciesID=f34839a6594cf0df548e7b6bd8bb4418 
Number of updated asset objects reloaded before import = 0
Number of asset objects unloaded after import = 0
========================================================================
Received Import Request.
  Time of request: 2026-08-11T15:50:22.5684594Z
  Time since last request: 0.0004016 seconds.
  importAddress: GUID: b926af22079e00e4a8c073321194cea1 - Path: Packages/com.unity.timeline/Editor/Window/TimelineWindow_StateChange.cs - Importer: ScriptedImporter/UnityEditor.QuickSearchModule:UnityEditor.Search:ASIAI0B
Importing 'GUID: b926af22079e00e4a8c073321194cea1 - Path: Packages/com.unity.timeline/Editor/Window/TimelineWindow_StateChange.cs - Importer: ScriptedImporter/UnityEditor.QuickSearchModule:UnityEditor.Search:ASIAI0B' with importer (ScriptedImporter : UnityEditor.QuickSearchModule:UnityEditor.Search:ASIAI0B)
Imported 'GUID: b926af22079e00e4a8c073321194cea1' -> (Import Result ID: 'f72cd3b13d7d8e594256f0c2348ed9a6') in 0.003 seconds [static and dynamic dependencies]. Details - ImportResultOutputID=5b15e18e738ab291c32bdde9d65e3547 DependenciesID=70ad51f5dd4d42092c7b2667d73e4e30 StaticDependenciesID=0bc28b40b94a58d1757c4043ba7a2502 
Number of updated asset objects reloaded before import = 0
Number of asset objects unloaded after import = 0
========================================================================
Received Import Request.
  Time of request: 2026-08-11T15:50:22.5789917Z
  Time since last request: 0.0003478 seconds.
  importAddress: GUID: c68f34993bfe85e489158a29c99a20b5 - Path: Packages/com.unity.timeline/Runtime/AssetUpgrade/TrackUpgrade.cs - Importer: ScriptedImporter/UnityEditor.QuickSearchModule:UnityEditor.Search:ASIAI0B
Importing 'GUID: c68f34993bfe85e489158a29c99a20b5 - Path: Packages/com.unity.timeline/Runtime/AssetUpgrade/TrackUpgrade.cs - Importer: ScriptedImporter/UnityEditor.QuickSearchModule:UnityEditor.Search:ASIAI0B' with importer (ScriptedImporter : UnityEditor.QuickSearchModule:UnityEditor.Search:ASIAI0B)
Imported 'GUID: c68f34993bfe85e489158a29c99a20b5' -> (Import Result ID: 'a93eb2489dcf41c29946e490b07f4ae3') in 0.003 seconds [static and dynamic dependencies]. Details - ImportResultOutputID=ac5d3f2a0ddbf634c5d6e46a6fe0a6d1 DependenciesID=368f5cd0604480f772a0eafa02d69c7f StaticDependenciesID=5c022cd8ff659e620aa59e8dd03798bb 
Number of updated asset objects reloaded before import = 0
Number of asset objects unloaded after import = 0
========================================================================
Received Import Request.
  Time of request: 2026-08-11T15:50:22.5915592Z
  Time since last request: 0.0005858 seconds.
  importAddress: GUID: 8716cfd7a46000048acf638abe28c9fa - Path: Packages/com.unity.timeline/Editor/Window/TimelineWindow_Navigator.cs - Importer: ScriptedImporter/UnityEditor.QuickSearchModule:UnityEditor.Search:ASIAI0B
Importing 'GUID: 8716cfd7a46000048acf638abe28c9fa - Path: Packages/com.unity.timeline/Editor/Window/TimelineWindow_Navigator.cs - Importer: ScriptedImporter/UnityEditor.QuickSearchModule:UnityEditor.Search:ASIAI0B' with importer (ScriptedImporter : UnityEditor.QuickSearchModule:UnityEditor.Search:ASIAI0B)
Imported 'GUID: 8716cfd7a46000048acf638abe28c9fa' -> (Import Result ID: '920f860b5c4ca6c51fe2eae4465f75b4') in 0.003 seconds [static and dynamic dependencies]. Details - ImportResultOutputID=2a620721cc044eeea35e290ca686cab6 DependenciesID=c21a9774d7f53d6bd6eaafa892318557 StaticDependenciesID=abd15311037688131adcb8531be8d632 
Number of updated asset objects reloaded before import = 0
Number of asset objects unloaded after import = 0
========================================================================
Received Import Request.
  Time of request: 2026-08-11T15:50:22.6040083Z
  Time since last request: 0.0004319 seconds.
  importAddress: GUID: 95c91abdcc1ea03458c2ea4e9626a5d8 - Path: Packages/com.unity.timeline/Runtime/AssetUpgrade/TimelineUpgrade.cs - Importer: ScriptedImporter/UnityEditor.QuickSearchModule:UnityEditor.Search:ASIAI0B
Importing 'GUID: 95c91abdcc1ea03458c2ea4e9626a5d8 - Path: Packages/com.unity.timeline/Runtime/AssetUpgrade/TimelineUpgrade.cs - Importer: ScriptedImporter/UnityEditor.QuickSearchModule:UnityEditor.Search:ASIAI0B' with importer (ScriptedImporter : UnityEditor.QuickSearchModule:UnityEditor.Search:ASIAI0B)
Imported 'GUID: 95c91abdcc1ea03458c2ea4e9626a5d8' -> (Import Result ID: '48f9cab78f9be8979222608401800aef') in 0.003 seconds [static and dynamic dependencies]. Details - ImportResultOutputID=b687c29c8b65d9ee770aa1ac556dcd52 DependenciesID=596100469f5df59a1a470d11b392334c StaticDependenciesID=17ac0f9746de110bc1ecbdb7d74bf64b 
Number of updated asset objects reloaded before import = 0
Number of asset objects unloaded after import = 0
========================================================================
Received Import Request.
  Time of request: 2026-08-11T15:50:22.6293365Z
  Time since last request: 0.0127575 seconds.
  importAddress: GUID: f603edd7163537f44927ad2808147a25 - Path: Packages/com.unity.timeline/Runtime/Playables/ParticleControlPlayable.cs - Importer: ScriptedImporter/UnityEditor.QuickSearchModule:UnityEditor.Search:ASIAI0B
Importing 'GUID: f603edd7163537f44927ad2808147a25 - Path: Packages/com.unity.timeline/Runtime/Playables/ParticleControlPlayable.cs - Importer: ScriptedImporter/UnityEditor.QuickSearchModule:UnityEditor.Search:ASIAI0B' with importer (ScriptedImporter : UnityEditor.QuickSearchModule:UnityEditor.Search:ASIAI0B)
Imported 'GUID: f603edd7163537f44927ad2808147a25' -> (Import Result ID: '1960a02b32dcf376184c6b57a82684bc') in 0.003 seconds [static and dynamic dependencies]. Details - ImportResultOutputID=157795fc6cc967e48e241335e94590a1 DependenciesID=d8c8611dcc7dc30a5271947a83d6d3f1 StaticDependenciesID=19e9b203af4f68066f69d2ed6a767e3e 
Number of updated asset objects reloaded before import = 0
Number of asset objects unloaded after import = 0
========================================================================
Received Import Request.
  Time of request: 2026-08-11T15:50:22.6410655Z
  Time since last request: 0.0010738 seconds.
  importAddress: GUID: 32535dd294c621e4297fba34b15b1c52 - Path: Packages/com.unity.timeline/Runtime/Utilities/Extrapolation.cs - Importer: ScriptedImporter/UnityEditor.QuickSearchModule:UnityEditor.Search:ASIAI0B
Importing 'GUID: 32535dd294c621e4297fba34b15b1c52 - Path: Packages/com.unity.timeline/Runtime/Utilities/Extrapolation.cs - Importer: ScriptedImporter/UnityEditor.QuickSearchModule:UnityEditor.Search:ASIAI0B' with importer (ScriptedImporter : UnityEditor.QuickSearchModule:UnityEditor.Search:ASIAI0B)
Imported 'GUID: 32535dd294c621e4297fba34b15b1c52' -> (Import Result ID: 'b79fee622f0c551834c4ebae836eb024') in 0.003 seconds [static and dynamic dependencies]. Details - ImportResultOutputID=7c5e9816a903e28fb306add0f032f89c DependenciesID=13c77c2d669c014cb6fe198973fce921 StaticDependenciesID=fcc9e9a7a334409ac99df3b037f6d8a5 
Number of updated asset objects reloaded before import = 0
Number of asset objects unloaded after import = 0
========================================================================
Received Import Request.
  Time of request: 2026-08-11T15:50:22.6538555Z
  Time since last request: 0.0002826 seconds.
  importAddress: GUID: 4cb169caa67eddf4d83b39fd0917a945 - Path: Packages/com.unity.timeline/Runtime/Events/IMarker.cs - Importer: ScriptedImporter/UnityEditor.QuickSearchModule:UnityEditor.Search:ASIAI0B
Importing 'GUID: 4cb169caa67eddf4d83b39fd0917a945 - Path: Packages/com.unity.timeline/Runtime/Events/IMarker.cs - Importer: ScriptedImporter/UnityEditor.QuickSearchModule:UnityEditor.Search:ASIAI0B' with importer (ScriptedImporter : UnityEditor.QuickSearchModule:UnityEditor.Search:ASIAI0B)
Imported 'GUID: 4cb169caa67eddf4d83b39fd0917a945' -> (Import Result ID: '259271f56aa39e4f35601412e1de9e24') in 0.003 seconds [static and dynamic dependencies]. Details - ImportResultOutputID=752972300715e7e5729a7f148077fcd5 DependenciesID=433f4d6afe6ee766b54a32294328a36a StaticDependenciesID=8eff9e560c6d216138f891c5e498f77d 
Number of updated asset objects reloaded before import = 0
Number of asset objects unloaded after import = 0
========================================================================
Received Import Request.
  Time of request: 2026-08-11T15:50:22.6658895Z
  Time since last request: 0.000698 seconds.
  importAddress: GUID: 8f74c99a65464bb4b86ccb314ee95a7f - Path: Packages/com.unity.timeline/Runtime/Evaluation/IntervalTree.cs - Importer: ScriptedImporter/UnityEditor.QuickSearchModule:UnityEditor.Search:ASIAI0B
Importing 'GUID: 8f74c99a65464bb4b86ccb314ee95a7f - Path: Packages/com.unity.timeline/Runtime/Evaluation/IntervalTree.cs - Importer: ScriptedImporter/UnityEditor.QuickSearchModule:UnityEditor.Search:ASIAI0B' with importer (ScriptedImporter : UnityEditor.QuickSearchModule:UnityEditor.Search:ASIAI0B)
Imported 'GUID: 8f74c99a65464bb4b86ccb314ee95a7f' -> (Import Result ID: '8c4f9a3e64a69d71647102e1b498945d') in 0.003 seconds [static and dynamic dependencies]. Details - ImportResultOutputID=58529d6732f753258e26b9e1a62de0f2 DependenciesID=e0a22ac428551946b30c36a1bf7c6a6b StaticDependenciesID=1230c287ff2a941350b30de12fbc33c5 
Number of updated asset objects reloaded before import = 0
Number of asset objects unloaded after import = 0
========================================================================
Received Import Request.
  Time of request: 2026-08-11T15:50:22.6776216Z
  Time since last request: 0.0004916 seconds.
  importAddress: GUID: 3ff3d24ea34f9f74cb138e435f5f491e - Path: Packages/com.unity.timeline/Editor/Manipulators/Move/IMoveItemMode.cs - Importer: ScriptedImporter/UnityEditor.QuickSearchModule:UnityEditor.Search:ASIAI0B
Importing 'GUID: 3ff3d24ea34f9f74cb138e435f5f491e - Path: Packages/com.unity.timeline/Editor/Manipulators/Move/IMoveItemMode.cs - Importer: ScriptedImporter/UnityEditor.QuickSearchModule:UnityEditor.Search:ASIAI0B' with importer (ScriptedImporter : UnityEditor.QuickSearchModule:UnityEditor.Search:ASIAI0B)
Imported 'GUID: 3ff3d24ea34f9f74cb138e435f5f491e' -> (Import Result ID: '41a1be8977e2423480fffaca82ace7e5') in 0.003 seconds [static and dynamic dependencies]. Details - ImportResultOutputID=eb40c2f94cbe53d09472a48998c68038 DependenciesID=cd343086f7c05aff8e386b6840b77779 StaticDependenciesID=cd181fdf0c00e602edeb676e56fae612 
Number of updated asset objects reloaded before import = 0
Number of asset objects unloaded after import = 0
========================================================================
Received Import Request.
  Time of request: 2026-08-11T15:50:22.6900578Z
  Time since last request: 0.0002861 seconds.
  importAddress: GUID: 41e14f40b915ca743a3dffd18ffc65ab - Path: Packages/com.unity.timeline/Editor/Manipulators/AddDelete/AddDeleteItemModeMix.cs - Importer: ScriptedImporter/UnityEditor.QuickSearchModule:UnityEditor.Search:ASIAI0B
Importing 'GUID: 41e14f40b915ca743a3dffd18ffc65ab - Path: Packages/com.unity.timeline/Editor/Manipulators/AddDelete/AddDeleteItemModeMix.cs - Importer: ScriptedImporter/UnityEditor.QuickSearchModule:UnityEditor.Search:ASIAI0B' with importer (ScriptedImporter : UnityEditor.QuickSearchModule:UnityEditor.Search:ASIAI0B)
Imported 'GUID: 41e14f40b915ca743a3dffd18ffc65ab' -> (Import Result ID: '648a4b789dea3ace6baaf8731becc654') in 0.004 seconds [static and dynamic dependencies]. Details - ImportResultOutputID=2f97e4c42c2c3a88cc19e36bbaadc9ec DependenciesID=613986016ca11491c1dbb347cc80e89d StaticDependenciesID=b91c9c16cedf368337700180dc60d543 
Number of updated asset objects reloaded before import = 0
Number of asset objects unloaded after import = 0
========================================================================
Received Import Request.
  Time of request: 2026-08-11T15:50:22.7036191Z
  Time since last request: 0.0002847 seconds.
  importAddress: GUID: dac68f98afe146e2b31f6a0ee222ef79 - Path: Packages/com.unity.timeline/Runtime/Extensions/SelectionExtensions.cs - Importer: ScriptedImporter/UnityEditor.QuickSearchModule:UnityEditor.Search:ASIAI0B
Importing 'GUID: dac68f98afe146e2b31f6a0ee222ef79 - Path: Packages/com.unity.timeline/Runtime/Extensions/SelectionExtensions.cs - Importer: ScriptedImporter/UnityEditor.QuickSearchModule:UnityEditor.Search:ASIAI0B' with importer (ScriptedImporter : UnityEditor.QuickSearchModule:UnityEditor.Search:ASIAI0B)
Imported 'GUID: dac68f98afe146e2b31f6a0ee222ef79' -> (Import Result ID: 'b0c55d5712681080f34ba21401d7183e') in 0.003 seconds [static and dynamic dependencies]. Details - ImportResultOutputID=1616f267427bba9ebeeb77cfe5c04a3e DependenciesID=bdc05569f1ca2d7fc8bd6f71b53edbae StaticDependenciesID=22316ac452748417e64498d0ff0048ce 
Number of updated asset objects reloaded before import = 0
Number of asset objects unloaded after import = 0
========================================================================
Received Import Request.
  Time of request: 2026-08-11T15:50:22.714953Z
  Time since last request: 0.0005504 seconds.
  importAddress: GUID: edd4f4b395430604d935bcf0b14c7d42 - Path: Packages/com.unity.timeline/Editor/Manipulators/Sequence/RectangleSelect.cs - Importer: ScriptedImporter/UnityEditor.QuickSearchModule:UnityEditor.Search:ASIAI0B
Importing 'GUID: edd4f4b395430604d935bcf0b14c7d42 - Path: Packages/com.unity.timeline/Editor/Manipulators/Sequence/RectangleSelect.cs - Importer: ScriptedImporter/UnityEditor.QuickSearchModule:UnityEditor.Search:ASIAI0B' with importer (ScriptedImporter : UnityEditor.QuickSearchModule:UnityEditor.Search:ASIAI0B)
Imported 'GUID: edd4f4b395430604d935bcf0b14c7d42' -> (Import Result ID: '5e36f519ae9225ed1b3113d711f72b9a') in 0.003 seconds [static and dynamic dependencies]. Details - ImportResultOutputID=31fca36387112f1feaca576838e6379a DependenciesID=dc2800297b6dcc7470ffd66a762bd3b0 StaticDependenciesID=d6462f14173ff697d6bb06a921d46ca7 
Number of updated asset objects reloaded before import = 0
Number of asset objects unloaded after import = 0
========================================================================
Received Import Request.
  Time of request: 2026-08-11T15:50:22.7444081Z
  Time since last request: 0.0188558 seconds.
  importAddress: GUID: 54905d77593e9eb44a7c25d704bb4163 - Path: Packages/com.unity.timeline/Editor/StyleSheets/res/Timeline_DarkSkin.txt - Importer: ScriptedImporter/UnityEditor.QuickSearchModule:UnityEditor.Search:ASIAI0B
Importing 'GUID: 54905d77593e9eb44a7c25d704bb4163 - Path: Packages/com.unity.timeline/Editor/StyleSheets/res/Timeline_DarkSkin.txt - Importer: ScriptedImporter/UnityEditor.QuickSearchModule:UnityEditor.Search:ASIAI0B' with importer (ScriptedImporter : UnityEditor.QuickSearchModule:UnityEditor.Search:ASIAI0B)
Imported 'GUID: 54905d77593e9eb44a7c25d704bb4163' -> (Import Result ID: '1ba5f7c700b3b1b34a672bf6faea4528') in 0.004 seconds [static and dynamic dependencies]. Details - ImportResultOutputID=f4ac771f2d3e3b837292e2e5019ba853 DependenciesID=4487764020fec01f8688f538bd9164ae StaticDependenciesID=e8e5a39db591be051186fbff317b8bfa 
Number of updated asset objects reloaded before import = 0
Number of asset objects unloaded after import = 1
========================================================================
Received Import Request.
  Time of request: 2026-08-11T15:50:22.7561965Z
  Time since last request: 0.000969 seconds.
  importAddress: GUID: 20c8bb6b47a526c4c96ca73314fe2856 - Path: Packages/com.unity.timeline/Editor/Manipulators/Trim/TrimItemModeRipple.cs - Importer: ScriptedImporter/UnityEditor.QuickSearchModule:UnityEditor.Search:ASIAI0B
Importing 'GUID: 20c8bb6b47a526c4c96ca73314fe2856 - Path: Packages/com.unity.timeline/Editor/Manipulators/Trim/TrimItemModeRipple.cs - Importer: ScriptedImporter/UnityEditor.QuickSearchModule:UnityEditor.Search:ASIAI0B' with importer (ScriptedImporter : UnityEditor.QuickSearchModule:UnityEditor.Search:ASIAI0B)
Imported 'GUID: 20c8bb6b47a526c4c96ca73314fe2856' -> (Import Result ID: 'e6982f5d027cea0bc2bafa1249a04d12') in 0.003 seconds [static and dynamic dependencies]. Details - ImportResultOutputID=a6e23802d27c0a636fcee56aefa0ffb0 DependenciesID=2a8daf5e3914acc21c5c8ef6622c62b0 StaticDependenciesID=0f4ba17d951c7c1990b2d9e696fb4099 
Number of updated asset objects reloaded before import = 0
Number of asset objects unloaded after import = 0
========================================================================
Received Import Request.
  Time of request: 2026-08-11T15:50:22.7670073Z
  Time since last request: 0.0005087 seconds.
  importAddress: GUID: 769f6f5dd7c8f2d4c9ab1caba0bd2628 - Path: Packages/com.unity.timeline/Editor/Manipulators/Trim/TrimItemModeReplace.cs - Importer: ScriptedImporter/UnityEditor.QuickSearchModule:UnityEditor.Search:ASIAI0B
Importing 'GUID: 769f6f5dd7c8f2d4c9ab1caba0bd2628 - Path: Packages/com.unity.timeline/Editor/Manipulators/Trim/TrimItemModeReplace.cs - Importer: ScriptedImporter/UnityEditor.QuickSearchModule:UnityEditor.Search:ASIAI0B' with importer (ScriptedImporter : UnityEditor.QuickSearchModule:UnityEditor.Search:ASIAI0B)
Imported 'GUID: 769f6f5dd7c8f2d4c9ab1caba0bd2628' -> (Import Result ID: 'e63ceed390ee1f1f78979bd7bfd0966f') in 0.003 seconds [static and dynamic dependencies]. Details - ImportResultOutputID=0a92da14c3be808c4aad5d2be0aa7418 DependenciesID=8106aece83dadd1e816b44d9b947a18a StaticDependenciesID=cb764ff5b6d5e52c16688dd49a52b669 
Number of updated asset objects reloaded before import = 0
Number of asset objects unloaded after import = 0
========================================================================
Received Import Request.
  Time of request: 2026-08-11T15:50:22.7787178Z
  Time since last request: 0.0004462 seconds.
  importAddress: GUID: 3f8643c1f8dd449e85b548a14edbea2e - Path: Packages/com.unity.timeline/Editor/Window/Modes/TimelineReadOnlyMode.cs - Importer: ScriptedImporter/UnityEditor.QuickSearchModule:UnityEditor.Search:ASIAI0B
Importing 'GUID: 3f8643c1f8dd449e85b548a14edbea2e - Path: Packages/com.unity.timeline/Editor/Window/Modes/TimelineReadOnlyMode.cs - Importer: ScriptedImporter/UnityEditor.QuickSearchModule:UnityEditor.Search:ASIAI0B' with importer (ScriptedImporter : UnityEditor.QuickSearchModule:UnityEditor.Search:ASIAI0B)
Imported 'GUID: 3f8643c1f8dd449e85b548a14edbea2e' -> (Import Result ID: 'e2aace6853e645428ba03fcbfeb68b73') in 0.003 seconds [static and dynamic dependencies]. Details - ImportResultOutputID=ec9fc22d18e05c92c422f7cab22b64fb DependenciesID=4eafe7050eaff1a91405165e3b9fd61d StaticDependenciesID=2e26fcd5530915133e8ffa7d7655c5d8 
Number of updated asset objects reloaded before import = 0
Number of asset objects unloaded after import = 0
========================================================================
Received Import Request.
  Time of request: 2026-08-11T15:50:22.7898985Z
  Time since last request: 0.0003221 seconds.
  importAddress: GUID: 3c0826daeb1e45578e12fbbd2b89b638 - Path: Packages/com.unity.timeline/Editor/Window/ViewModel/TimelineAssetViewModel_versions.cs - Importer: ScriptedImporter/UnityEditor.QuickSearchModule:UnityEditor.Search:ASIAI0B
Importing 'GUID: 3c0826daeb1e45578e12fbbd2b89b638 - Path: Packages/com.unity.timeline/Editor/Window/ViewModel/TimelineAssetViewModel_versions.cs - Importer: ScriptedImporter/UnityEditor.QuickSearchModule:UnityEditor.Search:ASIAI0B' with importer (ScriptedImporter : UnityEditor.QuickSearchModule:UnityEditor.Search:ASIAI0B)
Imported 'GUID: 3c0826daeb1e45578e12fbbd2b89b638' -> (Import Result ID: 'f0b68e987cb6f1cbf5c1bcb3da4337d0') in 0.003 seconds [static and dynamic dependencies]. Details - ImportResultOutputID=b6058fce1991615f6fb149dc7036e3a8 DependenciesID=2f6aef76d5f4de6491a1975836c7fe9a StaticDependenciesID=06c7946a2daafc02d0ec6399fca762c0 
Number of updated asset objects reloaded before import = 0
Number of asset objects unloaded after import = 0
========================================================================
Received Import Request.
  Time of request: 2026-08-11T15:50:22.8034335Z
  Time since last request: 0.0005685 seconds.
  importAddress: GUID: 4acbfc0398bab674f922f693e58f4afc - Path: Packages/com.unity.timeline/Editor/treeview/ItemGui/ISelectable.cs - Importer: ScriptedImporter/UnityEditor.QuickSearchModule:UnityEditor.Search:ASIAI0B
Importing 'GUID: 4acbfc0398bab674f922f693e58f4afc - Path: Packages/com.unity.timeline/Editor/treeview/ItemGui/ISelectable.cs - Importer: ScriptedImporter/UnityEditor.QuickSearchModule:UnityEditor.Search:ASIAI0B' with importer (ScriptedImporter : UnityEditor.QuickSearchModule:UnityEditor.Search:ASIAI0B)
Imported 'GUID: 4acbfc0398bab674f922f693e58f4afc' -> (Import Result ID: 'dad0401e398c7fef0536097cacb90432') in 0.003 seconds [static and dynamic dependencies]. Details - ImportResultOutputID=448f87ce8ffe0f933f4f5d81ebe144db DependenciesID=827a0156dd18defd4846a1d6a41ff97e StaticDependenciesID=e809c936e80e0a657fbe6f3187ed7756 
Number of updated asset objects reloaded before import = 0
Number of asset objects unloaded after import = 0
========================================================================
Received Import Request.
  Time of request: 2026-08-11T15:50:22.8151493Z
  Time since last request: 0.0002571 seconds.
  importAddress: GUID: 2c03ae9aa36a4fd44a983831f44654be - Path: Packages/com.unity.timeline/Editor/treeview/ItemGui/TimelineMarkerClusterGUI.cs - Importer: ScriptedImporter/UnityEditor.QuickSearchModule:UnityEditor.Search:ASIAI0B
Importing 'GUID: 2c03ae9aa36a4fd44a983831f44654be - Path: Packages/com.unity.timeline/Editor/treeview/ItemGui/TimelineMarkerClusterGUI.cs - Importer: ScriptedImporter/UnityEditor.QuickSearchModule:UnityEditor.Search:ASIAI0B' with importer (ScriptedImporter : UnityEditor.QuickSearchModule:UnityEditor.Search:ASIAI0B)
Imported 'GUID: 2c03ae9aa36a4fd44a983831f44654be' -> (Import Result ID: '5f21393e51af66f41af7b81ae3bb918f') in 0.003 seconds [static and dynamic dependencies]. Details - ImportResultOutputID=8f990b657abc7b9adad9495a637dbea0 DependenciesID=6a08b231461c3482aeec814aa76cb919 StaticDependenciesID=d2f5681fc49eedd9c416546a4c808fba 
Number of updated asset objects reloaded before import = 0
Number of asset objects unloaded after import = 0
========================================================================
Received Import Request.
  Time of request: 2026-08-11T15:50:22.8269097Z
  Time since last request: 0.000479 seconds.
  importAddress: GUID: b3b27007577486c4d8dc088f989b288c - Path: Packages/com.unity.timeline/Editor/treeview/TrackGui/TimelineTrackGUI.cs - Importer: ScriptedImporter/UnityEditor.QuickSearchModule:UnityEditor.Search:ASIAI0B
Importing 'GUID: b3b27007577486c4d8dc088f989b288c - Path: Packages/com.unity.timeline/Editor/treeview/TrackGui/TimelineTrackGUI.cs - Importer: ScriptedImporter/UnityEditor.QuickSearchModule:UnityEditor.Search:ASIAI0B' with importer (ScriptedImporter : UnityEditor.QuickSearchModule:UnityEditor.Search:ASIAI0B)
Imported 'GUID: b3b27007577486c4d8dc088f989b288c' -> (Import Result ID: 'c49f9ec2bfc5ff03444a37d478dc4fb8') in 0.003 seconds [static and dynamic dependencies]. Details - ImportResultOutputID=d0d978a38ee665bc01246f75795745df DependenciesID=6161bcc5873a20fc1b2c74383d386ed0 StaticDependenciesID=a37d3dc64ceb940d0363940c0b734e93 
Number of updated asset objects reloaded before import = 0
Number of asset objects unloaded after import = 0
========================================================================
Received Import Request.
  Time of request: 2026-08-11T15:50:22.8898865Z
  Time since last request: 0.0503257 seconds.
  importAddress: GUID: 183f7b7549219ab47becb461a16df882 - Path: Packages/com.unity.timeline/Editor/StyleSheets/Images/DarkSkin/TimelineAutokey_active@2x.png - Importer: ScriptedImporter/UnityEditor.QuickSearchModule:UnityEditor.Search:ASIAI0B
Importing 'GUID: 183f7b7549219ab47becb461a16df882 - Path: Packages/com.unity.timeline/Editor/StyleSheets/Images/DarkSkin/TimelineAutokey_active@2x.png - Importer: ScriptedImporter/UnityEditor.QuickSearchModule:UnityEditor.Search:ASIAI0B' with importer (ScriptedImporter : UnityEditor.QuickSearchModule:UnityEditor.Search:ASIAI0B)
Imported 'GUID: 183f7b7549219ab47becb461a16df882' -> (Import Result ID: 'ab42247173d330c5ebbe7c89dfee6994') in 0.007 seconds [static and dynamic dependencies]. Details - ImportResultOutputID=1bdf916bff49fd94460082a241fc68da DependenciesID=fefdbc49f97cca4e8c030eb0c69c6188 StaticDependenciesID=331e06b88723a276ad5134d95e2dfe68 
Number of updated asset objects reloaded before import = 0
Number of asset objects unloaded after import = 1
========================================================================
Received Import Request.
  Time of request: 2026-08-11T15:50:22.9051936Z
  Time since last request: 0.0015115 seconds.
  importAddress: GUID: 91746a504b59769439bb2749c314d231 - Path: Packages/com.unity.timeline/Editor/StyleSheets/Images/Icons/d_TrackAvatarButtonDisabled.png - Importer: ScriptedImporter/UnityEditor.QuickSearchModule:UnityEditor.Search:ASIAI0B
Importing 'GUID: 91746a504b59769439bb2749c314d231 - Path: Packages/com.unity.timeline/Editor/StyleSheets/Images/Icons/d_TrackAvatarButtonDisabled.png - Importer: ScriptedImporter/UnityEditor.QuickSearchModule:UnityEditor.Search:ASIAI0B' with importer (ScriptedImporter : UnityEditor.QuickSearchModule:UnityEditor.Search:ASIAI0B)
Imported 'GUID: 91746a504b59769439bb2749c314d231' -> (Import Result ID: '1d7f3d9b37f157f40131922965caf3ef') in 0.006 seconds [static and dynamic dependencies]. Details - ImportResultOutputID=d116b7fea84eb8f5310edae792004d90 DependenciesID=10eeb0dcddabed9485d5626ac3a13a0a StaticDependenciesID=1d5f89608f75db268813b5046e0143cd 
Number of updated asset objects reloaded before import = 0
Number of asset objects unloaded after import = 1
========================================================================
Received Import Request.
  Time of request: 2026-08-11T15:50:22.9209359Z
  Time since last request: 0.0003071 seconds.
  importAddress: GUID: 06bf6150656339941aa98e175a995445 - Path: Packages/com.unity.timeline/Editor/StyleSheets/Images/Icons/d_TimelineSelector.png - Importer: ScriptedImporter/UnityEditor.QuickSearchModule:UnityEditor.Search:ASIAI0B
Importing 'GUID: 06bf6150656339941aa98e175a995445 - Path: Packages/com.unity.timeline/Editor/StyleSheets/Images/Icons/d_TimelineSelector.png - Importer: ScriptedImporter/UnityEditor.QuickSearchModule:UnityEditor.Search:ASIAI0B' with importer (ScriptedImporter : UnityEditor.QuickSearchModule:UnityEditor.Search:ASIAI0B)
Imported 'GUID: 06bf6150656339941aa98e175a995445' -> (Import Result ID: '4f2f7249a0e97b2df7c023a0bf419979') in 0.008 seconds [static and dynamic dependencies]. Details - ImportResultOutputID=74e02a480712f4e1dec0b0988c4ce494 DependenciesID=fb89e54170c1c44afe82494ee8403ebb StaticDependenciesID=5ab3e0039b7e6393b7398afc00678d28 
Number of updated asset objects reloaded before import = 0
Number of asset objects unloaded after import = 1
========================================================================
Received Import Request.
  Time of request: 2026-08-11T15:50:22.936535Z
  Time since last request: 0.0003416 seconds.
  importAddress: GUID: 40947ddc2dd4f0d499a92d0f3675c4e8 - Path: Packages/com.unity.timeline/Editor/StyleSheets/Images/Icons/d_TimelineCollapseMarkerButtonDisabled.png - Importer: ScriptedImporter/UnityEditor.QuickSearchModule:UnityEditor.Search:ASIAI0B
Importing 'GUID: 40947ddc2dd4f0d499a92d0f3675c4e8 - Path: Packages/com.unity.timeline/Editor/StyleSheets/Images/Icons/d_TimelineCollapseMarkerButtonDisabled.png - Importer: ScriptedImporter/UnityEditor.QuickSearchModule:UnityEditor.Search:ASIAI0B' with importer (ScriptedImporter : UnityEditor.QuickSearchModule:UnityEditor.Search:ASIAI0B)
Imported 'GUID: 40947ddc2dd4f0d499a92d0f3675c4e8' -> (Import Result ID: 'e80501d8b8fc4feb8366273a46c03c64') in 0.006 seconds [static and dynamic dependencies]. Details - ImportResultOutputID=736ca4a32b8da57ce924a20b69fec80e DependenciesID=3b1c7aa39be67b24210b3db4b350f651 StaticDependenciesID=7c2a02b7c03a6bc05132b18bee84f382 
Number of updated asset objects reloaded before import = 0
Number of asset objects unloaded after import = 1
========================================================================
Received Import Request.
  Time of request: 2026-08-11T15:50:22.9525946Z
  Time since last request: 0.0005292 seconds.
  importAddress: GUID: fbcdeb07ee516a64daa01ce462874280 - Path: Packages/com.unity.timeline/Editor/StyleSheets/Images/Icons/d_TrackCurvesButtonEnabled.png - Importer: ScriptedImporter/UnityEditor.QuickSearchModule:UnityEditor.Search:ASIAI0B
Importing 'GUID: fbcdeb07ee516a64daa01ce462874280 - Path: Packages/com.unity.timeline/Editor/StyleSheets/Images/Icons/d_TrackCurvesButtonEnabled.png - Importer: ScriptedImporter/UnityEditor.QuickSearchModule:UnityEditor.Search:ASIAI0B' with importer (ScriptedImporter : UnityEditor.QuickSearchModule:UnityEditor.Search:ASIAI0B)
Imported 'GUID: fbcdeb07ee516a64daa01ce462874280' -> (Import Result ID: '438e4cde11cfc2320d0392a2a7a72aae') in 0.009 seconds [static and dynamic dependencies]. Details - ImportResultOutputID=1a026abf26d5faa2cceb082fca4efd63 DependenciesID=4fc280fda70b4096c81f687de35cf47a StaticDependenciesID=bd0e35e8c74cfc7a569c5ea8e9a140f5 
Number of updated asset objects reloaded before import = 0
Number of asset objects unloaded after import = 1
========================================================================
Received Import Request.
  Time of request: 2026-08-11T15:50:22.9729654Z
  Time since last request: 0.0002789 seconds.
  importAddress: GUID: 22c3c381bd3cd4a40a8541103023e1ef - Path: Packages/com.unity.timeline/Editor/StyleSheets/Images/Icons/d_TimelineDigIn.png - Importer: ScriptedImporter/UnityEditor.QuickSearchModule:UnityEditor.Search:ASIAI0B
Importing 'GUID: 22c3c381bd3cd4a40a8541103023e1ef - Path: Packages/com.unity.timeline/Editor/StyleSheets/Images/Icons/d_TimelineDigIn.png - Importer: ScriptedImporter/UnityEditor.QuickSearchModule:UnityEditor.Search:ASIAI0B' with importer (ScriptedImporter : UnityEditor.QuickSearchModule:UnityEditor.Search:ASIAI0B)
Imported 'GUID: 22c3c381bd3cd4a40a8541103023e1ef' -> (Import Result ID: '482e4427f8795469dcb145137f5d2ce1') in 0.007 seconds [static and dynamic dependencies]. Details - ImportResultOutputID=11ab9afe38d38cc364894a3528ee4db0 DependenciesID=8f38b3275385f715c8e2648ba985d439 StaticDependenciesID=30e52d4cb25f5c922d86c7d83e74ba95 
Number of updated asset objects reloaded before import = 0
Number of asset objects unloaded after import = 1
========================================================================
Received Import Request.
  Time of request: 2026-08-11T15:50:22.9872161Z
  Time since last request: 0.000303 seconds.
  importAddress: GUID: 6ab002208ec290544b44bc263dc58a95 - Path: Packages/com.unity.timeline/Editor/StyleSheets/Images/Icons/d_TrackMuteButtonDisabled.png - Importer: ScriptedImporter/UnityEditor.QuickSearchModule:UnityEditor.Search:ASIAI0B
Importing 'GUID: 6ab002208ec290544b44bc263dc58a95 - Path: Packages/com.unity.timeline/Editor/StyleSheets/Images/Icons/d_TrackMuteButtonDisabled.png - Importer: ScriptedImporter/UnityEditor.QuickSearchModule:UnityEditor.Search:ASIAI0B' with importer (ScriptedImporter : UnityEditor.QuickSearchModule:UnityEditor.Search:ASIAI0B)
Imported 'GUID: 6ab002208ec290544b44bc263dc58a95' -> (Import Result ID: 'f0693b932a1658c76ffd64088e5bc131') in 0.006 seconds [static and dynamic dependencies]. Details - ImportResultOutputID=fc9e972725a97bcb3c4be99e44d019db DependenciesID=b5741d1668618f4608619224f171214f StaticDependenciesID=331bb8c223277d5ef7be308bc7b47fbf 
Number of updated asset objects reloaded before import = 0
Number of asset objects unloaded after import = 1
========================================================================
Received Import Request.
  Time of request: 2026-08-11T15:50:23.0226758Z
  Time since last request: 0.0205937 seconds.
  importAddress: GUID: b6e9dc9aad5843748a0124b8925c3743 - Path: Packages/com.unity.timeline/Editor/StyleSheets/Images/LightSkin/TimelineMarkerItemSelected.png - Importer: ScriptedImporter/UnityEditor.QuickSearchModule:UnityEditor.Search:ASIAI0B
Importing 'GUID: b6e9dc9aad5843748a0124b8925c3743 - Path: Packages/com.unity.timeline/Editor/StyleSheets/Images/LightSkin/TimelineMarkerItemSelected.png - Importer: ScriptedImporter/UnityEditor.QuickSearchModule:UnityEditor.Search:ASIAI0B' with importer (ScriptedImporter : UnityEditor.QuickSearchModule:UnityEditor.Search:ASIAI0B)
Imported 'GUID: b6e9dc9aad5843748a0124b8925c3743' -> (Import Result ID: '4dc2220a7e17809258551ab8ae7ce5da') in 0.007 seconds [static and dynamic dependencies]. Details - ImportResultOutputID=5ae50c14016cac5df5fa6b01e41befd7 DependenciesID=b822b3db90ea587615d0fc2ede924f07 StaticDependenciesID=a96df61116512a30ddb906e2d1c60d9c 
Number of updated asset objects reloaded before import = 0
Number of asset objects unloaded after import = 1
========================================================================
Received Import Request.
  Time of request: 2026-08-11T15:50:23.0374251Z
  Time since last request: 0.000279 seconds.
  importAddress: GUID: 6952cd3b0f88917449a8fa4d19fc5009 - Path: Packages/com.unity.timeline/Editor/StyleSheets/Images/LightSkin/TimelineEndPlayback.png - Importer: ScriptedImporter/UnityEditor.QuickSearchModule:UnityEditor.Search:ASIAI0B
Importing 'GUID: 6952cd3b0f88917449a8fa4d19fc5009 - Path: Packages/com.unity.timeline/Editor/StyleSheets/Images/LightSkin/TimelineEndPlayback.png - Importer: ScriptedImporter/UnityEditor.QuickSearchModule:UnityEditor.Search:ASIAI0B' with importer (ScriptedImporter : UnityEditor.QuickSearchModule:UnityEditor.Search:ASIAI0B)
Imported 'GUID: 6952cd3b0f88917449a8fa4d19fc5009' -> (Import Result ID: 'f2945097dc170d17c2595f8d91442e14') in 0.006 seconds [static and dynamic dependencies]. Details - ImportResultOutputID=1948ba0b701f842d2d0832074bcd93b2 DependenciesID=a6df0db44d42217383189b362cc6a9e8 StaticDependenciesID=05c651725426ebfe8531dc304cd03a01 
Number of updated asset objects reloaded before import = 0
Number of asset objects unloaded after import = 1
========================================================================
Received Import Request.
  Time of request: 2026-08-11T15:50:23.0518548Z
  Time since last request: 0.0008138 seconds.
  importAddress: GUID: a09fd8b5d9396c24a96a6de50cddc3b9 - Path: Packages/com.unity.timeline/Editor/StyleSheets/Images/LightSkin/TimelineHold.png - Importer: ScriptedImporter/UnityEditor.QuickSearchModule:UnityEditor.Search:ASIAI0B
Importing 'GUID: a09fd8b5d9396c24a96a6de50cddc3b9 - Path: Packages/com.unity.timeline/Editor/StyleSheets/Images/LightSkin/TimelineHold.png - Importer: ScriptedImporter/UnityEditor.QuickSearchModule:UnityEditor.Search:ASIAI0B' with importer (ScriptedImporter : UnityEditor.QuickSearchModule:UnityEditor.Search:ASIAI0B)
Imported 'GUID: a09fd8b5d9396c24a96a6de50cddc3b9' -> (Import Result ID: '898b74920f8c1cc962ffd4faef1be86a') in 0.008 seconds [static and dynamic dependencies]. Details - ImportResultOutputID=b682854bc7e800c68e02dbb34e97489a DependenciesID=ff9235ebb8e2cf52a38187c0d84c9149 StaticDependenciesID=77cd44df28ce17c497e4578fe4c77e83 
Number of updated asset objects reloaded before import = 0
Number of asset objects unloaded after import = 1
========================================================================
Received Import Request.
  Time of request: 2026-08-11T15:50:23.0680153Z
  Time since last request: 0.0006813 seconds.
  importAddress: GUID: a383d8b1327c9254896ad76d6efaf357 - Path: Packages/com.unity.timeline/Editor/StyleSheets/Images/Icons/TrackCurvesButtonDisabled@2x.png - Importer: ScriptedImporter/UnityEditor.QuickSearchModule:UnityEditor.Search:ASIAI0B
Importing 'GUID: a383d8b1327c9254896ad76d6efaf357 - Path: Packages/com.unity.timeline/Editor/StyleSheets/Images/Icons/TrackCurvesButtonDisabled@2x.png - Importer: ScriptedImporter/UnityEditor.QuickSearchModule:UnityEditor.Search:ASIAI0B' with importer (ScriptedImporter : UnityEditor.QuickSearchModule:UnityEditor.Search:ASIAI0B)
Imported 'GUID: a383d8b1327c9254896ad76d6efaf357' -> (Import Result ID: '96962da0ad9f1520c75b34785ea4413e') in 0.007 seconds [static and dynamic dependencies]. Details - ImportResultOutputID=8301f7c347f7678c165089658960b811 DependenciesID=02ed3d8552796d521fc5a59d9efcae2e StaticDependenciesID=21dcb2facbd95dbe426b08dac00c2a88 
Number of updated asset objects reloaded before import = 0
Number of asset objects unloaded after import = 1
========================================================================
Received Import Request.
  Time of request: 2026-08-11T15:50:23.0826162Z
  Time since last request: 0.0002674 seconds.
  importAddress: GUID: cf575301f1e76c4478de0e77db15eba0 - Path: Packages/com.unity.timeline/Editor/StyleSheets/Images/Icons/TrackLockButtonEnabled.png - Importer: ScriptedImporter/UnityEditor.QuickSearchModule:UnityEditor.Search:ASIAI0B
Importing 'GUID: cf575301f1e76c4478de0e77db15eba0 - Path: Packages/com.unity.timeline/Editor/StyleSheets/Images/Icons/TrackLockButtonEnabled.png - Importer: ScriptedImporter/UnityEditor.QuickSearchModule:UnityEditor.Search:ASIAI0B' with importer (ScriptedImporter : UnityEditor.QuickSearchModule:UnityEditor.Search:ASIAI0B)
Imported 'GUID: cf575301f1e76c4478de0e77db15eba0' -> (Import Result ID: '344dc209c40887d0d7684a20472db8ec') in 0.005 seconds [static and dynamic dependencies]. Details - ImportResultOutputID=9c0a4755d120ff4fb13ae1660af9620e DependenciesID=bf997fb58cd4a9f692913369a68cf65f StaticDependenciesID=aece6c634309a367c5c9029191d1cd75 
Number of updated asset objects reloaded before import = 0
Number of asset objects unloaded after import = 1
========================================================================
Received Import Request.
  Time of request: 2026-08-11T15:50:23.0965345Z
  Time since last request: 0.0002839 seconds.
  importAddress: GUID: c6a0c6226c05f954fa6cd03aebb4d255 - Path: Packages/com.unity.timeline/Editor/StyleSheets/Images/Icons/TrackRecordButtonEnabled.png - Importer: ScriptedImporter/UnityEditor.QuickSearchModule:UnityEditor.Search:ASIAI0B
Importing 'GUID: c6a0c6226c05f954fa6cd03aebb4d255 - Path: Packages/com.unity.timeline/Editor/StyleSheets/Images/Icons/TrackRecordButtonEnabled.png - Importer: ScriptedImporter/UnityEditor.QuickSearchModule:UnityEditor.Search:ASIAI0B' with importer (ScriptedImporter : UnityEditor.QuickSearchModule:UnityEditor.Search:ASIAI0B)
Imported 'GUID: c6a0c6226c05f954fa6cd03aebb4d255' -> (Import Result ID: '0018117e6c2d5ddf376111b7c72f211a') in 0.007 seconds [static and dynamic dependencies]. Details - ImportResultOutputID=8dd8837dfee807a689bd2beda7e77269 DependenciesID=51fa204b83b23c86654768dc2422020b StaticDependenciesID=9521fb18b18edbd56112af0064602fc5 
Number of updated asset objects reloaded before import = 0
Number of asset objects unloaded after import = 1
========================================================================
Received Import Request.
  Time of request: 2026-08-11T15:50:23.1141254Z
  Time since last request: 0.0004355 seconds.
  importAddress: GUID: a7a968b204ed77c4ba90be3ef3ee8551 - Path: Packages/com.unity.timeline/Editor/StyleSheets/Images/LightSkin/TimelineIconClipOut.png - Importer: ScriptedImporter/UnityEditor.QuickSearchModule:UnityEditor.Search:ASIAI0B
Importing 'GUID: a7a968b204ed77c4ba90be3ef3ee8551 - Path: Packages/com.unity.timeline/Editor/StyleSheets/Images/LightSkin/TimelineIconClipOut.png - Importer: ScriptedImporter/UnityEditor.QuickSearchModule:UnityEditor.Search:ASIAI0B' with importer (ScriptedImporter : UnityEditor.QuickSearchModule:UnityEditor.Search:ASIAI0B)
Imported 'GUID: a7a968b204ed77c4ba90be3ef3ee8551' -> (Import Result ID: '9f29dbf2b14746309dc91ae50053c9a8') in 0.006 seconds [static and dynamic dependencies]. Details - ImportResultOutputID=7da49b8c46d8154326de1a372b6dca31 DependenciesID=413ed82b6ae1c3f30faefd505367fe81 StaticDependenciesID=c679bf31dfa7fa30b15462b5eecbfbb4 
Number of updated asset objects reloaded before import = 0
Number of asset objects unloaded after import = 1
========================================================================
Received Import Request.
  Time of request: 2026-08-11T15:50:23.1322251Z
  Time since last request: 0.0003843 seconds.
  importAddress: GUID: f9fd2f335364cda41937eab39bf20049 - Path: Packages/com.unity.timeline/Editor/StyleSheets/Images/LightSkin/TimelineKeyframe.png - Importer: ScriptedImporter/UnityEditor.QuickSearchModule:UnityEditor.Search:ASIAI0B
Importing 'GUID: f9fd2f335364cda41937eab39bf20049 - Path: Packages/com.unity.timeline/Editor/StyleSheets/Images/LightSkin/TimelineKeyframe.png - Importer: ScriptedImporter/UnityEditor.QuickSearchModule:UnityEditor.Search:ASIAI0B' with importer (ScriptedImporter : UnityEditor.QuickSearchModule:UnityEditor.Search:ASIAI0B)
Imported 'GUID: f9fd2f335364cda41937eab39bf20049' -> (Import Result ID: 'd67a57a8861ffcf480a30fb2e4686311') in 0.006 seconds [static and dynamic dependencies]. Details - ImportResultOutputID=c0be87188e82f0de4b5d48c2b5cc8905 DependenciesID=08960fb0e9fc4387e3f060f4f041d699 StaticDependenciesID=d99aaefafed03e9b74775dabcd890742 
Number of updated asset objects reloaded before import = 0
Number of asset objects unloaded after import = 1
========================================================================
Received Import Request.
  Time of request: 2026-08-11T15:50:23.1547787Z
  Time since last request: 0.0087146 seconds.
  importAddress: GUID: 03ae22b9de3989144a9bebf8972b4fad - Path: Packages/com.unity.timeline/Editor/StyleSheets/Images/Shared/TimelineDisplay.png - Importer: ScriptedImporter/UnityEditor.QuickSearchModule:UnityEditor.Search:ASIAI0B
Importing 'GUID: 03ae22b9de3989144a9bebf8972b4fad - Path: Packages/com.unity.timeline/Editor/StyleSheets/Images/Shared/TimelineDisplay.png - Importer: ScriptedImporter/UnityEditor.QuickSearchModule:UnityEditor.Search:ASIAI0B' with importer (ScriptedImporter : UnityEditor.QuickSearchModule:UnityEditor.Search:ASIAI0B)
Imported 'GUID: 03ae22b9de3989144a9bebf8972b4fad' -> (Import Result ID: '1b418f72b113828ef88569727ab7e6b9') in 0.010 seconds [static and dynamic dependencies]. Details - ImportResultOutputID=c8ed8b4a14692ba32ab6380b7857de35 DependenciesID=6b08be63bf74001850491391026e3634 StaticDependenciesID=ab2f98facda3a8061615379869e5ae64 
Number of updated asset objects reloaded before import = 0
Number of asset objects unloaded after import = 1
========================================================================
Received Import Request.
  Time of request: 2026-08-11T15:50:23.196347Z
  Time since last request: 0.024125 seconds.
  importAddress: GUID: 8c4dd21966739024fbd72155091d199e - Path: Packages/com.unity.ai.navigation/Runtime/Unity.AI.Navigation.asmdef - Importer: ScriptedImporter/UnityEditor.QuickSearchModule:UnityEditor.Search:ASIAI0B
Importing 'GUID: 8c4dd21966739024fbd72155091d199e - Path: Packages/com.unity.ai.navigation/Runtime/Unity.AI.Navigation.asmdef - Importer: ScriptedImporter/UnityEditor.QuickSearchModule:UnityEditor.Search:ASIAI0B' with importer (ScriptedImporter : UnityEditor.QuickSearchModule:UnityEditor.Search:ASIAI0B)
Imported 'GUID: 8c4dd21966739024fbd72155091d199e' -> (Import Result ID: '812cd33bfd648293c94d1ccc1c26514a') in 0.004 seconds [static and dynamic dependencies]. Details - ImportResultOutputID=15b9c829f42fb8cbb7eb78a578c74504 DependenciesID=95cbc0e3c44bf5defa19506786d798b5 StaticDependenciesID=ad4d248d9b0d30771bdf3c7e1f018d31 
Number of updated asset objects reloaded before import = 0
Number of asset objects unloaded after import = 1
========================================================================
Received Import Request.
  Time of request: 2026-08-11T15:50:23.2081205Z
  Time since last request: 0.0002722 seconds.
  importAddress: GUID: 3df4f0279114423485294ff1196c6644 - Path: Packages/com.unity.ai.navigation/Runtime/AssemblyInfo.cs - Importer: ScriptedImporter/UnityEditor.QuickSearchModule:UnityEditor.Search:ASIAI0B
Importing 'GUID: 3df4f0279114423485294ff1196c6644 - Path: Packages/com.unity.ai.navigation/Runtime/AssemblyInfo.cs - Importer: ScriptedImporter/UnityEditor.QuickSearchModule:UnityEditor.Search:ASIAI0B' with importer (ScriptedImporter : UnityEditor.QuickSearchModule:UnityEditor.Search:ASIAI0B)
Imported 'GUID: 3df4f0279114423485294ff1196c6644' -> (Import Result ID: '79978f9dd3cd2cdf18d354ff563f89b5') in 0.004 seconds [static and dynamic dependencies]. Details - ImportResultOutputID=cd19044e680adf57aa287bdea1ea2856 DependenciesID=5ff8a19524cbe946fe31bfca02f33093 StaticDependenciesID=3fbf753238cc5ceeaaf5c8267e3b4d3c 
Number of updated asset objects reloaded before import = 0
Number of asset objects unloaded after import = 0
========================================================================
Received Import Request.
  Time of request: 2026-08-11T15:50:23.2218884Z
  Time since last request: 0.0002809 seconds.
  importAddress: GUID: 35e95dc5ff2b64380880dd7ac5922847 - Path: Packages/com.unity.ai.navigation/Runtime/NavMeshModifierVolume.cs - Importer: ScriptedImporter/UnityEditor.QuickSearchModule:UnityEditor.Search:ASIAI0B
Importing 'GUID: 35e95dc5ff2b64380880dd7ac5922847 - Path: Packages/com.unity.ai.navigation/Runtime/NavMeshModifierVolume.cs - Importer: ScriptedImporter/UnityEditor.QuickSearchModule:UnityEditor.Search:ASIAI0B' with importer (ScriptedImporter : UnityEditor.QuickSearchModule:UnityEditor.Search:ASIAI0B)
Imported 'GUID: 35e95dc5ff2b64380880dd7ac5922847' -> (Import Result ID: 'b1bcffde3d07bea98d618d504f4cb283') in 0.006 seconds [static and dynamic dependencies]. Details - ImportResultOutputID=5ea3f31616477a411cf592f4a87a5298 DependenciesID=795ca37f77add385da940440a497640b StaticDependenciesID=3537faf535b66a0d7929b04e4faa3196 
Number of updated asset objects reloaded before import = 0
Number of asset objects unloaded after import = 1
========================================================================
Received Import Request.
  Time of request: 2026-08-11T15:50:23.2371038Z
  Time since last request: 0.0003733 seconds.
  importAddress: GUID: d4d7832a718690643968fd71bac1b029 - Path: Packages/com.unity.ai.navigation/Runtime/NavMeshLink.deprecated.cs - Importer: ScriptedImporter/UnityEditor.QuickSearchModule:UnityEditor.Search:ASIAI0B
Importing 'GUID: d4d7832a718690643968fd71bac1b029 - Path: Packages/com.unity.ai.navigation/Runtime/NavMeshLink.deprecated.cs - Importer: ScriptedImporter/UnityEditor.QuickSearchModule:UnityEditor.Search:ASIAI0B' with importer (ScriptedImporter : UnityEditor.QuickSearchModule:UnityEditor.Search:ASIAI0B)
Imported 'GUID: d4d7832a718690643968fd71bac1b029' -> (Import Result ID: '17bd3089c5bf8179f603fd6f4b5ad0ef') in 0.003 seconds [static and dynamic dependencies]. Details - ImportResultOutputID=8dfa3f1e943240c714da35c80fc20c4f DependenciesID=bd7f3407245574bef86d927ed6ae37a0 StaticDependenciesID=3bb5527c5f8159ee12d4e6fd41e7cf49 
Number of updated asset objects reloaded before import = 0
Number of asset objects unloaded after import = 0
========================================================================
Received Import Request.
  Time of request: 2026-08-11T15:50:23.2485175Z
  Time since last request: 0.0002963 seconds.
  importAddress: GUID: e4f97225bcfb64760a1c81f460837f01 - Path: Packages/com.unity.ai.navigation/Gizmos/NavMeshSurface Icon.png - Importer: ScriptedImporter/UnityEditor.QuickSearchModule:UnityEditor.Search:ASIAI0B
Importing 'GUID: e4f97225bcfb64760a1c81f460837f01 - Path: Packages/com.unity.ai.navigation/Gizmos/NavMeshSurface Icon.png - Importer: ScriptedImporter/UnityEditor.QuickSearchModule:UnityEditor.Search:ASIAI0B' with importer (ScriptedImporter : UnityEditor.QuickSearchModule:UnityEditor.Search:ASIAI0B)
Imported 'GUID: e4f97225bcfb64760a1c81f460837f01' -> (Import Result ID: '1c4bf8fdf9617fbcb6dfea0c58d12b8e') in 0.007 seconds [static and dynamic dependencies]. Details - ImportResultOutputID=dcb312048ef3348a7e0ae2d1e633e2e0 DependenciesID=43fd6a50c55ea48f6dc57dc84687f079 StaticDependenciesID=4369800d712703c24ade6464f87547c8 
Number of updated asset objects reloaded before import = 0
Number of asset objects unloaded after import = 1
========================================================================
Received Import Request.
  Time of request: 2026-08-11T15:50:23.2630337Z
  Time since last request: 0.0002753 seconds.
  importAddress: GUID: 0c9fba05c2cea421a8771ca17afce238 - Path: Packages/com.unity.ai.navigation/Editor/ConversionSystem/SystemConverter.cs - Importer: ScriptedImporter/UnityEditor.QuickSearchModule:UnityEditor.Search:ASIAI0B
Importing 'GUID: 0c9fba05c2cea421a8771ca17afce238 - Path: Packages/com.unity.ai.navigation/Editor/ConversionSystem/SystemConverter.cs - Importer: ScriptedImporter/UnityEditor.QuickSearchModule:UnityEditor.Search:ASIAI0B' with importer (ScriptedImporter : UnityEditor.QuickSearchModule:UnityEditor.Search:ASIAI0B)
Imported 'GUID: 0c9fba05c2cea421a8771ca17afce238' -> (Import Result ID: 'f13773a8a67fd95d576ea7a2855d684b') in 0.004 seconds [static and dynamic dependencies]. Details - ImportResultOutputID=20b189a56a3d57195c17db09a26b59dc DependenciesID=19568dfd5302c71c9f526dd5b4b85e70 StaticDependenciesID=21bef64b701fc3015318606cb86a8e8c 
Number of updated asset objects reloaded before import = 0
Number of asset objects unloaded after import = 0
========================================================================
Received Import Request.
  Time of request: 2026-08-11T15:50:23.2957143Z
  Time since last request: 0.0194794 seconds.
  importAddress: GUID: f7a3e2b3beab29040bc1a68f0ad0045c - Path: Packages/com.unity.ai.navigation/EditorResources/Overlay/NavigationOverlay On@32.png - Importer: ScriptedImporter/UnityEditor.QuickSearchModule:UnityEditor.Search:ASIAI0B
Importing 'GUID: f7a3e2b3beab29040bc1a68f0ad0045c - Path: Packages/com.unity.ai.navigation/EditorResources/Overlay/NavigationOverlay On@32.png - Importer: ScriptedImporter/UnityEditor.QuickSearchModule:UnityEditor.Search:ASIAI0B' with importer (ScriptedImporter : UnityEditor.QuickSearchModule:UnityEditor.Search:ASIAI0B)
Imported 'GUID: f7a3e2b3beab29040bc1a68f0ad0045c' -> (Import Result ID: '46c74902c7dd33ea1597f4f8c0229411') in 0.006 seconds [static and dynamic dependencies]. Details - ImportResultOutputID=7d3726ff3759de3452cf1a51a2276a59 DependenciesID=179ef21ff1164e884e50e215e8f2bc56 StaticDependenciesID=c268c75382f5a7b814661f612e69a83e 
Number of updated asset objects reloaded before import = 0
Number of asset objects unloaded after import = 1
========================================================================
Received Import Request.
  Time of request: 2026-08-11T15:50:23.3097879Z
  Time since last request: 0.0004718 seconds.
  importAddress: GUID: b05e7d8dc2bdbb14ab5b1da240ac65d5 - Path: Packages/com.unity.ai.navigation/EditorResources/Overlay/NavigationOverlay On@256.png - Importer: ScriptedImporter/UnityEditor.QuickSearchModule:UnityEditor.Search:ASIAI0B
Importing 'GUID: b05e7d8dc2bdbb14ab5b1da240ac65d5 - Path: Packages/com.unity.ai.navigation/EditorResources/Overlay/NavigationOverlay On@256.png - Importer: ScriptedImporter/UnityEditor.QuickSearchModule:UnityEditor.Search:ASIAI0B' with importer (ScriptedImporter : UnityEditor.QuickSearchModule:UnityEditor.Search:ASIAI0B)
Imported 'GUID: b05e7d8dc2bdbb14ab5b1da240ac65d5' -> (Import Result ID: '1eaa472e203bbb7eb9fc1c1d2f6be487') in 0.006 seconds [static and dynamic dependencies]. Details - ImportResultOutputID=b2abc1f9a029b0c8e1f2c2adb7c47050 DependenciesID=5849587d355e92829c8ddd2b3de6a0ea StaticDependenciesID=7f54ec699059d26a13a88017f17350a3 
Number of updated asset objects reloaded before import = 0
Number of asset objects unloaded after import = 1
========================================================================
Received Import Request.
  Time of request: 2026-08-11T15:50:23.3262276Z
  Time since last request: 0.0003252 seconds.
  importAddress: GUID: 1b6bf0e7b03fea94987a73d0cb14781b - Path: Packages/com.unity.ai.navigation/EditorResources/Overlay/NavigationOverlay@128.png - Importer: ScriptedImporter/UnityEditor.QuickSearchModule:UnityEditor.Search:ASIAI0B
Importing 'GUID: 1b6bf0e7b03fea94987a73d0cb14781b - Path: Packages/com.unity.ai.navigation/EditorResources/Overlay/NavigationOverlay@128.png - Importer: ScriptedImporter/UnityEditor.QuickSearchModule:UnityEditor.Search:ASIAI0B' with importer (ScriptedImporter : UnityEditor.QuickSearchModule:UnityEditor.Search:ASIAI0B)
Imported 'GUID: 1b6bf0e7b03fea94987a73d0cb14781b' -> (Import Result ID: 'f265f548dcb2e54a77f57467ad0ee560') in 0.006 seconds [static and dynamic dependencies]. Details - ImportResultOutputID=20521deaa91030e25ca7584fc2b19694 DependenciesID=fd6dc20a4dae01d01e1279f2be10f474 StaticDependenciesID=522bcfb972b4709b459cf922f64a1750 
Number of updated asset objects reloaded before import = 0
Number of asset objects unloaded after import = 1
========================================================================
Received Import Request.
  Time of request: 2026-08-11T15:50:23.3840412Z
  Time since last request: 0.0411893 seconds.
  importAddress: GUID: 2bc64066748469e48861ed835a8b806d - Path: Packages/com.unity.shadergraph/ShaderGraphLibrary/ShaderVariables.hlsl - Importer: ScriptedImporter/UnityEditor.QuickSearchModule:UnityEditor.Search:ASIAI0B
Importing 'GUID: 2bc64066748469e48861ed835a8b806d - Path: Packages/com.unity.shadergraph/ShaderGraphLibrary/ShaderVariables.hlsl - Importer: ScriptedImporter/UnityEditor.QuickSearchModule:UnityEditor.Search:ASIAI0B' with importer (ScriptedImporter : UnityEditor.QuickSearchModule:UnityEditor.Search:ASIAI0B)
Imported 'GUID: 2bc64066748469e48861ed835a8b806d' -> (Import Result ID: '6c9b120005a6979f518d7ac57f7652d6') in 0.003 seconds [static and dynamic dependencies]. Details - ImportResultOutputID=9de48e6f8915122b5b49d5dc64123340 DependenciesID=45a360f68584062e856ef5b16e3ff477 StaticDependenciesID=697e60bd92ed5b77eae54c670be96d62 
Number of updated asset objects reloaded before import = 0
Number of asset objects unloaded after import = 1
========================================================================
Received Import Request.
  Time of request: 2026-08-11T15:50:23.394876Z
  Time since last request: 0.0003626 seconds.
  importAddress: GUID: e1cfbf2a3c53e704ba1a9450da64c95c - Path: Packages/com.unity.shadergraph/ShaderGraphLibrary/DummyShaderGraphLibrary.cs - Importer: ScriptedImporter/UnityEditor.QuickSearchModule:UnityEditor.Search:ASIAI0B
Importing 'GUID: e1cfbf2a3c53e704ba1a9450da64c95c - Path: Packages/com.unity.shadergraph/ShaderGraphLibrary/DummyShaderGraphLibrary.cs - Importer: ScriptedImporter/UnityEditor.QuickSearchModule:UnityEditor.Search:ASIAI0B' with importer (ScriptedImporter : UnityEditor.QuickSearchModule:UnityEditor.Search:ASIAI0B)
Imported 'GUID: e1cfbf2a3c53e704ba1a9450da64c95c' -> (Import Result ID: 'ebb3de8e5df7568bc0a7c73859c9f8c6') in 0.003 seconds [static and dynamic dependencies]. Details - ImportResultOutputID=11ae8065176abba0ad872cc59baf6ce5 DependenciesID=0733cd12a43a1fa606dcf019731b0caa StaticDependenciesID=145856eee986286d55494584f5dfd5b3 
Number of updated asset objects reloaded before import = 0
Number of asset objects unloaded after import = 0
========================================================================
Received Import Request.
  Time of request: 2026-08-11T15:50:23.4080537Z
  Time since last request: 0.0003536 seconds.
  importAddress: GUID: 60072b568d64c40a485e0fc55012dc9f - Path: Packages/com.unity.shadergraph/Editor/Importers/ShaderSubGraphImporter.cs - Importer: ScriptedImporter/UnityEditor.QuickSearchModule:UnityEditor.Search:ASIAI0B
Importing 'GUID: 60072b568d64c40a485e0fc55012dc9f - Path: Packages/com.unity.shadergraph/Editor/Importers/ShaderSubGraphImporter.cs - Importer: ScriptedImporter/UnityEditor.QuickSearchModule:UnityEditor.Search:ASIAI0B' with importer (ScriptedImporter : UnityEditor.QuickSearchModule:UnityEditor.Search:ASIAI0B)
Imported 'GUID: 60072b568d64c40a485e0fc55012dc9f' -> (Import Result ID: '8d47aa950e4423a2365b07fc3289c4c9') in 0.004 seconds [static and dynamic dependencies]. Details - ImportResultOutputID=18a332111d0b6d7012127c90415fa4c5 DependenciesID=7e411110e1e46ec6cf98dc5bbe764a42 StaticDependenciesID=c7085934d71268f8fbcb6ef2e3a5060b 
Number of updated asset objects reloaded before import = 0
Number of asset objects unloaded after import = 0
========================================================================
Received Import Request.
  Time of request: 2026-08-11T15:50:23.4225855Z
  Time since last request: 0.000314 seconds.
  importAddress: GUID: f8a051cd8f1045d1bbb37860ed4ef796 - Path: Packages/com.unity.shadergraph/Editor/Importers/ShaderGraphTemplateHelper.cs - Importer: ScriptedImporter/UnityEditor.QuickSearchModule:UnityEditor.Search:ASIAI0B
Importing 'GUID: f8a051cd8f1045d1bbb37860ed4ef796 - Path: Packages/com.unity.shadergraph/Editor/Importers/ShaderGraphTemplateHelper.cs - Importer: ScriptedImporter/UnityEditor.QuickSearchModule:UnityEditor.Search:ASIAI0B' with importer (ScriptedImporter : UnityEditor.QuickSearchModule:UnityEditor.Search:ASIAI0B)
Imported 'GUID: f8a051cd8f1045d1bbb37860ed4ef796' -> (Import Result ID: 'de2f183697f8175985003c7f265a9ce2') in 0.003 seconds [static and dynamic dependencies]. Details - ImportResultOutputID=10ee74371c8926a9c4f02b48fa1136a9 DependenciesID=1fa69bfc12029d13192fc5cb36006f10 StaticDependenciesID=cf72f4c7335ade9565062292281c485c 
Number of updated asset objects reloaded before import = 0
Number of asset objects unloaded after import = 0
========================================================================
Received Import Request.
  Time of request: 2026-08-11T15:50:23.4340516Z
  Time since last request: 0.0003847 seconds.
  importAddress: GUID: aa2238545a2849ecb0a6285b5a632a69 - Path: Packages/com.unity.shadergraph/Editor/Drawing/PreviewManager.cs - Importer: ScriptedImporter/UnityEditor.QuickSearchModule:UnityEditor.Search:ASIAI0B
Importing 'GUID: aa2238545a2849ecb0a6285b5a632a69 - Path: Packages/com.unity.shadergraph/Editor/Drawing/PreviewManager.cs - Importer: ScriptedImporter/UnityEditor.QuickSearchModule:UnityEditor.Search:ASIAI0B' with importer (ScriptedImporter : UnityEditor.QuickSearchModule:UnityEditor.Search:ASIAI0B)
Imported 'GUID: aa2238545a2849ecb0a6285b5a632a69' -> (Import Result ID: '1bb7997542d9844bde35c7282ab456a0') in 0.003 seconds [static and dynamic dependencies]. Details - ImportResultOutputID=12de6c2f0db47a5ceddda9587cccfc02 DependenciesID=07c42beb2e615405788f5bf81ecb3cbd StaticDependenciesID=4294968c93d92efec7f27edc8b0d1d97 
Number of updated asset objects reloaded before import = 0
Number of asset objects unloaded after import = 0
========================================================================
Received Import Request.
  Time of request: 2026-08-11T15:50:23.445865Z
  Time since last request: 0.0005146 seconds.
  importAddress: GUID: c6721e5578adf964fa914cf0d66e0bdb - Path: Packages/com.unity.shadergraph/Editor/Importers/ShaderGraphAssetPostProcessor.cs - Importer: ScriptedImporter/UnityEditor.QuickSearchModule:UnityEditor.Search:ASIAI0B
Importing 'GUID: c6721e5578adf964fa914cf0d66e0bdb - Path: Packages/com.unity.shadergraph/Editor/Importers/ShaderGraphAssetPostProcessor.cs - Importer: ScriptedImporter/UnityEditor.QuickSearchModule:UnityEditor.Search:ASIAI0B' with importer (ScriptedImporter : UnityEditor.QuickSearchModule:UnityEditor.Search:ASIAI0B)
Imported 'GUID: c6721e5578adf964fa914cf0d66e0bdb' -> (Import Result ID: '299f7f6d86f7cbe1d09664228bb1edff') in 0.003 seconds [static and dynamic dependencies]. Details - ImportResultOutputID=3c53358a0bf4179544704c3d0fc2da39 DependenciesID=8a4313a24c9e6af92ba66a82118011f9 StaticDependenciesID=41f931473394dc1c975a47615a684ad4 
Number of updated asset objects reloaded before import = 0
Number of asset objects unloaded after import = 0
========================================================================
Received Import Request.
  Time of request: 2026-08-11T15:50:23.4585985Z
  Time since last request: 0.0006184 seconds.
  importAddress: GUID: bab4979939d397145a61ae2e75dc1ddb - Path: Packages/com.unity.shadergraph/Editor/Drawing/SearchWindowAdapter.cs - Importer: ScriptedImporter/UnityEditor.QuickSearchModule:UnityEditor.Search:ASIAI0B
Importing 'GUID: bab4979939d397145a61ae2e75dc1ddb - Path: Packages/com.unity.shadergraph/Editor/Drawing/SearchWindowAdapter.cs - Importer: ScriptedImporter/UnityEditor.QuickSearchModule:UnityEditor.Search:ASIAI0B' with importer (ScriptedImporter : UnityEditor.QuickSearchModule:UnityEditor.Search:ASIAI0B)
Imported 'GUID: bab4979939d397145a61ae2e75dc1ddb' -> (Import Result ID: '6609a367248a8994e0a4e65be96dbfdb') in 0.003 seconds [static and dynamic dependencies]. Details - ImportResultOutputID=891dfe2e48648d5c02aed51796b50f5a DependenciesID=9a61216fafd53047a667643462c22c3d StaticDependenciesID=1587f22158755ec06b848965eed67bb7 
Number of updated asset objects reloaded before import = 0
Number of asset objects unloaded after import = 0
========================================================================
Received Import Request.
  Time of request: 2026-08-11T15:50:23.4704793Z
  Time since last request: 0.0005956 seconds.
  importAddress: GUID: 14e8f865381f1714ab38debdb40a5989 - Path: Packages/com.unity.shadergraph/Editor/AssetCallbacks/CreateShaderGraph.cs - Importer: ScriptedImporter/UnityEditor.QuickSearchModule:UnityEditor.Search:ASIAI0B
Importing 'GUID: 14e8f865381f1714ab38debdb40a5989 - Path: Packages/com.unity.shadergraph/Editor/AssetCallbacks/CreateShaderGraph.cs - Importer: ScriptedImporter/UnityEditor.QuickSearchModule:UnityEditor.Search:ASIAI0B' with importer (ScriptedImporter : UnityEditor.QuickSearchModule:UnityEditor.Search:ASIAI0B)
Imported 'GUID: 14e8f865381f1714ab38debdb40a5989' -> (Import Result ID: 'fa8f1aaa84a22cf53d29f4b8235ff09c') in 0.003 seconds [static and dynamic dependencies]. Details - ImportResultOutputID=9b2f12bf8937c90fe538b431123a29d0 DependenciesID=fd6aaef8f72c51fd12a25df6cdc823b4 StaticDependenciesID=7b017b5b93533ccf94cfce539724305a 
Number of updated asset objects reloaded before import = 0
Number of asset objects unloaded after import = 0
========================================================================
Received Import Request.
  Time of request: 2026-08-11T15:50:23.540684Z
  Time since last request: 0.0579672 seconds.
  importAddress: GUID: 9e9a618319be6a04bada8d206987f1e4 - Path: Packages/com.unity.shadergraph/Editor/Util/ValueUtilities.cs - Importer: ScriptedImporter/UnityEditor.QuickSearchModule:UnityEditor.Search:ASIAI0B
Importing 'GUID: 9e9a618319be6a04bada8d206987f1e4 - Path: Packages/com.unity.shadergraph/Editor/Util/ValueUtilities.cs - Importer: ScriptedImporter/UnityEditor.QuickSearchModule:UnityEditor.Search:ASIAI0B' with importer (ScriptedImporter : UnityEditor.QuickSearchModule:UnityEditor.Search:ASIAI0B)
Imported 'GUID: 9e9a618319be6a04bada8d206987f1e4' -> (Import Result ID: 'fe2916178e2f4e29325d7ad757a72f7d') in 0.003 seconds [static and dynamic dependencies]. Details - ImportResultOutputID=27a46c678bace0b09703df66a3e8752c DependenciesID=96bd16ce52dd4a9a3e25566b3cd02b13 StaticDependenciesID=a1c2ae6fb765ba02539cf8984c5051cd 
Number of updated asset objects reloaded before import = 0
Number of asset objects unloaded after import = 0
========================================================================
Received Import Request.
  Time of request: 2026-08-11T15:50:23.5518695Z
  Time since last request: 0.0010079 seconds.
  importAddress: GUID: af66091e0eca0c04a9c3584ae867418a - Path: Packages/com.unity.shadergraph/GraphTemplates/Cross Pipeline/0_Particle Unlit.shadergraph - Importer: ScriptedImporter/UnityEditor.QuickSearchModule:UnityEditor.Search:ASIAI0B
Importing 'GUID: af66091e0eca0c04a9c3584ae867418a - Path: Packages/com.unity.shadergraph/GraphTemplates/Cross Pipeline/0_Particle Unlit.shadergraph - Importer: ScriptedImporter/UnityEditor.QuickSearchModule:UnityEditor.Search:ASIAI0B' with importer (ScriptedImporter : UnityEditor.QuickSearchModule:UnityEditor.Search:ASIAI0B)
Imported 'GUID: af66091e0eca0c04a9c3584ae867418a' -> (Import Result ID: 'faf68d707b7504ec6723fdb9b5e89eb9') in 0.043 seconds [static and dynamic dependencies]. Details - ImportResultOutputID=dfd1e3302201694eaab587c98498f01d DependenciesID=9bf66824e5a1efe6fba5b24a74f26f00 StaticDependenciesID=aa40ea3f8b27d16533646a1798e97a3c 
Number of updated asset objects reloaded before import = 0
Number of asset objects unloaded after import = 8
========================================================================
Received Import Request.
  Time of request: 2026-08-11T15:50:23.6027997Z
  Time since last request: 0.0000211 seconds.
  importAddress: GUID: 059873e4956a146a58c70d108c063c88 - Path: Packages/com.unity.shadergraph/Editor/Utilities/EnumInfo.cs - Importer: ScriptedImporter/UnityEditor.QuickSearchModule:UnityEditor.Search:ASIAI0B
Importing 'GUID: 059873e4956a146a58c70d108c063c88 - Path: Packages/com.unity.shadergraph/Editor/Utilities/EnumInfo.cs - Importer: ScriptedImporter/UnityEditor.QuickSearchModule:UnityEditor.Search:ASIAI0B' with importer (ScriptedImporter : UnityEditor.QuickSearchModule:UnityEditor.Search:ASIAI0B)
Imported 'GUID: 059873e4956a146a58c70d108c063c88' -> (Import Result ID: '0ce0ec63476c235aa917300ee144af0a') in 0.003 seconds [static and dynamic dependencies]. Details - ImportResultOutputID=282da9c54fa76a15624a4e30d94aabcb DependenciesID=b70296a026e45e234bbffb1c403f9da2 StaticDependenciesID=14743940dcbc7d3035f3a48e205e9404 
Number of updated asset objects reloaded before import = 0
Number of asset objects unloaded after import = 0
========================================================================
Received Import Request.
  Time of request: 2026-08-11T15:50:23.6158492Z
  Time since last request: 0.0003234 seconds.
  importAddress: GUID: 556dff229d0982b43b52bc3ce1019148 - Path: Packages/com.unity.shadergraph/GraphTemplates/Subgraphs/CameraDistanceMask.shadersubgraph - Importer: ScriptedImporter/UnityEditor.QuickSearchModule:UnityEditor.Search:ASIAI0B
Importing 'GUID: 556dff229d0982b43b52bc3ce1019148 - Path: Packages/com.unity.shadergraph/GraphTemplates/Subgraphs/CameraDistanceMask.shadersubgraph - Importer: ScriptedImporter/UnityEditor.QuickSearchModule:UnityEditor.Search:ASIAI0B' with importer (ScriptedImporter : UnityEditor.QuickSearchModule:UnityEditor.Search:ASIAI0B)
Imported 'GUID: 556dff229d0982b43b52bc3ce1019148' -> (Import Result ID: '02ebb20e210c208da98567d7c0839439') in 0.007 seconds [static and dynamic dependencies]. Details - ImportResultOutputID=20afbaeda0e071003a619fc85b92382f DependenciesID=8b416f33ccc28ebd07231b42d3aab5e1 StaticDependenciesID=b444fa486444a04a67b708c8dac6ab3f 
Number of updated asset objects reloaded before import = 0
Number of asset objects unloaded after import = 1
========================================================================
Received Import Request.
  Time of request: 2026-08-11T15:50:23.6315323Z
  Time since last request: 0.0003686 seconds.
  importAddress: GUID: c99436ed641c943e681289b0e47e3574 - Path: Packages/com.unity.shadergraph/Editor/Utilities/StringBuilderExtensions.cs - Importer: ScriptedImporter/UnityEditor.QuickSearchModule:UnityEditor.Search:ASIAI0B
Importing 'GUID: c99436ed641c943e681289b0e47e3574 - Path: Packages/com.unity.shadergraph/Editor/Utilities/StringBuilderExtensions.cs - Importer: ScriptedImporter/UnityEditor.QuickSearchModule:UnityEditor.Search:ASIAI0B' with importer (ScriptedImporter : UnityEditor.QuickSearchModule:UnityEditor.Search:ASIAI0B)
Imported 'GUID: c99436ed641c943e681289b0e47e3574' -> (Import Result ID: '72cd111ffc5da2611b9d74d6c8b7610f') in 0.004 seconds [static and dynamic dependencies]. Details - ImportResultOutputID=2bff07ce76cd123b1c69e93b32818872 DependenciesID=98ba9e6c41e6d694f066e21f7ca03881 StaticDependenciesID=d6a7607c1dbaf5ca97e704a7ee3a1c9b 
Number of updated asset objects reloaded before import = 0
Number of asset objects unloaded after import = 0
========================================================================
Received Import Request.
  Time of request: 2026-08-11T15:50:23.6439349Z
  Time since last request: 0.0003442 seconds.
  importAddress: GUID: 60ebb16e194464bce8a4975da8fd215a - Path: Packages/com.unity.shadergraph/Editor/Util/UIUtilities.cs - Importer: ScriptedImporter/UnityEditor.QuickSearchModule:UnityEditor.Search:ASIAI0B
Importing 'GUID: 60ebb16e194464bce8a4975da8fd215a - Path: Packages/com.unity.shadergraph/Editor/Util/UIUtilities.cs - Importer: ScriptedImporter/UnityEditor.QuickSearchModule:UnityEditor.Search:ASIAI0B' with importer (ScriptedImporter : UnityEditor.QuickSearchModule:UnityEditor.Search:ASIAI0B)
Imported 'GUID: 60ebb16e194464bce8a4975da8fd215a' -> (Import Result ID: 'f2fe998e8c461e387d286a62b5000730') in 0.003 seconds [static and dynamic dependencies]. Details - ImportResultOutputID=8775e50962061a6084b2c26888656389 DependenciesID=35a696db452e56f980c7e21e910800f9 StaticDependenciesID=58ed4a865582cb8268e8ff8cea7053bf 
Number of updated asset objects reloaded before import = 0
Number of asset objects unloaded after import = 0
========================================================================
Received Import Request.
  Time of request: 2026-08-11T15:50:23.6551321Z
  Time since last request: 0.0003438 seconds.
  importAddress: GUID: 0caa65fda47242128d10c61c4f127a95 - Path: Packages/com.unity.shadergraph/Editor/Serialization/MultiJsonInternal.cs - Importer: ScriptedImporter/UnityEditor.QuickSearchModule:UnityEditor.Search:ASIAI0B
Importing 'GUID: 0caa65fda47242128d10c61c4f127a95 - Path: Packages/com.unity.shadergraph/Editor/Serialization/MultiJsonInternal.cs - Importer: ScriptedImporter/UnityEditor.QuickSearchModule:UnityEditor.Search:ASIAI0B' with importer (ScriptedImporter : UnityEditor.QuickSearchModule:UnityEditor.Search:ASIAI0B)
Imported 'GUID: 0caa65fda47242128d10c61c4f127a95' -> (Import Result ID: '6487f3e658ac483cff0e550780d41ad3') in 0.003 seconds [static and dynamic dependencies]. Details - ImportResultOutputID=7956737bb3b5be64b06354b546b51179 DependenciesID=63247341a6514e5177fa24b5e3de801c StaticDependenciesID=0d444114e171d6c985ab027e5558bcff 
Number of updated asset objects reloaded before import = 0
Number of asset objects unloaded after import = 0
========================================================================
Received Import Request.
  Time of request: 2026-08-11T15:50:23.6681263Z
  Time since last request: 0.0004075 seconds.
  importAddress: GUID: a680d9a9f8b66514abbfd3ae1c8f77f7 - Path: Packages/com.unity.shadergraph/GraphTemplates/Cross Pipeline/2_Particle Lit.shadergraph - Importer: ScriptedImporter/UnityEditor.QuickSearchModule:UnityEditor.Search:ASIAI0B
Importing 'GUID: a680d9a9f8b66514abbfd3ae1c8f77f7 - Path: Packages/com.unity.shadergraph/GraphTemplates/Cross Pipeline/2_Particle Lit.shadergraph - Importer: ScriptedImporter/UnityEditor.QuickSearchModule:UnityEditor.Search:ASIAI0B' with importer (ScriptedImporter : UnityEditor.QuickSearchModule:UnityEditor.Search:ASIAI0B)
Imported 'GUID: a680d9a9f8b66514abbfd3ae1c8f77f7' -> (Import Result ID: '6cce24ba4ed59bf35812cdf7379633a7') in 0.010 seconds [static and dynamic dependencies]. Details - ImportResultOutputID=c2d34d0bb19ee4f145fb465f1e15e950 DependenciesID=3ba170cad32a04683b6d5441e40f886e StaticDependenciesID=62ebcb4cdc4c0181b5b7179c5f86afa7 
Number of updated asset objects reloaded before import = 0
Number of asset objects unloaded after import = 10
========================================================================
Received Import Request.
  Time of request: 2026-08-11T15:50:23.8422499Z
  Time since last request: 0.1549447 seconds.
  importAddress: GUID: 5b3ff0f8519f4c0aa38ae4251a329e34 - Path: Packages/com.unity.shadergraph/Tests/Editor/TestNode.cs - Importer: ScriptedImporter/UnityEditor.QuickSearchModule:UnityEditor.Search:ASIAI0B
Importing 'GUID: 5b3ff0f8519f4c0aa38ae4251a329e34 - Path: Packages/com.unity.shadergraph/Tests/Editor/TestNode.cs - Importer: ScriptedImporter/UnityEditor.QuickSearchModule:UnityEditor.Search:ASIAI0B' with importer (ScriptedImporter : UnityEditor.QuickSearchModule:UnityEditor.Search:ASIAI0B)
Imported 'GUID: 5b3ff0f8519f4c0aa38ae4251a329e34' -> (Import Result ID: 'b6ba0c1a0ef013bb869bc3143d642e1c') in 0.004 seconds [static and dynamic dependencies]. Details - ImportResultOutputID=4683f7d31aefaafb87fe80e5f9b19b51 DependenciesID=ed0099d4b6c3cf0bb891dd2564dbadec StaticDependenciesID=9bfe516be12579ae71bf5b5c245d8e91 
Number of updated asset objects reloaded before import = 0
Number of asset objects unloaded after import = 0
========================================================================
Received Import Request.
  Time of request: 2026-08-11T15:50:23.8541099Z
  Time since last request: 0.0005161 seconds.
  importAddress: GUID: d9fc86ddc060cc44988e8835a3192cb0 - Path: Packages/com.unity.shadergraph/GraphTemplates/Subgraphs/UV Distortion.shadersubgraph - Importer: ScriptedImporter/UnityEditor.QuickSearchModule:UnityEditor.Search:ASIAI0B
Importing 'GUID: d9fc86ddc060cc44988e8835a3192cb0 - Path: Packages/com.unity.shadergraph/GraphTemplates/Subgraphs/UV Distortion.shadersubgraph - Importer: ScriptedImporter/UnityEditor.QuickSearchModule:UnityEditor.Search:ASIAI0B' with importer (ScriptedImporter : UnityEditor.QuickSearchModule:UnityEditor.Search:ASIAI0B)
Imported 'GUID: d9fc86ddc060cc44988e8835a3192cb0' -> (Import Result ID: 'ed0215eab3f575f5f434acd72d31dc58') in 0.007 seconds [static and dynamic dependencies]. Details - ImportResultOutputID=be9f5272b351a62661c4bbc11aec57d3 DependenciesID=0f98002f48320c2d16229a88ba68f995 StaticDependenciesID=225c15295b322ab98138ad226a1c067c 
Number of updated asset objects reloaded before import = 0
Number of asset objects unloaded after import = 1
========================================================================
Received Import Request.
  Time of request: 2026-08-11T15:50:23.8697997Z
  Time since last request: 0.0004258 seconds.
  importAddress: GUID: 8bbfe621c0368244b80a10cdd14cd70e - Path: Packages/com.unity.shadergraph/GraphTemplates/Subgraphs/Depth Fade.shadersubgraph - Importer: ScriptedImporter/UnityEditor.QuickSearchModule:UnityEditor.Search:ASIAI0B
Importing 'GUID: 8bbfe621c0368244b80a10cdd14cd70e - Path: Packages/com.unity.shadergraph/GraphTemplates/Subgraphs/Depth Fade.shadersubgraph - Importer: ScriptedImporter/UnityEditor.QuickSearchModule:UnityEditor.Search:ASIAI0B' with importer (ScriptedImporter : UnityEditor.QuickSearchModule:UnityEditor.Search:ASIAI0B)
Imported 'GUID: 8bbfe621c0368244b80a10cdd14cd70e' -> (Import Result ID: 'ff65e70fc56fb41ed31281ca3a480b09') in 0.005 seconds [static and dynamic dependencies]. Details - ImportResultOutputID=cddfc1a7e158c88c4234fe5ced33f45c DependenciesID=68afc8e833064bbad37f04eaf4354153 StaticDependenciesID=5366340f3b7864b94dd042afdd3bffe8 
Number of updated asset objects reloaded before import = 0
Number of asset objects unloaded after import = 1
========================================================================
Received Import Request.
  Time of request: 2026-08-11T15:50:23.883211Z
  Time since last request: 0.0002435 seconds.
  importAddress: GUID: 8258ab4a37f447c48ac3c26cbdb4c032 - Path: Packages/com.unity.shadergraph/ShaderGraphLibrary/Nature/SpeedTree8CameraFacingLeafEffect.shadersubgraph - Importer: ScriptedImporter/UnityEditor.QuickSearchModule:UnityEditor.Search:ASIAI0B
Importing 'GUID: 8258ab4a37f447c48ac3c26cbdb4c032 - Path: Packages/com.unity.shadergraph/ShaderGraphLibrary/Nature/SpeedTree8CameraFacingLeafEffect.shadersubgraph - Importer: ScriptedImporter/UnityEditor.QuickSearchModule:UnityEditor.Search:ASIAI0B' with importer (ScriptedImporter : UnityEditor.QuickSearchModule:UnityEditor.Search:ASIAI0B)
Imported 'GUID: 8258ab4a37f447c48ac3c26cbdb4c032' -> (Import Result ID: 'a7d8bd15ee73365f8193745afa02e1c3') in 0.006 seconds [static and dynamic dependencies]. Details - ImportResultOutputID=d502803a8a6f5762550b8b9872b19498 DependenciesID=95af3c3b3b9002e7d354a5baeeef821c StaticDependenciesID=7580d7f395958c664bdf5df1419ef6a1 
Number of updated asset objects reloaded before import = 0
Number of asset objects unloaded after import = 1
========================================================================
Received Import Request.
  Time of request: 2026-08-11T15:50:23.9003647Z
  Time since last request: 0.0003051 seconds.
  importAddress: GUID: 7794dc8c6277cb649804d7253e567322 - Path: Packages/com.unity.shadergraph/GraphTemplates/Subgraphs/FlowMap Sample Normal.shadersubgraph - Importer: ScriptedImporter/UnityEditor.QuickSearchModule:UnityEditor.Search:ASIAI0B
Importing 'GUID: 7794dc8c6277cb649804d7253e567322 - Path: Packages/com.unity.shadergraph/GraphTemplates/Subgraphs/FlowMap Sample Normal.shadersubgraph - Importer: ScriptedImporter/UnityEditor.QuickSearchModule:UnityEditor.Search:ASIAI0B' with importer (ScriptedImporter : UnityEditor.QuickSearchModule:UnityEditor.Search:ASIAI0B)
Imported 'GUID: 7794dc8c6277cb649804d7253e567322' -> (Import Result ID: '89ec6b93f03352bb7e538ee1e118881e') in 0.005 seconds [static and dynamic dependencies]. Details - ImportResultOutputID=53c811742217ffc0f7ba686317983e59 DependenciesID=d75707e1ca9d7064a296b66554e174c4 StaticDependenciesID=9ae1b24b63600a64cddab0272eb0283f 
Number of updated asset objects reloaded before import = 0
Number of asset objects unloaded after import = 1
========================================================================
Received Import Request.
  Time of request: 2026-08-11T15:50:23.9255284Z
  Time since last request: 0.0109207 seconds.
  importAddress: GUID: 94492244ef44a2e48b3e7790d7ac681d - Path: Packages/com.unity.shadergraph/Editor/Data/Graphs/IMaterialSlotHasValue.cs - Importer: ScriptedImporter/UnityEditor.QuickSearchModule:UnityEditor.Search:ASIAI0B
Importing 'GUID: 94492244ef44a2e48b3e7790d7ac681d - Path: Packages/com.unity.shadergraph/Editor/Data/Graphs/IMaterialSlotHasValue.cs - Importer: ScriptedImporter/UnityEditor.QuickSearchModule:UnityEditor.Search:ASIAI0B' with importer (ScriptedImporter : UnityEditor.QuickSearchModule:UnityEditor.Search:ASIAI0B)
Imported 'GUID: 94492244ef44a2e48b3e7790d7ac681d' -> (Import Result ID: '12e0b2595056305815c8f740c8c5ea38') in 0.003 seconds [static and dynamic dependencies]. Details - ImportResultOutputID=08729dd9779763eaead5c5eba752c800 DependenciesID=bdb687135a6ef5ae52811435f2a0dd87 StaticDependenciesID=45ace3fabb3a88b4f8d2922fd1f736b4 
Number of updated asset objects reloaded before import = 0
Number of asset objects unloaded after import = 0
========================================================================
Received Import Request.
  Time of request: 2026-08-11T15:50:23.9374624Z
  Time since last request: 0.0013605 seconds.
  importAddress: GUID: a2a07faeb385402e85122a34d1680458 - Path: Packages/com.unity.shadergraph/Editor/Data/Graphs/DefaultVector2MaterialSlot.cs - Importer: ScriptedImporter/UnityEditor.QuickSearchModule:UnityEditor.Search:ASIAI0B
Importing 'GUID: a2a07faeb385402e85122a34d1680458 - Path: Packages/com.unity.shadergraph/Editor/Data/Graphs/DefaultVector2MaterialSlot.cs - Importer: ScriptedImporter/UnityEditor.QuickSearchModule:UnityEditor.Search:ASIAI0B' with importer (ScriptedImporter : UnityEditor.QuickSearchModule:UnityEditor.Search:ASIAI0B)
Imported 'GUID: a2a07faeb385402e85122a34d1680458' -> (Import Result ID: 'caaff8ffeef6f23f648a06aa49828f5f') in 0.003 seconds [static and dynamic dependencies]. Details - ImportResultOutputID=2f113bda786434bd447ef6921bcc7b7a DependenciesID=a110f0169ab25269dc781fe7b481c5a8 StaticDependenciesID=888c4c0ef017d6392c13091811132462 
Number of updated asset objects reloaded before import = 0
Number of asset objects unloaded after import = 0
========================================================================
Received Import Request.
  Time of request: 2026-08-11T15:50:23.9483797Z
  Time since last request: 0.0005974 seconds.
  importAddress: GUID: f669e02e50b0416aab8fa06c74f25430 - Path: Packages/com.unity.shadergraph/Editor/Data/Graphs/DefaultVector4MaterialSlot.cs - Importer: ScriptedImporter/UnityEditor.QuickSearchModule:UnityEditor.Search:ASIAI0B
Importing 'GUID: f669e02e50b0416aab8fa06c74f25430 - Path: Packages/com.unity.shadergraph/Editor/Data/Graphs/DefaultVector4MaterialSlot.cs - Importer: ScriptedImporter/UnityEditor.QuickSearchModule:UnityEditor.Search:ASIAI0B' with importer (ScriptedImporter : UnityEditor.QuickSearchModule:UnityEditor.Search:ASIAI0B)
Imported 'GUID: f669e02e50b0416aab8fa06c74f25430' -> (Import Result ID: '5f2c69b14f4a91a387c8fbc8611fdefe') in 0.003 seconds [static and dynamic dependencies]. Details - ImportResultOutputID=4eb263a4fe2daa99b97ac257d61cac20 DependenciesID=d14c61a6b5f5b23f97d8ee10aa7e1b86 StaticDependenciesID=4f7897d3a935f7953e2268350d71d5c5 
Number of updated asset objects reloaded before import = 0
Number of asset objects unloaded after import = 0
========================================================================
Received Import Request.
  Time of request: 2026-08-11T15:50:23.960214Z
  Time since last request: 0.0003604 seconds.
  importAddress: GUID: b48a2e97e3e24303833a0062f90f4f13 - Path: Packages/com.unity.shadergraph/Editor/Data/Graphs/SamplerStateShaderProperty.cs - Importer: ScriptedImporter/UnityEditor.QuickSearchModule:UnityEditor.Search:ASIAI0B
Importing 'GUID: b48a2e97e3e24303833a0062f90f4f13 - Path: Packages/com.unity.shadergraph/Editor/Data/Graphs/SamplerStateShaderProperty.cs - Importer: ScriptedImporter/UnityEditor.QuickSearchModule:UnityEditor.Search:ASIAI0B' with importer (ScriptedImporter : UnityEditor.QuickSearchModule:UnityEditor.Search:ASIAI0B)
Imported 'GUID: b48a2e97e3e24303833a0062f90f4f13' -> (Import Result ID: 'cfc2c3216b86b415bae0bb94ac48935a') in 0.004 seconds [static and dynamic dependencies]. Details - ImportResultOutputID=28441b6381e06a299403639c6b0d58ee DependenciesID=9818a91feab3dc2fe468c55415c14398 StaticDependenciesID=cc007eaffc747db3b923f4105dc4ebeb 
Number of updated asset objects reloaded before import = 0
Number of asset objects unloaded after import = 0
========================================================================
Received Import Request.
  Time of request: 2026-08-11T15:50:23.973391Z
  Time since last request: 0.0004253 seconds.
  importAddress: GUID: bf9b048907d0a604eab6a5552630c26d - Path: Packages/com.unity.shadergraph/Tests/Editor/Unity.ShaderGraph.Editor.Tests.asmdef - Importer: ScriptedImporter/UnityEditor.QuickSearchModule:UnityEditor.Search:ASIAI0B
Importing 'GUID: bf9b048907d0a604eab6a5552630c26d - Path: Packages/com.unity.shadergraph/Tests/Editor/Unity.ShaderGraph.Editor.Tests.asmdef - Importer: ScriptedImporter/UnityEditor.QuickSearchModule:UnityEditor.Search:ASIAI0B' with importer (ScriptedImporter : UnityEditor.QuickSearchModule:UnityEditor.Search:ASIAI0B)
Imported 'GUID: bf9b048907d0a604eab6a5552630c26d' -> (Import Result ID: '844ff83fb8f23842753b1d597307dd54') in 0.003 seconds [static and dynamic dependencies]. Details - ImportResultOutputID=ee4e555a7a426a527670af465bb09d46 DependenciesID=0fd9e43482c942cc022398f847b88470 StaticDependenciesID=8143af4b0420eb15aea85724e0b75670 
Number of updated asset objects reloaded before import = 0
Number of asset objects unloaded after import = 1
========================================================================
Received Import Request.
  Time of request: 2026-08-11T15:50:23.9853198Z
  Time since last request: 0.0002377 seconds.
  importAddress: GUID: 0755d7f7a7e11cb4294563bbd0d434cc - Path: Packages/com.unity.shadergraph/Editor/Data/Graphs/Matrix2ShaderProperty.cs - Importer: ScriptedImporter/UnityEditor.QuickSearchModule:UnityEditor.Search:ASIAI0B
Importing 'GUID: 0755d7f7a7e11cb4294563bbd0d434cc - Path: Packages/com.unity.shadergraph/Editor/Data/Graphs/Matrix2ShaderProperty.cs - Importer: ScriptedImporter/UnityEditor.QuickSearchModule:UnityEditor.Search:ASIAI0B' with importer (ScriptedImporter : UnityEditor.QuickSearchModule:UnityEditor.Search:ASIAI0B)
Imported 'GUID: 0755d7f7a7e11cb4294563bbd0d434cc' -> (Import Result ID: '4194227aedd512bf64f4bc252e20c163') in 0.003 seconds [static and dynamic dependencies]. Details - ImportResultOutputID=f71b404e6312a9bcba67c6b07696374e DependenciesID=f88722e8d5c3db834f575ea1b737b10e StaticDependenciesID=37bb7c3a680f4a0df7504856661dfdd7 
Number of updated asset objects reloaded before import = 0
Number of asset objects unloaded after import = 0
========================================================================
Received Import Request.
  Time of request: 2026-08-11T15:50:23.9988327Z
  Time since last request: 0.0003747 seconds.
  importAddress: GUID: a5dfe8ebe34ab064fb2769846adaa6a3 - Path: Packages/com.unity.shadergraph/Editor/Data/Graphs/DynamicVectorMaterialSlot.cs - Importer: ScriptedImporter/UnityEditor.QuickSearchModule:UnityEditor.Search:ASIAI0B
Importing 'GUID: a5dfe8ebe34ab064fb2769846adaa6a3 - Path: Packages/com.unity.shadergraph/Editor/Data/Graphs/DynamicVectorMaterialSlot.cs - Importer: ScriptedImporter/UnityEditor.QuickSearchModule:UnityEditor.Search:ASIAI0B' with importer (ScriptedImporter : UnityEditor.QuickSearchModule:UnityEditor.Search:ASIAI0B)
Imported 'GUID: a5dfe8ebe34ab064fb2769846adaa6a3' -> (Import Result ID: 'f4be0aba6efa8305f1c3cca9e0f2b824') in 0.003 seconds [static and dynamic dependencies]. Details - ImportResultOutputID=2fc1536ce69c29a69bc208bb2c2e198c DependenciesID=e311d91163420311d8a55fcd32c21301 StaticDependenciesID=593a8c12dfa21a5534d9bf13052298cc 
Number of updated asset objects reloaded before import = 0
Number of asset objects unloaded after import = 0
========================================================================
Received Import Request.
  Time of request: 2026-08-11T15:50:24.0106173Z
  Time since last request: 0.0002949 seconds.
  importAddress: GUID: 9bdc66ff87a9fb141b0cb9e8aa3ae0bf - Path: Packages/com.unity.shadergraph/Editor/Data/Attributes/SRPFilterAttribute.cs - Importer: ScriptedImporter/UnityEditor.QuickSearchModule:UnityEditor.Search:ASIAI0B
Importing 'GUID: 9bdc66ff87a9fb141b0cb9e8aa3ae0bf - Path: Packages/com.unity.shadergraph/Editor/Data/Attributes/SRPFilterAttribute.cs - Importer: ScriptedImporter/UnityEditor.QuickSearchModule:UnityEditor.Search:ASIAI0B' with importer (ScriptedImporter : UnityEditor.QuickSearchModule:UnityEditor.Search:ASIAI0B)
Imported 'GUID: 9bdc66ff87a9fb141b0cb9e8aa3ae0bf' -> (Import Result ID: '1150abf4fb664785f5ec113a86369ea4') in 0.003 seconds [static and dynamic dependencies]. Details - ImportResultOutputID=cd5e87865865df961fcae4e6d033d2e8 DependenciesID=abf4a82018c4328812e46df1994eb753 StaticDependenciesID=6298c39dfdcf62e8c7e843487b4169fb 
Number of updated asset objects reloaded before import = 0
Number of asset objects unloaded after import = 0
========================================================================
Received Import Request.
  Time of request: 2026-08-11T15:50:24.0425865Z
  Time since last request: 0.0196967 seconds.
  importAddress: GUID: cd0a34bae4c34534c8c9f19aab9e8ec8 - Path: Packages/com.unity.shadergraph/Editor/Data/Graphs/ShaderDropdown.cs - Importer: ScriptedImporter/UnityEditor.QuickSearchModule:UnityEditor.Search:ASIAI0B
Importing 'GUID: cd0a34bae4c34534c8c9f19aab9e8ec8 - Path: Packages/com.unity.shadergraph/Editor/Data/Graphs/ShaderDropdown.cs - Importer: ScriptedImporter/UnityEditor.QuickSearchModule:UnityEditor.Search:ASIAI0B' with importer (ScriptedImporter : UnityEditor.QuickSearchModule:UnityEditor.Search:ASIAI0B)
Imported 'GUID: cd0a34bae4c34534c8c9f19aab9e8ec8' -> (Import Result ID: '7308bea3abe8095b2f7f6e1636ebe476') in 0.003 seconds [static and dynamic dependencies]. Details - ImportResultOutputID=f2ca2022e4c45643661f190b0c27b571 DependenciesID=b1d12031f8f225118ec21cce76d5af42 StaticDependenciesID=1d110495e394fda1774d71e910bca2ab 
Number of updated asset objects reloaded before import = 0
Number of asset objects unloaded after import = 0
========================================================================
Received Import Request.
  Time of request: 2026-08-11T15:50:24.0545147Z
  Time since last request: 0.0012275 seconds.
  importAddress: GUID: 51bb8f11fbcf43f9bcec6418f1991397 - Path: Packages/com.unity.shadergraph/Editor/Data/Interfaces/IMayRequireNormal.cs - Importer: ScriptedImporter/UnityEditor.QuickSearchModule:UnityEditor.Search:ASIAI0B
Importing 'GUID: 51bb8f11fbcf43f9bcec6418f1991397 - Path: Packages/com.unity.shadergraph/Editor/Data/Interfaces/IMayRequireNormal.cs - Importer: ScriptedImporter/UnityEditor.QuickSearchModule:UnityEditor.Search:ASIAI0B' with importer (ScriptedImporter : UnityEditor.QuickSearchModule:UnityEditor.Search:ASIAI0B)
Imported 'GUID: 51bb8f11fbcf43f9bcec6418f1991397' -> (Import Result ID: '57145bc23feba5b1b0cad60dcad1c112') in 0.004 seconds [static and dynamic dependencies]. Details - ImportResultOutputID=05ccb276cb320a84b02de61e50617db5 DependenciesID=d24ed465a7ef3326205d9d2d4abd30ca StaticDependenciesID=8888cb86f07c3f494a382d61dc624ecb 
Number of updated asset objects reloaded before import = 0
Number of asset objects unloaded after import = 0
========================================================================
Received Import Request.
  Time of request: 2026-08-11T15:50:24.0686577Z
  Time since last request: 0.0002918 seconds.
  importAddress: GUID: dbd5691737554a15ab0b098fca999382 - Path: Packages/com.unity.shadergraph/Editor/Data/Graphs/Vector2ShaderProperty.cs - Importer: ScriptedImporter/UnityEditor.QuickSearchModule:UnityEditor.Search:ASIAI0B
Importing 'GUID: dbd5691737554a15ab0b098fca999382 - Path: Packages/com.unity.shadergraph/Editor/Data/Graphs/Vector2ShaderProperty.cs - Importer: ScriptedImporter/UnityEditor.QuickSearchModule:UnityEditor.Search:ASIAI0B' with importer (ScriptedImporter : UnityEditor.QuickSearchModule:UnityEditor.Search:ASIAI0B)
Imported 'GUID: dbd5691737554a15ab0b098fca999382' -> (Import Result ID: 'bc0e672351cd6dd93abbfe3cf936b45d') in 0.003 seconds [static and dynamic dependencies]. Details - ImportResultOutputID=03104d828bce306e9027042a6078b75f DependenciesID=6a4f6c0779e407f8c7c214c6db34d890 StaticDependenciesID=6841bda9727620a7f131c9614ea9979b 
Number of updated asset objects reloaded before import = 0
Number of asset objects unloaded after import = 0
========================================================================
Received Import Request.
  Time of request: 2026-08-11T15:50:24.0794199Z
  Time since last request: 0.0002865 seconds.
  importAddress: GUID: d35a1ba1f2dabea42ab1fc3d040eec81 - Path: Packages/com.unity.shadergraph/Editor/Data/Implementation/Edge.cs - Importer: ScriptedImporter/UnityEditor.QuickSearchModule:UnityEditor.Search:ASIAI0B
Importing 'GUID: d35a1ba1f2dabea42ab1fc3d040eec81 - Path: Packages/com.unity.shadergraph/Editor/Data/Implementation/Edge.cs - Importer: ScriptedImporter/UnityEditor.QuickSearchModule:UnityEditor.Search:ASIAI0B' with importer (ScriptedImporter : UnityEditor.QuickSearchModule:UnityEditor.Search:ASIAI0B)
Imported 'GUID: d35a1ba1f2dabea42ab1fc3d040eec81' -> (Import Result ID: 'a057803a54fc4530f4a0e465926d77cb') in 0.003 seconds [static and dynamic dependencies]. Details - ImportResultOutputID=3da675afa3019c70bc270753d4fb52ce DependenciesID=d188545adf86c3974fbc5d6ceedf1a70 StaticDependenciesID=454850d8562b4cd63a7d7af3688ec2c7 
Number of updated asset objects reloaded before import = 0
Number of asset objects unloaded after import = 0
========================================================================
Received Import Request.
  Time of request: 2026-08-11T15:50:24.0916256Z
  Time since last request: 0.0003094 seconds.
  importAddress: GUID: af7e1a692e5050c4ca44bb5a0e4ae4ca - Path: Packages/com.unity.shadergraph/Editor/Data/Graphs/Texture2DMaterialSlot.cs - Importer: ScriptedImporter/UnityEditor.QuickSearchModule:UnityEditor.Search:ASIAI0B
Importing 'GUID: af7e1a692e5050c4ca44bb5a0e4ae4ca - Path: Packages/com.unity.shadergraph/Editor/Data/Graphs/Texture2DMaterialSlot.cs - Importer: ScriptedImporter/UnityEditor.QuickSearchModule:UnityEditor.Search:ASIAI0B' with importer (ScriptedImporter : UnityEditor.QuickSearchModule:UnityEditor.Search:ASIAI0B)
Imported 'GUID: af7e1a692e5050c4ca44bb5a0e4ae4ca' -> (Import Result ID: 'a3df263b580a0c9927ae0e372a7f1ade') in 0.003 seconds [static and dynamic dependencies]. Details - ImportResultOutputID=8b501efa5da3b986166bcc3e3ca0a8e5 DependenciesID=837991cce8a11ace04e4734502fa2407 StaticDependenciesID=aabeed2e42920347fd1ad5b6537abb0b 
Number of updated asset objects reloaded before import = 0
Number of asset objects unloaded after import = 0
========================================================================
Received Import Request.
  Time of request: 2026-08-11T15:50:24.1052898Z
  Time since last request: 0.0003165 seconds.
  importAddress: GUID: b5721d495a5354c4a96da57b12f43adb - Path: Packages/com.unity.shadergraph/Editor/Data/Implementation/NodeUtils.cs - Importer: ScriptedImporter/UnityEditor.QuickSearchModule:UnityEditor.Search:ASIAI0B
Importing 'GUID: b5721d495a5354c4a96da57b12f43adb - Path: Packages/com.unity.shadergraph/Editor/Data/Implementation/NodeUtils.cs - Importer: ScriptedImporter/UnityEditor.QuickSearchModule:UnityEditor.Search:ASIAI0B' with importer (ScriptedImporter : UnityEditor.QuickSearchModule:UnityEditor.Search:ASIAI0B)
Imported 'GUID: b5721d495a5354c4a96da57b12f43adb' -> (Import Result ID: '39bf9b3aa1fa5158156cadbcbd73268c') in 0.003 seconds [static and dynamic dependencies]. Details - ImportResultOutputID=42e04a197248519d56858bcfdf5413ab DependenciesID=44664d9bfb415c66f29d91886ed7db17 StaticDependenciesID=f705826125a871497a9b758d181a52a3 
Number of updated asset objects reloaded before import = 0
Number of asset objects unloaded after import = 0
========================================================================
Received Import Request.
  Time of request: 2026-08-11T15:50:24.1168107Z
  Time since last request: 0.0004241 seconds.
  importAddress: GUID: 2d413641b2ef00944932ea717573480f - Path: Packages/com.unity.shadergraph/Editor/Data/Interfaces/IMayRequireBitangent.cs - Importer: ScriptedImporter/UnityEditor.QuickSearchModule:UnityEditor.Search:ASIAI0B
Importing 'GUID: 2d413641b2ef00944932ea717573480f - Path: Packages/com.unity.shadergraph/Editor/Data/Interfaces/IMayRequireBitangent.cs - Importer: ScriptedImporter/UnityEditor.QuickSearchModule:UnityEditor.Search:ASIAI0B' with importer (ScriptedImporter : UnityEditor.QuickSearchModule:UnityEditor.Search:ASIAI0B)
Imported 'GUID: 2d413641b2ef00944932ea717573480f' -> (Import Result ID: 'eca9532a6c2309bdf45a9b1ee5e35482') in 0.003 seconds [static and dynamic dependencies]. Details - ImportResultOutputID=9de36234254d1363921bd3c00a7ecd03 DependenciesID=99742e992523c01d7e6990bc62662ccc StaticDependenciesID=d783175421fe95f9b6c12343715f1859 
Number of updated asset objects reloaded before import = 0
Number of asset objects unloaded after import = 0
========================================================================
Received Import Request.
  Time of request: 2026-08-11T15:50:24.1279515Z
  Time since last request: 0.0006486 seconds.
  importAddress: GUID: 8f3b525478c843a4ba4a2ab758392ece - Path: Packages/com.unity.shadergraph/Editor/Data/Graphs/Vector1MaterialRangeSlot.cs - Importer: ScriptedImporter/UnityEditor.QuickSearchModule:UnityEditor.Search:ASIAI0B
Importing 'GUID: 8f3b525478c843a4ba4a2ab758392ece - Path: Packages/com.unity.shadergraph/Editor/Data/Graphs/Vector1MaterialRangeSlot.cs - Importer: ScriptedImporter/UnityEditor.QuickSearchModule:UnityEditor.Search:ASIAI0B' with importer (ScriptedImporter : UnityEditor.QuickSearchModule:UnityEditor.Search:ASIAI0B)
Imported 'GUID: 8f3b525478c843a4ba4a2ab758392ece' -> (Import Result ID: 'c1fc2eed0d3de8dd461e4d3406ab20e9') in 0.003 seconds [static and dynamic dependencies]. Details - ImportResultOutputID=a95037ff85821c15a2d58bc0a3891f5d DependenciesID=fa6596d25af3c713bb37d5fbc17684ad StaticDependenciesID=6f2c2b598da7e96cad3832e2b1696ce0 
Number of updated asset objects reloaded before import = 0
Number of asset objects unloaded after import = 0
========================================================================
Received Import Request.
  Time of request: 2026-08-11T15:50:24.1495992Z
  Time since last request: 0.0098471 seconds.
  importAddress: GUID: 3c01e026e3d1ea44397e3bcf9a8f5a4d - Path: Packages/com.unity.shadergraph/Editor/Data/Nodes/BlockNode.cs - Importer: ScriptedImporter/UnityEditor.QuickSearchModule:UnityEditor.Search:ASIAI0B
Importing 'GUID: 3c01e026e3d1ea44397e3bcf9a8f5a4d - Path: Packages/com.unity.shadergraph/Editor/Data/Nodes/BlockNode.cs - Importer: ScriptedImporter/UnityEditor.QuickSearchModule:UnityEditor.Search:ASIAI0B' with importer (ScriptedImporter : UnityEditor.QuickSearchModule:UnityEditor.Search:ASIAI0B)
Imported 'GUID: 3c01e026e3d1ea44397e3bcf9a8f5a4d' -> (Import Result ID: 'ffe5133ed84bb5cf26dde363eb75e4cd') in 0.004 seconds [static and dynamic dependencies]. Details - ImportResultOutputID=6ca57f2a67ef9cecf90798eaa1bf16c8 DependenciesID=5f4544189349a6fca7917bd96201d1f3 StaticDependenciesID=238a99d295a786bc92f0d56ae1002dbe 
Number of updated asset objects reloaded before import = 0
Number of asset objects unloaded after import = 0
========================================================================
Received Import Request.
  Time of request: 2026-08-11T15:50:24.1621011Z
  Time since last request: 0.0007275 seconds.
  importAddress: GUID: 5c804f35a96ccb9408f04f818773a159 - Path: Packages/com.unity.shadergraph/Editor/Data/Nodes/TitleAttribute.cs - Importer: ScriptedImporter/UnityEditor.QuickSearchModule:UnityEditor.Search:ASIAI0B
Importing 'GUID: 5c804f35a96ccb9408f04f818773a159 - Path: Packages/com.unity.shadergraph/Editor/Data/Nodes/TitleAttribute.cs - Importer: ScriptedImporter/UnityEditor.QuickSearchModule:UnityEditor.Search:ASIAI0B' with importer (ScriptedImporter : UnityEditor.QuickSearchModule:UnityEditor.Search:ASIAI0B)
Imported 'GUID: 5c804f35a96ccb9408f04f818773a159' -> (Import Result ID: 'ba2cc4bd5e9577d8680d0db842a7e3d9') in 0.003 seconds [static and dynamic dependencies]. Details - ImportResultOutputID=8f758656cbdc1ac64580f697ee9e9d1e DependenciesID=ef89db4998361418ecb153beafef8775 StaticDependenciesID=cb1b6d5b2ce47b02c0b389cfe24127aa 
Number of updated asset objects reloaded before import = 0
Number of asset objects unloaded after import = 0
========================================================================
Received Import Request.
  Time of request: 2026-08-11T15:50:24.1728078Z
  Time since last request: 0.0003113 seconds.
  importAddress: GUID: 17362586a4e694d44881897b8a642dcc - Path: Packages/com.unity.shadergraph/Editor/Data/Legacy/IMasterNode1.cs - Importer: ScriptedImporter/UnityEditor.QuickSearchModule:UnityEditor.Search:ASIAI0B
Importing 'GUID: 17362586a4e694d44881897b8a642dcc - Path: Packages/com.unity.shadergraph/Editor/Data/Legacy/IMasterNode1.cs - Importer: ScriptedImporter/UnityEditor.QuickSearchModule:UnityEditor.Search:ASIAI0B' with importer (ScriptedImporter : UnityEditor.QuickSearchModule:UnityEditor.Search:ASIAI0B)
Imported 'GUID: 17362586a4e694d44881897b8a642dcc' -> (Import Result ID: '33eeb8f05bf713ca574af8cf945d4c03') in 0.003 seconds [static and dynamic dependencies]. Details - ImportResultOutputID=92a241b7279b7702e458df82b8380747 DependenciesID=65716f3edc5848b2e0222b0c50d6134b StaticDependenciesID=7bee3c77dfc3a67e96ec7c2994d8266e 
Number of updated asset objects reloaded before import = 0
Number of asset objects unloaded after import = 0
========================================================================
Received Import Request.
  Time of request: 2026-08-11T15:50:24.1842164Z
  Time since last request: 0.0005807 seconds.
  importAddress: GUID: 57665dc19efe4f899fc58a777b490b07 - Path: Packages/com.unity.shadergraph/Editor/Data/Legacy/ShaderInput0.cs - Importer: ScriptedImporter/UnityEditor.QuickSearchModule:UnityEditor.Search:ASIAI0B
Importing 'GUID: 57665dc19efe4f899fc58a777b490b07 - Path: Packages/com.unity.shadergraph/Editor/Data/Legacy/ShaderInput0.cs - Importer: ScriptedImporter/UnityEditor.QuickSearchModule:UnityEditor.Search:ASIAI0B' with importer (ScriptedImporter : UnityEditor.QuickSearchModule:UnityEditor.Search:ASIAI0B)
Imported 'GUID: 57665dc19efe4f899fc58a777b490b07' -> (Import Result ID: 'c1ae48b8b0788308c42093471fe8312c') in 0.003 seconds [static and dynamic dependencies]. Details - ImportResultOutputID=2528286f3036ad31548ff9027ace96bf DependenciesID=e695ec7c2f2242f8e330a697bfc516fb StaticDependenciesID=66bbae0f8bbbdcff528a49cbb0702587 
Number of updated asset objects reloaded before import = 0
Number of asset objects unloaded after import = 0
========================================================================
Received Import Request.
  Time of request: 2026-08-11T15:50:24.1973191Z
  Time since last request: 0.0006504 seconds.
  importAddress: GUID: f908e994cc0047c99385d710cbbb0853 - Path: Packages/com.unity.shadergraph/Editor/Data/Interfaces/IMaySupportVFX.cs - Importer: ScriptedImporter/UnityEditor.QuickSearchModule:UnityEditor.Search:ASIAI0B
Importing 'GUID: f908e994cc0047c99385d710cbbb0853 - Path: Packages/com.unity.shadergraph/Editor/Data/Interfaces/IMaySupportVFX.cs - Importer: ScriptedImporter/UnityEditor.QuickSearchModule:UnityEditor.Search:ASIAI0B' with importer (ScriptedImporter : UnityEditor.QuickSearchModule:UnityEditor.Search:ASIAI0B)
Imported 'GUID: f908e994cc0047c99385d710cbbb0853' -> (Import Result ID: 'bb3eb531842b9206dece710c35f8e89c') in 0.003 seconds [static and dynamic dependencies]. Details - ImportResultOutputID=adb0d86eaef56424d88c0931d315dc30 DependenciesID=fe3759a3d23ec4e42d65e7a37a623f8c StaticDependenciesID=6bfc28a3f6fa2e9722087f9b6a78c501 
Number of updated asset objects reloaded before import = 0
Number of asset objects unloaded after import = 0
========================================================================
Received Import Request.
  Time of request: 2026-08-11T15:50:24.2078768Z
  Time since last request: 0.0002417 seconds.
  importAddress: GUID: 01ab4daa0c099e24e90bbb8623a4198b - Path: Packages/com.unity.shadergraph/Editor/Data/Nodes/IPropertyFromNode.cs - Importer: ScriptedImporter/UnityEditor.QuickSearchModule:UnityEditor.Search:ASIAI0B
Importing 'GUID: 01ab4daa0c099e24e90bbb8623a4198b - Path: Packages/com.unity.shadergraph/Editor/Data/Nodes/IPropertyFromNode.cs - Importer: ScriptedImporter/UnityEditor.QuickSearchModule:UnityEditor.Search:ASIAI0B' with importer (ScriptedImporter : UnityEditor.QuickSearchModule:UnityEditor.Search:ASIAI0B)
Imported 'GUID: 01ab4daa0c099e24e90bbb8623a4198b' -> (Import Result ID: '3819d667e1a5454cafd2d53a525fc637') in 0.003 seconds [static and dynamic dependencies]. Details - ImportResultOutputID=6b1507ff1deaf158eaf2ee5a1cadc2f8 DependenciesID=ea23a96de90be898bce3693b90e7540d StaticDependenciesID=f66e852baed751d7c5b425d2b6f070bb 
Number of updated asset objects reloaded before import = 0
Number of asset objects unloaded after import = 0
========================================================================
Received Import Request.
  Time of request: 2026-08-11T15:50:24.2204724Z
  Time since last request: 0.0003901 seconds.
  importAddress: GUID: 24f07b05b5f6f4c2c8dffd53c3d22cb7 - Path: Packages/com.unity.shadergraph/Editor/Data/Legacy/SerializableGuid.cs - Importer: ScriptedImporter/UnityEditor.QuickSearchModule:UnityEditor.Search:ASIAI0B
Importing 'GUID: 24f07b05b5f6f4c2c8dffd53c3d22cb7 - Path: Packages/com.unity.shadergraph/Editor/Data/Legacy/SerializableGuid.cs - Importer: ScriptedImporter/UnityEditor.QuickSearchModule:UnityEditor.Search:ASIAI0B' with importer (ScriptedImporter : UnityEditor.QuickSearchModule:UnityEditor.Search:ASIAI0B)
Imported 'GUID: 24f07b05b5f6f4c2c8dffd53c3d22cb7' -> (Import Result ID: 'b5bb86da33313349745dcbf9e4ee095b') in 0.003 seconds [static and dynamic dependencies]. Details - ImportResultOutputID=cbd7a39309a9274a9da8231e2cc977b2 DependenciesID=1e3d270ec1710e0132e59674fbac31ba StaticDependenciesID=49421124e26a7111ba967c3700577b21 
Number of updated asset objects reloaded before import = 0
Number of asset objects unloaded after import = 0
========================================================================
Received Import Request.
  Time of request: 2026-08-11T15:50:24.2333011Z
  Time since last request: 0.000268 seconds.
  importAddress: GUID: 4085c56d69533334f969abdbd775c7fe - Path: Packages/com.unity.shadergraph/Editor/Data/Legacy/PBRMasterNode1.cs - Importer: ScriptedImporter/UnityEditor.QuickSearchModule:UnityEditor.Search:ASIAI0B
Importing 'GUID: 4085c56d69533334f969abdbd775c7fe - Path: Packages/com.unity.shadergraph/Editor/Data/Legacy/PBRMasterNode1.cs - Importer: ScriptedImporter/UnityEditor.QuickSearchModule:UnityEditor.Search:ASIAI0B' with importer (ScriptedImporter : UnityEditor.QuickSearchModule:UnityEditor.Search:ASIAI0B)
Imported 'GUID: 4085c56d69533334f969abdbd775c7fe' -> (Import Result ID: 'a70b653aa019f2191813d8917dd0f76c') in 0.003 seconds [static and dynamic dependencies]. Details - ImportResultOutputID=3d64ba777815066e9dc93a46910c7502 DependenciesID=9934d0f3faf27544ab69641a96fcc589 StaticDependenciesID=422ee9da169b7036333a3a91a1695868 
Number of updated asset objects reloaded before import = 0
Number of asset objects unloaded after import = 0
========================================================================
Received Import Request.
  Time of request: 2026-08-11T15:50:24.2694198Z
  Time since last request: 0.025616 seconds.
  importAddress: GUID: 9c7ee7c586084a1796aca0ec5ca83fdf - Path: Packages/com.unity.shadergraph/Editor/Drawing/Interfaces/IResizable.cs - Importer: ScriptedImporter/UnityEditor.QuickSearchModule:UnityEditor.Search:ASIAI0B
Importing 'GUID: 9c7ee7c586084a1796aca0ec5ca83fdf - Path: Packages/com.unity.shadergraph/Editor/Drawing/Interfaces/IResizable.cs - Importer: ScriptedImporter/UnityEditor.QuickSearchModule:UnityEditor.Search:ASIAI0B' with importer (ScriptedImporter : UnityEditor.QuickSearchModule:UnityEditor.Search:ASIAI0B)
Imported 'GUID: 9c7ee7c586084a1796aca0ec5ca83fdf' -> (Import Result ID: 'd9eb1920a055087ba801e204e2400af1') in 0.004 seconds [static and dynamic dependencies]. Details - ImportResultOutputID=88e5720afc7614222771f091aad62eae DependenciesID=d078e6413a16dfc040ea98bed96c5864 StaticDependenciesID=e5f13893742025428357d2c36f68005e 
Number of updated asset objects reloaded before import = 0
Number of asset objects unloaded after import = 0
========================================================================
Received Import Request.
  Time of request: 2026-08-11T15:50:24.2823967Z
  Time since last request: 0.0013994 seconds.
  importAddress: GUID: 415e66e3c4ba4ffd834a7d90349db989 - Path: Packages/com.unity.shadergraph/Editor/Drawing/Controllers/BlackboardCategoryController.cs - Importer: ScriptedImporter/UnityEditor.QuickSearchModule:UnityEditor.Search:ASIAI0B
Importing 'GUID: 415e66e3c4ba4ffd834a7d90349db989 - Path: Packages/com.unity.shadergraph/Editor/Drawing/Controllers/BlackboardCategoryController.cs - Importer: ScriptedImporter/UnityEditor.QuickSearchModule:UnityEditor.Search:ASIAI0B' with importer (ScriptedImporter : UnityEditor.QuickSearchModule:UnityEditor.Search:ASIAI0B)
Imported 'GUID: 415e66e3c4ba4ffd834a7d90349db989' -> (Import Result ID: '0f095574219678be4821d1634ffbc07b') in 0.004 seconds [static and dynamic dependencies]. Details - ImportResultOutputID=56773ba6027612c85f82a7b08734d31b DependenciesID=e086c7efbba501c5e336dec6ca6b3f00 StaticDependenciesID=331c49770450b1d0ab5e48ea245df308 
Number of updated asset objects reloaded before import = 0
Number of asset objects unloaded after import = 0
========================================================================
Received Import Request.
  Time of request: 2026-08-11T15:50:24.2956556Z
  Time since last request: 0.0002713 seconds.
  importAddress: GUID: 20b1492eed8154d8f9a454e3563d9c01 - Path: Packages/com.unity.shadergraph/Editor/Drawing/Controls/DielectricSpecularControl.cs - Importer: ScriptedImporter/UnityEditor.QuickSearchModule:UnityEditor.Search:ASIAI0B
Importing 'GUID: 20b1492eed8154d8f9a454e3563d9c01 - Path: Packages/com.unity.shadergraph/Editor/Drawing/Controls/DielectricSpecularControl.cs - Importer: ScriptedImporter/UnityEditor.QuickSearchModule:UnityEditor.Search:ASIAI0B' with importer (ScriptedImporter : UnityEditor.QuickSearchModule:UnityEditor.Search:ASIAI0B)
Imported 'GUID: 20b1492eed8154d8f9a454e3563d9c01' -> (Import Result ID: '4e6961d48f8cf9e56c7810e3e51831e0') in 0.003 seconds [static and dynamic dependencies]. Details - ImportResultOutputID=6add490304b2fa035128e5683de1f671 DependenciesID=6e2380d59d46d56c89e0fc1658b8bc13 StaticDependenciesID=db24cac3bebf59d05d7667a3b5e4a94d 
Number of updated asset objects reloaded before import = 0
Number of asset objects unloaded after import = 0
========================================================================
Received Import Request.
  Time of request: 2026-08-11T15:50:24.3069025Z
  Time since last request: 0.0004079 seconds.
  importAddress: GUID: d77363d2f0df1f544b21d9e8a05f01a1 - Path: Packages/com.unity.shadergraph/Editor/Data/Util/UvChannel.cs - Importer: ScriptedImporter/UnityEditor.QuickSearchModule:UnityEditor.Search:ASIAI0B
Importing 'GUID: d77363d2f0df1f544b21d9e8a05f01a1 - Path: Packages/com.unity.shadergraph/Editor/Data/Util/UvChannel.cs - Importer: ScriptedImporter/UnityEditor.QuickSearchModule:UnityEditor.Search:ASIAI0B' with importer (ScriptedImporter : UnityEditor.QuickSearchModule:UnityEditor.Search:ASIAI0B)
Imported 'GUID: d77363d2f0df1f544b21d9e8a05f01a1' -> (Import Result ID: 'd0034ae89047e1ef185ccb412f3a0f76') in 0.003 seconds [static and dynamic dependencies]. Details - ImportResultOutputID=8892f8c47ebd6ef50c5e540e79a19f9e DependenciesID=c612262bb2785146b1070d56bc8fdc04 StaticDependenciesID=fb427190406422e609edb729626b6655 
Number of updated asset objects reloaded before import = 0
Number of asset objects unloaded after import = 0
========================================================================
Received Import Request.
  Time of request: 2026-08-11T15:50:24.3185934Z
  Time since last request: 0.0004529 seconds.
  importAddress: GUID: 74a26e3294ebad94fa5d78ee95751556 - Path: Packages/com.unity.shadergraph/Editor/Drawing/Controls/ChannelMixerControl.cs - Importer: ScriptedImporter/UnityEditor.QuickSearchModule:UnityEditor.Search:ASIAI0B
Importing 'GUID: 74a26e3294ebad94fa5d78ee95751556 - Path: Packages/com.unity.shadergraph/Editor/Drawing/Controls/ChannelMixerControl.cs - Importer: ScriptedImporter/UnityEditor.QuickSearchModule:UnityEditor.Search:ASIAI0B' with importer (ScriptedImporter : UnityEditor.QuickSearchModule:UnityEditor.Search:ASIAI0B)
Imported 'GUID: 74a26e3294ebad94fa5d78ee95751556' -> (Import Result ID: '90b616c23e6ef1ae4df57fae714de530') in 0.003 seconds [static and dynamic dependencies]. Details - ImportResultOutputID=b74b81398da8d0234d497eca95f94d37 DependenciesID=e6d878d2424d4560b9625b1919f617e8 StaticDependenciesID=1e61f859861701128848477d593ce023 
Number of updated asset objects reloaded before import = 0
Number of asset objects unloaded after import = 0
========================================================================
Received Import Request.
  Time of request: 2026-08-11T15:50:24.3297926Z
  Time since last request: 0.0003069 seconds.
  importAddress: GUID: 29c513b592822a84d99669e7845b9d45 - Path: Packages/com.unity.shadergraph/Editor/Drawing/Controls/TextControl.cs - Importer: ScriptedImporter/UnityEditor.QuickSearchModule:UnityEditor.Search:ASIAI0B
Importing 'GUID: 29c513b592822a84d99669e7845b9d45 - Path: Packages/com.unity.shadergraph/Editor/Drawing/Controls/TextControl.cs - Importer: ScriptedImporter/UnityEditor.QuickSearchModule:UnityEditor.Search:ASIAI0B' with importer (ScriptedImporter : UnityEditor.QuickSearchModule:UnityEditor.Search:ASIAI0B)
Imported 'GUID: 29c513b592822a84d99669e7845b9d45' -> (Import Result ID: '2a2014574e0d3df753bd0c1afbb9761c') in 0.003 seconds [static and dynamic dependencies]. Details - ImportResultOutputID=892313907580d27823eb09c85f6853e4 DependenciesID=b8ecc083acee65d71aefe7655fe3e20a StaticDependenciesID=01776caa97b2937c33e45c090ad5f220 
Number of updated asset objects reloaded before import = 0
Number of asset objects unloaded after import = 0
========================================================================
Received Import Request.
  Time of request: 2026-08-11T15:50:24.3433976Z
  Time since last request: 0.0003266 seconds.
  importAddress: GUID: f3738117378a2c645ae46e837d3cffe8 - Path: Packages/com.unity.shadergraph/Editor/Drawing/Manipulators/MasterPreviewManipulator.cs - Importer: ScriptedImporter/UnityEditor.QuickSearchModule:UnityEditor.Search:ASIAI0B
Importing 'GUID: f3738117378a2c645ae46e837d3cffe8 - Path: Packages/com.unity.shadergraph/Editor/Drawing/Manipulators/MasterPreviewManipulator.cs - Importer: ScriptedImporter/UnityEditor.QuickSearchModule:UnityEditor.Search:ASIAI0B' with importer (ScriptedImporter : UnityEditor.QuickSearchModule:UnityEditor.Search:ASIAI0B)
Imported 'GUID: f3738117378a2c645ae46e837d3cffe8' -> (Import Result ID: '3b2e2fa5eea1cd0919424cfc5232d08f') in 0.003 seconds [static and dynamic dependencies]. Details - ImportResultOutputID=87e9936aa7a3d054b73cb77b2a01cc8b DependenciesID=b5efeabf1771d30403ccdf70569c2b40 StaticDependenciesID=fc8c3f48e0f690a1ad9b8e3a54cdf3a4 
Number of updated asset objects reloaded before import = 0
Number of asset objects unloaded after import = 0
========================================================================
Received Import Request.
  Time of request: 2026-08-11T15:50:24.3557929Z
  Time since last request: 0.0002715 seconds.
  importAddress: GUID: 5e83ab8eb10c20c4fbed2700d4f4f11c - Path: Packages/com.unity.shadergraph/Editor/Drawing/Controls/ToggleControl.cs - Importer: ScriptedImporter/UnityEditor.QuickSearchModule:UnityEditor.Search:ASIAI0B
Importing 'GUID: 5e83ab8eb10c20c4fbed2700d4f4f11c - Path: Packages/com.unity.shadergraph/Editor/Drawing/Controls/ToggleControl.cs - Importer: ScriptedImporter/UnityEditor.QuickSearchModule:UnityEditor.Search:ASIAI0B' with importer (ScriptedImporter : UnityEditor.QuickSearchModule:UnityEditor.Search:ASIAI0B)
Imported 'GUID: 5e83ab8eb10c20c4fbed2700d4f4f11c' -> (Import Result ID: '88e762eef4a4bb7735b7a0b70d11f7cd') in 0.003 seconds [static and dynamic dependencies]. Details - ImportResultOutputID=384aa223ccc19b86ea3854249076b880 DependenciesID=e169417a6e110574698d0ca54d405ceb StaticDependenciesID=e6af1f9cb4d7483df4e62301c5bdb91d 
Number of updated asset objects reloaded before import = 0
Number of asset objects unloaded after import = 0
========================================================================
Received Import Request.
  Time of request: 2026-08-11T15:50:24.3876571Z
  Time since last request: 0.0199176 seconds.
  importAddress: GUID: be7dc61bbad850044be1020424c0d22c - Path: Packages/com.unity.shadergraph/Editor/Generation/Descriptors/KeywordDescriptor.cs - Importer: ScriptedImporter/UnityEditor.QuickSearchModule:UnityEditor.Search:ASIAI0B
Importing 'GUID: be7dc61bbad850044be1020424c0d22c - Path: Packages/com.unity.shadergraph/Editor/Generation/Descriptors/KeywordDescriptor.cs - Importer: ScriptedImporter/UnityEditor.QuickSearchModule:UnityEditor.Search:ASIAI0B' with importer (ScriptedImporter : UnityEditor.QuickSearchModule:UnityEditor.Search:ASIAI0B)
Imported 'GUID: be7dc61bbad850044be1020424c0d22c' -> (Import Result ID: '53b344c1eb2d32c417c9a03a09257684') in 0.003 seconds [static and dynamic dependencies]. Details - ImportResultOutputID=838a5058b0289c7d0a6a808026dc892f DependenciesID=7b1f553924c7a6a48f65190eea85ae87 StaticDependenciesID=c7c964459b4637b8332da31b49d775a1 
Number of updated asset objects reloaded before import = 0
Number of asset objects unloaded after import = 0
========================================================================
Received Import Request.
  Time of request: 2026-08-11T15:50:24.3993789Z
  Time since last request: 0.0009999 seconds.
  importAddress: GUID: 7e093d7ce84934ae4b8f634c4a13b244 - Path: Packages/com.unity.shadergraph/Editor/Generation/Enumerations/IncludeLocation.cs - Importer: ScriptedImporter/UnityEditor.QuickSearchModule:UnityEditor.Search:ASIAI0B
Importing 'GUID: 7e093d7ce84934ae4b8f634c4a13b244 - Path: Packages/com.unity.shadergraph/Editor/Generation/Enumerations/IncludeLocation.cs - Importer: ScriptedImporter/UnityEditor.QuickSearchModule:UnityEditor.Search:ASIAI0B' with importer (ScriptedImporter : UnityEditor.QuickSearchModule:UnityEditor.Search:ASIAI0B)
Imported 'GUID: 7e093d7ce84934ae4b8f634c4a13b244' -> (Import Result ID: '87b54cdb0678e6e3c01ec0c289644f46') in 0.002 seconds [static and dynamic dependencies]. Details - ImportResultOutputID=973b46c4f096e704dfb9dcb16edf4ff8 DependenciesID=3329805c752a41f882640c0c7072d5fd StaticDependenciesID=703dfeb32c5ea56182bb5efe1b78afcf 
Number of updated asset objects reloaded before import = 0
Number of asset objects unloaded after import = 0
========================================================================
Received Import Request.
  Time of request: 2026-08-11T15:50:24.4100516Z
  Time since last request: 0.0004223 seconds.
  importAddress: GUID: 22719ef12eb4042bfb2c5268c688f4bf - Path: Packages/com.unity.shadergraph/Editor/Generation/Collections/StructCollection.cs - Importer: ScriptedImporter/UnityEditor.QuickSearchModule:UnityEditor.Search:ASIAI0B
Importing 'GUID: 22719ef12eb4042bfb2c5268c688f4bf - Path: Packages/com.unity.shadergraph/Editor/Generation/Collections/StructCollection.cs - Importer: ScriptedImporter/UnityEditor.QuickSearchModule:UnityEditor.Search:ASIAI0B' with importer (ScriptedImporter : UnityEditor.QuickSearchModule:UnityEditor.Search:ASIAI0B)
Imported 'GUID: 22719ef12eb4042bfb2c5268c688f4bf' -> (Import Result ID: '252945e34d0177a245a418cb34b8f815') in 0.003 seconds [static and dynamic dependencies]. Details - ImportResultOutputID=ea29bb48920bc1b371d9acb51508775b DependenciesID=472c9a240e7d71837bb0073a9a541399 StaticDependenciesID=31a4d77be0c4564fb0ab36c85382d763 
Number of updated asset objects reloaded before import = 0
Number of asset objects unloaded after import = 0
========================================================================
Received Import Request.
  Time of request: 2026-08-11T15:50:24.4227644Z
  Time since last request: 0.0004676 seconds.
  importAddress: GUID: 37873c3b010e40d1ac1e6aace3c0fb10 - Path: Packages/com.unity.shadergraph/Editor/Drawing/Views/PreviewSceneResources.cs - Importer: ScriptedImporter/UnityEditor.QuickSearchModule:UnityEditor.Search:ASIAI0B
Importing 'GUID: 37873c3b010e40d1ac1e6aace3c0fb10 - Path: Packages/com.unity.shadergraph/Editor/Drawing/Views/PreviewSceneResources.cs - Importer: ScriptedImporter/UnityEditor.QuickSearchModule:UnityEditor.Search:ASIAI0B' with importer (ScriptedImporter : UnityEditor.QuickSearchModule:UnityEditor.Search:ASIAI0B)
Imported 'GUID: 37873c3b010e40d1ac1e6aace3c0fb10' -> (Import Result ID: '0ea73ccdda899b3ae7cffe84d86887c9') in 0.003 seconds [static and dynamic dependencies]. Details - ImportResultOutputID=8a713e95ecd122f52198acbd1cdd8b7a DependenciesID=f5613b7fcef5ca22477e83c10e2c61af StaticDependenciesID=5a1b37add79dec4d42d2bc44327bf46f 
Number of updated asset objects reloaded before import = 0
Number of asset objects unloaded after import = 0
========================================================================
Received Import Request.
  Time of request: 2026-08-11T15:50:24.4353632Z
  Time since last request: 0.0003228 seconds.
  importAddress: GUID: 827eeffd55f0ac94b9c13553edbe457b - Path: Packages/com.unity.shadergraph/Editor/Drawing/Views/NodeSettingsView.cs - Importer: ScriptedImporter/UnityEditor.QuickSearchModule:UnityEditor.Search:ASIAI0B
Importing 'GUID: 827eeffd55f0ac94b9c13553edbe457b - Path: Packages/com.unity.shadergraph/Editor/Drawing/Views/NodeSettingsView.cs - Importer: ScriptedImporter/UnityEditor.QuickSearchModule:UnityEditor.Search:ASIAI0B' with importer (ScriptedImporter : UnityEditor.QuickSearchModule:UnityEditor.Search:ASIAI0B)
Imported 'GUID: 827eeffd55f0ac94b9c13553edbe457b' -> (Import Result ID: 'dd258f79ed7c1bdba60bcea33c3343b3') in 0.003 seconds [static and dynamic dependencies]. Details - ImportResultOutputID=c8c02f58d8ac26c949fb65127c1c3770 DependenciesID=009189ef821878364458436a39f9b832 StaticDependenciesID=86e7962fa533e32f736572e8cdc04b0c 
Number of updated asset objects reloaded before import = 0
Number of asset objects unloaded after import = 0
========================================================================
Received Import Request.
  Time of request: 2026-08-11T15:50:24.4486977Z
  Time since last request: 0.0002575 seconds.
  importAddress: GUID: b6fd360d8ee574e7d85d34a382a182f0 - Path: Packages/com.unity.shadergraph/Editor/Generation/Collections/PragmaCollection.cs - Importer: ScriptedImporter/UnityEditor.QuickSearchModule:UnityEditor.Search:ASIAI0B
Importing 'GUID: b6fd360d8ee574e7d85d34a382a182f0 - Path: Packages/com.unity.shadergraph/Editor/Generation/Collections/PragmaCollection.cs - Importer: ScriptedImporter/UnityEditor.QuickSearchModule:UnityEditor.Search:ASIAI0B' with importer (ScriptedImporter : UnityEditor.QuickSearchModule:UnityEditor.Search:ASIAI0B)
Imported 'GUID: b6fd360d8ee574e7d85d34a382a182f0' -> (Import Result ID: '4aad5e560c83465e487f14f2a15ec304') in 0.003 seconds [static and dynamic dependencies]. Details - ImportResultOutputID=2c5c8686c64d89285255b541a3bac930 DependenciesID=fb60bc80dc91701fadfe8c547113e274 StaticDependenciesID=052d7cd54c067ab8143b376c4386ce66 
Number of updated asset objects reloaded before import = 0
Number of asset objects unloaded after import = 0
========================================================================
Received Import Request.
  Time of request: 2026-08-11T15:50:24.4598732Z
  Time since last request: 0.0003091 seconds.
  importAddress: GUID: 512cdb06fe8f484eb470277bc28f0a3c - Path: Packages/com.unity.shadergraph/Editor/Generation/Collections/KernelCollection.cs - Importer: ScriptedImporter/UnityEditor.QuickSearchModule:UnityEditor.Search:ASIAI0B
Importing 'GUID: 512cdb06fe8f484eb470277bc28f0a3c - Path: Packages/com.unity.shadergraph/Editor/Generation/Collections/KernelCollection.cs - Importer: ScriptedImporter/UnityEditor.QuickSearchModule:UnityEditor.Search:ASIAI0B' with importer (ScriptedImporter : UnityEditor.QuickSearchModule:UnityEditor.Search:ASIAI0B)
Imported 'GUID: 512cdb06fe8f484eb470277bc28f0a3c' -> (Import Result ID: '33491d93b2cdda7ff0850a55ee7099ed') in 0.003 seconds [static and dynamic dependencies]. Details - ImportResultOutputID=809948bddf76a4a3a8f73d0a19ca7c2b DependenciesID=00284eeeec0829daf3553bc0facf6c28 StaticDependenciesID=5cef075bab65f559af9517e7785003e7 
Number of updated asset objects reloaded before import = 0
Number of asset objects unloaded after import = 0
========================================================================
Received Import Request.
  Time of request: 2026-08-11T15:50:24.4717996Z
  Time since last request: 0.0003451 seconds.
  importAddress: GUID: 09ee586b510e67243986436d6d148bac - Path: Packages/com.unity.shadergraph/Editor/Drawing/Views/ReorderableListView.cs - Importer: ScriptedImporter/UnityEditor.QuickSearchModule:UnityEditor.Search:ASIAI0B
Importing 'GUID: 09ee586b510e67243986436d6d148bac - Path: Packages/com.unity.shadergraph/Editor/Drawing/Views/ReorderableListView.cs - Importer: ScriptedImporter/UnityEditor.QuickSearchModule:UnityEditor.Search:ASIAI0B' with importer (ScriptedImporter : UnityEditor.QuickSearchModule:UnityEditor.Search:ASIAI0B)
Imported 'GUID: 09ee586b510e67243986436d6d148bac' -> (Import Result ID: '67671bfc13e43b0dd410023210fd6066') in 0.003 seconds [static and dynamic dependencies]. Details - ImportResultOutputID=be248a5e19a6044f19a8335489b8cdeb DependenciesID=06781ecd476d6c7e1baf2f0e3657e672 StaticDependenciesID=9518aff21f2d77eef3c23211ae36e9aa 
Number of updated asset objects reloaded before import = 0
Number of asset objects unloaded after import = 0
========================================================================
Received Import Request.
  Time of request: 2026-08-11T15:50:24.5204005Z
  Time since last request: 0.0386795 seconds.
  importAddress: GUID: 7129268cf102b2f45809905bcb27ce8b - Path: Packages/com.unity.shadergraph/Editor/Resources/Icons/sg_graph_icon_gray_dark.png - Importer: ScriptedImporter/UnityEditor.QuickSearchModule:UnityEditor.Search:ASIAI0B
Importing 'GUID: 7129268cf102b2f45809905bcb27ce8b - Path: Packages/com.unity.shadergraph/Editor/Resources/Icons/sg_graph_icon_gray_dark.png - Importer: ScriptedImporter/UnityEditor.QuickSearchModule:UnityEditor.Search:ASIAI0B' with importer (ScriptedImporter : UnityEditor.QuickSearchModule:UnityEditor.Search:ASIAI0B)
Imported 'GUID: 7129268cf102b2f45809905bcb27ce8b' -> (Import Result ID: 'dcbae6916e4c17e7924e5d2071f72860') in 0.006 seconds [static and dynamic dependencies]. Details - ImportResultOutputID=2ceb45bed56d62072b0b9a69202afa67 DependenciesID=8757a7a8b3e38c12703ee52484b718eb StaticDependenciesID=eb1735dd586016de57b4ea270556dc4b 
Number of updated asset objects reloaded before import = 0
Number of asset objects unloaded after import = 1
========================================================================
Received Import Request.
  Time of request: 2026-08-11T15:50:24.5335467Z
  Time since last request: 0.000267 seconds.
  importAddress: GUID: 6373167f768c6a34d9a24af8b0ead19d - Path: Packages/com.unity.shadergraph/Editor/Generation/Enumerations/KeywordType.cs - Importer: ScriptedImporter/UnityEditor.QuickSearchModule:UnityEditor.Search:ASIAI0B
Importing 'GUID: 6373167f768c6a34d9a24af8b0ead19d - Path: Packages/com.unity.shadergraph/Editor/Generation/Enumerations/KeywordType.cs - Importer: ScriptedImporter/UnityEditor.QuickSearchModule:UnityEditor.Search:ASIAI0B' with importer (ScriptedImporter : UnityEditor.QuickSearchModule:UnityEditor.Search:ASIAI0B)
Imported 'GUID: 6373167f768c6a34d9a24af8b0ead19d' -> (Import Result ID: '12abfb87b320439febe0eab95ed50623') in 0.004 seconds [static and dynamic dependencies]. Details - ImportResultOutputID=7ff35fd9b38d4c29be210808cc3ae949 DependenciesID=d3196766b8a4811b36fd21a4e22d8fc5 StaticDependenciesID=1c82267a3f33df0b8694788028adbaab 
Number of updated asset objects reloaded before import = 0
Number of asset objects unloaded after import = 0
========================================================================
Received Import Request.
  Time of request: 2026-08-11T15:50:24.5471892Z
  Time since last request: 0.0004467 seconds.
  importAddress: GUID: 6bfd5f3c15e1ee7498657be747544985 - Path: Packages/com.unity.shadergraph/Editor/Resources/Icons/SettingsIcons_hover.png - Importer: ScriptedImporter/UnityEditor.QuickSearchModule:UnityEditor.Search:ASIAI0B
Importing 'GUID: 6bfd5f3c15e1ee7498657be747544985 - Path: Packages/com.unity.shadergraph/Editor/Resources/Icons/SettingsIcons_hover.png - Importer: ScriptedImporter/UnityEditor.QuickSearchModule:UnityEditor.Search:ASIAI0B' with importer (ScriptedImporter : UnityEditor.QuickSearchModule:UnityEditor.Search:ASIAI0B)
Imported 'GUID: 6bfd5f3c15e1ee7498657be747544985' -> (Import Result ID: '8b3feeb22218f830272fe36ce0f6210a') in 0.006 seconds [static and dynamic dependencies]. Details - ImportResultOutputID=80d82bf019dca8324eb4b867add43329 DependenciesID=141d0f1474ddcaa09c8868917f66ee3c StaticDependenciesID=3807954bbeb8bba692f95d5b7d84f639 
Number of updated asset objects reloaded before import = 0
Number of asset objects unloaded after import = 1
========================================================================
Received Import Request.
  Time of request: 2026-08-11T15:50:24.5608273Z
  Time since last request: 0.0002636 seconds.
  importAddress: GUID: ca768a19c7caa844c83fceae4a411f04 - Path: Packages/com.unity.shadergraph/Editor/Generation/Processors/PropertyCollector.cs - Importer: ScriptedImporter/UnityEditor.QuickSearchModule:UnityEditor.Search:ASIAI0B
Importing 'GUID: ca768a19c7caa844c83fceae4a411f04 - Path: Packages/com.unity.shadergraph/Editor/Generation/Processors/PropertyCollector.cs - Importer: ScriptedImporter/UnityEditor.QuickSearchModule:UnityEditor.Search:ASIAI0B' with importer (ScriptedImporter : UnityEditor.QuickSearchModule:UnityEditor.Search:ASIAI0B)
Imported 'GUID: ca768a19c7caa844c83fceae4a411f04' -> (Import Result ID: '26a00c63a89134723fc3b6915fa30621') in 0.003 seconds [static and dynamic dependencies]. Details - ImportResultOutputID=39e574d885d07706076ce87d65ecb126 DependenciesID=4d5d41e33f953ab27158ce422fe42ea2 StaticDependenciesID=30d22e71b66c4d7d5e7487e86ac874cd 
Number of updated asset objects reloaded before import = 0
Number of asset objects unloaded after import = 0
========================================================================
Received Import Request.
  Time of request: 2026-08-11T15:50:24.5723014Z
  Time since last request: 0.0003362 seconds.
  importAddress: GUID: 1aa36b6100be7dc4792b1129c202f42e - Path: Packages/com.unity.shadergraph/Editor/Generation/Enumerations/RenderQueue.cs - Importer: ScriptedImporter/UnityEditor.QuickSearchModule:UnityEditor.Search:ASIAI0B
Importing 'GUID: 1aa36b6100be7dc4792b1129c202f42e - Path: Packages/com.unity.shadergraph/Editor/Generation/Enumerations/RenderQueue.cs - Importer: ScriptedImporter/UnityEditor.QuickSearchModule:UnityEditor.Search:ASIAI0B' with importer (ScriptedImporter : UnityEditor.QuickSearchModule:UnityEditor.Search:ASIAI0B)
Imported 'GUID: 1aa36b6100be7dc4792b1129c202f42e' -> (Import Result ID: '54e8b4d6965e01b6f7c5822b8ab955d0') in 0.003 seconds [static and dynamic dependencies]. Details - ImportResultOutputID=8cce90c2ffb24c01bbd537ce30bc7990 DependenciesID=82d82d46a2100c8ed0559c304dde7347 StaticDependenciesID=865e65b50b37cae6ebe8fd3863b9ca86 
Number of updated asset objects reloaded before import = 0
Number of asset objects unloaded after import = 0
========================================================================
Received Import Request.
  Time of request: 2026-08-11T15:50:24.5846236Z
  Time since last request: 0.0003043 seconds.
  importAddress: GUID: ab3839d7cd68bbd4baa33356cbed2b29 - Path: Packages/com.unity.shadergraph/Editor/Generation/Processors/ShaderSpliceUtil.cs - Importer: ScriptedImporter/UnityEditor.QuickSearchModule:UnityEditor.Search:ASIAI0B
Importing 'GUID: ab3839d7cd68bbd4baa33356cbed2b29 - Path: Packages/com.unity.shadergraph/Editor/Generation/Processors/ShaderSpliceUtil.cs - Importer: ScriptedImporter/UnityEditor.QuickSearchModule:UnityEditor.Search:ASIAI0B' with importer (ScriptedImporter : UnityEditor.QuickSearchModule:UnityEditor.Search:ASIAI0B)
Imported 'GUID: ab3839d7cd68bbd4baa33356cbed2b29' -> (Import Result ID: 'fbf508f80476bb501a2d7b66b197ef04') in 0.003 seconds [static and dynamic dependencies]. Details - ImportResultOutputID=d504ad33996c1431af523359d6b3087f DependenciesID=22c8b4c69a7b0975c944f7606d8b4e62 StaticDependenciesID=dcf38f3c2d9dab3d10816afa5a71ad83 
Number of updated asset objects reloaded before import = 0
Number of asset objects unloaded after import = 0
========================================================================
Received Import Request.
  Time of request: 2026-08-11T15:50:24.5974632Z
  Time since last request: 0.0003108 seconds.
  importAddress: GUID: 2ff492f428a2c413e8f423ded9c594c4 - Path: Packages/com.unity.shadergraph/Editor/Generation/TargetResources/StructFields.cs - Importer: ScriptedImporter/UnityEditor.QuickSearchModule:UnityEditor.Search:ASIAI0B
Importing 'GUID: 2ff492f428a2c413e8f423ded9c594c4 - Path: Packages/com.unity.shadergraph/Editor/Generation/TargetResources/StructFields.cs - Importer: ScriptedImporter/UnityEditor.QuickSearchModule:UnityEditor.Search:ASIAI0B' with importer (ScriptedImporter : UnityEditor.QuickSearchModule:UnityEditor.Search:ASIAI0B)
Imported 'GUID: 2ff492f428a2c413e8f423ded9c594c4' -> (Import Result ID: '94aa565a5d0bd3a928eae1ee7c285667') in 0.004 seconds [static and dynamic dependencies]. Details - ImportResultOutputID=2a56395b31b37ba4abedbdabcd9ae131 DependenciesID=583f5580c2c68e6c00bbab06e8578434 StaticDependenciesID=13dc6f44337960756d10495aba8d69aa 
Number of updated asset objects reloaded before import = 0
Number of asset objects unloaded after import = 0
========================================================================
Received Import Request.
  Time of request: 2026-08-11T15:50:24.6104243Z
  Time since last request: 0.0003173 seconds.
  importAddress: GUID: 178e97de727d74a1389b07dee0ebf556 - Path: Packages/com.unity.shadergraph/Editor/Generation/TargetResources/Structs.cs - Importer: ScriptedImporter/UnityEditor.QuickSearchModule:UnityEditor.Search:ASIAI0B
Importing 'GUID: 178e97de727d74a1389b07dee0ebf556 - Path: Packages/com.unity.shadergraph/Editor/Generation/TargetResources/Structs.cs - Importer: ScriptedImporter/UnityEditor.QuickSearchModule:UnityEditor.Search:ASIAI0B' with importer (ScriptedImporter : UnityEditor.QuickSearchModule:UnityEditor.Search:ASIAI0B)
Imported 'GUID: 178e97de727d74a1389b07dee0ebf556' -> (Import Result ID: '69ae929bb3d064ee478645c0fdb5c66e') in 0.003 seconds [static and dynamic dependencies]. Details - ImportResultOutputID=169631ff32decdc60ffe3c366d83e31e DependenciesID=c810c8abbf9c8aad4c4bfde97a41c9e3 StaticDependenciesID=ac03a6ce5b86ceb316297b404bd57f47 
Number of updated asset objects reloaded before import = 0
Number of asset objects unloaded after import = 0
========================================================================
Received Import Request.
  Time of request: 2026-08-11T15:50:24.635959Z
  Time since last request: 0.0139259 seconds.
  importAddress: GUID: 2af887df8cf23de4f9bf550f4e917c18 - Path: Packages/com.unity.shadergraph/Editor/Resources/Styles/PropertyRow.uss - Importer: ScriptedImporter/UnityEditor.QuickSearchModule:UnityEditor.Search:ASIAI0B
Importing 'GUID: 2af887df8cf23de4f9bf550f4e917c18 - Path: Packages/com.unity.shadergraph/Editor/Resources/Styles/PropertyRow.uss - Importer: ScriptedImporter/UnityEditor.QuickSearchModule:UnityEditor.Search:ASIAI0B' with importer (ScriptedImporter : UnityEditor.QuickSearchModule:UnityEditor.Search:ASIAI0B)
Imported 'GUID: 2af887df8cf23de4f9bf550f4e917c18' -> (Import Result ID: 'f458f5f78d2d76688f9448b0fc1424c2') in 0.005 seconds [static and dynamic dependencies]. Details - ImportResultOutputID=80767a370cf750e3b1bd82ceeef07d06 DependenciesID=2fa517da2c2ed8447033080f2b392143 StaticDependenciesID=6067f7749d6eddc892c8214d34f6c10d 
Number of updated asset objects reloaded before import = 0
Number of asset objects unloaded after import = 1
========================================================================
Received Import Request.
  Time of request: 2026-08-11T15:50:24.6482491Z
  Time since last request: 0.0002957 seconds.
  importAddress: GUID: b70651993c98eda43810c32b7416a21b - Path: Packages/com.unity.shadergraph/Editor/Resources/UXML/NodeSettings.uxml - Importer: ScriptedImporter/UnityEditor.QuickSearchModule:UnityEditor.Search:ASIAI0B
Importing 'GUID: b70651993c98eda43810c32b7416a21b - Path: Packages/com.unity.shadergraph/Editor/Resources/UXML/NodeSettings.uxml - Importer: ScriptedImporter/UnityEditor.QuickSearchModule:UnityEditor.Search:ASIAI0B' with importer (ScriptedImporter : UnityEditor.QuickSearchModule:UnityEditor.Search:ASIAI0B)
Imported 'GUID: b70651993c98eda43810c32b7416a21b' -> (Import Result ID: '148c582bf8920c3e9bf56af89c97bb24') in 0.004 seconds [static and dynamic dependencies]. Details - ImportResultOutputID=6c6e73b582bfb937c9504420d1a16564 DependenciesID=9d50d3e640e47c4ccb8221c39112b788 StaticDependenciesID=4fb5096935a17fcd60af87e4649b4260 
Number of updated asset objects reloaded before import = 0
Number of asset objects unloaded after import = 2
========================================================================
Received Import Request.
  Time of request: 2026-08-11T15:50:24.6619358Z
  Time since last request: 0.0001861 seconds.
  importAddress: GUID: a141d7b330b4c764ab25b2ba4ac38b2f - Path: Packages/com.unity.shadergraph/Editor/Resources/Styles/MasterPreviewView.uss - Importer: ScriptedImporter/UnityEditor.QuickSearchModule:UnityEditor.Search:ASIAI0B
Importing 'GUID: a141d7b330b4c764ab25b2ba4ac38b2f - Path: Packages/com.unity.shadergraph/Editor/Resources/Styles/MasterPreviewView.uss - Importer: ScriptedImporter/UnityEditor.QuickSearchModule:UnityEditor.Search:ASIAI0B' with importer (ScriptedImporter : UnityEditor.QuickSearchModule:UnityEditor.Search:ASIAI0B)
Imported 'GUID: a141d7b330b4c764ab25b2ba4ac38b2f' -> (Import Result ID: '0fd6166a94321a5eecf705562d9bd028') in 0.004 seconds [static and dynamic dependencies]. Details - ImportResultOutputID=9de7b1aa2851712459789c053f51fd7a DependenciesID=32e7058695e1f83c4c00b863d787bcca StaticDependenciesID=996456c7bcf472b52ccf7ed4c2a06e63 
Number of updated asset objects reloaded before import = 0
Number of asset objects unloaded after import = 1
========================================================================
Received Import Request.
  Time of request: 2026-08-11T15:50:24.6736541Z
  Time since last request: 0.0002906 seconds.
  importAddress: GUID: 7471d1c0502da124ba03a8b0379a265e - Path: Packages/com.unity.shadergraph/Editor/Resources/Styles/UITKMasterNodePreview.uss - Importer: ScriptedImporter/UnityEditor.QuickSearchModule:UnityEditor.Search:ASIAI0B
Importing 'GUID: 7471d1c0502da124ba03a8b0379a265e - Path: Packages/com.unity.shadergraph/Editor/Resources/Styles/UITKMasterNodePreview.uss - Importer: ScriptedImporter/UnityEditor.QuickSearchModule:UnityEditor.Search:ASIAI0B' with importer (ScriptedImporter : UnityEditor.QuickSearchModule:UnityEditor.Search:ASIAI0B)
Imported 'GUID: 7471d1c0502da124ba03a8b0379a265e' -> (Import Result ID: '5a37d8b871d83fc2d73b10d4ea25681a') in 0.005 seconds [static and dynamic dependencies]. Details - ImportResultOutputID=40c99d2a46dfd4057626e379d6e90f75 DependenciesID=78d5c76a059b2a2ce140aa03060cd57d StaticDependenciesID=97d06010935761c9acd72e4a4fa85b6e 
Number of updated asset objects reloaded before import = 0
Number of asset objects unloaded after import = 3
========================================================================
Received Import Request.
  Time of request: 2026-08-11T15:50:24.6889688Z
  Time since last request: 0.0003092 seconds.
  importAddress: GUID: b893f303ffd21324988969130704e4bc - Path: Packages/com.unity.shadergraph/GraphTemplates/Subgraphs/Terrain/Blend Layers Add.shadersubgraph - Importer: ScriptedImporter/UnityEditor.QuickSearchModule:UnityEditor.Search:ASIAI0B
Importing 'GUID: b893f303ffd21324988969130704e4bc - Path: Packages/com.unity.shadergraph/GraphTemplates/Subgraphs/Terrain/Blend Layers Add.shadersubgraph - Importer: ScriptedImporter/UnityEditor.QuickSearchModule:UnityEditor.Search:ASIAI0B' with importer (ScriptedImporter : UnityEditor.QuickSearchModule:UnityEditor.Search:ASIAI0B)
Imported 'GUID: b893f303ffd21324988969130704e4bc' -> (Import Result ID: '67e21287b45fc84ce885902ee0bb6db7') in 0.005 seconds [static and dynamic dependencies]. Details - ImportResultOutputID=91c238210594d16e29ff3a61c2ca663c DependenciesID=f81f129b44ea563e03e0e77a0d2b8d1a StaticDependenciesID=a5a9680143aeb9a1fa27e9235aea0362 
Number of updated asset objects reloaded before import = 0
Number of asset objects unloaded after import = 1
========================================================================
Received Import Request.
  Time of request: 2026-08-11T15:50:24.7040461Z
  Time since last request: 0.0003432 seconds.
  importAddress: GUID: 00d735264dc3c1849bf2ee8dec95ec39 - Path: Packages/com.unity.shadergraph/Editor/Resources/Styles/SGBlackboard.uss - Importer: ScriptedImporter/UnityEditor.QuickSearchModule:UnityEditor.Search:ASIAI0B
Importing 'GUID: 00d735264dc3c1849bf2ee8dec95ec39 - Path: Packages/com.unity.shadergraph/Editor/Resources/Styles/SGBlackboard.uss - Importer: ScriptedImporter/UnityEditor.QuickSearchModule:UnityEditor.Search:ASIAI0B' with importer (ScriptedImporter : UnityEditor.QuickSearchModule:UnityEditor.Search:ASIAI0B)
Imported 'GUID: 00d735264dc3c1849bf2ee8dec95ec39' -> (Import Result ID: 'fa4a4f103365e0a8dd8c7bcf7c79a5c3') in 0.005 seconds [static and dynamic dependencies]. Details - ImportResultOutputID=32826c235f494c472f983a7c437f5aa3 DependenciesID=ccda8c3792153045f4028ff892aab7d2 StaticDependenciesID=8aaabe9a1e568afceb0a238dfb1240a6 
Number of updated asset objects reloaded before import = 0
Number of asset objects unloaded after import = 1
========================================================================
Received Import Request.
  Time of request: 2026-08-11T15:50:24.7396509Z
  Time since last request: 0.0225321 seconds.
  importAddress: GUID: 2f13e75d15882134fb2cc19ed16fa6fd - Path: Packages/com.unity.shadergraph/Tests/Editor/UnitTests/BlockNodeTests.cs - Importer: ScriptedImporter/UnityEditor.QuickSearchModule:UnityEditor.Search:ASIAI0B
Importing 'GUID: 2f13e75d15882134fb2cc19ed16fa6fd - Path: Packages/com.unity.shadergraph/Tests/Editor/UnitTests/BlockNodeTests.cs - Importer: ScriptedImporter/UnityEditor.QuickSearchModule:UnityEditor.Search:ASIAI0B' with importer (ScriptedImporter : UnityEditor.QuickSearchModule:UnityEditor.Search:ASIAI0B)
Imported 'GUID: 2f13e75d15882134fb2cc19ed16fa6fd' -> (Import Result ID: '3cb53f352514e736f65adc024f1d4797') in 0.003 seconds [static and dynamic dependencies]. Details - ImportResultOutputID=f10fb696316c037db10f7d5c595ee972 DependenciesID=f380ffb78a73bb343658109e14cb3396 StaticDependenciesID=da599c1f3447dba57df7720dbe456592 
Number of updated asset objects reloaded before import = 0
Number of asset objects unloaded after import = 0
========================================================================
Received Import Request.
  Time of request: 2026-08-11T15:50:24.750989Z
  Time since last request: 0.001042 seconds.
  importAddress: GUID: cda199a8cac8e415ebec2dca28c8df30 - Path: Packages/com.unity.shadergraph/Tests/Editor/ProviderTests/TestUtils.cs - Importer: ScriptedImporter/UnityEditor.QuickSearchModule:UnityEditor.Search:ASIAI0B
Importing 'GUID: cda199a8cac8e415ebec2dca28c8df30 - Path: Packages/com.unity.shadergraph/Tests/Editor/ProviderTests/TestUtils.cs - Importer: ScriptedImporter/UnityEditor.QuickSearchModule:UnityEditor.Search:ASIAI0B' with importer (ScriptedImporter : UnityEditor.QuickSearchModule:UnityEditor.Search:ASIAI0B)
Imported 'GUID: cda199a8cac8e415ebec2dca28c8df30' -> (Import Result ID: '0be217cb7786c61cf95ef38b0d1ff2ca') in 0.006 seconds [static and dynamic dependencies]. Details - ImportResultOutputID=32e489a96026a7c0d75ffccc6b9dcab5 DependenciesID=00db7bb754ca2f31255e0ab297045985 StaticDependenciesID=b3f3913dea189c65a43003882d7e480f 
Number of updated asset objects reloaded before import = 0
Number of asset objects unloaded after import = 0
========================================================================
Received Import Request.
  Time of request: 2026-08-11T15:50:24.7677299Z
  Time since last request: 0.0005854 seconds.
  importAddress: GUID: 0dd57d4b408ec4c4580937b45862efbb - Path: Packages/com.unity.shadergraph/Tests/Editor/IntegrationTests/SerializationTests.cs - Importer: ScriptedImporter/UnityEditor.QuickSearchModule:UnityEditor.Search:ASIAI0B
Importing 'GUID: 0dd57d4b408ec4c4580937b45862efbb - Path: Packages/com.unity.shadergraph/Tests/Editor/IntegrationTests/SerializationTests.cs - Importer: ScriptedImporter/UnityEditor.QuickSearchModule:UnityEditor.Search:ASIAI0B' with importer (ScriptedImporter : UnityEditor.QuickSearchModule:UnityEditor.Search:ASIAI0B)
Imported 'GUID: 0dd57d4b408ec4c4580937b45862efbb' -> (Import Result ID: 'e18589cc4fc1690e6276757b7a2b88fa') in 0.005 seconds [static and dynamic dependencies]. Details - ImportResultOutputID=7983537e73b6c5a4602424561de15259 DependenciesID=7c57657f63b73fd5e694f83a383d1c8d StaticDependenciesID=4bae77805356603da4e26e50e45204ae 
Number of updated asset objects reloaded before import = 0
Number of asset objects unloaded after import = 0
========================================================================
Received Import Request.
  Time of request: 2026-08-11T15:50:24.7804812Z
  Time since last request: 0.00021 seconds.
  importAddress: GUID: 7c311b074714f8d468c9bfbf8f91619d - Path: Packages/com.unity.shadergraph/Editor/Data/Nodes/Procedural/CheckerboardNode.cs - Importer: ScriptedImporter/UnityEditor.QuickSearchModule:UnityEditor.Search:ASIAI0B
Importing 'GUID: 7c311b074714f8d468c9bfbf8f91619d - Path: Packages/com.unity.shadergraph/Editor/Data/Nodes/Procedural/CheckerboardNode.cs - Importer: ScriptedImporter/UnityEditor.QuickSearchModule:UnityEditor.Search:ASIAI0B' with importer (ScriptedImporter : UnityEditor.QuickSearchModule:UnityEditor.Search:ASIAI0B)
Imported 'GUID: 7c311b074714f8d468c9bfbf8f91619d' -> (Import Result ID: '16e4b9d9e41ad15130054d9b6b8c4a31') in 0.003 seconds [static and dynamic dependencies]. Details - ImportResultOutputID=18265cf21bfc10fc58eeb78db612ba70 DependenciesID=e6199e294f10b479dcab519356487cb8 StaticDependenciesID=12d151bf4424cf47af3cc9e5eed3ced0 
Number of updated asset objects reloaded before import = 0
Number of asset objects unloaded after import = 0
========================================================================
Received Import Request.
  Time of request: 2026-08-11T15:50:24.7925636Z
  Time since last request: 0.0002899 seconds.
  importAddress: GUID: c3d530710b610d649acafae8f38156d7 - Path: Packages/com.unity.shadergraph/Tests/Editor/UnitTests/StackTests.cs - Importer: ScriptedImporter/UnityEditor.QuickSearchModule:UnityEditor.Search:ASIAI0B
Importing 'GUID: c3d530710b610d649acafae8f38156d7 - Path: Packages/com.unity.shadergraph/Tests/Editor/UnitTests/StackTests.cs - Importer: ScriptedImporter/UnityEditor.QuickSearchModule:UnityEditor.Search:ASIAI0B' with importer (ScriptedImporter : UnityEditor.QuickSearchModule:UnityEditor.Search:ASIAI0B)
Imported 'GUID: c3d530710b610d649acafae8f38156d7' -> (Import Result ID: '7cd3ae90bcef2c1819c2d1f21a647f20') in 0.003 seconds [static and dynamic dependencies]. Details - ImportResultOutputID=2dc24cc10dc0356bcb6af6e14ec5a571 DependenciesID=09db9cae9fdd3437703547d9800a373e StaticDependenciesID=5d06feeca288fd73352bfbffc5b3857b 
Number of updated asset objects reloaded before import = 0
Number of asset objects unloaded after import = 0
========================================================================
Received Import Request.
  Time of request: 2026-08-11T15:50:24.8232813Z
  Time since last request: 0.0197373 seconds.
  importAddress: GUID: d58a109f5d7f9154a862ddc85c4d1cc1 - Path: Packages/com.unity.shadergraph/Editor/Drawing/Inspector/PropertyDrawers/SamplerStateNodePropertyDrawer.cs - Importer: ScriptedImporter/UnityEditor.QuickSearchModule:UnityEditor.Search:ASIAI0B
Importing 'GUID: d58a109f5d7f9154a862ddc85c4d1cc1 - Path: Packages/com.unity.shadergraph/Editor/Drawing/Inspector/PropertyDrawers/SamplerStateNodePropertyDrawer.cs - Importer: ScriptedImporter/UnityEditor.QuickSearchModule:UnityEditor.Search:ASIAI0B' with importer (ScriptedImporter : UnityEditor.QuickSearchModule:UnityEditor.Search:ASIAI0B)
Imported 'GUID: d58a109f5d7f9154a862ddc85c4d1cc1' -> (Import Result ID: '7264bc74c46e913e8cae3a6e27c626f0') in 0.004 seconds [static and dynamic dependencies]. Details - ImportResultOutputID=d63990f37ddffacf90f423ccfaf4ffcd DependenciesID=a6df18edd400e87199f56e076938e11f StaticDependenciesID=9090b4c74d7ecb20b1ad5fc1aebf71c8 
Number of updated asset objects reloaded before import = 0
Number of asset objects unloaded after import = 0
========================================================================
Received Import Request.
  Time of request: 2026-08-11T15:50:24.8341872Z
  Time since last request: 0.00034 seconds.
  importAddress: GUID: 83fc180327d27574e82b361da1ea2d11 - Path: Packages/com.unity.shadergraph/Editor/Drawing/Inspector/PropertyDrawers/TransformNodePropertyDrawer.cs - Importer: ScriptedImporter/UnityEditor.QuickSearchModule:UnityEditor.Search:ASIAI0B
Importing 'GUID: 83fc180327d27574e82b361da1ea2d11 - Path: Packages/com.unity.shadergraph/Editor/Drawing/Inspector/PropertyDrawers/TransformNodePropertyDrawer.cs - Importer: ScriptedImporter/UnityEditor.QuickSearchModule:UnityEditor.Search:ASIAI0B' with importer (ScriptedImporter : UnityEditor.QuickSearchModule:UnityEditor.Search:ASIAI0B)
Imported 'GUID: 83fc180327d27574e82b361da1ea2d11' -> (Import Result ID: '38dd03ff8439abb3a50ea4bfc5ec5922') in 0.003 seconds [static and dynamic dependencies]. Details - ImportResultOutputID=3134f1a0f8084b701db2b6f3fbee31e2 DependenciesID=d3be5cb14b73d919763048229f5372ce StaticDependenciesID=721ed6b96bfdd95e4059e33477c9cf7e 
Number of updated asset objects reloaded before import = 0
Number of asset objects unloaded after import = 0
========================================================================
Received Import Request.
  Time of request: 2026-08-11T15:50:24.8480958Z
  Time since last request: 0.0011046 seconds.
  importAddress: GUID: 0f2710f417f893e4db3c7f3649adfa0e - Path: Packages/com.unity.shadergraph/Editor/Drawing/Inspector/PropertyDrawers/IShaderPropertyDrawer.cs - Importer: ScriptedImporter/UnityEditor.QuickSearchModule:UnityEditor.Search:ASIAI0B
Importing 'GUID: 0f2710f417f893e4db3c7f3649adfa0e - Path: Packages/com.unity.shadergraph/Editor/Drawing/Inspector/PropertyDrawers/IShaderPropertyDrawer.cs - Importer: ScriptedImporter/UnityEditor.QuickSearchModule:UnityEditor.Search:ASIAI0B' with importer (ScriptedImporter : UnityEditor.QuickSearchModule:UnityEditor.Search:ASIAI0B)
Imported 'GUID: 0f2710f417f893e4db3c7f3649adfa0e' -> (Import Result ID: '500e747cdddb0d59c9ffadf1ae455f79') in 0.003 seconds [static and dynamic dependencies]. Details - ImportResultOutputID=1f650cbcb20aa0fbf8d6d6c3c726566e DependenciesID=64fcc81bb4fbc52df9b5b78863593776 StaticDependenciesID=693457ec0abf42746652c72eb0a37d04 
Number of updated asset objects reloaded before import = 0
Number of asset objects unloaded after import = 0
========================================================================
Received Import Request.
  Time of request: 2026-08-11T15:50:24.8606013Z
  Time since last request: 0.0003528 seconds.
  importAddress: GUID: 07332ea5e51a4bd3b6fb63e8e07cc30b - Path: Packages/com.unity.shadergraph/Editor/Drawing/Views/Slots/ColorSlotControlView.cs - Importer: ScriptedImporter/UnityEditor.QuickSearchModule:UnityEditor.Search:ASIAI0B
Importing 'GUID: 07332ea5e51a4bd3b6fb63e8e07cc30b - Path: Packages/com.unity.shadergraph/Editor/Drawing/Views/Slots/ColorSlotControlView.cs - Importer: ScriptedImporter/UnityEditor.QuickSearchModule:UnityEditor.Search:ASIAI0B' with importer (ScriptedImporter : UnityEditor.QuickSearchModule:UnityEditor.Search:ASIAI0B)
Imported 'GUID: 07332ea5e51a4bd3b6fb63e8e07cc30b' -> (Import Result ID: '945c21377d3dd1c8f881f956b4a9b4f2') in 0.003 seconds [static and dynamic dependencies]. Details - ImportResultOutputID=437d8178dad345d7712dd870f41b70d8 DependenciesID=f8dd5320de6bd4edc3c09ab1aed53093 StaticDependenciesID=f3969c0a2c7b9b7ce4032a8ebcb7929f 
Number of updated asset objects reloaded before import = 0
Number of asset objects unloaded after import = 0
========================================================================
Received Import Request.
  Time of request: 2026-08-11T15:50:24.8752996Z
  Time since last request: 0.0002762 seconds.
  importAddress: GUID: 2210eee393fa07449a1b51817fdcb679 - Path: Packages/com.unity.shadergraph/Editor/Data/Nodes/UV/TriplanarNode.cs - Importer: ScriptedImporter/UnityEditor.QuickSearchModule:UnityEditor.Search:ASIAI0B
Importing 'GUID: 2210eee393fa07449a1b51817fdcb679 - Path: Packages/com.unity.shadergraph/Editor/Data/Nodes/UV/TriplanarNode.cs - Importer: ScriptedImporter/UnityEditor.QuickSearchModule:UnityEditor.Search:ASIAI0B' with importer (ScriptedImporter : UnityEditor.QuickSearchModule:UnityEditor.Search:ASIAI0B)
Imported 'GUID: 2210eee393fa07449a1b51817fdcb679' -> (Import Result ID: '7c6de09cbd66cdd9df99f0b7152bc6cf') in 0.004 seconds [static and dynamic dependencies]. Details - ImportResultOutputID=e2fc5bf3f380a408fda74ef08411833d DependenciesID=f8545f5e1e9794df5ef98935745536c4 StaticDependenciesID=1b9f0a4b0cc8308fa422fd80af1d4dcd 
Number of updated asset objects reloaded before import = 0
Number of asset objects unloaded after import = 0
========================================================================
Received Import Request.
  Time of request: 2026-08-11T15:50:24.8892036Z
  Time since last request: 0.0002525 seconds.
  importAddress: GUID: 04f556529d4fe7c4286efa58a548d86a - Path: Packages/com.unity.shadergraph/Editor/Data/Nodes/Utility/RedirectNodeView.cs - Importer: ScriptedImporter/UnityEditor.QuickSearchModule:UnityEditor.Search:ASIAI0B
Importing 'GUID: 04f556529d4fe7c4286efa58a548d86a - Path: Packages/com.unity.shadergraph/Editor/Data/Nodes/Utility/RedirectNodeView.cs - Importer: ScriptedImporter/UnityEditor.QuickSearchModule:UnityEditor.Search:ASIAI0B' with importer (ScriptedImporter : UnityEditor.QuickSearchModule:UnityEditor.Search:ASIAI0B)
Imported 'GUID: 04f556529d4fe7c4286efa58a548d86a' -> (Import Result ID: 'e45471284e8db7bd9637e0d1e399668a') in 0.003 seconds [static and dynamic dependencies]. Details - ImportResultOutputID=ef69bd413fc3599182416d698feffd60 DependenciesID=4805866dde0075e9a6f08dffc435d23b StaticDependenciesID=076585a62dc086b42093cac60eed66d8 
Number of updated asset objects reloaded before import = 0
Number of asset objects unloaded after import = 0
========================================================================
Received Import Request.
  Time of request: 2026-08-11T15:50:24.9002262Z
  Time since last request: 0.0003072 seconds.
  importAddress: GUID: e28fc1d401304229b06d7d0cb83dafce - Path: Packages/com.unity.shadergraph/Editor/Drawing/Inspector/PropertyDrawers/MatrixPropertyDrawer.cs - Importer: ScriptedImporter/UnityEditor.QuickSearchModule:UnityEditor.Search:ASIAI0B
Importing 'GUID: e28fc1d401304229b06d7d0cb83dafce - Path: Packages/com.unity.shadergraph/Editor/Drawing/Inspector/PropertyDrawers/MatrixPropertyDrawer.cs - Importer: ScriptedImporter/UnityEditor.QuickSearchModule:UnityEditor.Search:ASIAI0B' with importer (ScriptedImporter : UnityEditor.QuickSearchModule:UnityEditor.Search:ASIAI0B)
Imported 'GUID: e28fc1d401304229b06d7d0cb83dafce' -> (Import Result ID: '9bb1e7ab79250f94f0b01777ab529bb2') in 0.003 seconds [static and dynamic dependencies]. Details - ImportResultOutputID=b147b2d278b084696617ba6af59e79c7 DependenciesID=c824c51d4794c3a1037f20a3ed33067a StaticDependenciesID=24463be981153f150875d4c8c2988f95 
Number of updated asset objects reloaded before import = 0
Number of asset objects unloaded after import = 0
========================================================================
Received Import Request.
  Time of request: 2026-08-11T15:50:24.912435Z
  Time since last request: 0.0003711 seconds.
  importAddress: GUID: e000b1294b904558acc68a1527795048 - Path: Packages/com.unity.shadergraph/Editor/Drawing/Inspector/PropertyDrawers/CubemapPropertyDrawer.cs - Importer: ScriptedImporter/UnityEditor.QuickSearchModule:UnityEditor.Search:ASIAI0B
Importing 'GUID: e000b1294b904558acc68a1527795048 - Path: Packages/com.unity.shadergraph/Editor/Drawing/Inspector/PropertyDrawers/CubemapPropertyDrawer.cs - Importer: ScriptedImporter/UnityEditor.QuickSearchModule:UnityEditor.Search:ASIAI0B' with importer (ScriptedImporter : UnityEditor.QuickSearchModule:UnityEditor.Search:ASIAI0B)
Imported 'GUID: e000b1294b904558acc68a1527795048' -> (Import Result ID: 'b924bd8918fcb2161c520743349e8ac0') in 0.003 seconds [static and dynamic dependencies]. Details - ImportResultOutputID=eb4792959502125464b41cb4472dbf05 DependenciesID=891471337c59c914bb9ae967a5733d07 StaticDependenciesID=ea926975319d871e383cd2e4612ea56e 
Number of updated asset objects reloaded before import = 0
Number of asset objects unloaded after import = 0
========================================================================
Received Import Request.
  Time of request: 2026-08-11T15:50:24.9394606Z
  Time since last request: 0.0153155 seconds.
  importAddress: GUID: 8dfac6eef2d89e8428c7a79b147413db - Path: Packages/com.unity.shadergraph/Editor/Resources/Styles/Controls/ChannelEnumControlView.uss - Importer: ScriptedImporter/UnityEditor.QuickSearchModule:UnityEditor.Search:ASIAI0B
Importing 'GUID: 8dfac6eef2d89e8428c7a79b147413db - Path: Packages/com.unity.shadergraph/Editor/Resources/Styles/Controls/ChannelEnumControlView.uss - Importer: ScriptedImporter/UnityEditor.QuickSearchModule:UnityEditor.Search:ASIAI0B' with importer (ScriptedImporter : UnityEditor.QuickSearchModule:UnityEditor.Search:ASIAI0B)
Imported 'GUID: 8dfac6eef2d89e8428c7a79b147413db' -> (Import Result ID: '198acaea9ed70dff995723865c1ea768') in 0.004 seconds [static and dynamic dependencies]. Details - ImportResultOutputID=8b2573ef8d10e908942e09662f41191d DependenciesID=c46d87994c697a88d0242e119aa7817a StaticDependenciesID=d84f2f3582a817ead789954a5e7e62ee 
Number of updated asset objects reloaded before import = 0
Number of asset objects unloaded after import = 1
========================================================================
Received Import Request.
  Time of request: 2026-08-11T15:50:24.9524563Z
  Time since last request: 0.0004457 seconds.
  importAddress: GUID: 72e6c41bd91e94645bd050543cb17d62 - Path: Packages/com.unity.shadergraph/Editor/Generation/Targets/Fullscreen/FullscreenData.cs - Importer: ScriptedImporter/UnityEditor.QuickSearchModule:UnityEditor.Search:ASIAI0B
Importing 'GUID: 72e6c41bd91e94645bd050543cb17d62 - Path: Packages/com.unity.shadergraph/Editor/Generation/Targets/Fullscreen/FullscreenData.cs - Importer: ScriptedImporter/UnityEditor.QuickSearchModule:UnityEditor.Search:ASIAI0B' with importer (ScriptedImporter : UnityEditor.QuickSearchModule:UnityEditor.Search:ASIAI0B)
Imported 'GUID: 72e6c41bd91e94645bd050543cb17d62' -> (Import Result ID: '5bf93424a5c91b75c224a4ff2e6fdc6e') in 0.003 seconds [static and dynamic dependencies]. Details - ImportResultOutputID=6e883e0679170e7cb3637e33c7c697cd DependenciesID=d1d6a6324be089a8f1b190f47da1b3b4 StaticDependenciesID=4d5c393d9463bc248fc2addd25889427 
Number of updated asset objects reloaded before import = 0
Number of asset objects unloaded after import = 0
========================================================================
Received Import Request.
  Time of request: 2026-08-11T15:50:24.965105Z
  Time since last request: 0.0009384 seconds.
  importAddress: GUID: 99d6d41531ec36841953987e7ae78317 - Path: Packages/com.unity.shadergraph/Editor/Resources/Styles/Controls/ChannelMixerControlView.uss - Importer: ScriptedImporter/UnityEditor.QuickSearchModule:UnityEditor.Search:ASIAI0B
Importing 'GUID: 99d6d41531ec36841953987e7ae78317 - Path: Packages/com.unity.shadergraph/Editor/Resources/Styles/Controls/ChannelMixerControlView.uss - Importer: ScriptedImporter/UnityEditor.QuickSearchModule:UnityEditor.Search:ASIAI0B' with importer (ScriptedImporter : UnityEditor.QuickSearchModule:UnityEditor.Search:ASIAI0B)
Imported 'GUID: 99d6d41531ec36841953987e7ae78317' -> (Import Result ID: 'e29324c5f315589cff5e83b2810e4224') in 0.005 seconds [static and dynamic dependencies]. Details - ImportResultOutputID=2cdd6d796bfefc6bb02f133faa7ebdd9 DependenciesID=51c38e0c0930f08209b6c626c3e2f4cb StaticDependenciesID=3cd8911b27d311e9fb5a07bbb9aba8db 
Number of updated asset objects reloaded before import = 0
Number of asset objects unloaded after import = 1
========================================================================
Received Import Request.
  Time of request: 2026-08-11T15:50:24.9784469Z
  Time since last request: 0.0003901 seconds.
  importAddress: GUID: bc36eaef20dcb49c592cc866efc63f59 - Path: Packages/com.unity.shadergraph/Editor/ProviderSystem/Model/Header/ParameterHints.cs - Importer: ScriptedImporter/UnityEditor.QuickSearchModule:UnityEditor.Search:ASIAI0B
Importing 'GUID: bc36eaef20dcb49c592cc866efc63f59 - Path: Packages/com.unity.shadergraph/Editor/ProviderSystem/Model/Header/ParameterHints.cs - Importer: ScriptedImporter/UnityEditor.QuickSearchModule:UnityEditor.Search:ASIAI0B' with importer (ScriptedImporter : UnityEditor.QuickSearchModule:UnityEditor.Search:ASIAI0B)
Imported 'GUID: bc36eaef20dcb49c592cc866efc63f59' -> (Import Result ID: 'f17533690b0951f9c52e709030266eff') in 0.003 seconds [static and dynamic dependencies]. Details - ImportResultOutputID=f80a5efa4246ff2c84b9771563cbd1b1 DependenciesID=7fade87c81a8246392de8f58f0a6a99d StaticDependenciesID=0bc366a9ba7107c356c58d2b29bf971e 
Number of updated asset objects reloaded before import = 0
Number of asset objects unloaded after import = 0
========================================================================
Received Import Request.
  Time of request: 2026-08-11T15:50:24.9910346Z
  Time since last request: 0.0003188 seconds.
  importAddress: GUID: 1774f54355319894888ab5ec90b728e7 - Path: Packages/com.unity.shadergraph/Editor/Drawing/Views/Slots/ScreenPositionSlotControlView.cs - Importer: ScriptedImporter/UnityEditor.QuickSearchModule:UnityEditor.Search:ASIAI0B
Importing 'GUID: 1774f54355319894888ab5ec90b728e7 - Path: Packages/com.unity.shadergraph/Editor/Drawing/Views/Slots/ScreenPositionSlotControlView.cs - Importer: ScriptedImporter/UnityEditor.QuickSearchModule:UnityEditor.Search:ASIAI0B' with importer (ScriptedImporter : UnityEditor.QuickSearchModule:UnityEditor.Search:ASIAI0B)
Imported 'GUID: 1774f54355319894888ab5ec90b728e7' -> (Import Result ID: '33ba406896cef2f53da7586297c31104') in 0.003 seconds [static and dynamic dependencies]. Details - ImportResultOutputID=5f5ae52ac5cb1edfe37c54eb99821ca4 DependenciesID=f197d7b1e017cbdcba47b498e6deecbd StaticDependenciesID=dc47a7bd88df42764fbce4c1294f8dab 
Number of updated asset objects reloaded before import = 0
Number of asset objects unloaded after import = 0
========================================================================
Received Import Request.
  Time of request: 2026-08-11T15:50:25.003948Z
  Time since last request: 0.0008869 seconds.
  importAddress: GUID: 843052fb41ee94a92b93c2070c1bf577 - Path: Packages/com.unity.shadergraph/Editor/Drawing/Views/Slots/Texture3DSlotControlView.cs - Importer: ScriptedImporter/UnityEditor.QuickSearchModule:UnityEditor.Search:ASIAI0B
Importing 'GUID: 843052fb41ee94a92b93c2070c1bf577 - Path: Packages/com.unity.shadergraph/Editor/Drawing/Views/Slots/Texture3DSlotControlView.cs - Importer: ScriptedImporter/UnityEditor.QuickSearchModule:UnityEditor.Search:ASIAI0B' with importer (ScriptedImporter : UnityEditor.QuickSearchModule:UnityEditor.Search:ASIAI0B)
Imported 'GUID: 843052fb41ee94a92b93c2070c1bf577' -> (Import Result ID: 'dae7cb4b7dd324485b8c2ea31f6a97e9') in 0.003 seconds [static and dynamic dependencies]. Details - ImportResultOutputID=39f08a147f2b139af04b6ec4cfb077e8 DependenciesID=c3e5aa215d63a9319b767d3413d23497 StaticDependenciesID=3051a788c837394e53fefc83b31d2bb8 
Number of updated asset objects reloaded before import = 0
Number of asset objects unloaded after import = 0
========================================================================
Received Import Request.
  Time of request: 2026-08-11T15:50:25.0167375Z
  Time since last request: 0.0003876 seconds.
  importAddress: GUID: b854c7256bfe15c42918d727349e387c - Path: Packages/com.unity.shadergraph/Editor/Drawing/Views/Slots/MultiIntegerSlotControlView.cs - Importer: ScriptedImporter/UnityEditor.QuickSearchModule:UnityEditor.Search:ASIAI0B
Importing 'GUID: b854c7256bfe15c42918d727349e387c - Path: Packages/com.unity.shadergraph/Editor/Drawing/Views/Slots/MultiIntegerSlotControlView.cs - Importer: ScriptedImporter/UnityEditor.QuickSearchModule:UnityEditor.Search:ASIAI0B' with importer (ScriptedImporter : UnityEditor.QuickSearchModule:UnityEditor.Search:ASIAI0B)
Imported 'GUID: b854c7256bfe15c42918d727349e387c' -> (Import Result ID: '6e9c68003f86c994aedf86514cfcef65') in 0.003 seconds [static and dynamic dependencies]. Details - ImportResultOutputID=789d1ca0ea606a80ebc957a6f67abe16 DependenciesID=29b3723671774ebf247a9e01063b5b4a StaticDependenciesID=8ebc7981590a2977a24b377ccdae5f95 
Number of updated asset objects reloaded before import = 0
Number of asset objects unloaded after import = 0
========================================================================
Received Import Request.
  Time of request: 2026-08-11T15:50:25.0290041Z
  Time since last request: 0.0003403 seconds.
  importAddress: GUID: a5150c3db0b6942f6a0b1f7a9ce97d5c - Path: Packages/com.unity.shadergraph/Editor/Generation/Targets/UITK/UISubTarget.cs - Importer: ScriptedImporter/UnityEditor.QuickSearchModule:UnityEditor.Search:ASIAI0B
Importing 'GUID: a5150c3db0b6942f6a0b1f7a9ce97d5c - Path: Packages/com.unity.shadergraph/Editor/Generation/Targets/UITK/UISubTarget.cs - Importer: ScriptedImporter/UnityEditor.QuickSearchModule:UnityEditor.Search:ASIAI0B' with importer (ScriptedImporter : UnityEditor.QuickSearchModule:UnityEditor.Search:ASIAI0B)
Imported 'GUID: a5150c3db0b6942f6a0b1f7a9ce97d5c' -> (Import Result ID: '26b803dfcc8916259b286d36103dd8f3') in 0.004 seconds [static and dynamic dependencies]. Details - ImportResultOutputID=f054f45cbef1bd7b2df887b0e5cce2e3 DependenciesID=0a5fff97d5f5cd5747a391d5e5a4e4b1 StaticDependenciesID=d0c671e3370984e48f7673887299bf86 
Number of updated asset objects reloaded before import = 0
Number of asset objects unloaded after import = 0
========================================================================
Received Import Request.
  Time of request: 2026-08-11T15:50:25.0640745Z
  Time since last request: 0.0204326 seconds.
  importAddress: GUID: 191128023ec19d143b9328a73ff33d8c - Path: Packages/com.unity.shadergraph/Editor/Resources/Styles/Controls/MultiFloatSlotControlView.uss - Importer: ScriptedImporter/UnityEditor.QuickSearchModule:UnityEditor.Search:ASIAI0B
Importing 'GUID: 191128023ec19d143b9328a73ff33d8c - Path: Packages/com.unity.shadergraph/Editor/Resources/Styles/Controls/MultiFloatSlotControlView.uss - Importer: ScriptedImporter/UnityEditor.QuickSearchModule:UnityEditor.Search:ASIAI0B' with importer (ScriptedImporter : UnityEditor.QuickSearchModule:UnityEditor.Search:ASIAI0B)
Imported 'GUID: 191128023ec19d143b9328a73ff33d8c' -> (Import Result ID: 'b7242f4b9fc86b3a3bc84483ff61cdde') in 0.004 seconds [static and dynamic dependencies]. Details - ImportResultOutputID=738b0fc50c3832d18e3f4e6082743d0a DependenciesID=2f5db55b3171db603372aa0a653c320a StaticDependenciesID=f3ac24d5b3844d57f9ea15114f67264b 
Number of updated asset objects reloaded before import = 0
Number of asset objects unloaded after import = 1
========================================================================
Received Import Request.
  Time of request: 2026-08-11T15:50:25.0769535Z
  Time since last request: 0.000754 seconds.
  importAddress: GUID: 223e574ec2e9a40e690b2d94380057cf - Path: Packages/com.unity.shadergraph/Editor/Resources/Styles/Controls/TextureArraySlotControlView.uss - Importer: ScriptedImporter/UnityEditor.QuickSearchModule:UnityEditor.Search:ASIAI0B
Importing 'GUID: 223e574ec2e9a40e690b2d94380057cf - Path: Packages/com.unity.shadergraph/Editor/Resources/Styles/Controls/TextureArraySlotControlView.uss - Importer: ScriptedImporter/UnityEditor.QuickSearchModule:UnityEditor.Search:ASIAI0B' with importer (ScriptedImporter : UnityEditor.QuickSearchModule:UnityEditor.Search:ASIAI0B)
Imported 'GUID: 223e574ec2e9a40e690b2d94380057cf' -> (Import Result ID: 'ec9d6ceaae0feb5c4790eaf82d6b3ed4') in 0.004 seconds [static and dynamic dependencies]. Details - ImportResultOutputID=d5fe48401c26bfe86cb2eb3d9e680d28 DependenciesID=a27af5781eb57c41a7123ab90ea4b7d2 StaticDependenciesID=e0748e1433f48f164e34163d40e38dcb 
Number of updated asset objects reloaded before import = 0
Number of asset objects unloaded after import = 1
========================================================================
Received Import Request.
  Time of request: 2026-08-11T15:50:25.0909548Z
  Time since last request: 0.0003161 seconds.
  importAddress: GUID: f339e526c7fc4e14daae8819172de9de - Path: Packages/com.unity.shadergraph/Editor/Resources/UXML/Blackboard/SGBlackboardField.uxml - Importer: ScriptedImporter/UnityEditor.QuickSearchModule:UnityEditor.Search:ASIAI0B
Importing 'GUID: f339e526c7fc4e14daae8819172de9de - Path: Packages/com.unity.shadergraph/Editor/Resources/UXML/Blackboard/SGBlackboardField.uxml - Importer: ScriptedImporter/UnityEditor.QuickSearchModule:UnityEditor.Search:ASIAI0B' with importer (ScriptedImporter : UnityEditor.QuickSearchModule:UnityEditor.Search:ASIAI0B)
Imported 'GUID: f339e526c7fc4e14daae8819172de9de' -> (Import Result ID: '103881db0f07bf153fa5e63461bbe55c') in 0.006 seconds [static and dynamic dependencies]. Details - ImportResultOutputID=f1856fdf2a7c77f46571013caf243a58 DependenciesID=2be260e826803c92231b3656af52d78f StaticDependenciesID=721f01160d60ab91e56fc10ad676d21a 
Number of updated asset objects reloaded before import = 0
Number of asset objects unloaded after import = 2
========================================================================
Received Import Request.
  Time of request: 2026-08-11T15:50:25.1172437Z
  Time since last request: 0.0109266 seconds.
  importAddress: GUID: 8cc9905543f080945b4250dfa558e604 - Path: Packages/com.unity.shadergraph/Editor/Data/Nodes/Input/Geometry/VertexIDNode.cs - Importer: ScriptedImporter/UnityEditor.QuickSearchModule:UnityEditor.Search:ASIAI0B
Importing 'GUID: 8cc9905543f080945b4250dfa558e604 - Path: Packages/com.unity.shadergraph/Editor/Data/Nodes/Input/Geometry/VertexIDNode.cs - Importer: ScriptedImporter/UnityEditor.QuickSearchModule:UnityEditor.Search:ASIAI0B' with importer (ScriptedImporter : UnityEditor.QuickSearchModule:UnityEditor.Search:ASIAI0B)
Imported 'GUID: 8cc9905543f080945b4250dfa558e604' -> (Import Result ID: '4dab708f8d48f76ddb452e66eb43dec2') in 0.004 seconds [static and dynamic dependencies]. Details - ImportResultOutputID=7ea96f5cb760942bc5e63457e9dd5bd4 DependenciesID=480a308186b6b9789b6d81f05c4babb3 StaticDependenciesID=e343e511422f30a3ad74711d89a48e5f 
Number of updated asset objects reloaded before import = 0
Number of asset objects unloaded after import = 0
========================================================================
Received Import Request.
  Time of request: 2026-08-11T15:50:25.1290947Z
  Time since last request: 0.000471 seconds.
  importAddress: GUID: 5b12835ccaa954dc3ad06e9958e1e740 - Path: Packages/com.unity.shadergraph/Editor/Data/Nodes/Input/Gradient/SampleGradientNode.cs - Importer: ScriptedImporter/UnityEditor.QuickSearchModule:UnityEditor.Search:ASIAI0B
Importing 'GUID: 5b12835ccaa954dc3ad06e9958e1e740 - Path: Packages/com.unity.shadergraph/Editor/Data/Nodes/Input/Gradient/SampleGradientNode.cs - Importer: ScriptedImporter/UnityEditor.QuickSearchModule:UnityEditor.Search:ASIAI0B' with importer (ScriptedImporter : UnityEditor.QuickSearchModule:UnityEditor.Search:ASIAI0B)
Imported 'GUID: 5b12835ccaa954dc3ad06e9958e1e740' -> (Import Result ID: '6934f779a31f5c5c1d9393b3cda9dc8d') in 0.004 seconds [static and dynamic dependencies]. Details - ImportResultOutputID=50c140ab84e86f20a9b9d5d320639ff0 DependenciesID=89c7e20c574e191f19b2991a94af6f63 StaticDependenciesID=738ce310b55140587572066a5e407db7 
Number of updated asset objects reloaded before import = 0
Number of asset objects unloaded after import = 0
========================================================================
Received Import Request.
  Time of request: 2026-08-11T15:50:25.1432883Z
  Time since last request: 0.0002853 seconds.
  importAddress: GUID: 25ded6c13e7523d48935f8bd1b9afcb6 - Path: Packages/com.unity.shadergraph/Editor/Data/Nodes/Input/Geometry/BitangentVectorNode.cs - Importer: ScriptedImporter/UnityEditor.QuickSearchModule:UnityEditor.Search:ASIAI0B
Importing 'GUID: 25ded6c13e7523d48935f8bd1b9afcb6 - Path: Packages/com.unity.shadergraph/Editor/Data/Nodes/Input/Geometry/BitangentVectorNode.cs - Importer: ScriptedImporter/UnityEditor.QuickSearchModule:UnityEditor.Search:ASIAI0B' with importer (ScriptedImporter : UnityEditor.QuickSearchModule:UnityEditor.Search:ASIAI0B)
Imported 'GUID: 25ded6c13e7523d48935f8bd1b9afcb6' -> (Import Result ID: 'da27745b8a4f1629aa9bdc62227e1ae4') in 0.003 seconds [static and dynamic dependencies]. Details - ImportResultOutputID=26c0a24b3b90714bcf587bcc8ed6b65e DependenciesID=1904f2394c1aec67036bf657806a95bc StaticDependenciesID=87e50cc1390d5ce13e4fbf636bbf52ec 
Number of updated asset objects reloaded before import = 0
Number of asset objects unloaded after import = 0
========================================================================
Received Import Request.
  Time of request: 2026-08-11T15:50:25.1563035Z
  Time since last request: 0.0002755 seconds.
  importAddress: GUID: c09bf9b59c16e0d48b9a346376d28640 - Path: Packages/com.unity.shadergraph/Editor/Data/Nodes/Artistic/Adjustment/WhiteBalanceNode.cs - Importer: ScriptedImporter/UnityEditor.QuickSearchModule:UnityEditor.Search:ASIAI0B
Importing 'GUID: c09bf9b59c16e0d48b9a346376d28640 - Path: Packages/com.unity.shadergraph/Editor/Data/Nodes/Artistic/Adjustment/WhiteBalanceNode.cs - Importer: ScriptedImporter/UnityEditor.QuickSearchModule:UnityEditor.Search:ASIAI0B' with importer (ScriptedImporter : UnityEditor.QuickSearchModule:UnityEditor.Search:ASIAI0B)
Imported 'GUID: c09bf9b59c16e0d48b9a346376d28640' -> (Import Result ID: '736379ecc83fade1ec78356a650f24a3') in 0.005 seconds [static and dynamic dependencies]. Details - ImportResultOutputID=f27e0dcd7b6beb9897aae015a185b5af DependenciesID=03c4c0004d41cb78dae274887864d87f StaticDependenciesID=0908506fd0684b6d9ce7d390a6db3d3a 
Number of updated asset objects reloaded before import = 0
Number of asset objects unloaded after import = 0
========================================================================
Received Import Request.
  Time of request: 2026-08-11T15:50:25.1703714Z
  Time since last request: 0.0003117 seconds.
  importAddress: GUID: 66310de0dabd3074aa56ab7714324cc0 - Path: Packages/com.unity.shadergraph/Editor/Data/Nodes/Input/Basic/TimeNode.cs - Importer: ScriptedImporter/UnityEditor.QuickSearchModule:UnityEditor.Search:ASIAI0B
Importing 'GUID: 66310de0dabd3074aa56ab7714324cc0 - Path: Packages/com.unity.shadergraph/Editor/Data/Nodes/Input/Basic/TimeNode.cs - Importer: ScriptedImporter/UnityEditor.QuickSearchModule:UnityEditor.Search:ASIAI0B' with importer (ScriptedImporter : UnityEditor.QuickSearchModule:UnityEditor.Search:ASIAI0B)
Imported 'GUID: 66310de0dabd3074aa56ab7714324cc0' -> (Import Result ID: '9152765f48d415e68b96ba1eb3ef1f47') in 0.003 seconds [static and dynamic dependencies]. Details - ImportResultOutputID=8e0621fa8fe3e2e65b843aa7ad33a411 DependenciesID=5441c075b7c993176a703004fa06f7b5 StaticDependenciesID=d5ad3a36fc72cc794d7038df0db269cf 
Number of updated asset objects reloaded before import = 0
Number of asset objects unloaded after import = 0
========================================================================
Received Import Request.
  Time of request: 2026-08-11T15:50:25.1821859Z
  Time since last request: 0.0002536 seconds.
  importAddress: GUID: e449bdf3b245898489ebab4f709ded62 - Path: Packages/com.unity.shadergraph/Editor/Data/Nodes/Input/Basic/IntegerNode.cs - Importer: ScriptedImporter/UnityEditor.QuickSearchModule:UnityEditor.Search:ASIAI0B
Importing 'GUID: e449bdf3b245898489ebab4f709ded62 - Path: Packages/com.unity.shadergraph/Editor/Data/Nodes/Input/Basic/IntegerNode.cs - Importer: ScriptedImporter/UnityEditor.QuickSearchModule:UnityEditor.Search:ASIAI0B' with importer (ScriptedImporter : UnityEditor.QuickSearchModule:UnityEditor.Search:ASIAI0B)
Imported 'GUID: e449bdf3b245898489ebab4f709ded62' -> (Import Result ID: '099159e83677255a27fad0fe8dec0a37') in 0.003 seconds [static and dynamic dependencies]. Details - ImportResultOutputID=7bc2d21b7e9b102a2a7e0e15dab45b75 DependenciesID=41860cece60c93b685255e59ed2cadd3 StaticDependenciesID=2326f9d5d03da39d666fee7308b6b798 
Number of updated asset objects reloaded before import = 0
Number of asset objects unloaded after import = 0
========================================================================
Received Import Request.
  Time of request: 2026-08-11T15:50:25.2007398Z
  Time since last request: 0.0070985 seconds.
  importAddress: GUID: 088fb5bde3ece0f4190136b3ab43f7c4 - Path: Packages/com.unity.shadergraph/Editor/Data/Nodes/Math/Basic/MultiplyNode.cs - Importer: ScriptedImporter/UnityEditor.QuickSearchModule:UnityEditor.Search:ASIAI0B
Importing 'GUID: 088fb5bde3ece0f4190136b3ab43f7c4 - Path: Packages/com.unity.shadergraph/Editor/Data/Nodes/Math/Basic/MultiplyNode.cs - Importer: ScriptedImporter/UnityEditor.QuickSearchModule:UnityEditor.Search:ASIAI0B' with importer (ScriptedImporter : UnityEditor.QuickSearchModule:UnityEditor.Search:ASIAI0B)
Imported 'GUID: 088fb5bde3ece0f4190136b3ab43f7c4' -> (Import Result ID: '4447c513725f9e954697d1f75e7360ae') in 0.003 seconds [static and dynamic dependencies]. Details - ImportResultOutputID=1b40ddc607cb2963c5c73cd9e24ff2b8 DependenciesID=47f2a04df3a1df350cbd366efad4c6e3 StaticDependenciesID=4924c6e350990148303ff657fb6eaa7c 
Number of updated asset objects reloaded before import = 0
Number of asset objects unloaded after import = 0
========================================================================
Received Import Request.
  Time of request: 2026-08-11T15:50:25.212745Z
  Time since last request: 0.0009258 seconds.
  importAddress: GUID: 2caea2ece6d6b4cbebf8bd122b11258a - Path: Packages/com.unity.shadergraph/Editor/Data/Nodes/Math/Advanced/ExponentialNode.cs - Importer: ScriptedImporter/UnityEditor.QuickSearchModule:UnityEditor.Search:ASIAI0B
Importing 'GUID: 2caea2ece6d6b4cbebf8bd122b11258a - Path: Packages/com.unity.shadergraph/Editor/Data/Nodes/Math/Advanced/ExponentialNode.cs - Importer: ScriptedImporter/UnityEditor.QuickSearchModule:UnityEditor.Search:ASIAI0B' with importer (ScriptedImporter : UnityEditor.QuickSearchModule:UnityEditor.Search:ASIAI0B)
Imported 'GUID: 2caea2ece6d6b4cbebf8bd122b11258a' -> (Import Result ID: '11032cfc95792c1c2101dfcd44ff8b98') in 0.003 seconds [static and dynamic dependencies]. Details - ImportResultOutputID=187ed154ada2419171f9ce836932662e DependenciesID=ded03d10b0c5eda49d4c6933c04a93d6 StaticDependenciesID=f232426c6d7696b7202ae1749d9b2edc 
Number of updated asset objects reloaded before import = 0
Number of asset objects unloaded after import = 0
========================================================================
Received Import Request.
  Time of request: 2026-08-11T15:50:25.223594Z
  Time since last request: 0.0005739 seconds.
  importAddress: GUID: 4322ad8d0cd83df47afd741a6b97d57b - Path: Packages/com.unity.shadergraph/Editor/Data/Nodes/Math/Advanced/PosterizeNode.cs - Importer: ScriptedImporter/UnityEditor.QuickSearchModule:UnityEditor.Search:ASIAI0B
Importing 'GUID: 4322ad8d0cd83df47afd741a6b97d57b - Path: Packages/com.unity.shadergraph/Editor/Data/Nodes/Math/Advanced/PosterizeNode.cs - Importer: ScriptedImporter/UnityEditor.QuickSearchModule:UnityEditor.Search:ASIAI0B' with importer (ScriptedImporter : UnityEditor.QuickSearchModule:UnityEditor.Search:ASIAI0B)
Imported 'GUID: 4322ad8d0cd83df47afd741a6b97d57b' -> (Import Result ID: '12ce8fb3f45760ab3b6f2c47edeb232f') in 0.003 seconds [static and dynamic dependencies]. Details - ImportResultOutputID=57e4ba8d53afd3df1ae7aab3cdc72a47 DependenciesID=8fcb50d712dd393039e6c8b301ab325d StaticDependenciesID=bdb33db4477da10a2b1e7d654e710861 
Number of updated asset objects reloaded before import = 0
Number of asset objects unloaded after import = 0
========================================================================
Received Import Request.
  Time of request: 2026-08-11T15:50:25.2359569Z
  Time since last request: 0.0005486 seconds.
  importAddress: GUID: f8e0a75d065844105a06ca48151adb7b - Path: Packages/com.unity.shadergraph/Editor/Data/Nodes/Input/Scene/SceneDepthNode.cs - Importer: ScriptedImporter/UnityEditor.QuickSearchModule:UnityEditor.Search:ASIAI0B
Importing 'GUID: f8e0a75d065844105a06ca48151adb7b - Path: Packages/com.unity.shadergraph/Editor/Data/Nodes/Input/Scene/SceneDepthNode.cs - Importer: ScriptedImporter/UnityEditor.QuickSearchModule:UnityEditor.Search:ASIAI0B' with importer (ScriptedImporter : UnityEditor.QuickSearchModule:UnityEditor.Search:ASIAI0B)
Imported 'GUID: f8e0a75d065844105a06ca48151adb7b' -> (Import Result ID: '4b6680eee5d06ac77e58586a651c651f') in 0.003 seconds [static and dynamic dependencies]. Details - ImportResultOutputID=eefecaf84151c191573ff021d1468d66 DependenciesID=bbfc7f0b6f74845ee7fa9ebbd7ea1897 StaticDependenciesID=5a89e7822417f6631da66e1f16fbbae1 
Number of updated asset objects reloaded before import = 0
Number of asset objects unloaded after import = 0
========================================================================
Received Import Request.
  Time of request: 2026-08-11T15:50:25.2494186Z
  Time since last request: 0.000353 seconds.
  importAddress: GUID: f33e635e375c6b841bf3452a8da24be6 - Path: Packages/com.unity.shadergraph/Editor/Data/Nodes/Input/PBR/DielectricSpecularNode.cs - Importer: ScriptedImporter/UnityEditor.QuickSearchModule:UnityEditor.Search:ASIAI0B
Importing 'GUID: f33e635e375c6b841bf3452a8da24be6 - Path: Packages/com.unity.shadergraph/Editor/Data/Nodes/Input/PBR/DielectricSpecularNode.cs - Importer: ScriptedImporter/UnityEditor.QuickSearchModule:UnityEditor.Search:ASIAI0B' with importer (ScriptedImporter : UnityEditor.QuickSearchModule:UnityEditor.Search:ASIAI0B)
Imported 'GUID: f33e635e375c6b841bf3452a8da24be6' -> (Import Result ID: '1e2dbe5ec89a5e6e94d4bd554dc8e10f') in 0.003 seconds [static and dynamic dependencies]. Details - ImportResultOutputID=b8990bebaf368b36d624fa3c28df2f94 DependenciesID=2246d611de897440e4cded07eb31d035 StaticDependenciesID=ab76cea7ee99a9e5433d8c2e812e6a0d 
Number of updated asset objects reloaded before import = 0
Number of asset objects unloaded after import = 0
========================================================================
Received Import Request.
  Time of request: 2026-08-11T15:50:25.2610363Z
  Time since last request: 0.0004338 seconds.
  importAddress: GUID: 1790cabd561426148b5f93f010b5b046 - Path: Packages/com.unity.shadergraph/Editor/Data/Nodes/Input/Texture/SampleRawCubemapNode.cs - Importer: ScriptedImporter/UnityEditor.QuickSearchModule:UnityEditor.Search:ASIAI0B
Importing 'GUID: 1790cabd561426148b5f93f010b5b046 - Path: Packages/com.unity.shadergraph/Editor/Data/Nodes/Input/Texture/SampleRawCubemapNode.cs - Importer: ScriptedImporter/UnityEditor.QuickSearchModule:UnityEditor.Search:ASIAI0B' with importer (ScriptedImporter : UnityEditor.QuickSearchModule:UnityEditor.Search:ASIAI0B)
Imported 'GUID: 1790cabd561426148b5f93f010b5b046' -> (Import Result ID: 'd09a58c35a1819fa4380b521a93b3f5e') in 0.003 seconds [static and dynamic dependencies]. Details - ImportResultOutputID=8fa306d65a03c4df9f66c0d3dcc60862 DependenciesID=b802b8efb2a1adec80abb0422c4c404a StaticDependenciesID=898b8a8735172b83b7415b83ba3cd1e1 
Number of updated asset objects reloaded before import = 0
Number of asset objects unloaded after import = 0
========================================================================
Received Import Request.
  Time of request: 2026-08-11T15:50:25.2723282Z
  Time since last request: 0.0003563 seconds.
  importAddress: GUID: 19da2635a60154a6793334e535a0a856 - Path: Packages/com.unity.shadergraph/Editor/Data/Nodes/Math/Matrix/MatrixTransposeNode.cs - Importer: ScriptedImporter/UnityEditor.QuickSearchModule:UnityEditor.Search:ASIAI0B
Importing 'GUID: 19da2635a60154a6793334e535a0a856 - Path: Packages/com.unity.shadergraph/Editor/Data/Nodes/Math/Matrix/MatrixTransposeNode.cs - Importer: ScriptedImporter/UnityEditor.QuickSearchModule:UnityEditor.Search:ASIAI0B' with importer (ScriptedImporter : UnityEditor.QuickSearchModule:UnityEditor.Search:ASIAI0B)
Imported 'GUID: 19da2635a60154a6793334e535a0a856' -> (Import Result ID: 'f013d7b9e592bad2aa611b4fd2038835') in 0.004 seconds [static and dynamic dependencies]. Details - ImportResultOutputID=4e79d788de612d0091e5235a4f363566 DependenciesID=c4448289765200d659d1efa578e8aafd StaticDependenciesID=fb56d92b0fc96b8194685e9b04456d9b 
Number of updated asset objects reloaded before import = 0
Number of asset objects unloaded after import = 0
========================================================================
Received Import Request.
  Time of request: 2026-08-11T15:50:25.2877751Z
  Time since last request: 0.0004034 seconds.
  importAddress: GUID: 7eb73d726827e2c41ae4d68018bc97e1 - Path: Packages/com.unity.shadergraph/Editor/Data/Nodes/Math/Advanced/NormalizeNode.cs - Importer: ScriptedImporter/UnityEditor.QuickSearchModule:UnityEditor.Search:ASIAI0B
Importing 'GUID: 7eb73d726827e2c41ae4d68018bc97e1 - Path: Packages/com.unity.shadergraph/Editor/Data/Nodes/Math/Advanced/NormalizeNode.cs - Importer: ScriptedImporter/UnityEditor.QuickSearchModule:UnityEditor.Search:ASIAI0B' with importer (ScriptedImporter : UnityEditor.QuickSearchModule:UnityEditor.Search:ASIAI0B)
Imported 'GUID: 7eb73d726827e2c41ae4d68018bc97e1' -> (Import Result ID: 'e0b4b9f2306d34b00e58a0756213cd2c') in 0.003 seconds [static and dynamic dependencies]. Details - ImportResultOutputID=2ebefb7abce5ab1452093c1d53bdb1ce DependenciesID=ad7605dc61540fbfda7272648d62e84b StaticDependenciesID=4167c27f1af056e812c79e67b7d7d16a 
Number of updated asset objects reloaded before import = 0
Number of asset objects unloaded after import = 0
========================================================================
Received Import Request.
  Time of request: 2026-08-11T15:50:25.3176986Z
  Time since last request: 0.0169649 seconds.
  importAddress: GUID: 3b697dfe95b1b994c928296c788c860a - Path: Packages/com.unity.shadergraph/Editor/Data/Nodes/Math/Vector/RefractNode.cs - Importer: ScriptedImporter/UnityEditor.QuickSearchModule:UnityEditor.Search:ASIAI0B
Importing 'GUID: 3b697dfe95b1b994c928296c788c860a - Path: Packages/com.unity.shadergraph/Editor/Data/Nodes/Math/Vector/RefractNode.cs - Importer: ScriptedImporter/UnityEditor.QuickSearchModule:UnityEditor.Search:ASIAI0B' with importer (ScriptedImporter : UnityEditor.QuickSearchModule:UnityEditor.Search:ASIAI0B)
Imported 'GUID: 3b697dfe95b1b994c928296c788c860a' -> (Import Result ID: '398b585a9a2852d7066ce8a5dc9d34f5') in 0.003 seconds [static and dynamic dependencies]. Details - ImportResultOutputID=edeceba561d37255f2bda1a2b01a3b50 DependenciesID=11c1d1fd822b1173fe0eeae74e043a20 StaticDependenciesID=7e65d1db1c761019e4252521e83ea406 
Number of updated asset objects reloaded before import = 0
Number of asset objects unloaded after import = 0
========================================================================
Received Import Request.
  Time of request: 2026-08-11T15:50:25.3294317Z
  Time since last request: 0.0009335 seconds.
  importAddress: GUID: 8e70e91938193854da65cb4c9d09b99b - Path: Packages/com.unity.shadergraph/Editor/Generation/Targets/BuiltIn/ShaderLibrary/DeclareNormalsTexture.hlsl - Importer: ScriptedImporter/UnityEditor.QuickSearchModule:UnityEditor.Search:ASIAI0B
Importing 'GUID: 8e70e91938193854da65cb4c9d09b99b - Path: Packages/com.unity.shadergraph/Editor/Generation/Targets/BuiltIn/ShaderLibrary/DeclareNormalsTexture.hlsl - Importer: ScriptedImporter/UnityEditor.QuickSearchModule:UnityEditor.Search:ASIAI0B' with importer (ScriptedImporter : UnityEditor.QuickSearchModule:UnityEditor.Search:ASIAI0B)
Imported 'GUID: 8e70e91938193854da65cb4c9d09b99b' -> (Import Result ID: 'b6d208809c732653237bee5d9bdff756') in 0.003 seconds [static and dynamic dependencies]. Details - ImportResultOutputID=18168e858f1215a3f3c1b1041099ec2f DependenciesID=1460488f58b09d7d5b367736a751f660 StaticDependenciesID=762b66677a2afea56cf755c6b19a555a 
Number of updated asset objects reloaded before import = 0
Number of asset objects unloaded after import = 1
========================================================================
Received Import Request.
  Time of request: 2026-08-11T15:50:25.3425934Z
  Time since last request: 0.000483 seconds.
  importAddress: GUID: 8d1b4bf99b86c474f8a0bcb2015cf3da - Path: Packages/com.unity.shadergraph/Editor/Data/Nodes/Math/Round/FloorNode.cs - Importer: ScriptedImporter/UnityEditor.QuickSearchModule:UnityEditor.Search:ASIAI0B
Importing 'GUID: 8d1b4bf99b86c474f8a0bcb2015cf3da - Path: Packages/com.unity.shadergraph/Editor/Data/Nodes/Math/Round/FloorNode.cs - Importer: ScriptedImporter/UnityEditor.QuickSearchModule:UnityEditor.Search:ASIAI0B' with importer (ScriptedImporter : UnityEditor.QuickSearchModule:UnityEditor.Search:ASIAI0B)
Imported 'GUID: 8d1b4bf99b86c474f8a0bcb2015cf3da' -> (Import Result ID: '4eadcab7c16a08af06588cccb7431f66') in 0.003 seconds [static and dynamic dependencies]. Details - ImportResultOutputID=2d77e84d2799f8111978f542793bfc6a DependenciesID=3b127d8c4fb59c9fe27c862979e5d27f StaticDependenciesID=fc4cee2a10ce6440f21d3edc3351fe1e 
Number of updated asset objects reloaded before import = 0
Number of asset objects unloaded after import = 0
========================================================================
Received Import Request.
  Time of request: 2026-08-11T15:50:25.3544971Z
  Time since last request: 0.0006128 seconds.
  importAddress: GUID: 6b31e904eeb9a604b9145c218287ad1e - Path: Packages/com.unity.shadergraph/Editor/Data/Nodes/Math/Vector/SphereMaskNode.cs - Importer: ScriptedImporter/UnityEditor.QuickSearchModule:UnityEditor.Search:ASIAI0B
Importing 'GUID: 6b31e904eeb9a604b9145c218287ad1e - Path: Packages/com.unity.shadergraph/Editor/Data/Nodes/Math/Vector/SphereMaskNode.cs - Importer: ScriptedImporter/UnityEditor.QuickSearchModule:UnityEditor.Search:ASIAI0B' with importer (ScriptedImporter : UnityEditor.QuickSearchModule:UnityEditor.Search:ASIAI0B)
Imported 'GUID: 6b31e904eeb9a604b9145c218287ad1e' -> (Import Result ID: 'e99c7e99a18ae1a8741689e70e74b0dd') in 0.003 seconds [static and dynamic dependencies]. Details - ImportResultOutputID=a85b701af0ad7d702d8209703b81c0a5 DependenciesID=6c25e1e7517e9085372b5a620d86d28b StaticDependenciesID=8f81cfb6702da6ff125ebf65fc7163bb 
Number of updated asset objects reloaded before import = 0
Number of asset objects unloaded after import = 0
========================================================================
Received Import Request.
  Time of request: 2026-08-11T15:50:25.3668462Z
  Time since last request: 0.000499 seconds.
  importAddress: GUID: 0f19d607a01d3694e84c04c8eab68f9a - Path: Packages/com.unity.shadergraph/Editor/Data/Nodes/Math/Wave/SquareWaveNode.cs - Importer: ScriptedImporter/UnityEditor.QuickSearchModule:UnityEditor.Search:ASIAI0B
Importing 'GUID: 0f19d607a01d3694e84c04c8eab68f9a - Path: Packages/com.unity.shadergraph/Editor/Data/Nodes/Math/Wave/SquareWaveNode.cs - Importer: ScriptedImporter/UnityEditor.QuickSearchModule:UnityEditor.Search:ASIAI0B' with importer (ScriptedImporter : UnityEditor.QuickSearchModule:UnityEditor.Search:ASIAI0B)
Imported 'GUID: 0f19d607a01d3694e84c04c8eab68f9a' -> (Import Result ID: 'fcbb1f668a49b79e29e46ee28de42abd') in 0.003 seconds [static and dynamic dependencies]. Details - ImportResultOutputID=72134c43a4e90bbce5ea7ce8dc4a5387 DependenciesID=a6b3258ebaf25b5bc4bfedb612fcee00 StaticDependenciesID=cf6cba59c32cb229968c7ad561b3f767 
Number of updated asset objects reloaded before import = 0
Number of asset objects unloaded after import = 0
========================================================================
Received Import Request.
  Time of request: 2026-08-11T15:50:25.3795433Z
  Time since last request: 0.0003382 seconds.
  importAddress: GUID: c66cc68d0d0862b4c8ddfc00093d0ae0 - Path: Packages/com.unity.shadergraph/Editor/Data/Nodes/Utility/Logic/ComparisonNode.cs - Importer: ScriptedImporter/UnityEditor.QuickSearchModule:UnityEditor.Search:ASIAI0B
Importing 'GUID: c66cc68d0d0862b4c8ddfc00093d0ae0 - Path: Packages/com.unity.shadergraph/Editor/Data/Nodes/Utility/Logic/ComparisonNode.cs - Importer: ScriptedImporter/UnityEditor.QuickSearchModule:UnityEditor.Search:ASIAI0B' with importer (ScriptedImporter : UnityEditor.QuickSearchModule:UnityEditor.Search:ASIAI0B)
Imported 'GUID: c66cc68d0d0862b4c8ddfc00093d0ae0' -> (Import Result ID: '98fa591c6551d3da3a7b00934785c58b') in 0.003 seconds [static and dynamic dependencies]. Details - ImportResultOutputID=da604f8e0ccf9844ed4b18798c96b786 DependenciesID=fd39f800ed6c6228f217b236a5b97611 StaticDependenciesID=a8080170ed32af85db9d2a527f0197f0 
Number of updated asset objects reloaded before import = 0
Number of asset objects unloaded after import = 0
========================================================================
Received Import Request.
  Time of request: 2026-08-11T15:50:25.392249Z
  Time since last request: 0.0003119 seconds.
  importAddress: GUID: 831bc8761a9c9493aac513acc02d3577 - Path: Packages/com.unity.shadergraph/Editor/Data/Nodes/Math/Vector/RejectionNode.cs - Importer: ScriptedImporter/UnityEditor.QuickSearchModule:UnityEditor.Search:ASIAI0B
Importing 'GUID: 831bc8761a9c9493aac513acc02d3577 - Path: Packages/com.unity.shadergraph/Editor/Data/Nodes/Math/Vector/RejectionNode.cs - Importer: ScriptedImporter/UnityEditor.QuickSearchModule:UnityEditor.Search:ASIAI0B' with importer (ScriptedImporter : UnityEditor.QuickSearchModule:UnityEditor.Search:ASIAI0B)
Imported 'GUID: 831bc8761a9c9493aac513acc02d3577' -> (Import Result ID: 'c13c82e73ea069a2a9b5c57d20eabc98') in 0.004 seconds [static and dynamic dependencies]. Details - ImportResultOutputID=98a9357f2fc419875c172a4bfa05c717 DependenciesID=cc0f38fb596a06e14d2ebe6b7a0e9a63 StaticDependenciesID=b395a2c5a9219383d2abcc16686e926e 
Number of updated asset objects reloaded before import = 0
Number of asset objects unloaded after import = 0
========================================================================
Received Import Request.
  Time of request: 2026-08-11T15:50:25.403864Z
  Time since last request: 0.0004278 seconds.
  importAddress: GUID: faba19d28a5fc1d4187c0124658f1822 - Path: Packages/com.unity.shadergraph/Editor/Data/Nodes/Procedural/Shape/RoundedRectangleNode.cs - Importer: ScriptedImporter/UnityEditor.QuickSearchModule:UnityEditor.Search:ASIAI0B
Importing 'GUID: faba19d28a5fc1d4187c0124658f1822 - Path: Packages/com.unity.shadergraph/Editor/Data/Nodes/Procedural/Shape/RoundedRectangleNode.cs - Importer: ScriptedImporter/UnityEditor.QuickSearchModule:UnityEditor.Search:ASIAI0B' with importer (ScriptedImporter : UnityEditor.QuickSearchModule:UnityEditor.Search:ASIAI0B)
Imported 'GUID: faba19d28a5fc1d4187c0124658f1822' -> (Import Result ID: 'b4457fb0d97f3865d35196007917f952') in 0.003 seconds [static and dynamic dependencies]. Details - ImportResultOutputID=f1a351933894ef6a0bd133555eeaad1c DependenciesID=1f1601935de0376fc148fbafb08415d9 StaticDependenciesID=0b435ff5dbb36ee6683bb57951bdc006 
Number of updated asset objects reloaded before import = 0
Number of asset objects unloaded after import = 0
========================================================================
Received Import Request.
  Time of request: 2026-08-11T15:50:25.433262Z
  Time since last request: 0.0179841 seconds.
  importAddress: GUID: c3735ab907354882b0b661f3cccb0a67 - Path: Packages/com.unity.shadergraph/Editor/Generation/Targets/Terrain/Includes/TerrainPropertiesVariables.hlsl - Importer: ScriptedImporter/UnityEditor.QuickSearchModule:UnityEditor.Search:ASIAI0B
Importing 'GUID: c3735ab907354882b0b661f3cccb0a67 - Path: Packages/com.unity.shadergraph/Editor/Generation/Targets/Terrain/Includes/TerrainPropertiesVariables.hlsl - Importer: ScriptedImporter/UnityEditor.QuickSearchModule:UnityEditor.Search:ASIAI0B' with importer (ScriptedImporter : UnityEditor.QuickSearchModule:UnityEditor.Search:ASIAI0B)
Imported 'GUID: c3735ab907354882b0b661f3cccb0a67' -> (Import Result ID: '86191f33868885b3c9d94bda8161e767') in 0.004 seconds [static and dynamic dependencies]. Details - ImportResultOutputID=74c6e4bee6bc15d2df1797af75f58992 DependenciesID=bc7dcb86ddce73077abf34bae1b8390f StaticDependenciesID=7d251a24e33871e408af0b94691c7b17 
Number of updated asset objects reloaded before import = 0
Number of asset objects unloaded after import = 1
========================================================================
Received Import Request.
  Time of request: 2026-08-11T15:50:25.446001Z
  Time since last request: 0.0008252 seconds.
  importAddress: GUID: bfc4f24aa6eda10499234c714f82c6f2 - Path: Packages/com.unity.shadergraph/Editor/Generation/Targets/BuiltIn/ShaderLibrary/ShaderVariablesFunctions.deprecated.hlsl - Importer: ScriptedImporter/UnityEditor.QuickSearchModule:UnityEditor.Search:ASIAI0B
Importing 'GUID: bfc4f24aa6eda10499234c714f82c6f2 - Path: Packages/com.unity.shadergraph/Editor/Generation/Targets/BuiltIn/ShaderLibrary/ShaderVariablesFunctions.deprecated.hlsl - Importer: ScriptedImporter/UnityEditor.QuickSearchModule:UnityEditor.Search:ASIAI0B' with importer (ScriptedImporter : UnityEditor.QuickSearchModule:UnityEditor.Search:ASIAI0B)
Imported 'GUID: bfc4f24aa6eda10499234c714f82c6f2' -> (Import Result ID: '2ec4527547ba173286c41a501f24040e') in 0.003 seconds [static and dynamic dependencies]. Details - ImportResultOutputID=c16758efc3fe64ddd6e3672ea729a35c DependenciesID=1c78ee2fd3ae02de5473e59e88b97345 StaticDependenciesID=6ea5419665bee67481e504edd7e18e79 
Number of updated asset objects reloaded before import = 0
Number of asset objects unloaded after import = 1
========================================================================
Received Import Request.
  Time of request: 2026-08-11T15:50:25.4581843Z
  Time since last request: 0.0002541 seconds.
  importAddress: GUID: 3fa60ca3757a4221b2b042165c4696fe - Path: Packages/com.unity.shadergraph/Editor/Generation/Targets/Canvas/Templates/PassUI.template - Importer: ScriptedImporter/UnityEditor.QuickSearchModule:UnityEditor.Search:ASIAI0B
Importing 'GUID: 3fa60ca3757a4221b2b042165c4696fe - Path: Packages/com.unity.shadergraph/Editor/Generation/Targets/Canvas/Templates/PassUI.template - Importer: ScriptedImporter/UnityEditor.QuickSearchModule:UnityEditor.Search:ASIAI0B' with importer (ScriptedImporter : UnityEditor.QuickSearchModule:UnityEditor.Search:ASIAI0B)
Imported 'GUID: 3fa60ca3757a4221b2b042165c4696fe' -> (Import Result ID: '74c35b861e3474ee0b0ebd1380a6ce04') in 0.003 seconds [static and dynamic dependencies]. Details - ImportResultOutputID=8279a4f9168107d97a619553daae1b38 DependenciesID=586540cc0c98981d0bc8ce4b772513c9 StaticDependenciesID=47b859eba21834c2fc323c28a2732c4c 
Number of updated asset objects reloaded before import = 0
Number of asset objects unloaded after import = 1
========================================================================
Received Import Request.
  Time of request: 2026-08-11T15:50:25.4691761Z
  Time since last request: 0.0009631 seconds.
  importAddress: GUID: b2f79c44dead4bc3b025342e56828a27 - Path: Packages/com.unity.shadergraph/Editor/Generation/Targets/Canvas/Templates/CanvasShaderGUI.cs - Importer: ScriptedImporter/UnityEditor.QuickSearchModule:UnityEditor.Search:ASIAI0B
Importing 'GUID: b2f79c44dead4bc3b025342e56828a27 - Path: Packages/com.unity.shadergraph/Editor/Generation/Targets/Canvas/Templates/CanvasShaderGUI.cs - Importer: ScriptedImporter/UnityEditor.QuickSearchModule:UnityEditor.Search:ASIAI0B' with importer (ScriptedImporter : UnityEditor.QuickSearchModule:UnityEditor.Search:ASIAI0B)
Imported 'GUID: b2f79c44dead4bc3b025342e56828a27' -> (Import Result ID: '0313dd9688f3863f844af61c7f685d21') in 0.003 seconds [static and dynamic dependencies]. Details - ImportResultOutputID=003f4d0e95308f565717a1b91e762371 DependenciesID=603fa561cb69cf062c0e7454c2503315 StaticDependenciesID=99724b84086b4ec3126e72f263f1ec10 
Number of updated asset objects reloaded before import = 0
Number of asset objects unloaded after import = 0
========================================================================
Received Import Request.
  Time of request: 2026-08-11T15:50:25.4997606Z
  Time since last request: 0.0191798 seconds.
  importAddress: GUID: 7c499715fdb4d7c479dcd3fd13abe0d0 - Path: Packages/com.unity.shadergraph/Editor/Generation/Targets/BuiltIn/Editor/ShaderGraph/Includes/SpriteUnlitPass.hlsl - Importer: ScriptedImporter/UnityEditor.QuickSearchModule:UnityEditor.Search:ASIAI0B
Importing 'GUID: 7c499715fdb4d7c479dcd3fd13abe0d0 - Path: Packages/com.unity.shadergraph/Editor/Generation/Targets/BuiltIn/Editor/ShaderGraph/Includes/SpriteUnlitPass.hlsl - Importer: ScriptedImporter/UnityEditor.QuickSearchModule:UnityEditor.Search:ASIAI0B' with importer (ScriptedImporter : UnityEditor.QuickSearchModule:UnityEditor.Search:ASIAI0B)
Imported 'GUID: 7c499715fdb4d7c479dcd3fd13abe0d0' -> (Import Result ID: 'a392acff99eb8cd3182f1c3cc2ba4d3f') in 0.003 seconds [static and dynamic dependencies]. Details - ImportResultOutputID=0f659afbbe0455f611f0ea89516961d4 DependenciesID=faca2dc0948fdf57180b74cc9486d1e5 StaticDependenciesID=807b5dd27ebed3c733d7724cca277f91 
Number of updated asset objects reloaded before import = 0
Number of asset objects unloaded after import = 1
========================================================================
Received Import Request.
  Time of request: 2026-08-11T15:50:25.5107078Z
  Time since last request: 0.0007723 seconds.
  importAddress: GUID: 5598b14661b5f4c43bed757f34b6d172 - Path: Packages/com.unity.ide.rider/LICENSE.md - Importer: ScriptedImporter/UnityEditor.QuickSearchModule:UnityEditor.Search:ASIAI0B
Importing 'GUID: 5598b14661b5f4c43bed757f34b6d172 - Path: Packages/com.unity.ide.rider/LICENSE.md - Importer: ScriptedImporter/UnityEditor.QuickSearchModule:UnityEditor.Search:ASIAI0B' with importer (ScriptedImporter : UnityEditor.QuickSearchModule:UnityEditor.Search:ASIAI0B)
Imported 'GUID: 5598b14661b5f4c43bed757f34b6d172' -> (Import Result ID: '0aa69467d4d63b325755b6e92150fcb5') in 0.003 seconds [static and dynamic dependencies]. Details - ImportResultOutputID=8620ff710c91bf9a27cb273315b39fb1 DependenciesID=a3d711348b10b1d0c06f8cf380895bde StaticDependenciesID=44510787dd31d935786a6ec703fc4044 
Number of updated asset objects reloaded before import = 0
Number of asset objects unloaded after import = 1
========================================================================
Received Import Request.
  Time of request: 2026-08-11T15:50:25.5237398Z
  Time since last request: 0.0003814 seconds.
  importAddress: GUID: d0f59811de3924b6ab62802eb365ef6b - Path: Packages/com.unity.shadergraph/Editor/Generation/Targets/BuiltIn/Editor/ShaderGraph/Targets/BuiltInTarget.cs - Importer: ScriptedImporter/UnityEditor.QuickSearchModule:UnityEditor.Search:ASIAI0B
Importing 'GUID: d0f59811de3924b6ab62802eb365ef6b - Path: Packages/com.unity.shadergraph/Editor/Generation/Targets/BuiltIn/Editor/ShaderGraph/Targets/BuiltInTarget.cs - Importer: ScriptedImporter/UnityEditor.QuickSearchModule:UnityEditor.Search:ASIAI0B' with importer (ScriptedImporter : UnityEditor.QuickSearchModule:UnityEditor.Search:ASIAI0B)
Imported 'GUID: d0f59811de3924b6ab62802eb365ef6b' -> (Import Result ID: '3495b03bd2869271d003758d16da1e0c') in 0.003 seconds [static and dynamic dependencies]. Details - ImportResultOutputID=ba7af591f60a12c83c347ed34d1afbd3 DependenciesID=efb90644887628a5971bd02bf9b66d61 StaticDependenciesID=902a1d34d4e3f3839c6e5d0418a4af55 
Number of updated asset objects reloaded before import = 0
Number of asset objects unloaded after import = 0
========================================================================
Received Import Request.
  Time of request: 2026-08-11T15:50:25.536543Z
  Time since last request: 0.0008792 seconds.
  importAddress: GUID: 6ef7b00e3331f8248bae14525a086473 - Path: Packages/com.unity.shadergraph/Editor/Generation/Targets/BuiltIn/Editor/ShaderGraph/AssetCallbacks/CreateUnlitShaderGraph.cs - Importer: ScriptedImporter/UnityEditor.QuickSearchModule:UnityEditor.Search:ASIAI0B
Importing 'GUID: 6ef7b00e3331f8248bae14525a086473 - Path: Packages/com.unity.shadergraph/Editor/Generation/Targets/BuiltIn/Editor/ShaderGraph/AssetCallbacks/CreateUnlitShaderGraph.cs - Importer: ScriptedImporter/UnityEditor.QuickSearchModule:UnityEditor.Search:ASIAI0B' with importer (ScriptedImporter : UnityEditor.QuickSearchModule:UnityEditor.Search:ASIAI0B)
Imported 'GUID: 6ef7b00e3331f8248bae14525a086473' -> (Import Result ID: 'c7c1c1772f938cf64e872127372df531') in 0.003 seconds [static and dynamic dependencies]. Details - ImportResultOutputID=e5031e263650f368c5b69989c5da4b64 DependenciesID=08cc599bb715ec74b4a9563a6bb66037 StaticDependenciesID=d5260265e93fb09935ec8f66bd6ae03e 
Number of updated asset objects reloaded before import = 0
Number of asset objects unloaded after import = 0
========================================================================
Received Import Request.
  Time of request: 2026-08-11T15:50:25.5490535Z
  Time since last request: 0.0005073 seconds.
  importAddress: GUID: 12263a5b80a209c44ae6188994252ecd - Path: Packages/com.unity.shadergraph/Editor/Generation/Targets/BuiltIn/Editor/ShaderGraph/Includes/PBRDeferredPass.hlsl - Importer: ScriptedImporter/UnityEditor.QuickSearchModule:UnityEditor.Search:ASIAI0B
Importing 'GUID: 12263a5b80a209c44ae6188994252ecd - Path: Packages/com.unity.shadergraph/Editor/Generation/Targets/BuiltIn/Editor/ShaderGraph/Includes/PBRDeferredPass.hlsl - Importer: ScriptedImporter/UnityEditor.QuickSearchModule:UnityEditor.Search:ASIAI0B' with importer (ScriptedImporter : UnityEditor.QuickSearchModule:UnityEditor.Search:ASIAI0B)
Imported 'GUID: 12263a5b80a209c44ae6188994252ecd' -> (Import Result ID: '30ff3de616f6067a5315eb2e5155ae11') in 0.003 seconds [static and dynamic dependencies]. Details - ImportResultOutputID=cc192093bdca0df0e7c09d1243046469 DependenciesID=cab9271638cae87938d0095a5e48eeb7 StaticDependenciesID=bfd00a300c04f1d2f2c0aaef273eb5cc 
Number of updated asset objects reloaded before import = 0
Number of asset objects unloaded after import = 1
========================================================================
Received Import Request.
  Time of request: 2026-08-11T15:50:25.5620089Z
  Time since last request: 0.0005753 seconds.
  importAddress: GUID: 65e35b38e39fde248977f1e9a8ec2e10 - Path: Packages/com.unity.shadergraph/Editor/Generation/Targets/BuiltIn/Editor/ShaderGraph/Includes/ShaderPass.hlsl - Importer: ScriptedImporter/UnityEditor.QuickSearchModule:UnityEditor.Search:ASIAI0B
Importing 'GUID: 65e35b38e39fde248977f1e9a8ec2e10 - Path: Packages/com.unity.shadergraph/Editor/Generation/Targets/BuiltIn/Editor/ShaderGraph/Includes/ShaderPass.hlsl - Importer: ScriptedImporter/UnityEditor.QuickSearchModule:UnityEditor.Search:ASIAI0B' with importer (ScriptedImporter : UnityEditor.QuickSearchModule:UnityEditor.Search:ASIAI0B)
Imported 'GUID: 65e35b38e39fde248977f1e9a8ec2e10' -> (Import Result ID: '865ac7baf8ac8ec9f7c0a5a841ac68e8') in 0.004 seconds [static and dynamic dependencies]. Details - ImportResultOutputID=eb9d3b7e985f7ee351e46d64c7b0eb1f DependenciesID=67555505e01f121650fba1ae5eb490da StaticDependenciesID=9ca677a861c0b118bc349fab964e0485 
Number of updated asset objects reloaded before import = 0
Number of asset objects unloaded after import = 1
========================================================================
Received Import Request.
  Time of request: 2026-08-11T15:50:25.5874548Z
  Time since last request: 0.0139895 seconds.
  importAddress: GUID: 3e4e7fdc19414089a0fb43e43b1bdae1 - Path: Packages/com.unity.ide.rider/Rider/Editor/ProjectGeneration/SolutionGuidGenerator.cs - Importer: ScriptedImporter/UnityEditor.QuickSearchModule:UnityEditor.Search:ASIAI0B
Importing 'GUID: 3e4e7fdc19414089a0fb43e43b1bdae1 - Path: Packages/com.unity.ide.rider/Rider/Editor/ProjectGeneration/SolutionGuidGenerator.cs - Importer: ScriptedImporter/UnityEditor.QuickSearchModule:UnityEditor.Search:ASIAI0B' with importer (ScriptedImporter : UnityEditor.QuickSearchModule:UnityEditor.Search:ASIAI0B)
Imported 'GUID: 3e4e7fdc19414089a0fb43e43b1bdae1' -> (Import Result ID: 'e19c929b45e8592fde5e3816e7c56c44') in 0.003 seconds [static and dynamic dependencies]. Details - ImportResultOutputID=c30667cc74466f97adaa74c979b0368e DependenciesID=612a0c6a0487f4e2fab832d75c18e497 StaticDependenciesID=16bba84389932e9cb83d4acf690efa27 
Number of updated asset objects reloaded before import = 0
Number of asset objects unloaded after import = 0
========================================================================
Received Import Request.
  Time of request: 2026-08-11T15:50:25.5984494Z
  Time since last request: 0.0007854 seconds.
  importAddress: GUID: 22608619ec9a4b1db7417e80c3123098 - Path: Packages/com.unity.ide.rider/Rider/Editor/Util/UnityVersionUtils.cs - Importer: ScriptedImporter/UnityEditor.QuickSearchModule:UnityEditor.Search:ASIAI0B
Importing 'GUID: 22608619ec9a4b1db7417e80c3123098 - Path: Packages/com.unity.ide.rider/Rider/Editor/Util/UnityVersionUtils.cs - Importer: ScriptedImporter/UnityEditor.QuickSearchModule:UnityEditor.Search:ASIAI0B' with importer (ScriptedImporter : UnityEditor.QuickSearchModule:UnityEditor.Search:ASIAI0B)
Imported 'GUID: 22608619ec9a4b1db7417e80c3123098' -> (Import Result ID: 'c292161f7202b2bab3c8f69fee250e4d') in 0.003 seconds [static and dynamic dependencies]. Details - ImportResultOutputID=4e080031f0e32daebddfb8b087832133 DependenciesID=f1de7c6b8d04e031643d031273d86b17 StaticDependenciesID=19ed1d74e2e2653b27a241f174ccb232 
Number of updated asset objects reloaded before import = 0
Number of asset objects unloaded after import = 0
========================================================================
Received Import Request.
  Time of request: 2026-08-11T15:50:25.6103159Z
  Time since last request: 0.0004816 seconds.
  importAddress: GUID: 302b1bdfb7a645db994491799832912b - Path: Packages/com.unity.ide.rider/Rider/Editor/Util/StringBuilderExtensions.cs - Importer: ScriptedImporter/UnityEditor.QuickSearchModule:UnityEditor.Search:ASIAI0B
Importing 'GUID: 302b1bdfb7a645db994491799832912b - Path: Packages/com.unity.ide.rider/Rider/Editor/Util/StringBuilderExtensions.cs - Importer: ScriptedImporter/UnityEditor.QuickSearchModule:UnityEditor.Search:ASIAI0B' with importer (ScriptedImporter : UnityEditor.QuickSearchModule:UnityEditor.Search:ASIAI0B)
Imported 'GUID: 302b1bdfb7a645db994491799832912b' -> (Import Result ID: 'fb2103867fd53ad90d9f03db9b21b17e') in 0.003 seconds [static and dynamic dependencies]. Details - ImportResultOutputID=bca9c269c4948ad7757ea278a35022bc DependenciesID=6992c5e0df94cf12ee7a415be06a67b2 StaticDependenciesID=4d455f76f7be32377735f1042bd9756a 
Number of updated asset objects reloaded before import = 0
Number of asset objects unloaded after import = 0
========================================================================
Received Import Request.
  Time of request: 2026-08-11T15:50:25.6239737Z
  Time since last request: 0.0004649 seconds.
  importAddress: GUID: 58ab3828fb407c742a48b82bc5983a87 - Path: Packages/com.unity.ide.rider/Rider/Editor/UnitTesting/SyncTestRunCallback.cs - Importer: ScriptedImporter/UnityEditor.QuickSearchModule:UnityEditor.Search:ASIAI0B
Importing 'GUID: 58ab3828fb407c742a48b82bc5983a87 - Path: Packages/com.unity.ide.rider/Rider/Editor/UnitTesting/SyncTestRunCallback.cs - Importer: ScriptedImporter/UnityEditor.QuickSearchModule:UnityEditor.Search:ASIAI0B' with importer (ScriptedImporter : UnityEditor.QuickSearchModule:UnityEditor.Search:ASIAI0B)
Imported 'GUID: 58ab3828fb407c742a48b82bc5983a87' -> (Import Result ID: '056c7c27d1835993d367af69748ecdfd') in 0.003 seconds [static and dynamic dependencies]. Details - ImportResultOutputID=9014f98786aba863469959c426c4fba8 DependenciesID=584b3ba092ad9701269dbfb38d3629f3 StaticDependenciesID=226db14e023811401fbd09b35702ca8d 
Number of updated asset objects reloaded before import = 0
Number of asset objects unloaded after import = 0
========================================================================
Received Import Request.
  Time of request: 2026-08-11T15:50:25.6353144Z
  Time since last request: 0.0003648 seconds.
  importAddress: GUID: f334589a3e8ed644fa711158935ddabd - Path: Packages/com.unity.render-pipelines.universal/Editor/SavedParameter.cs - Importer: ScriptedImporter/UnityEditor.QuickSearchModule:UnityEditor.Search:ASIAI0B
Importing 'GUID: f334589a3e8ed644fa711158935ddabd - Path: Packages/com.unity.render-pipelines.universal/Editor/SavedParameter.cs - Importer: ScriptedImporter/UnityEditor.QuickSearchModule:UnityEditor.Search:ASIAI0B' with importer (ScriptedImporter : UnityEditor.QuickSearchModule:UnityEditor.Search:ASIAI0B)
Imported 'GUID: f334589a3e8ed644fa711158935ddabd' -> (Import Result ID: '7b2205abb8f131b85718e08a7f14b7c4') in 0.003 seconds [static and dynamic dependencies]. Details - ImportResultOutputID=5d76775421c8295fd9c58e8a964e590f DependenciesID=32c529d89799e8fc3e1395ebf69793df StaticDependenciesID=bca83fecf4cfb2fc3aec763430bf2cf2 
Number of updated asset objects reloaded before import = 0
Number of asset objects unloaded after import = 0
========================================================================
Received Import Request.
  Time of request: 2026-08-11T15:50:25.6480299Z
  Time since last request: 0.0004047 seconds.
  importAddress: GUID: c4095d72f77fbb64ea39b8b3ca246622 - Path: Packages/com.unity.ide.rider/Rider/Editor/RiderScriptEditor.cs - Importer: ScriptedImporter/UnityEditor.QuickSearchModule:UnityEditor.Search:ASIAI0B
Importing 'GUID: c4095d72f77fbb64ea39b8b3ca246622 - Path: Packages/com.unity.ide.rider/Rider/Editor/RiderScriptEditor.cs - Importer: ScriptedImporter/UnityEditor.QuickSearchModule:UnityEditor.Search:ASIAI0B' with importer (ScriptedImporter : UnityEditor.QuickSearchModule:UnityEditor.Search:ASIAI0B)
Imported 'GUID: c4095d72f77fbb64ea39b8b3ca246622' -> (Import Result ID: 'fce515addaff9213269058e7df16fa2f') in 0.003 seconds [static and dynamic dependencies]. Details - ImportResultOutputID=16b9dc33e64357f48efc032981fdf8b1 DependenciesID=e7aa45e3248e5ec3317d79fbe7039631 StaticDependenciesID=51bde632b2b81e764410b29e9cec73fc 
Number of updated asset objects reloaded before import = 0
Number of asset objects unloaded after import = 0
========================================================================
Received Import Request.
  Time of request: 2026-08-11T15:50:25.6605624Z
  Time since last request: 0.0007286 seconds.
  importAddress: GUID: e7c145f2cd3c411ca7f50ebc5f5a6d24 - Path: Packages/com.unity.ide.rider/Rider/Editor/StartUpMethodExecutor.cs - Importer: ScriptedImporter/UnityEditor.QuickSearchModule:UnityEditor.Search:ASIAI0B
Importing 'GUID: e7c145f2cd3c411ca7f50ebc5f5a6d24 - Path: Packages/com.unity.ide.rider/Rider/Editor/StartUpMethodExecutor.cs - Importer: ScriptedImporter/UnityEditor.QuickSearchModule:UnityEditor.Search:ASIAI0B' with importer (ScriptedImporter : UnityEditor.QuickSearchModule:UnityEditor.Search:ASIAI0B)
Imported 'GUID: e7c145f2cd3c411ca7f50ebc5f5a6d24' -> (Import Result ID: '4862c5b4416fd8c7d380e02a3209f896') in 0.003 seconds [static and dynamic dependencies]. Details - ImportResultOutputID=da51f44320693dc1ee43a4dfc1b74dd8 DependenciesID=992e3801b105f091a8b33db46487a62e StaticDependenciesID=75feeceff57d623eacb505eb5e6f04a5 
Number of updated asset objects reloaded before import = 0
Number of asset objects unloaded after import = 0
========================================================================
Received Import Request.
  Time of request: 2026-08-11T15:50:25.672185Z
  Time since last request: 0.0003915 seconds.
  importAddress: GUID: bc3a27147f944790916176e2172ad506 - Path: Packages/com.unity.ide.rider/Rider/Editor/RiderScriptEditorDataPersisted.cs - Importer: ScriptedImporter/UnityEditor.QuickSearchModule:UnityEditor.Search:ASIAI0B
Importing 'GUID: bc3a27147f944790916176e2172ad506 - Path: Packages/com.unity.ide.rider/Rider/Editor/RiderScriptEditorDataPersisted.cs - Importer: ScriptedImporter/UnityEditor.QuickSearchModule:UnityEditor.Search:ASIAI0B' with importer (ScriptedImporter : UnityEditor.QuickSearchModule:UnityEditor.Search:ASIAI0B)
Imported 'GUID: bc3a27147f944790916176e2172ad506' -> (Import Result ID: '993955fe5b672bde17bff596774c1632') in 0.003 seconds [static and dynamic dependencies]. Details - ImportResultOutputID=be6f0d03df9e783477620e73c68d79ee DependenciesID=49c7969a520ca43a3f671f296b10a237 StaticDependenciesID=285833887cabcadfaf99adec08ad550b 
Number of updated asset objects reloaded before import = 0
Number of asset objects unloaded after import = 0
========================================================================
Received Import Request.
  Time of request: 2026-08-11T15:50:25.7040627Z
  Time since last request: 0.0192625 seconds.
  importAddress: GUID: a59ed397e0917cd4aa1de2bb1495fead - Path: Packages/com.unity.render-pipelines.universal/Runtime/ShaderUtils.cs - Importer: ScriptedImporter/UnityEditor.QuickSearchModule:UnityEditor.Search:ASIAI0B
Importing 'GUID: a59ed397e0917cd4aa1de2bb1495fead - Path: Packages/com.unity.render-pipelines.universal/Runtime/ShaderUtils.cs - Importer: ScriptedImporter/UnityEditor.QuickSearchModule:UnityEditor.Search:ASIAI0B' with importer (ScriptedImporter : UnityEditor.QuickSearchModule:UnityEditor.Search:ASIAI0B)
Imported 'GUID: a59ed397e0917cd4aa1de2bb1495fead' -> (Import Result ID: 'f54bbe4791d90a905901235aa10b7348') in 0.003 seconds [static and dynamic dependencies]. Details - ImportResultOutputID=2060f0e8e9ef3390669fb4c36b162a6c DependenciesID=ce01c109a70e76cd37b62da9045d5f28 StaticDependenciesID=ed5995e7d3dae42e469121e018b059ad 
Number of updated asset objects reloaded before import = 0
Number of asset objects unloaded after import = 0
========================================================================
Received Import Request.
  Time of request: 2026-08-11T15:50:25.7379909Z
  Time since last request: 0.0233118 seconds.
  importAddress: GUID: f89f88ac34eb4af48661362f290b68b3 - Path: Packages/com.unity.render-pipelines.universal/Runtime/UniversalAdditionalLightData.deprecated.cs - Importer: ScriptedImporter/UnityEditor.QuickSearchModule:UnityEditor.Search:ASIAI0B
Importing 'GUID: f89f88ac34eb4af48661362f290b68b3 - Path: Packages/com.unity.render-pipelines.universal/Runtime/UniversalAdditionalLightData.deprecated.cs - Importer: ScriptedImporter/UnityEditor.QuickSearchModule:UnityEditor.Search:ASIAI0B' with importer (ScriptedImporter : UnityEditor.QuickSearchModule:UnityEditor.Search:ASIAI0B)
Imported 'GUID: f89f88ac34eb4af48661362f290b68b3' -> (Import Result ID: '7f74945c5640e5389864f14c1ad35af5') in 0.003 seconds [static and dynamic dependencies]. Details - ImportResultOutputID=2764240f52703b95be2cfca2ec29408c DependenciesID=aaba67593872d3300373ad12e8ec8158 StaticDependenciesID=e294f8d7aadbd871744f53a3e977c8d4 
Number of updated asset objects reloaded before import = 0
Number of asset objects unloaded after import = 0
========================================================================
Received Import Request.
  Time of request: 2026-08-11T15:50:25.7489768Z
  Time since last request: 0.0005969 seconds.
  importAddress: GUID: 54d9cfe23e3274c689c539ee0ee17dcf - Path: Packages/com.unity.render-pipelines.universal/Runtime/ForwardLights.cs - Importer: ScriptedImporter/UnityEditor.QuickSearchModule:UnityEditor.Search:ASIAI0B
Importing 'GUID: 54d9cfe23e3274c689c539ee0ee17dcf - Path: Packages/com.unity.render-pipelines.universal/Runtime/ForwardLights.cs - Importer: ScriptedImporter/UnityEditor.QuickSearchModule:UnityEditor.Search:ASIAI0B' with importer (ScriptedImporter : UnityEditor.QuickSearchModule:UnityEditor.Search:ASIAI0B)
Imported 'GUID: 54d9cfe23e3274c689c539ee0ee17dcf' -> (Import Result ID: '2e537706fe7a3992a3abe1d631096c85') in 0.003 seconds [static and dynamic dependencies]. Details - ImportResultOutputID=d4c73a4a9c1a7d55d7276fe22cd5b075 DependenciesID=c05dd9141760d1bfa31c79ddf2586069 StaticDependenciesID=1046c32108039f8c7cc72a25c0e29a00 
Number of updated asset objects reloaded before import = 0
Number of asset objects unloaded after import = 0
========================================================================
Received Import Request.
  Time of request: 2026-08-11T15:50:25.7603636Z
  Time since last request: 0.000385 seconds.
  importAddress: GUID: 7d7d4ecff4c4b59488b97a13efb52739 - Path: Packages/com.unity.render-pipelines.universal/Runtime/PostProcess.cs - Importer: ScriptedImporter/UnityEditor.QuickSearchModule:UnityEditor.Search:ASIAI0B
Importing 'GUID: 7d7d4ecff4c4b59488b97a13efb52739 - Path: Packages/com.unity.render-pipelines.universal/Runtime/PostProcess.cs - Importer: ScriptedImporter/UnityEditor.QuickSearchModule:UnityEditor.Search:ASIAI0B' with importer (ScriptedImporter : UnityEditor.QuickSearchModule:UnityEditor.Search:ASIAI0B)
Imported 'GUID: 7d7d4ecff4c4b59488b97a13efb52739' -> (Import Result ID: '6fcc413ba588211a25362ee1810ab06f') in 0.003 seconds [static and dynamic dependencies]. Details - ImportResultOutputID=1856882196237a32dbc5e146dac372f0 DependenciesID=20709ecfcc8e9de5dc61951f1d56812a StaticDependenciesID=9a823435ca797330d8863eb33f90f54e 
Number of updated asset objects reloaded before import = 0
Number of asset objects unloaded after import = 0
========================================================================
Received Import Request.
  Time of request: 2026-08-11T15:50:25.7734914Z
  Time since last request: 0.000449 seconds.
  importAddress: GUID: 03e6c5336947d684ebd1fee775550125 - Path: Packages/com.unity.render-pipelines.universal/Editor/ShaderStripTool.cs - Importer: ScriptedImporter/UnityEditor.QuickSearchModule:UnityEditor.Search:ASIAI0B
Importing 'GUID: 03e6c5336947d684ebd1fee775550125 - Path: Packages/com.unity.render-pipelines.universal/Editor/ShaderStripTool.cs - Importer: ScriptedImporter/UnityEditor.QuickSearchModule:UnityEditor.Search:ASIAI0B' with importer (ScriptedImporter : UnityEditor.QuickSearchModule:UnityEditor.Search:ASIAI0B)
Imported 'GUID: 03e6c5336947d684ebd1fee775550125' -> (Import Result ID: '60a2f0e2c885298bfeaaa714a9e021e8') in 0.003 seconds [static and dynamic dependencies]. Details - ImportResultOutputID=09aa619a0b4c9d61699548bcc8545f4c DependenciesID=f546e546aea3e80460600d4e31948f72 StaticDependenciesID=575d8e4bbf43af6e61b640d4e6b7c777 
Number of updated asset objects reloaded before import = 0
Number of asset objects unloaded after import = 0
========================================================================
Received Import Request.
  Time of request: 2026-08-11T15:50:25.7852449Z
  Time since last request: 0.0005497 seconds.
  importAddress: GUID: a2a66ab07b41a48198c35aa6c99d354f - Path: Packages/com.unity.render-pipelines.universal/Runtime/TemporalAA.cs - Importer: ScriptedImporter/UnityEditor.QuickSearchModule:UnityEditor.Search:ASIAI0B
Importing 'GUID: a2a66ab07b41a48198c35aa6c99d354f - Path: Packages/com.unity.render-pipelines.universal/Runtime/TemporalAA.cs - Importer: ScriptedImporter/UnityEditor.QuickSearchModule:UnityEditor.Search:ASIAI0B' with importer (ScriptedImporter : UnityEditor.QuickSearchModule:UnityEditor.Search:ASIAI0B)
Imported 'GUID: a2a66ab07b41a48198c35aa6c99d354f' -> (Import Result ID: 'e3d33030f1b21bbf9689dbc8fc69a191') in 0.003 seconds [static and dynamic dependencies]. Details - ImportResultOutputID=36481a8a87607428096115ed249fedba DependenciesID=cd119c6216cc746ece5e4a13e4b6a206 StaticDependenciesID=761de19f7dfcbb45ce06ce0510cbafbc 
Number of updated asset objects reloaded before import = 0
Number of asset objects unloaded after import = 0
========================================================================
Received Import Request.
  Time of request: 2026-08-11T15:50:25.7982214Z
  Time since last request: 0.0006028 seconds.
  importAddress: GUID: f8a1318f0ebaa394fbc8d104806092b4 - Path: Packages/com.unity.render-pipelines.universal/Runtime/DeferredLights.cs - Importer: ScriptedImporter/UnityEditor.QuickSearchModule:UnityEditor.Search:ASIAI0B
Importing 'GUID: f8a1318f0ebaa394fbc8d104806092b4 - Path: Packages/com.unity.render-pipelines.universal/Runtime/DeferredLights.cs - Importer: ScriptedImporter/UnityEditor.QuickSearchModule:UnityEditor.Search:ASIAI0B' with importer (ScriptedImporter : UnityEditor.QuickSearchModule:UnityEditor.Search:ASIAI0B)
Imported 'GUID: f8a1318f0ebaa394fbc8d104806092b4' -> (Import Result ID: 'cc9b30fc3d734347d295b60614a252ce') in 0.003 seconds [static and dynamic dependencies]. Details - ImportResultOutputID=5944caec547d9e13edf5c565324d57a5 DependenciesID=afb3847d6b8c89999c6f0cf93e0b5382 StaticDependenciesID=1e8226637deb61e062c15508983e00bb 
Number of updated asset objects reloaded before import = 0
Number of asset objects unloaded after import = 0
========================================================================
Received Import Request.
  Time of request: 2026-08-11T15:50:25.8111291Z
  Time since last request: 0.0002992 seconds.
  importAddress: GUID: fdbc62973f374ebf9304713c48941c1f - Path: Packages/com.unity.render-pipelines.universal/Runtime/UniversalRendererRenderGraph.cs - Importer: ScriptedImporter/UnityEditor.QuickSearchModule:UnityEditor.Search:ASIAI0B
Importing 'GUID: fdbc62973f374ebf9304713c48941c1f - Path: Packages/com.unity.render-pipelines.universal/Runtime/UniversalRendererRenderGraph.cs - Importer: ScriptedImporter/UnityEditor.QuickSearchModule:UnityEditor.Search:ASIAI0B' with importer (ScriptedImporter : UnityEditor.QuickSearchModule:UnityEditor.Search:ASIAI0B)
Imported 'GUID: fdbc62973f374ebf9304713c48941c1f' -> (Import Result ID: '4f75a20fb4a22edf0c30f523e57efda1') in 0.003 seconds [static and dynamic dependencies]. Details - ImportResultOutputID=2145af4278ef328a7f87d76c248f887e DependenciesID=ba2e4f8d706abae3eb4e5654793ea694 StaticDependenciesID=e1ceabf5138ad6627127f87d8ebbb0ef 
Number of updated asset objects reloaded before import = 0
Number of asset objects unloaded after import = 0
========================================================================
Received Import Request.
  Time of request: 2026-08-11T15:50:25.8614402Z
  Time since last request: 0.0396034 seconds.
  importAddress: GUID: 58997c4bd657ad848919e91029ee01eb - Path: Packages/com.unity.render-pipelines.universal/ShaderLibrary/Particles.hlsl - Importer: ScriptedImporter/UnityEditor.QuickSearchModule:UnityEditor.Search:ASIAI0B
Importing 'GUID: 58997c4bd657ad848919e91029ee01eb - Path: Packages/com.unity.render-pipelines.universal/ShaderLibrary/Particles.hlsl - Importer: ScriptedImporter/UnityEditor.QuickSearchModule:UnityEditor.Search:ASIAI0B' with importer (ScriptedImporter : UnityEditor.QuickSearchModule:UnityEditor.Search:ASIAI0B)
Imported 'GUID: 58997c4bd657ad848919e91029ee01eb' -> (Import Result ID: '0509b33cbbc7a1abec11225a63eef51b') in 0.003 seconds [static and dynamic dependencies]. Details - ImportResultOutputID=0f7c41257a7ce3ede05f390ac5e5383c DependenciesID=2f588bf5ab7d46b07aa9a47d8085289c StaticDependenciesID=063aee90263b47ba651e4389df36530f 
Number of updated asset objects reloaded before import = 0
Number of asset objects unloaded after import = 1
========================================================================
Received Import Request.
  Time of request: 2026-08-11T15:50:25.8728508Z
  Time since last request: 0.0007593 seconds.
  importAddress: GUID: 4156fde60711cfd4c9cc05a737bd013e - Path: Packages/com.unity.render-pipelines.universal/ShaderLibrary/ProbeVolumeVariants.hlsl - Importer: ScriptedImporter/UnityEditor.QuickSearchModule:UnityEditor.Search:ASIAI0B
Importing 'GUID: 4156fde60711cfd4c9cc05a737bd013e - Path: Packages/com.unity.render-pipelines.universal/ShaderLibrary/ProbeVolumeVariants.hlsl - Importer: ScriptedImporter/UnityEditor.QuickSearchModule:UnityEditor.Search:ASIAI0B' with importer (ScriptedImporter : UnityEditor.QuickSearchModule:UnityEditor.Search:ASIAI0B)
Imported 'GUID: 4156fde60711cfd4c9cc05a737bd013e' -> (Import Result ID: 'f7a356ec10e1707a8bf52b8477239cc2') in 0.004 seconds [static and dynamic dependencies]. Details - ImportResultOutputID=d4a85ff232ae0f859e395bf16c00589d DependenciesID=25f43fcb8ae8806af97d50e74982d392 StaticDependenciesID=525315a2cefe563463c1aed502fe4362 
Number of updated asset objects reloaded before import = 0
Number of asset objects unloaded after import = 1
========================================================================
Received Import Request.
  Time of request: 2026-08-11T15:50:25.8876263Z
  Time since last request: 0.0004892 seconds.
  importAddress: GUID: 823e07282e194f119e8032f1555676ee - Path: Packages/com.unity.render-pipelines.universal/ShaderLibrary/Unlit.hlsl - Importer: ScriptedImporter/UnityEditor.QuickSearchModule:UnityEditor.Search:ASIAI0B
Importing 'GUID: 823e07282e194f119e8032f1555676ee - Path: Packages/com.unity.render-pipelines.universal/ShaderLibrary/Unlit.hlsl - Importer: ScriptedImporter/UnityEditor.QuickSearchModule:UnityEditor.Search:ASIAI0B' with importer (ScriptedImporter : UnityEditor.QuickSearchModule:UnityEditor.Search:ASIAI0B)
Imported 'GUID: 823e07282e194f119e8032f1555676ee' -> (Import Result ID: '562560fd413899c198b27691f987e71b') in 0.004 seconds [static and dynamic dependencies]. Details - ImportResultOutputID=2ab87c08e6607d1f04b49c13c7815268 DependenciesID=0aa9c947f86e9a46d75e74da6f1886c0 StaticDependenciesID=0545fd2b11112707ccbce02ecf8d6207 
Number of updated asset objects reloaded before import = 0
Number of asset objects unloaded after import = 1
========================================================================
Received Import Request.
  Time of request: 2026-08-11T15:50:25.9015111Z
  Time since last request: 0.0002154 seconds.
  importAddress: GUID: 6564342aa7c6ca44a86b97323a311d74 - Path: Packages/com.unity.render-pipelines.universal/ShaderLibrary/UnityInput.hlsl - Importer: ScriptedImporter/UnityEditor.QuickSearchModule:UnityEditor.Search:ASIAI0B
Importing 'GUID: 6564342aa7c6ca44a86b97323a311d74 - Path: Packages/com.unity.render-pipelines.universal/ShaderLibrary/UnityInput.hlsl - Importer: ScriptedImporter/UnityEditor.QuickSearchModule:UnityEditor.Search:ASIAI0B' with importer (ScriptedImporter : UnityEditor.QuickSearchModule:UnityEditor.Search:ASIAI0B)
Imported 'GUID: 6564342aa7c6ca44a86b97323a311d74' -> (Import Result ID: '846d9f093634923990d5575f425cedcd') in 0.003 seconds [static and dynamic dependencies]. Details - ImportResultOutputID=8d1b9643eb5edbaf1c16bb12b06bf432 DependenciesID=fc27d342ee3420be88cccb85bbe0a96f StaticDependenciesID=bdaffd4ec0cbf6643187f553b2ea5071 
Number of updated asset objects reloaded before import = 0
Number of asset objects unloaded after import = 1
========================================================================
Received Import Request.
  Time of request: 2026-08-11T15:50:25.9129288Z
  Time since last request: 0.0002138 seconds.
  importAddress: GUID: 2bf17b1d7445af843ad939d7527d8938 - Path: Packages/com.unity.render-pipelines.universal/Shaders/FullscreenInvertColorsTemplate.png - Importer: ScriptedImporter/UnityEditor.QuickSearchModule:UnityEditor.Search:ASIAI0B
Importing 'GUID: 2bf17b1d7445af843ad939d7527d8938 - Path: Packages/com.unity.render-pipelines.universal/Shaders/FullscreenInvertColorsTemplate.png - Importer: ScriptedImporter/UnityEditor.QuickSearchModule:UnityEditor.Search:ASIAI0B' with importer (ScriptedImporter : UnityEditor.QuickSearchModule:UnityEditor.Search:ASIAI0B)
Imported 'GUID: 2bf17b1d7445af843ad939d7527d8938' -> (Import Result ID: '61f6e35f2b15331205d25f126d157e37') in 0.007 seconds [static and dynamic dependencies]. Details - ImportResultOutputID=16e4d3d7e04ef2496f7716c91d7839e6 DependenciesID=dd2677be37740f798f169f05b69535a0 StaticDependenciesID=70f8bffb029b196648b7fccf8c3d6c00 
Number of updated asset objects reloaded before import = 0
Number of asset objects unloaded after import = 1
========================================================================
Received Import Request.
  Time of request: 2026-08-11T15:50:25.9283658Z
  Time since last request: 0.00025 seconds.
  importAddress: GUID: 53686bf58189656459fca4c6ab04ebe5 - Path: Packages/com.unity.render-pipelines.universal/ShaderLibrary/Core.hlsl - Importer: ScriptedImporter/UnityEditor.QuickSearchModule:UnityEditor.Search:ASIAI0B
Importing 'GUID: 53686bf58189656459fca4c6ab04ebe5 - Path: Packages/com.unity.render-pipelines.universal/ShaderLibrary/Core.hlsl - Importer: ScriptedImporter/UnityEditor.QuickSearchModule:UnityEditor.Search:ASIAI0B' with importer (ScriptedImporter : UnityEditor.QuickSearchModule:UnityEditor.Search:ASIAI0B)
Imported 'GUID: 53686bf58189656459fca4c6ab04ebe5' -> (Import Result ID: '62382d27972554690147e0050dfc6532') in 0.003 seconds [static and dynamic dependencies]. Details - ImportResultOutputID=c13b4cc6d774a578fa1be27924855838 DependenciesID=b12f9b94a844ec0593724c883424f8fc StaticDependenciesID=82d4cd12bff60757f927f28186fbe0b8 
Number of updated asset objects reloaded before import = 0
Number of asset objects unloaded after import = 1
========================================================================
Received Import Request.
  Time of request: 2026-08-11T15:50:25.9435681Z
  Time since last request: 0.0002286 seconds.
  importAddress: GUID: 0acd4fdbcf0cf654a9cdf3e9ccc2edce - Path: Packages/com.unity.render-pipelines.universal/Shaders/DepthOnlyPass.hlsl - Importer: ScriptedImporter/UnityEditor.QuickSearchModule:UnityEditor.Search:ASIAI0B
Importing 'GUID: 0acd4fdbcf0cf654a9cdf3e9ccc2edce - Path: Packages/com.unity.render-pipelines.universal/Shaders/DepthOnlyPass.hlsl - Importer: ScriptedImporter/UnityEditor.QuickSearchModule:UnityEditor.Search:ASIAI0B' with importer (ScriptedImporter : UnityEditor.QuickSearchModule:UnityEditor.Search:ASIAI0B)
Imported 'GUID: 0acd4fdbcf0cf654a9cdf3e9ccc2edce' -> (Import Result ID: '1778fc7e04fc16c6ddb876e06628b356') in 0.004 seconds [static and dynamic dependencies]. Details - ImportResultOutputID=a0e2b0cbfd451bb27e7665922e8ec68b DependenciesID=f2ac869bb8fa81461cb6c3c33ce69fa5 StaticDependenciesID=7e3aa50f8a94830881014040e0e82dd0 
Number of updated asset objects reloaded before import = 0
Number of asset objects unloaded after import = 1
========================================================================
Received Import Request.
  Time of request: 2026-08-11T15:50:25.9807023Z
  Time since last request: 0.024325 seconds.
  importAddress: GUID: a63ccbef6bed14464a35b8a62ee9b775 - Path: Packages/com.unity.render-pipelines.universal/Shaders/SimpleLitDepthNormalsPass.hlsl - Importer: ScriptedImporter/UnityEditor.QuickSearchModule:UnityEditor.Search:ASIAI0B
Importing 'GUID: a63ccbef6bed14464a35b8a62ee9b775 - Path: Packages/com.unity.render-pipelines.universal/Shaders/SimpleLitDepthNormalsPass.hlsl - Importer: ScriptedImporter/UnityEditor.QuickSearchModule:UnityEditor.Search:ASIAI0B' with importer (ScriptedImporter : UnityEditor.QuickSearchModule:UnityEditor.Search:ASIAI0B)
Imported 'GUID: a63ccbef6bed14464a35b8a62ee9b775' -> (Import Result ID: 'c5d18891fb84acd632f44fdcbc616378') in 0.004 seconds [static and dynamic dependencies]. Details - ImportResultOutputID=89dc13dfe3f595fead90b9dc5d8ec7d2 DependenciesID=356c887d99618b5002512c7df026bdd8 StaticDependenciesID=6c56bda0d8c9c8b647c6d90f3caf84a0 
Number of updated asset objects reloaded before import = 0
Number of asset objects unloaded after import = 1
========================================================================
Received Import Request.
  Time of request: 2026-08-11T15:50:25.9926332Z
  Time since last request: 0.0010813 seconds.
  importAddress: GUID: e8b802ac01d87144b91f12f40c1f2659 - Path: Packages/com.unity.render-pipelines.universal/Shaders/SpatialMappingWireframe.shader - Importer: ScriptedImporter/UnityEditor.QuickSearchModule:UnityEditor.Search:ASIAI0B
Importing 'GUID: e8b802ac01d87144b91f12f40c1f2659 - Path: Packages/com.unity.render-pipelines.universal/Shaders/SpatialMappingWireframe.shader - Importer: ScriptedImporter/UnityEditor.QuickSearchModule:UnityEditor.Search:ASIAI0B' with importer (ScriptedImporter : UnityEditor.QuickSearchModule:UnityEditor.Search:ASIAI0B)
Imported 'GUID: e8b802ac01d87144b91f12f40c1f2659' -> (Import Result ID: '767999bef45c96dddea84c065f0c949a') in 0.004 seconds [static and dynamic dependencies]. Details - ImportResultOutputID=53da0805f8cd0dffd74ab50824101f5d DependenciesID=bb2cb9fe4c6c016cf8cea5ad8c6f6a0a StaticDependenciesID=bebadf4db6d36780c83adbff8f787c93 
Number of updated asset objects reloaded before import = 0
Number of asset objects unloaded after import = 1
========================================================================
Received Import Request.
  Time of request: 2026-08-11T15:50:26.0051544Z
  Time since last request: 0.00027 seconds.
  importAddress: GUID: f0d43cb9fde29bd4cb1e030ee98868ff - Path: Packages/com.unity.render-pipelines.universal/Editor/AssetPostProcessors/ThreeDSMaterialDescriptionPostprocessor.cs - Importer: ScriptedImporter/UnityEditor.QuickSearchModule:UnityEditor.Search:ASIAI0B
Importing 'GUID: f0d43cb9fde29bd4cb1e030ee98868ff - Path: Packages/com.unity.render-pipelines.universal/Editor/AssetPostProcessors/ThreeDSMaterialDescriptionPostprocessor.cs - Importer: ScriptedImporter/UnityEditor.QuickSearchModule:UnityEditor.Search:ASIAI0B' with importer (ScriptedImporter : UnityEditor.QuickSearchModule:UnityEditor.Search:ASIAI0B)
Imported 'GUID: f0d43cb9fde29bd4cb1e030ee98868ff' -> (Import Result ID: '928fecb1756fcb84e20b3d1c7512d77f') in 0.003 seconds [static and dynamic dependencies]. Details - ImportResultOutputID=04c075e5d30976d15576f66d3836f2d6 DependenciesID=d22500d9253321ea783d0387774c5335 StaticDependenciesID=09738db6044081dad66438d582f875ca 
Number of updated asset objects reloaded before import = 0
Number of asset objects unloaded after import = 0
========================================================================
Received Import Request.
  Time of request: 2026-08-11T15:50:26.016986Z
  Time since last request: 0.000243 seconds.
  importAddress: GUID: c46f85bf266d7496d9b3659acfbdc711 - Path: Packages/com.unity.render-pipelines.universal/Shaders/LitInput.hlsl - Importer: ScriptedImporter/UnityEditor.QuickSearchModule:UnityEditor.Search:ASIAI0B
Importing 'GUID: c46f85bf266d7496d9b3659acfbdc711 - Path: Packages/com.unity.render-pipelines.universal/Shaders/LitInput.hlsl - Importer: ScriptedImporter/UnityEditor.QuickSearchModule:UnityEditor.Search:ASIAI0B' with importer (ScriptedImporter : UnityEditor.QuickSearchModule:UnityEditor.Search:ASIAI0B)
Imported 'GUID: c46f85bf266d7496d9b3659acfbdc711' -> (Import Result ID: '3563a9e4dcd843818ff5afd20b95c88e') in 0.003 seconds [static and dynamic dependencies]. Details - ImportResultOutputID=112b6fb4d90145001e194a57bd156147 DependenciesID=c20f33ea5f0b884cfcee5bd6060e0731 StaticDependenciesID=1f85c5f8d3b83aa9072b7109d7987531 
Number of updated asset objects reloaded before import = 0
Number of asset objects unloaded after import = 1
========================================================================
Received Import Request.
  Time of request: 2026-08-11T15:50:26.0303733Z
  Time since last request: 0.0003013 seconds.
  importAddress: GUID: 210f441e9bc1d0c4888c4369d2c0859f - Path: Packages/com.unity.render-pipelines.universal/Editor/2D/PixelPerfectCameraEditor.cs - Importer: ScriptedImporter/UnityEditor.QuickSearchModule:UnityEditor.Search:ASIAI0B
Importing 'GUID: 210f441e9bc1d0c4888c4369d2c0859f - Path: Packages/com.unity.render-pipelines.universal/Editor/2D/PixelPerfectCameraEditor.cs - Importer: ScriptedImporter/UnityEditor.QuickSearchModule:UnityEditor.Search:ASIAI0B' with importer (ScriptedImporter : UnityEditor.QuickSearchModule:UnityEditor.Search:ASIAI0B)
Imported 'GUID: 210f441e9bc1d0c4888c4369d2c0859f' -> (Import Result ID: '36f9376daa27f708ad855f263f36b730') in 0.005 seconds [static and dynamic dependencies]. Details - ImportResultOutputID=c0fe8632b35a54f16d844347dfbdebc6 DependenciesID=3b2b44f77d61d92c175a930d08c0eb3b StaticDependenciesID=d6990e82e3f3b7f42dbd4c981589909f 
Number of updated asset objects reloaded before import = 0
Number of asset objects unloaded after import = 0
========================================================================
Received Import Request.
  Time of request: 2026-08-11T15:50:26.046462Z
  Time since last request: 0.0003292 seconds.
  importAddress: GUID: 8fa338645a1097d4a8fbcbb438c289ca - Path: Packages/com.unity.render-pipelines.universal/Editor/AssetPostProcessors/ShaderGraphMaterialsUpdater.cs - Importer: ScriptedImporter/UnityEditor.QuickSearchModule:UnityEditor.Search:ASIAI0B
Importing 'GUID: 8fa338645a1097d4a8fbcbb438c289ca - Path: Packages/com.unity.render-pipelines.universal/Editor/AssetPostProcessors/ShaderGraphMaterialsUpdater.cs - Importer: ScriptedImporter/UnityEditor.QuickSearchModule:UnityEditor.Search:ASIAI0B' with importer (ScriptedImporter : UnityEditor.QuickSearchModule:UnityEditor.Search:ASIAI0B)
Imported 'GUID: 8fa338645a1097d4a8fbcbb438c289ca' -> (Import Result ID: '23e2245ce24f71ce56a0e7fc99718dff') in 0.003 seconds [static and dynamic dependencies]. Details - ImportResultOutputID=b8c0daffd39c7b2e97a7f9aeaad0e35c DependenciesID=e6e9d81003a11fb2ca98344fa9eb5027 StaticDependenciesID=bcc3bbd716b64ffc9ba57f08c15669c8 
Number of updated asset objects reloaded before import = 0
Number of asset objects unloaded after import = 0
========================================================================
Received Import Request.
  Time of request: 2026-08-11T15:50:26.0593221Z
  Time since last request: 0.0003864 seconds.
  importAddress: GUID: 0bc972c43bf3a8347aee5ba065c03157 - Path: Packages/com.unity.render-pipelines.universal/Editor/2D/CompositeShadowCaster2DEditor.cs - Importer: ScriptedImporter/UnityEditor.QuickSearchModule:UnityEditor.Search:ASIAI0B
Importing 'GUID: 0bc972c43bf3a8347aee5ba065c03157 - Path: Packages/com.unity.render-pipelines.universal/Editor/2D/CompositeShadowCaster2DEditor.cs - Importer: ScriptedImporter/UnityEditor.QuickSearchModule:UnityEditor.Search:ASIAI0B' with importer (ScriptedImporter : UnityEditor.QuickSearchModule:UnityEditor.Search:ASIAI0B)
Imported 'GUID: 0bc972c43bf3a8347aee5ba065c03157' -> (Import Result ID: '88b90e9a8b61a9c72071c05705c6bfec') in 0.003 seconds [static and dynamic dependencies]. Details - ImportResultOutputID=4ed64f2e9ec121a81d318eca4305c91b DependenciesID=46e1af52d6642702467dd48b0f731211 StaticDependenciesID=2b06c2cb397190cfa99fc7182c76cdd3 
Number of updated asset objects reloaded before import = 0
Number of asset objects unloaded after import = 0
========================================================================
Received Import Request.
  Time of request: 2026-08-11T15:50:26.0700796Z
  Time since last request: 0.0003517 seconds.
  importAddress: GUID: dcf4e762d48204e33b575f8007e3d563 - Path: Packages/com.unity.render-pipelines.universal/Shaders/LitMetaPass.hlsl - Importer: ScriptedImporter/UnityEditor.QuickSearchModule:UnityEditor.Search:ASIAI0B
Importing 'GUID: dcf4e762d48204e33b575f8007e3d563 - Path: Packages/com.unity.render-pipelines.universal/Shaders/LitMetaPass.hlsl - Importer: ScriptedImporter/UnityEditor.QuickSearchModule:UnityEditor.Search:ASIAI0B' with importer (ScriptedImporter : UnityEditor.QuickSearchModule:UnityEditor.Search:ASIAI0B)
Imported 'GUID: dcf4e762d48204e33b575f8007e3d563' -> (Import Result ID: 'ce20de1da8883caff8a53245f159a5e4') in 0.003 seconds [static and dynamic dependencies]. Details - ImportResultOutputID=3fa2729b267cf4c69bd04d8bbbfb97bc DependenciesID=734024cb6eb013e9f9825afbc458dcb2 StaticDependenciesID=588eaa35837918a358391625d75113fb 
Number of updated asset objects reloaded before import = 0
Number of asset objects unloaded after import = 1
========================================================================
Received Import Request.
  Time of request: 2026-08-11T15:50:26.1107504Z
  Time since last request: 0.0297026 seconds.
  importAddress: GUID: 51493ed8d97d3c24b94c6cffe834630b - Path: Packages/com.unity.render-pipelines.universal/Editor/ScriptTemplates/ScriptableRendererFeature.txt - Importer: ScriptedImporter/UnityEditor.QuickSearchModule:UnityEditor.Search:ASIAI0B
Importing 'GUID: 51493ed8d97d3c24b94c6cffe834630b - Path: Packages/com.unity.render-pipelines.universal/Editor/ScriptTemplates/ScriptableRendererFeature.txt - Importer: ScriptedImporter/UnityEditor.QuickSearchModule:UnityEditor.Search:ASIAI0B' with importer (ScriptedImporter : UnityEditor.QuickSearchModule:UnityEditor.Search:ASIAI0B)
Imported 'GUID: 51493ed8d97d3c24b94c6cffe834630b' -> (Import Result ID: '420aad66330d08d9df47688261a8d565') in 0.003 seconds [static and dynamic dependencies]. Details - ImportResultOutputID=51f6b142378d2b0885b880c080b75fec DependenciesID=e777fb997ab75c563c1e6380a5973080 StaticDependenciesID=b026afe7e1ad022f9ad637d329d396fb 
Number of updated asset objects reloaded before import = 0
Number of asset objects unloaded after import = 1
========================================================================
Received Import Request.
  Time of request: 2026-08-11T15:50:26.1217675Z
  Time since last request: 0.0005575 seconds.
  importAddress: GUID: ed534566ab68d00408f22fdba23b0848 - Path: Packages/com.unity.render-pipelines.universal/Editor/Decal/DisplacableRectHandles.cs - Importer: ScriptedImporter/UnityEditor.QuickSearchModule:UnityEditor.Search:ASIAI0B
Importing 'GUID: ed534566ab68d00408f22fdba23b0848 - Path: Packages/com.unity.render-pipelines.universal/Editor/Decal/DisplacableRectHandles.cs - Importer: ScriptedImporter/UnityEditor.QuickSearchModule:UnityEditor.Search:ASIAI0B' with importer (ScriptedImporter : UnityEditor.QuickSearchModule:UnityEditor.Search:ASIAI0B)
Imported 'GUID: ed534566ab68d00408f22fdba23b0848' -> (Import Result ID: 'baf807ca359408339d412a1cbece8265') in 0.003 seconds [static and dynamic dependencies]. Details - ImportResultOutputID=69ae35bdfef273bf526b34580dddef1e DependenciesID=170557cca5398cf2f2718f26a38ef931 StaticDependenciesID=73ad04b42eeef9466c9d98a90c68ce30 
Number of updated asset objects reloaded before import = 0
Number of asset objects unloaded after import = 0
========================================================================
Received Import Request.
  Time of request: 2026-08-11T15:50:26.1347851Z
  Time since last request: 0.0003317 seconds.
  importAddress: GUID: fc48c81d1dba94248b35e9384c12bc77 - Path: Packages/com.unity.render-pipelines.universal/Editor/Overrides/ChannelMixerEditor.cs - Importer: ScriptedImporter/UnityEditor.QuickSearchModule:UnityEditor.Search:ASIAI0B
Importing 'GUID: fc48c81d1dba94248b35e9384c12bc77 - Path: Packages/com.unity.render-pipelines.universal/Editor/Overrides/ChannelMixerEditor.cs - Importer: ScriptedImporter/UnityEditor.QuickSearchModule:UnityEditor.Search:ASIAI0B' with importer (ScriptedImporter : UnityEditor.QuickSearchModule:UnityEditor.Search:ASIAI0B)
Imported 'GUID: fc48c81d1dba94248b35e9384c12bc77' -> (Import Result ID: 'd10ca947952ab5d8359491a11a4cf9d7') in 0.004 seconds [static and dynamic dependencies]. Details - ImportResultOutputID=fe5da4c0a5dd17b49f46503bafc0036f DependenciesID=ebac6148834d4150c24522b2d8e4c212 StaticDependenciesID=7fe640bc20f2dbae6c207c0e70b68481 
Number of updated asset objects reloaded before import = 0
Number of asset objects unloaded after import = 0
========================================================================
Received Import Request.
  Time of request: 2026-08-11T15:50:26.1486885Z
  Time since last request: 0.0003198 seconds.
  importAddress: GUID: 8b4f00de1d40f4b4988c4f3cb7f4dcb9 - Path: Packages/com.unity.render-pipelines.universal/Editor/RendererFeatures/ScreenSpaceAmbientOcclusionEditor.cs - Importer: ScriptedImporter/UnityEditor.QuickSearchModule:UnityEditor.Search:ASIAI0B
Importing 'GUID: 8b4f00de1d40f4b4988c4f3cb7f4dcb9 - Path: Packages/com.unity.render-pipelines.universal/Editor/RendererFeatures/ScreenSpaceAmbientOcclusionEditor.cs - Importer: ScriptedImporter/UnityEditor.QuickSearchModule:UnityEditor.Search:ASIAI0B' with importer (ScriptedImporter : UnityEditor.QuickSearchModule:UnityEditor.Search:ASIAI0B)
Imported 'GUID: 8b4f00de1d40f4b4988c4f3cb7f4dcb9' -> (Import Result ID: '3fbe74dc370e29639c77eb2ec0e4380a') in 0.003 seconds [static and dynamic dependencies]. Details - ImportResultOutputID=7087576334198a9ca818dea8d33ad666 DependenciesID=78e64387a1ef8342837efb7a273507d9 StaticDependenciesID=c2de0437bcff26dfd0b66ce09930e896 
Number of updated asset objects reloaded before import = 0
Number of asset objects unloaded after import = 0
========================================================================
Received Import Request.
  Time of request: 2026-08-11T15:50:26.1613719Z
  Time since last request: 0.0003483 seconds.
  importAddress: GUID: aab14984951054bfc8673ef85a1b5017 - Path: Packages/com.unity.render-pipelines.universal/Editor/ShaderGraph/UniversalStructFields.cs - Importer: ScriptedImporter/UnityEditor.QuickSearchModule:UnityEditor.Search:ASIAI0B
Importing 'GUID: aab14984951054bfc8673ef85a1b5017 - Path: Packages/com.unity.render-pipelines.universal/Editor/ShaderGraph/UniversalStructFields.cs - Importer: ScriptedImporter/UnityEditor.QuickSearchModule:UnityEditor.Search:ASIAI0B' with importer (ScriptedImporter : UnityEditor.QuickSearchModule:UnityEditor.Search:ASIAI0B)
Imported 'GUID: aab14984951054bfc8673ef85a1b5017' -> (Import Result ID: 'ab5c9282277f753e7adf4e6f95bf78d8') in 0.003 seconds [static and dynamic dependencies]. Details - ImportResultOutputID=b4cb94fa9d9e427fc177b744bc8e6b0c DependenciesID=90a4eb35db55425777d9fe37df099e31 StaticDependenciesID=14e1077b446ef40e1bcd4e107095a8f0 
Number of updated asset objects reloaded before import = 0
Number of asset objects unloaded after import = 0
========================================================================
Received Import Request.
  Time of request: 2026-08-11T15:50:26.174714Z
  Time since last request: 0.0003915 seconds.
  importAddress: GUID: 95d59ef6d24484ca08922525945ef2ef - Path: Packages/com.unity.render-pipelines.universal/Editor/ShaderGraph/UniversalFields.cs - Importer: ScriptedImporter/UnityEditor.QuickSearchModule:UnityEditor.Search:ASIAI0B
Importing 'GUID: 95d59ef6d24484ca08922525945ef2ef - Path: Packages/com.unity.render-pipelines.universal/Editor/ShaderGraph/UniversalFields.cs - Importer: ScriptedImporter/UnityEditor.QuickSearchModule:UnityEditor.Search:ASIAI0B' with importer (ScriptedImporter : UnityEditor.QuickSearchModule:UnityEditor.Search:ASIAI0B)
Imported 'GUID: 95d59ef6d24484ca08922525945ef2ef' -> (Import Result ID: 'aaf25b1a745db1d517673d53a69b76e3') in 0.003 seconds [static and dynamic dependencies]. Details - ImportResultOutputID=936f317a83b5d2623338f077a38ff3c4 DependenciesID=2c0919fc78e0274f21b6bfe95eb03c6a StaticDependenciesID=2e84c3957386ca6dad8b9728c0385252 
Number of updated asset objects reloaded before import = 0
Number of asset objects unloaded after import = 0
========================================================================
Received Import Request.
  Time of request: 2026-08-11T15:50:26.1856441Z
  Time since last request: 0.0002884 seconds.
  importAddress: GUID: 5421f26576fd37c4c8a2389698c6a276 - Path: Packages/com.unity.render-pipelines.universal/Editor/Overrides/ColorLookupEditor.cs - Importer: ScriptedImporter/UnityEditor.QuickSearchModule:UnityEditor.Search:ASIAI0B
Importing 'GUID: 5421f26576fd37c4c8a2389698c6a276 - Path: Packages/com.unity.render-pipelines.universal/Editor/Overrides/ColorLookupEditor.cs - Importer: ScriptedImporter/UnityEditor.QuickSearchModule:UnityEditor.Search:ASIAI0B' with importer (ScriptedImporter : UnityEditor.QuickSearchModule:UnityEditor.Search:ASIAI0B)
Imported 'GUID: 5421f26576fd37c4c8a2389698c6a276' -> (Import Result ID: '713a176093529138c2261392d9af74d1') in 0.003 seconds [static and dynamic dependencies]. Details - ImportResultOutputID=e018a50033108c58317c4492daa64ffe DependenciesID=d8960a718f7eb4a239cb0195f0dc5995 StaticDependenciesID=6ebbfbfad4336a104350137cdea07dba 
Number of updated asset objects reloaded before import = 0
Number of asset objects unloaded after import = 0
========================================================================
Received Import Request.
  Time of request: 2026-08-11T15:50:26.1977949Z
  Time since last request: 0.0002561 seconds.
  importAddress: GUID: d79f23692575f9d4f894c5b5a4b0ccad - Path: Packages/com.unity.render-pipelines.universal/Editor/RendererFeatures/ScreenSpaceShadowsEditor.cs - Importer: ScriptedImporter/UnityEditor.QuickSearchModule:UnityEditor.Search:ASIAI0B
Importing 'GUID: d79f23692575f9d4f894c5b5a4b0ccad - Path: Packages/com.unity.render-pipelines.universal/Editor/RendererFeatures/ScreenSpaceShadowsEditor.cs - Importer: ScriptedImporter/UnityEditor.QuickSearchModule:UnityEditor.Search:ASIAI0B' with importer (ScriptedImporter : UnityEditor.QuickSearchModule:UnityEditor.Search:ASIAI0B)
Imported 'GUID: d79f23692575f9d4f894c5b5a4b0ccad' -> (Import Result ID: '4961038aac8448c6607c3ea510de8d3a') in 0.003 seconds [static and dynamic dependencies]. Details - ImportResultOutputID=a37a702ec297f76bf7c7963d031fe06e DependenciesID=d89a5af337bae7b4206f141cdd5bad49 StaticDependenciesID=2a50ef18cbe9bb191520d1b3cda10331 
Number of updated asset objects reloaded before import = 0
Number of asset objects unloaded after import = 0
========================================================================
Received Import Request.
  Time of request: 2026-08-11T15:50:26.2093221Z
  Time since last request: 0.0003104 seconds.
  importAddress: GUID: e4470a4bb8b24974a828f392bdcd4d0d - Path: Packages/com.unity.render-pipelines.universal/Editor/Decal/DecalShaderGraphGUI.cs - Importer: ScriptedImporter/UnityEditor.QuickSearchModule:UnityEditor.Search:ASIAI0B
Importing 'GUID: e4470a4bb8b24974a828f392bdcd4d0d - Path: Packages/com.unity.render-pipelines.universal/Editor/Decal/DecalShaderGraphGUI.cs - Importer: ScriptedImporter/UnityEditor.QuickSearchModule:UnityEditor.Search:ASIAI0B' with importer (ScriptedImporter : UnityEditor.QuickSearchModule:UnityEditor.Search:ASIAI0B)
Imported 'GUID: e4470a4bb8b24974a828f392bdcd4d0d' -> (Import Result ID: '1b65934428d7713ac7213591c28a5cc7') in 0.003 seconds [static and dynamic dependencies]. Details - ImportResultOutputID=34ac422a85c851b1198cc3e8448728b3 DependenciesID=497ee6fc54c194a478518e6afd7abe4f StaticDependenciesID=b3885fb1e80fa2b689d6e95b8dc3f3b0 
Number of updated asset objects reloaded before import = 0
Number of asset objects unloaded after import = 0
========================================================================
Received Import Request.
  Time of request: 2026-08-11T15:50:26.240141Z
  Time since last request: 0.0195989 seconds.
  importAddress: GUID: eb5fc605d29533f408188a3955e8c926 - Path: Packages/com.unity.render-pipelines.universal/Editor/VFXGraph/VFXURPLitPlanarPrimitiveOutput.cs - Importer: ScriptedImporter/UnityEditor.QuickSearchModule:UnityEditor.Search:ASIAI0B
Importing 'GUID: eb5fc605d29533f408188a3955e8c926 - Path: Packages/com.unity.render-pipelines.universal/Editor/VFXGraph/VFXURPLitPlanarPrimitiveOutput.cs - Importer: ScriptedImporter/UnityEditor.QuickSearchModule:UnityEditor.Search:ASIAI0B' with importer (ScriptedImporter : UnityEditor.QuickSearchModule:UnityEditor.Search:ASIAI0B)
Imported 'GUID: eb5fc605d29533f408188a3955e8c926' -> (Import Result ID: '08421575e95de333d51cc3e3b308445e') in 0.003 seconds [static and dynamic dependencies]. Details - ImportResultOutputID=d059d305efa0769a9243d76670ff1067 DependenciesID=9210bab980b59bbe01dce237f77a666f StaticDependenciesID=bd2841a5583284ef96bd8df50ae41436 
Number of updated asset objects reloaded before import = 0
Number of asset objects unloaded after import = 0
========================================================================
Received Import Request.
  Time of request: 2026-08-11T15:50:26.2529534Z
  Time since last request: 0.0010284 seconds.
  importAddress: GUID: 2b54c0ca113574ce495f3b706648b6d0 - Path: Packages/com.unity.render-pipelines.universal/Editor/ShaderGUI/ParticleGUI.cs - Importer: ScriptedImporter/UnityEditor.QuickSearchModule:UnityEditor.Search:ASIAI0B
Importing 'GUID: 2b54c0ca113574ce495f3b706648b6d0 - Path: Packages/com.unity.render-pipelines.universal/Editor/ShaderGUI/ParticleGUI.cs - Importer: ScriptedImporter/UnityEditor.QuickSearchModule:UnityEditor.Search:ASIAI0B' with importer (ScriptedImporter : UnityEditor.QuickSearchModule:UnityEditor.Search:ASIAI0B)
Imported 'GUID: 2b54c0ca113574ce495f3b706648b6d0' -> (Import Result ID: 'e9c239b700a9e498d032ffc1b5fbdb51') in 0.004 seconds [static and dynamic dependencies]. Details - ImportResultOutputID=6d0a03fe2dccb16d3942a633620c626b DependenciesID=f849cf8ba87b3607bf8e824971616984 StaticDependenciesID=b912fd58b8e6c6ca3fdba3dd658f2b3d 
Number of updated asset objects reloaded before import = 0
Number of asset objects unloaded after import = 0
========================================================================
Received Import Request.
  Time of request: 2026-08-11T15:50:26.2671584Z
  Time since last request: 0.0003762 seconds.
  importAddress: GUID: cd017e26c44959440b65ae797d9d4d90 - Path: Packages/com.unity.render-pipelines.universal/Runtime/Debug/UniversalRenderPipelineDebugDisplayStats.cs - Importer: ScriptedImporter/UnityEditor.QuickSearchModule:UnityEditor.Search:ASIAI0B
Importing 'GUID: cd017e26c44959440b65ae797d9d4d90 - Path: Packages/com.unity.render-pipelines.universal/Runtime/Debug/UniversalRenderPipelineDebugDisplayStats.cs - Importer: ScriptedImporter/UnityEditor.QuickSearchModule:UnityEditor.Search:ASIAI0B' with importer (ScriptedImporter : UnityEditor.QuickSearchModule:UnityEditor.Search:ASIAI0B)
Imported 'GUID: cd017e26c44959440b65ae797d9d4d90' -> (Import Result ID: 'b6a399cf138ce5991eb70ba75874e9bc') in 0.004 seconds [static and dynamic dependencies]. Details - ImportResultOutputID=2ef70a0a7fe216dc08112fd496ca4b1d DependenciesID=75f3b19c4821a201ce2e0d2b08a3e1e1 StaticDependenciesID=bd9fdf80a66197720db7dcdc9b0599fd 
Number of updated asset objects reloaded before import = 0
Number of asset objects unloaded after import = 0
========================================================================
Received Import Request.
  Time of request: 2026-08-11T15:50:26.2812245Z
  Time since last request: 0.0010306 seconds.
  importAddress: GUID: aadc678256814bc4948f5dec6dddd861 - Path: Packages/com.unity.render-pipelines.universal/Editor/VFXGraph/VFXDecalURPOutput.cs - Importer: ScriptedImporter/UnityEditor.QuickSearchModule:UnityEditor.Search:ASIAI0B
Importing 'GUID: aadc678256814bc4948f5dec6dddd861 - Path: Packages/com.unity.render-pipelines.universal/Editor/VFXGraph/VFXDecalURPOutput.cs - Importer: ScriptedImporter/UnityEditor.QuickSearchModule:UnityEditor.Search:ASIAI0B' with importer (ScriptedImporter : UnityEditor.QuickSearchModule:UnityEditor.Search:ASIAI0B)
Imported 'GUID: aadc678256814bc4948f5dec6dddd861' -> (Import Result ID: '04c0a79e999a79413dcb3e4d95f3dbfd') in 0.004 seconds [static and dynamic dependencies]. Details - ImportResultOutputID=1fd1852b53981b83093fc8f517fe21c8 DependenciesID=ce073e80038dbd4aa0553eb21b73a779 StaticDependenciesID=82df968697c0e3e0193dcd7e26f135c8 
Number of updated asset objects reloaded before import = 0
Number of asset objects unloaded after import = 0
========================================================================
Received Import Request.
  Time of request: 2026-08-11T15:50:26.2958241Z
  Time since last request: 0.0002552 seconds.
  importAddress: GUID: 388ad3b1dc9c6ae45b630f914fab638f - Path: Packages/com.unity.render-pipelines.universal/Editor/VFXGraph/VFXURPSubOutput.cs - Importer: ScriptedImporter/UnityEditor.QuickSearchModule:UnityEditor.Search:ASIAI0B
Importing 'GUID: 388ad3b1dc9c6ae45b630f914fab638f - Path: Packages/com.unity.render-pipelines.universal/Editor/VFXGraph/VFXURPSubOutput.cs - Importer: ScriptedImporter/UnityEditor.QuickSearchModule:UnityEditor.Search:ASIAI0B' with importer (ScriptedImporter : UnityEditor.QuickSearchModule:UnityEditor.Search:ASIAI0B)
Imported 'GUID: 388ad3b1dc9c6ae45b630f914fab638f' -> (Import Result ID: 'bd6bb376bc93532f99973734b5cd30c4') in 0.003 seconds [static and dynamic dependencies]. Details - ImportResultOutputID=1ac26fa5c1ede882356bd4665330d1d8 DependenciesID=56c5cac89fd5162756913709c42c3d39 StaticDependenciesID=29eeeb84ce9a06fc78f95693d5ef4a6b 
Number of updated asset objects reloaded before import = 0
Number of asset objects unloaded after import = 0
========================================================================
Received Import Request.
  Time of request: 2026-08-11T15:50:26.3066798Z
  Time since last request: 0.0002926 seconds.
  importAddress: GUID: 03143e7f435146a583815fb58bdbd8a2 - Path: Packages/com.unity.render-pipelines.universal/Runtime/Debug/UniversalRenderPipelineVolumeDebugSettings.deprecated.cs - Importer: ScriptedImporter/UnityEditor.QuickSearchModule:UnityEditor.Search:ASIAI0B
Importing 'GUID: 03143e7f435146a583815fb58bdbd8a2 - Path: Packages/com.unity.render-pipelines.universal/Runtime/Debug/UniversalRenderPipelineVolumeDebugSettings.deprecated.cs - Importer: ScriptedImporter/UnityEditor.QuickSearchModule:UnityEditor.Search:ASIAI0B' with importer (ScriptedImporter : UnityEditor.QuickSearchModule:UnityEditor.Search:ASIAI0B)
Imported 'GUID: 03143e7f435146a583815fb58bdbd8a2' -> (Import Result ID: '4b252a0ab542cc9dddd31dd5978a01f0') in 0.004 seconds [static and dynamic dependencies]. Details - ImportResultOutputID=cb6f5cafa6237ace5caa15b3d7131067 DependenciesID=a5d18bf0bbbd25905b0f5033e76d3d24 StaticDependenciesID=82e5f764a7374968544e51e723371718 
Number of updated asset objects reloaded before import = 0
Number of asset objects unloaded after import = 0
========================================================================
Received Import Request.
  Time of request: 2026-08-11T15:50:26.3221617Z
  Time since last request: 0.0002388 seconds.
  importAddress: GUID: c64a6e813af443b4864441f640dd1c9f - Path: Packages/com.unity.render-pipelines.universal/Runtime/2D/Renderer2DDataAuthoring.cs - Importer: ScriptedImporter/UnityEditor.QuickSearchModule:UnityEditor.Search:ASIAI0B
Importing 'GUID: c64a6e813af443b4864441f640dd1c9f - Path: Packages/com.unity.render-pipelines.universal/Runtime/2D/Renderer2DDataAuthoring.cs - Importer: ScriptedImporter/UnityEditor.QuickSearchModule:UnityEditor.Search:ASIAI0B' with importer (ScriptedImporter : UnityEditor.QuickSearchModule:UnityEditor.Search:ASIAI0B)
Imported 'GUID: c64a6e813af443b4864441f640dd1c9f' -> (Import Result ID: 'b85e1066261e9aa20615b578fb779778') in 0.003 seconds [static and dynamic dependencies]. Details - ImportResultOutputID=f6b04f4e456ec84737216e6c1e71a241 DependenciesID=7ec5beecb0f0bb3258f7e13fc76ee2da StaticDependenciesID=e9b1f990d43c10205d62167d4954c0d3 
Number of updated asset objects reloaded before import = 0
Number of asset objects unloaded after import = 0
========================================================================
Received Import Request.
  Time of request: 2026-08-11T15:50:26.3322771Z
  Time since last request: 0.0003149 seconds.
  importAddress: GUID: e3df3f6511ee9d84fb93259d602ff2e5 - Path: Packages/com.unity.render-pipelines.universal/Runtime/Debug/DebugDisplaySettingsLighting.cs - Importer: ScriptedImporter/UnityEditor.QuickSearchModule:UnityEditor.Search:ASIAI0B
Importing 'GUID: e3df3f6511ee9d84fb93259d602ff2e5 - Path: Packages/com.unity.render-pipelines.universal/Runtime/Debug/DebugDisplaySettingsLighting.cs - Importer: ScriptedImporter/UnityEditor.QuickSearchModule:UnityEditor.Search:ASIAI0B' with importer (ScriptedImporter : UnityEditor.QuickSearchModule:UnityEditor.Search:ASIAI0B)
Imported 'GUID: e3df3f6511ee9d84fb93259d602ff2e5' -> (Import Result ID: '0a3d34d322e0ead981d7b1523ca3ecd8') in 0.003 seconds [static and dynamic dependencies]. Details - ImportResultOutputID=b1a61cf577a6980aceb94e3c4bc59a74 DependenciesID=4dca1a7b182695baeb700657f28a19b0 StaticDependenciesID=adc0cc56e5c438350d90f07e2fc70887 
Number of updated asset objects reloaded before import = 0
Number of asset objects unloaded after import = 0
========================================================================
Received Import Request.
  Time of request: 2026-08-11T15:50:26.3769409Z
  Time since last request: 0.0340702 seconds.
  importAddress: GUID: 70afe9e12c7a7ed47911bb608a23a8ff - Path: Packages/com.unity.render-pipelines.universal/Runtime/Overrides/SplitToning.cs - Importer: ScriptedImporter/UnityEditor.QuickSearchModule:UnityEditor.Search:ASIAI0B
Importing 'GUID: 70afe9e12c7a7ed47911bb608a23a8ff - Path: Packages/com.unity.render-pipelines.universal/Runtime/Overrides/SplitToning.cs - Importer: ScriptedImporter/UnityEditor.QuickSearchModule:UnityEditor.Search:ASIAI0B' with importer (ScriptedImporter : UnityEditor.QuickSearchModule:UnityEditor.Search:ASIAI0B)
Imported 'GUID: 70afe9e12c7a7ed47911bb608a23a8ff' -> (Import Result ID: 'b6903b5cd6c359383d35ef46950709d1') in 0.003 seconds [static and dynamic dependencies]. Details - ImportResultOutputID=64fecfe1a92699b5d9a6fba9947edce1 DependenciesID=265a81fb9ee045223f943035aa7ab46e StaticDependenciesID=e87d9d42185e9420f8ad5cdfabf72a48 
Number of updated asset objects reloaded before import = 0
Number of asset objects unloaded after import = 0
========================================================================
Received Import Request.
  Time of request: 2026-08-11T15:50:26.3907639Z
  Time since last request: 0.0006256 seconds.
  importAddress: GUID: 6fa1a543f4721444d94e0b3200fa22a8 - Path: Packages/com.unity.render-pipelines.universal/Runtime/Passes/AdditionalLightsShadowAtlasLayout.cs - Importer: ScriptedImporter/UnityEditor.QuickSearchModule:UnityEditor.Search:ASIAI0B
Importing 'GUID: 6fa1a543f4721444d94e0b3200fa22a8 - Path: Packages/com.unity.render-pipelines.universal/Runtime/Passes/AdditionalLightsShadowAtlasLayout.cs - Importer: ScriptedImporter/UnityEditor.QuickSearchModule:UnityEditor.Search:ASIAI0B' with importer (ScriptedImporter : UnityEditor.QuickSearchModule:UnityEditor.Search:ASIAI0B)
Imported 'GUID: 6fa1a543f4721444d94e0b3200fa22a8' -> (Import Result ID: '7a74909b50be1dd4d07630908dfae8ac') in 0.004 seconds [static and dynamic dependencies]. Details - ImportResultOutputID=5043072e1a8e7a049ceacd88fdd8c1e6 DependenciesID=edca61cade1582c2eb9b6f14455b2f03 StaticDependenciesID=615d6afe8bab3e0aa7f6e96e89451a27 
Number of updated asset objects reloaded before import = 0
Number of asset objects unloaded after import = 0
========================================================================
Received Import Request.
  Time of request: 2026-08-11T15:50:26.4038519Z
  Time since last request: 0.0004644 seconds.
  importAddress: GUID: 5485954d14dfb9a4c8ead8edb0ded5b1 - Path: Packages/com.unity.render-pipelines.universal/Runtime/Overrides/LiftGammaGain.cs - Importer: ScriptedImporter/UnityEditor.QuickSearchModule:UnityEditor.Search:ASIAI0B
Importing 'GUID: 5485954d14dfb9a4c8ead8edb0ded5b1 - Path: Packages/com.unity.render-pipelines.universal/Runtime/Overrides/LiftGammaGain.cs - Importer: ScriptedImporter/UnityEditor.QuickSearchModule:UnityEditor.Search:ASIAI0B' with importer (ScriptedImporter : UnityEditor.QuickSearchModule:UnityEditor.Search:ASIAI0B)
Imported 'GUID: 5485954d14dfb9a4c8ead8edb0ded5b1' -> (Import Result ID: 'a72948d5f4a2845a64d6641a45e2db87') in 0.004 seconds [static and dynamic dependencies]. Details - ImportResultOutputID=1d993a5223b077d9b190df6bbe8d43fb DependenciesID=745f9d3117c13f289caf38ba35510921 StaticDependenciesID=dfbcc5240dce2cd44b6e633734ccd66b 
Number of updated asset objects reloaded before import = 0
Number of asset objects unloaded after import = 0
========================================================================
Received Import Request.
  Time of request: 2026-08-11T15:50:26.4180969Z
  Time since last request: 0.0002243 seconds.
  importAddress: GUID: 9dfc825aed78fcd4ba02077103263b40 - Path: Packages/com.unity.render-pipelines.universal/Runtime/Materials/Sprite-Unlit-Default.mat - Importer: ScriptedImporter/UnityEditor.QuickSearchModule:UnityEditor.Search:ASIAI0B
Importing 'GUID: 9dfc825aed78fcd4ba02077103263b40 - Path: Packages/com.unity.render-pipelines.universal/Runtime/Materials/Sprite-Unlit-Default.mat - Importer: ScriptedImporter/UnityEditor.QuickSearchModule:UnityEditor.Search:ASIAI0B' with importer (ScriptedImporter : UnityEditor.QuickSearchModule:UnityEditor.Search:ASIAI0B)
Imported 'GUID: 9dfc825aed78fcd4ba02077103263b40' -> (Import Result ID: 'ecc5e59256cdf05edc880efddc206c04') in 0.004 seconds [static and dynamic dependencies]. Details - ImportResultOutputID=741412bc0ef3913c24a52a4945eeab65 DependenciesID=baadd071f1359bcafeb647b2cb47e909 StaticDependenciesID=0713110006278683dea918178fad4528 
Number of updated asset objects reloaded before import = 0
Number of asset objects unloaded after import = 1
========================================================================
Received Import Request.
  Time of request: 2026-08-11T15:50:26.4321781Z
  Time since last request: 0.0002472 seconds.
  importAddress: GUID: 97c23e3b12dc18c42a140437e53d3951 - Path: Packages/com.unity.render-pipelines.universal/Runtime/Overrides/Tonemapping.cs - Importer: ScriptedImporter/UnityEditor.QuickSearchModule:UnityEditor.Search:ASIAI0B
Importing 'GUID: 97c23e3b12dc18c42a140437e53d3951 - Path: Packages/com.unity.render-pipelines.universal/Runtime/Overrides/Tonemapping.cs - Importer: ScriptedImporter/UnityEditor.QuickSearchModule:UnityEditor.Search:ASIAI0B' with importer (ScriptedImporter : UnityEditor.QuickSearchModule:UnityEditor.Search:ASIAI0B)
Imported 'GUID: 97c23e3b12dc18c42a140437e53d3951' -> (Import Result ID: '14d75588ffd0889fcaabf8e7292fedd3') in 0.004 seconds [static and dynamic dependencies]. Details - ImportResultOutputID=730bb8e16f5d296bfcb4344063f9c9fa DependenciesID=1f2878e8cabd287e14ab63163d1345ab StaticDependenciesID=675f6a1da2b9661b7460105af792eef7 
Number of updated asset objects reloaded before import = 0
Number of asset objects unloaded after import = 0
========================================================================
Received Import Request.
  Time of request: 2026-08-11T15:50:26.4438628Z
  Time since last request: 0.000346 seconds.
  importAddress: GUID: 9eac74bd55c9f7248a432b8e8725366c - Path: Packages/com.unity.render-pipelines.universal/Runtime/History/StpHistory.cs - Importer: ScriptedImporter/UnityEditor.QuickSearchModule:UnityEditor.Search:ASIAI0B
Importing 'GUID: 9eac74bd55c9f7248a432b8e8725366c - Path: Packages/com.unity.render-pipelines.universal/Runtime/History/StpHistory.cs - Importer: ScriptedImporter/UnityEditor.QuickSearchModule:UnityEditor.Search:ASIAI0B' with importer (ScriptedImporter : UnityEditor.QuickSearchModule:UnityEditor.Search:ASIAI0B)
Imported 'GUID: 9eac74bd55c9f7248a432b8e8725366c' -> (Import Result ID: 'bd11dbf4b2a558a92944627544f90203') in 0.003 seconds [static and dynamic dependencies]. Details - ImportResultOutputID=0006c400cf4297849a8f44cdddbfaf5f DependenciesID=eefb08708660cf0e367d8377575f3953 StaticDependenciesID=a6b9aa94548d1b2d99b16628ec52aebe 
Number of updated asset objects reloaded before import = 0
Number of asset objects unloaded after import = 0
========================================================================
Received Import Request.
  Time of request: 2026-08-11T15:50:26.457569Z
  Time since last request: 0.0002896 seconds.
  importAddress: GUID: 29fa0085f50d5e54f8144f766051a691 - Path: Packages/com.unity.render-pipelines.universal/Runtime/Overrides/FilmGrain.cs - Importer: ScriptedImporter/UnityEditor.QuickSearchModule:UnityEditor.Search:ASIAI0B
Importing 'GUID: 29fa0085f50d5e54f8144f766051a691 - Path: Packages/com.unity.render-pipelines.universal/Runtime/Overrides/FilmGrain.cs - Importer: ScriptedImporter/UnityEditor.QuickSearchModule:UnityEditor.Search:ASIAI0B' with importer (ScriptedImporter : UnityEditor.QuickSearchModule:UnityEditor.Search:ASIAI0B)
Imported 'GUID: 29fa0085f50d5e54f8144f766051a691' -> (Import Result ID: '3d3c39dc4c144dce32e4dbfb57fd42ac') in 0.003 seconds [static and dynamic dependencies]. Details - ImportResultOutputID=807ecbbddb24dc8830ff6f55b7516231 DependenciesID=35c640e5ebf727a1ea3813af4ff61818 StaticDependenciesID=2fdcc7695860c37ec234d597f272d3b0 
Number of updated asset objects reloaded before import = 0
Number of asset objects unloaded after import = 0
========================================================================
Received Import Request.
  Time of request: 2026-08-11T15:50:26.4682881Z
  Time since last request: 0.0003088 seconds.
  importAddress: GUID: 3eb4b772797da9440885e8bd939e9560 - Path: Packages/com.unity.render-pipelines.universal/Runtime/Overrides/ColorCurves.cs - Importer: ScriptedImporter/UnityEditor.QuickSearchModule:UnityEditor.Search:ASIAI0B
Importing 'GUID: 3eb4b772797da9440885e8bd939e9560 - Path: Packages/com.unity.render-pipelines.universal/Runtime/Overrides/ColorCurves.cs - Importer: ScriptedImporter/UnityEditor.QuickSearchModule:UnityEditor.Search:ASIAI0B' with importer (ScriptedImporter : UnityEditor.QuickSearchModule:UnityEditor.Search:ASIAI0B)
Imported 'GUID: 3eb4b772797da9440885e8bd939e9560' -> (Import Result ID: '3fe0bbd649da4c6472a31df5ca8742ae') in 0.003 seconds [static and dynamic dependencies]. Details - ImportResultOutputID=baa40d517866cbc35d5bdf534e26a4c2 DependenciesID=9435e421fb2187dd1a2e3cc86ed6a9bb StaticDependenciesID=f6164a12908dee06a4646ce95b1db64f 
Number of updated asset objects reloaded before import = 0
Number of asset objects unloaded after import = 0
========================================================================
Received Import Request.
  Time of request: 2026-08-11T15:50:26.4889309Z
  Time since last request: 0.0102483 seconds.
  importAddress: GUID: 35922f772e2f746e0a76b49701b8c04a - Path: Packages/com.unity.render-pipelines.universal/Runtime/Settings/URPReflectionProbeSettings.cs - Importer: ScriptedImporter/UnityEditor.QuickSearchModule:UnityEditor.Search:ASIAI0B
Importing 'GUID: 35922f772e2f746e0a76b49701b8c04a - Path: Packages/com.unity.render-pipelines.universal/Runtime/Settings/URPReflectionProbeSettings.cs - Importer: ScriptedImporter/UnityEditor.QuickSearchModule:UnityEditor.Search:ASIAI0B' with importer (ScriptedImporter : UnityEditor.QuickSearchModule:UnityEditor.Search:ASIAI0B)
Imported 'GUID: 35922f772e2f746e0a76b49701b8c04a' -> (Import Result ID: '1020bec8ead6efac189236bf6444161f') in 0.003 seconds [static and dynamic dependencies]. Details - ImportResultOutputID=06baac7150d19ad3c6bccf475903091c DependenciesID=54623c6aac8b6dcce718cc4c7e99ffce StaticDependenciesID=d2e25d204d87f1acfb59756978f22932 
Number of updated asset objects reloaded before import = 0
Number of asset objects unloaded after import = 0
========================================================================
Received Import Request.
  Time of request: 2026-08-11T15:50:26.5008404Z
  Time since last request: 0.001213 seconds.
  importAddress: GUID: e260cfa7296ee7642b167f1eb5be5023 - Path: Packages/com.unity.render-pipelines.universal/Shaders/2D/Sprite-Lit-Default.shader - Importer: ScriptedImporter/UnityEditor.QuickSearchModule:UnityEditor.Search:ASIAI0B
Importing 'GUID: e260cfa7296ee7642b167f1eb5be5023 - Path: Packages/com.unity.render-pipelines.universal/Shaders/2D/Sprite-Lit-Default.shader - Importer: ScriptedImporter/UnityEditor.QuickSearchModule:UnityEditor.Search:ASIAI0B' with importer (ScriptedImporter : UnityEditor.QuickSearchModule:UnityEditor.Search:ASIAI0B)
Imported 'GUID: e260cfa7296ee7642b167f1eb5be5023' -> (Import Result ID: 'dd841edd116504943325e7f22d38db23') in 0.005 seconds [static and dynamic dependencies]. Details - ImportResultOutputID=acc02ce91b8bddcf8ae9c38cc7ba73aa DependenciesID=b9ae01177cbed25688f81ab363d66a57 StaticDependenciesID=b14c273254ae0e774728127188b4ea78 
Number of updated asset objects reloaded before import = 0
Number of asset objects unloaded after import = 1
========================================================================
Received Import Request.
  Time of request: 2026-08-11T15:50:26.5154846Z
  Time since last request: 0.0002936 seconds.
  importAddress: GUID: a70b6c101edaa442a80370b0d514fb3c - Path: Packages/com.unity.render-pipelines.universal/ShaderLibrary/LightCookie/LightCookieInput.hlsl - Importer: ScriptedImporter/UnityEditor.QuickSearchModule:UnityEditor.Search:ASIAI0B
Importing 'GUID: a70b6c101edaa442a80370b0d514fb3c - Path: Packages/com.unity.render-pipelines.universal/ShaderLibrary/LightCookie/LightCookieInput.hlsl - Importer: ScriptedImporter/UnityEditor.QuickSearchModule:UnityEditor.Search:ASIAI0B' with importer (ScriptedImporter : UnityEditor.QuickSearchModule:UnityEditor.Search:ASIAI0B)
Imported 'GUID: a70b6c101edaa442a80370b0d514fb3c' -> (Import Result ID: 'e3a5daedc0ab66a7b49f98313b186950') in 0.005 seconds [static and dynamic dependencies]. Details - ImportResultOutputID=2310df9fd3e2c11733ed889aa1b47d39 DependenciesID=266ec936a419c8d1bade5b9399995b17 StaticDependenciesID=0b6b3560811a4f18f4833288d13e9a38 
Number of updated asset objects reloaded before import = 0
Number of asset objects unloaded after import = 1
========================================================================
Received Import Request.
  Time of request: 2026-08-11T15:50:26.5300924Z
  Time since last request: 0.0002835 seconds.
  importAddress: GUID: dbd10d839f22d4127aeb9851dfed8caa - Path: Packages/com.unity.render-pipelines.universal/Runtime/Passes/RenderObjectsPass.cs - Importer: ScriptedImporter/UnityEditor.QuickSearchModule:UnityEditor.Search:ASIAI0B
Importing 'GUID: dbd10d839f22d4127aeb9851dfed8caa - Path: Packages/com.unity.render-pipelines.universal/Runtime/Passes/RenderObjectsPass.cs - Importer: ScriptedImporter/UnityEditor.QuickSearchModule:UnityEditor.Search:ASIAI0B' with importer (ScriptedImporter : UnityEditor.QuickSearchModule:UnityEditor.Search:ASIAI0B)
Imported 'GUID: dbd10d839f22d4127aeb9851dfed8caa' -> (Import Result ID: '74795b958b1def6e7f168834583828ec') in 0.003 seconds [static and dynamic dependencies]. Details - ImportResultOutputID=f4de12720dc715d5221fefeb9cc27468 DependenciesID=f630d5b7dd48b8b3f03705a0dc7a317d StaticDependenciesID=bbcaf758bd7d838701bd1e85c23b3e7a 
Number of updated asset objects reloaded before import = 0
Number of asset objects unloaded after import = 0
========================================================================
Received Import Request.
  Time of request: 2026-08-11T15:50:26.5419356Z
  Time since last request: 0.0004302 seconds.
  importAddress: GUID: a246c6096818ee346906368fd723c112 - Path: Packages/com.unity.render-pipelines.universal/Runtime/Passes/StencilCrossFadeRenderPass.cs - Importer: ScriptedImporter/UnityEditor.QuickSearchModule:UnityEditor.Search:ASIAI0B
Importing 'GUID: a246c6096818ee346906368fd723c112 - Path: Packages/com.unity.render-pipelines.universal/Runtime/Passes/StencilCrossFadeRenderPass.cs - Importer: ScriptedImporter/UnityEditor.QuickSearchModule:UnityEditor.Search:ASIAI0B' with importer (ScriptedImporter : UnityEditor.QuickSearchModule:UnityEditor.Search:ASIAI0B)
Imported 'GUID: a246c6096818ee346906368fd723c112' -> (Import Result ID: 'fca11abfba567a07350f53e24a42804d') in 0.003 seconds [static and dynamic dependencies]. Details - ImportResultOutputID=b6699bc215d03a4a76fcc63aabb1b84c DependenciesID=a610a0144e81f2ee55833b3e1338df05 StaticDependenciesID=48a007ec347e5fbde3327015957dafc9 
Number of updated asset objects reloaded before import = 0
Number of asset objects unloaded after import = 0
========================================================================
Received Import Request.
  Time of request: 2026-08-11T15:50:26.555384Z
  Time since last request: 0.0003857 seconds.
  importAddress: GUID: b36ba7cbaee8126479c1513e0e95ece8 - Path: Packages/com.unity.render-pipelines.universal/Runtime/RenderPipelineResources/UniversalRenderPipelineEditorMaterials.cs - Importer: ScriptedImporter/UnityEditor.QuickSearchModule:UnityEditor.Search:ASIAI0B
Importing 'GUID: b36ba7cbaee8126479c1513e0e95ece8 - Path: Packages/com.unity.render-pipelines.universal/Runtime/RenderPipelineResources/UniversalRenderPipelineEditorMaterials.cs - Importer: ScriptedImporter/UnityEditor.QuickSearchModule:UnityEditor.Search:ASIAI0B' with importer (ScriptedImporter : UnityEditor.QuickSearchModule:UnityEditor.Search:ASIAI0B)
Imported 'GUID: b36ba7cbaee8126479c1513e0e95ece8' -> (Import Result ID: '4ce71a2f91b6995ab412838e97f87eab') in 0.003 seconds [static and dynamic dependencies]. Details - ImportResultOutputID=61bb38a0ac70757f746ccc6a04dc06d6 DependenciesID=2d2d1f6a755e0f20de993cb1b8edaf67 StaticDependenciesID=f5d0f68b5f05a5b592386b8c21f4bd3a 
Number of updated asset objects reloaded before import = 0
Number of asset objects unloaded after import = 0
========================================================================
Received Import Request.
  Time of request: 2026-08-11T15:50:26.5666055Z
  Time since last request: 0.0003238 seconds.
  importAddress: GUID: 448811f26ae38ae4cbb2edb0d2b9186c - Path: Packages/com.unity.render-pipelines.universal/ShaderLibrary/Debug/DebugViewEnums.cs.hlsl - Importer: ScriptedImporter/UnityEditor.QuickSearchModule:UnityEditor.Search:ASIAI0B
Importing 'GUID: 448811f26ae38ae4cbb2edb0d2b9186c - Path: Packages/com.unity.render-pipelines.universal/ShaderLibrary/Debug/DebugViewEnums.cs.hlsl - Importer: ScriptedImporter/UnityEditor.QuickSearchModule:UnityEditor.Search:ASIAI0B' with importer (ScriptedImporter : UnityEditor.QuickSearchModule:UnityEditor.Search:ASIAI0B)
Imported 'GUID: 448811f26ae38ae4cbb2edb0d2b9186c' -> (Import Result ID: '6f0fe63bd899b4d60a85752b33cae730') in 0.003 seconds [static and dynamic dependencies]. Details - ImportResultOutputID=661df6148780a36cffdd6a389164be42 DependenciesID=cd670b8c1ccba7283f88f2988534111b StaticDependenciesID=cfa20252e5ae949884f9a941c2028ed8 
Number of updated asset objects reloaded before import = 0
Number of asset objects unloaded after import = 1
========================================================================
Received Import Request.
  Time of request: 2026-08-11T15:50:26.5788957Z
  Time since last request: 0.0003253 seconds.
  importAddress: GUID: f62c9c65cf3354c93be831c8bc075510 - Path: Packages/com.unity.render-pipelines.universal/Runtime/RendererFeatures/ScreenSpaceAmbientOcclusion.cs - Importer: ScriptedImporter/UnityEditor.QuickSearchModule:UnityEditor.Search:ASIAI0B
Importing 'GUID: f62c9c65cf3354c93be831c8bc075510 - Path: Packages/com.unity.render-pipelines.universal/Runtime/RendererFeatures/ScreenSpaceAmbientOcclusion.cs - Importer: ScriptedImporter/UnityEditor.QuickSearchModule:UnityEditor.Search:ASIAI0B' with importer (ScriptedImporter : UnityEditor.QuickSearchModule:UnityEditor.Search:ASIAI0B)
Imported 'GUID: f62c9c65cf3354c93be831c8bc075510' -> (Import Result ID: '650220213b0e082a7e53de0eb7ccb55f') in 0.003 seconds [static and dynamic dependencies]. Details - ImportResultOutputID=e86b6b27963bced8f17060c2557ac9c7 DependenciesID=859e3729d55daa5663bd35e93568b469 StaticDependenciesID=31ee2f4d0f3be7b5838d7aa1aafaf103 
Number of updated asset objects reloaded before import = 0
Number of asset objects unloaded after import = 0
========================================================================
Received Import Request.
  Time of request: 2026-08-11T15:50:26.6044858Z
  Time since last request: 0.0127741 seconds.
  importAddress: GUID: 5ec81c81908db34429b4f6ddecadd3bd - Path: Packages/com.unity.render-pipelines.universal/Shaders/Nature/SpeedTree7Billboard.shader - Importer: ScriptedImporter/UnityEditor.QuickSearchModule:UnityEditor.Search:ASIAI0B
Importing 'GUID: 5ec81c81908db34429b4f6ddecadd3bd - Path: Packages/com.unity.render-pipelines.universal/Shaders/Nature/SpeedTree7Billboard.shader - Importer: ScriptedImporter/UnityEditor.QuickSearchModule:UnityEditor.Search:ASIAI0B' with importer (ScriptedImporter : UnityEditor.QuickSearchModule:UnityEditor.Search:ASIAI0B)
Imported 'GUID: 5ec81c81908db34429b4f6ddecadd3bd' -> (Import Result ID: '63ef67bb5f774e45c8e48218dd22c08d') in 0.004 seconds [static and dynamic dependencies]. Details - ImportResultOutputID=475c780bf9c2412178580e2a1979d3f4 DependenciesID=452cc8f7c60748b86d4d61a588023868 StaticDependenciesID=20025abead5dcfec8421046e29a9e9ba 
Number of updated asset objects reloaded before import = 0
Number of asset objects unloaded after import = 1
========================================================================
Received Import Request.
  Time of request: 2026-08-11T15:50:26.6168003Z
  Time since last request: 0.0007008 seconds.
  importAddress: GUID: a8d5c97876fe84413b2f630e2debf75b - Path: Packages/com.unity.render-pipelines.universal/Shaders/Particles/ParticlesLitForwardPass.hlsl - Importer: ScriptedImporter/UnityEditor.QuickSearchModule:UnityEditor.Search:ASIAI0B
Importing 'GUID: a8d5c97876fe84413b2f630e2debf75b - Path: Packages/com.unity.render-pipelines.universal/Shaders/Particles/ParticlesLitForwardPass.hlsl - Importer: ScriptedImporter/UnityEditor.QuickSearchModule:UnityEditor.Search:ASIAI0B' with importer (ScriptedImporter : UnityEditor.QuickSearchModule:UnityEditor.Search:ASIAI0B)
Imported 'GUID: a8d5c97876fe84413b2f630e2debf75b' -> (Import Result ID: '916097a33cb8cd482dcc5fe350c2dffd') in 0.003 seconds [static and dynamic dependencies]. Details - ImportResultOutputID=82eaa777ff8e3320b861e0ee6adaba8c DependenciesID=0bae9675ef068fcd6331af19a2e78d3d StaticDependenciesID=e822b9e03b7828d614c884795f6361bd 
Number of updated asset objects reloaded before import = 0
Number of asset objects unloaded after import = 1
========================================================================
Received Import Request.
  Time of request: 2026-08-11T15:50:26.6285415Z
  Time since last request: 0.0003322 seconds.
  importAddress: GUID: e9fc1df17be32ac41a7186d571c669d5 - Path: Packages/com.unity.render-pipelines.universal/Shaders/Nature/SpeedTree8Input.hlsl - Importer: ScriptedImporter/UnityEditor.QuickSearchModule:UnityEditor.Search:ASIAI0B
Importing 'GUID: e9fc1df17be32ac41a7186d571c669d5 - Path: Packages/com.unity.render-pipelines.universal/Shaders/Nature/SpeedTree8Input.hlsl - Importer: ScriptedImporter/UnityEditor.QuickSearchModule:UnityEditor.Search:ASIAI0B' with importer (ScriptedImporter : UnityEditor.QuickSearchModule:UnityEditor.Search:ASIAI0B)
Imported 'GUID: e9fc1df17be32ac41a7186d571c669d5' -> (Import Result ID: '67cbe332b5e35e61b758692f16441988') in 0.003 seconds [static and dynamic dependencies]. Details - ImportResultOutputID=7265c8b11dd6f3dc59833830520454ef DependenciesID=4663531e753571b8896acb4c9cb00d3a StaticDependenciesID=5dc17487907a44b156a4c91ec8384356 
Number of updated asset objects reloaded before import = 0
Number of asset objects unloaded after import = 1
========================================================================
Received Import Request.
  Time of request: 2026-08-11T15:50:26.6429736Z
  Time since last request: 0.0009303 seconds.
  importAddress: GUID: 6cda457ac28612740adb23da5d39ea92 - Path: Packages/com.unity.render-pipelines.universal/Shaders/PostProcessing/LensFlareDataDriven.shader - Importer: ScriptedImporter/UnityEditor.QuickSearchModule:UnityEditor.Search:ASIAI0B
Importing 'GUID: 6cda457ac28612740adb23da5d39ea92 - Path: Packages/com.unity.render-pipelines.universal/Shaders/PostProcessing/LensFlareDataDriven.shader - Importer: ScriptedImporter/UnityEditor.QuickSearchModule:UnityEditor.Search:ASIAI0B' with importer (ScriptedImporter : UnityEditor.QuickSearchModule:UnityEditor.Search:ASIAI0B)
Imported 'GUID: 6cda457ac28612740adb23da5d39ea92' -> (Import Result ID: '77580474e442b9d1c2fb6bea17a7542c') in 0.004 seconds [static and dynamic dependencies]. Details - ImportResultOutputID=ea67fb46a8d91bf053e101fa57ea40ad DependenciesID=3d799df89221a402280d191eef85135c StaticDependenciesID=0f78a456e23a221b6114fedd5a065de6 
Number of updated asset objects reloaded before import = 0
Number of asset objects unloaded after import = 1
========================================================================
Received Import Request.
  Time of request: 2026-08-11T15:50:26.6553844Z
  Time since last request: 0.0003875 seconds.
  importAddress: GUID: a3129e299d0744bb7bd42c2cea7cea2b - Path: Packages/com.unity.render-pipelines.universal/Shaders/Particles/ParticlesLitInput.hlsl - Importer: ScriptedImporter/UnityEditor.QuickSearchModule:UnityEditor.Search:ASIAI0B
Importing 'GUID: a3129e299d0744bb7bd42c2cea7cea2b - Path: Packages/com.unity.render-pipelines.universal/Shaders/Particles/ParticlesLitInput.hlsl - Importer: ScriptedImporter/UnityEditor.QuickSearchModule:UnityEditor.Search:ASIAI0B' with importer (ScriptedImporter : UnityEditor.QuickSearchModule:UnityEditor.Search:ASIAI0B)
Imported 'GUID: a3129e299d0744bb7bd42c2cea7cea2b' -> (Import Result ID: '7054bb0a2ab86192904a1cdd9e1e0f7e') in 0.003 seconds [static and dynamic dependencies]. Details - ImportResultOutputID=6453c468fe305a5e196901f5494fdf41 DependenciesID=a95471691b643a152732fd66f438799f StaticDependenciesID=8db188cd11617b26d5f2338de38c903a 
Number of updated asset objects reloaded before import = 0
Number of asset objects unloaded after import = 1
========================================================================
Received Import Request.
  Time of request: 2026-08-11T15:50:26.6681367Z
  Time since last request: 0.0005674 seconds.
  importAddress: GUID: e9795406c7fc049d2b125cce47405fa9 - Path: Packages/com.unity.render-pipelines.universal/Shaders/Particles/ParticlesDepthOnlyPass.hlsl - Importer: ScriptedImporter/UnityEditor.QuickSearchModule:UnityEditor.Search:ASIAI0B
Importing 'GUID: e9795406c7fc049d2b125cce47405fa9 - Path: Packages/com.unity.render-pipelines.universal/Shaders/Particles/ParticlesDepthOnlyPass.hlsl - Importer: ScriptedImporter/UnityEditor.QuickSearchModule:UnityEditor.Search:ASIAI0B' with importer (ScriptedImporter : UnityEditor.QuickSearchModule:UnityEditor.Search:ASIAI0B)
Imported 'GUID: e9795406c7fc049d2b125cce47405fa9' -> (Import Result ID: 'e9bb8d1d90eb1be08d0dca9f8a806881') in 0.003 seconds [static and dynamic dependencies]. Details - ImportResultOutputID=15de7ad5636b5d0a6a94dab3f628dbb5 DependenciesID=0210d5bb038e9047f60003ca8883c80d StaticDependenciesID=93ab5d48554c2846514706b32ea539c3 
Number of updated asset objects reloaded before import = 0
Number of asset objects unloaded after import = 1
========================================================================
Received Import Request.
  Time of request: 2026-08-11T15:50:26.6807307Z
  Time since last request: 0.0007129 seconds.
  importAddress: GUID: f6783ab646d374f94b199774402a5144 - Path: Packages/com.unity.render-pipelines.universal/Shaders/Terrain/TerrainDetailLit.shader - Importer: ScriptedImporter/UnityEditor.QuickSearchModule:UnityEditor.Search:ASIAI0B
Importing 'GUID: f6783ab646d374f94b199774402a5144 - Path: Packages/com.unity.render-pipelines.universal/Shaders/Terrain/TerrainDetailLit.shader - Importer: ScriptedImporter/UnityEditor.QuickSearchModule:UnityEditor.Search:ASIAI0B' with importer (ScriptedImporter : UnityEditor.QuickSearchModule:UnityEditor.Search:ASIAI0B)
Imported 'GUID: f6783ab646d374f94b199774402a5144' -> (Import Result ID: '2050dda17c8f9d401d5aa8444605b3d9') in 0.004 seconds [static and dynamic dependencies]. Details - ImportResultOutputID=fdaaeffd7d556a116f84ed3acde339cb DependenciesID=1c73936ae321ba9cde12743113258a07 StaticDependenciesID=4360eab404b1d167731f6e67c2beafde 
Number of updated asset objects reloaded before import = 0
Number of asset objects unloaded after import = 1
========================================================================
Received Import Request.
  Time of request: 2026-08-11T15:50:26.6945826Z
  Time since last request: 0.0002235 seconds.
  importAddress: GUID: 0a7e590f3cf1d4ee8a8fab5b6eff09ef - Path: Packages/com.unity.render-pipelines.universal/Shaders/Terrain/TerrainLitAdd.shader - Importer: ScriptedImporter/UnityEditor.QuickSearchModule:UnityEditor.Search:ASIAI0B
Importing 'GUID: 0a7e590f3cf1d4ee8a8fab5b6eff09ef - Path: Packages/com.unity.render-pipelines.universal/Shaders/Terrain/TerrainLitAdd.shader - Importer: ScriptedImporter/UnityEditor.QuickSearchModule:UnityEditor.Search:ASIAI0B' with importer (ScriptedImporter : UnityEditor.QuickSearchModule:UnityEditor.Search:ASIAI0B)
Imported 'GUID: 0a7e590f3cf1d4ee8a8fab5b6eff09ef' -> (Import Result ID: 'c0c9474ba2c4e0dab97a76dccd0aefe0') in 0.004 seconds [static and dynamic dependencies]. Details - ImportResultOutputID=f15b4c2442f4b324aa012455287c95d9 DependenciesID=a8a34fed55425689f65311ec140b0e76 StaticDependenciesID=488fc02b0b46f58dedef14ccb8587dac 
Number of updated asset objects reloaded before import = 0
Number of asset objects unloaded after import = 1
========================================================================
Received Import Request.
  Time of request: 2026-08-11T15:50:26.7253882Z
  Time since last request: 0.016812 seconds.
  importAddress: GUID: df6ed9946a0fc5142a177c1a33ba7c2d - Path: Packages/com.unity.render-pipelines.universal/Tests/Runtime/PixelPerfectCameraTests.cs - Importer: ScriptedImporter/UnityEditor.QuickSearchModule:UnityEditor.Search:ASIAI0B
Importing 'GUID: df6ed9946a0fc5142a177c1a33ba7c2d - Path: Packages/com.unity.render-pipelines.universal/Tests/Runtime/PixelPerfectCameraTests.cs - Importer: ScriptedImporter/UnityEditor.QuickSearchModule:UnityEditor.Search:ASIAI0B' with importer (ScriptedImporter : UnityEditor.QuickSearchModule:UnityEditor.Search:ASIAI0B)
Imported 'GUID: df6ed9946a0fc5142a177c1a33ba7c2d' -> (Import Result ID: 'c81dc3b0dabd1254a5bc3a3aa46ee787') in 0.004 seconds [static and dynamic dependencies]. Details - ImportResultOutputID=0be9c8b474d09c81ccb03eb5c0a4ed11 DependenciesID=eb21175395e63323df421037d5fb84f5 StaticDependenciesID=15912d55b33f976886d6425b2e25107b 
Number of updated asset objects reloaded before import = 0
Number of asset objects unloaded after import = 0
========================================================================
Received Import Request.
  Time of request: 2026-08-11T15:50:26.737897Z
  Time since last request: 0.0012802 seconds.
  importAddress: GUID: f89aac1e4f84468418fe30e611dff395 - Path: Packages/com.unity.render-pipelines.universal/Shaders/XR/XRMotionVector.shader - Importer: ScriptedImporter/UnityEditor.QuickSearchModule:UnityEditor.Search:ASIAI0B
Importing 'GUID: f89aac1e4f84468418fe30e611dff395 - Path: Packages/com.unity.render-pipelines.universal/Shaders/XR/XRMotionVector.shader - Importer: ScriptedImporter/UnityEditor.QuickSearchModule:UnityEditor.Search:ASIAI0B' with importer (ScriptedImporter : UnityEditor.QuickSearchModule:UnityEditor.Search:ASIAI0B)
Imported 'GUID: f89aac1e4f84468418fe30e611dff395' -> (Import Result ID: '5c7b36635c4a7572ad9c2d91d449ce89') in 0.004 seconds [static and dynamic dependencies]. Details - ImportResultOutputID=ef1778eef42e11f4fbb047250f23902d DependenciesID=a3d0493d0659db8027be7ab4f8d2ef19 StaticDependenciesID=e5feb9083923f4fa6efdc753672e5288 
Number of updated asset objects reloaded before import = 0
Number of asset objects unloaded after import = 1
========================================================================
Received Import Request.
  Time of request: 2026-08-11T15:50:26.7515955Z
  Time since last request: 0.0005121 seconds.
  importAddress: GUID: aa602bf7da734370bdb394a751f56555 - Path: Packages/com.unity.render-pipelines.universal/Shaders/Terrain/TerrainTextureNode.hlsl - Importer: ScriptedImporter/UnityEditor.QuickSearchModule:UnityEditor.Search:ASIAI0B
Importing 'GUID: aa602bf7da734370bdb394a751f56555 - Path: Packages/com.unity.render-pipelines.universal/Shaders/Terrain/TerrainTextureNode.hlsl - Importer: ScriptedImporter/UnityEditor.QuickSearchModule:UnityEditor.Search:ASIAI0B' with importer (ScriptedImporter : UnityEditor.QuickSearchModule:UnityEditor.Search:ASIAI0B)
Imported 'GUID: aa602bf7da734370bdb394a751f56555' -> (Import Result ID: 'b910e96f009d660c754b9b90d47ce724') in 0.003 seconds [static and dynamic dependencies]. Details - ImportResultOutputID=6e2f0e2febedbcc681040b52c125ab6e DependenciesID=d27a8b9b1712462bf2dfbee810cbdf35 StaticDependenciesID=5dad17b70a63c97830e62142fce134fa 
Number of updated asset objects reloaded before import = 0
Number of asset objects unloaded after import = 1
========================================================================
Received Import Request.
  Time of request: 2026-08-11T15:50:26.7636332Z
  Time since last request: 0.0003192 seconds.
  importAddress: GUID: 3846104859549aa4eb627e318722149f - Path: Packages/com.unity.render-pipelines.universal/Tests/Runtime/RuntimeTests.cs - Importer: ScriptedImporter/UnityEditor.QuickSearchModule:UnityEditor.Search:ASIAI0B
Importing 'GUID: 3846104859549aa4eb627e318722149f - Path: Packages/com.unity.render-pipelines.universal/Tests/Runtime/RuntimeTests.cs - Importer: ScriptedImporter/UnityEditor.QuickSearchModule:UnityEditor.Search:ASIAI0B' with importer (ScriptedImporter : UnityEditor.QuickSearchModule:UnityEditor.Search:ASIAI0B)
Imported 'GUID: 3846104859549aa4eb627e318722149f' -> (Import Result ID: '608c4fc057776621fd73d97759fcc751') in 0.003 seconds [static and dynamic dependencies]. Details - ImportResultOutputID=41834f369db689be6711920b5479d419 DependenciesID=43249f0b543d22dccab244527636e5a8 StaticDependenciesID=2ea7a43b95c8b6b96443bd54974c3fb5 
Number of updated asset objects reloaded before import = 0
Number of asset objects unloaded after import = 0
========================================================================
Received Import Request.
  Time of request: 2026-08-11T15:50:26.7759669Z
  Time since last request: 0.0003243 seconds.
  importAddress: GUID: fb0540054a4845f4896120b033478868 - Path: Packages/com.unity.render-pipelines.universal/Tests/Editor/RenderGraphTests.HelperPasses.cs - Importer: ScriptedImporter/UnityEditor.QuickSearchModule:UnityEditor.Search:ASIAI0B
Importing 'GUID: fb0540054a4845f4896120b033478868 - Path: Packages/com.unity.render-pipelines.universal/Tests/Editor/RenderGraphTests.HelperPasses.cs - Importer: ScriptedImporter/UnityEditor.QuickSearchModule:UnityEditor.Search:ASIAI0B' with importer (ScriptedImporter : UnityEditor.QuickSearchModule:UnityEditor.Search:ASIAI0B)
Imported 'GUID: fb0540054a4845f4896120b033478868' -> (Import Result ID: '586046e75aabfc1f962e3182e6424229') in 0.003 seconds [static and dynamic dependencies]. Details - ImportResultOutputID=f454c94079b159d920eb06a1e7a254a2 DependenciesID=36f7655b822ce3b1d8ec7fc44627eb19 StaticDependenciesID=6d1fd9dd8392586a18403cc1d51a5a29 
Number of updated asset objects reloaded before import = 0
Number of asset objects unloaded after import = 0
========================================================================
Received Import Request.
  Time of request: 2026-08-11T15:50:26.7867979Z
  Time since last request: 0.0003631 seconds.
  importAddress: GUID: c17132b1f77d20942aa75f8429c0f8bc - Path: Packages/com.unity.render-pipelines.universal/Shaders/Utils/Blit.shader - Importer: ScriptedImporter/UnityEditor.QuickSearchModule:UnityEditor.Search:ASIAI0B
Importing 'GUID: c17132b1f77d20942aa75f8429c0f8bc - Path: Packages/com.unity.render-pipelines.universal/Shaders/Utils/Blit.shader - Importer: ScriptedImporter/UnityEditor.QuickSearchModule:UnityEditor.Search:ASIAI0B' with importer (ScriptedImporter : UnityEditor.QuickSearchModule:UnityEditor.Search:ASIAI0B)
Imported 'GUID: c17132b1f77d20942aa75f8429c0f8bc' -> (Import Result ID: '912d8cf9c3dd0f78c9c9a550340599e7') in 0.004 seconds [static and dynamic dependencies]. Details - ImportResultOutputID=d9e790bfada0387bb9f0b8f225faba39 DependenciesID=7cb291aa25e7620598cb3a6ec0510bda StaticDependenciesID=a39d003603db88a764b6b750c94ccddc 
Number of updated asset objects reloaded before import = 0
Number of asset objects unloaded after import = 1
========================================================================
Received Import Request.
  Time of request: 2026-08-11T15:50:26.8010151Z
  Time since last request: 0.0002669 seconds.
  importAddress: GUID: 8c3ee818f2efa514c889881ccb2e95a2 - Path: Packages/com.unity.render-pipelines.universal/Shaders/Utils/StencilDitherMaskSeed.shader - Importer: ScriptedImporter/UnityEditor.QuickSearchModule:UnityEditor.Search:ASIAI0B
Importing 'GUID: 8c3ee818f2efa514c889881ccb2e95a2 - Path: Packages/com.unity.render-pipelines.universal/Shaders/Utils/StencilDitherMaskSeed.shader - Importer: ScriptedImporter/UnityEditor.QuickSearchModule:UnityEditor.Search:ASIAI0B' with importer (ScriptedImporter : UnityEditor.QuickSearchModule:UnityEditor.Search:ASIAI0B)
Imported 'GUID: 8c3ee818f2efa514c889881ccb2e95a2' -> (Import Result ID: '2ff3042d02943979b860b0b962bd68fd') in 0.004 seconds [static and dynamic dependencies]. Details - ImportResultOutputID=0ebe5d1eac0da5cd60c73aa92374e02d DependenciesID=47996048d1dd05b6a72a4c8c466fece1 StaticDependenciesID=d95605bfc108195fc715314f75b5197c 
Number of updated asset objects reloaded before import = 0
Number of asset objects unloaded after import = 1
========================================================================
Received Import Request.
  Time of request: 2026-08-11T15:50:26.8142601Z
  Time since last request: 0.0002958 seconds.
  importAddress: GUID: 573a6c03a0cb85549bc135c9832138b2 - Path: Packages/com.unity.render-pipelines.universal/Tests/Editor/ShaderScriptableStripperTests.cs - Importer: ScriptedImporter/UnityEditor.QuickSearchModule:UnityEditor.Search:ASIAI0B
Importing 'GUID: 573a6c03a0cb85549bc135c9832138b2 - Path: Packages/com.unity.render-pipelines.universal/Tests/Editor/ShaderScriptableStripperTests.cs - Importer: ScriptedImporter/UnityEditor.QuickSearchModule:UnityEditor.Search:ASIAI0B' with importer (ScriptedImporter : UnityEditor.QuickSearchModule:UnityEditor.Search:ASIAI0B)
Imported 'GUID: 573a6c03a0cb85549bc135c9832138b2' -> (Import Result ID: '7ac73bd2f49c4be0ffc842d323622f56') in 0.003 seconds [static and dynamic dependencies]. Details - ImportResultOutputID=1e3c267258068fdeeab14934151ec39d DependenciesID=8acabc41817ee3e21ab31d0125be601f StaticDependenciesID=b526e7315130852dae3b77ea1f1d5f76 
Number of updated asset objects reloaded before import = 0
Number of asset objects unloaded after import = 0
========================================================================
Received Import Request.
  Time of request: 2026-08-11T15:50:26.8440498Z
  Time since last request: 0.0189814 seconds.
  importAddress: GUID: 5f5877a9138882a4095ba0e997d19644 - Path: Packages/com.unity.render-pipelines.universal/Editor/2D/Converter/ParametricToFreeformLightUpgrader.cs - Importer: ScriptedImporter/UnityEditor.QuickSearchModule:UnityEditor.Search:ASIAI0B
Importing 'GUID: 5f5877a9138882a4095ba0e997d19644 - Path: Packages/com.unity.render-pipelines.universal/Editor/2D/Converter/ParametricToFreeformLightUpgrader.cs - Importer: ScriptedImporter/UnityEditor.QuickSearchModule:UnityEditor.Search:ASIAI0B' with importer (ScriptedImporter : UnityEditor.QuickSearchModule:UnityEditor.Search:ASIAI0B)
Imported 'GUID: 5f5877a9138882a4095ba0e997d19644' -> (Import Result ID: '3c189641c6485103eef0fad6ee5cf55a') in 0.003 seconds [static and dynamic dependencies]. Details - ImportResultOutputID=fc2df56c2ec42c5a6c1cfec4497eaa14 DependenciesID=1371991e251ef9041185ce0a6df45306 StaticDependenciesID=62857c346bd83fd6a7b146c3fe14b3a3 
Number of updated asset objects reloaded before import = 0
Number of asset objects unloaded after import = 0
========================================================================
Received Import Request.
  Time of request: 2026-08-11T15:50:26.8546667Z
  Time since last request: 0.0005909 seconds.
  importAddress: GUID: d1195c569e7940f897cc1c8677d24104 - Path: Packages/com.unity.render-pipelines.universal/Editor/BuildProcessors/GraphicsSettingsStrippers/ScreenSpaceAmbientOcclusionStripper.cs - Importer: ScriptedImporter/UnityEditor.QuickSearchModule:UnityEditor.Search:ASIAI0B
Importing 'GUID: d1195c569e7940f897cc1c8677d24104 - Path: Packages/com.unity.render-pipelines.universal/Editor/BuildProcessors/GraphicsSettingsStrippers/ScreenSpaceAmbientOcclusionStripper.cs - Importer: ScriptedImporter/UnityEditor.QuickSearchModule:UnityEditor.Search:ASIAI0B' with importer (ScriptedImporter : UnityEditor.QuickSearchModule:UnityEditor.Search:ASIAI0B)
Imported 'GUID: d1195c569e7940f897cc1c8677d24104' -> (Import Result ID: 'e2a41d543b62dfa74b70f62d35ecb217') in 0.003 seconds [static and dynamic dependencies]. Details - ImportResultOutputID=56906e14b9a51fd63729b582d9899dbf DependenciesID=a91fc3a4fb914b035e6b58895fc26da4 StaticDependenciesID=f7be3ef5c8482bef2e51bcc50b052ed2 
Number of updated asset objects reloaded before import = 0
Number of asset objects unloaded after import = 0
========================================================================
Received Import Request.
  Time of request: 2026-08-11T15:50:26.8670473Z
  Time since last request: 0.0003735 seconds.
  importAddress: GUID: 4a0aca3a5f2effb41b43cc0a1661d845 - Path: Packages/com.unity.render-pipelines.universal/Editor/2D/Resources/Sparkle.png - Importer: ScriptedImporter/UnityEditor.QuickSearchModule:UnityEditor.Search:ASIAI0B
Importing 'GUID: 4a0aca3a5f2effb41b43cc0a1661d845 - Path: Packages/com.unity.render-pipelines.universal/Editor/2D/Resources/Sparkle.png - Importer: ScriptedImporter/UnityEditor.QuickSearchModule:UnityEditor.Search:ASIAI0B' with importer (ScriptedImporter : UnityEditor.QuickSearchModule:UnityEditor.Search:ASIAI0B)
Imported 'GUID: 4a0aca3a5f2effb41b43cc0a1661d845' -> (Import Result ID: '05054a96fd24b30f349af05e52a62e36') in 0.014 seconds [static and dynamic dependencies]. Details - ImportResultOutputID=d6791051b45501604be03dd14d4c8f8a DependenciesID=ddb849f66818683e87b179787bad95ba StaticDependenciesID=79af489bec2041b22f69a734c23b8a7b 
Number of updated asset objects reloaded before import = 0
Number of asset objects unloaded after import = 3
========================================================================
Received Import Request.
  Time of request: 2026-08-11T15:50:26.8895406Z
  Time since last request: 0.0002089 seconds.
  importAddress: GUID: b4db8180660810945bf8d55ab44352ad - Path: Packages/com.unity.render-pipelines.universal/Textures/FilmGrain/Medium06.png - Importer: ScriptedImporter/UnityEditor.QuickSearchModule:UnityEditor.Search:ASIAI0B
Importing 'GUID: b4db8180660810945bf8d55ab44352ad - Path: Packages/com.unity.render-pipelines.universal/Textures/FilmGrain/Medium06.png - Importer: ScriptedImporter/UnityEditor.QuickSearchModule:UnityEditor.Search:ASIAI0B' with importer (ScriptedImporter : UnityEditor.QuickSearchModule:UnityEditor.Search:ASIAI0B)
Imported 'GUID: b4db8180660810945bf8d55ab44352ad' -> (Import Result ID: '843626a7bc82ef1f1431a3f7e85284fb') in 0.007 seconds [static and dynamic dependencies]. Details - ImportResultOutputID=e5f94eefc3d4216e73d63fcdd3fb63d8 DependenciesID=fe599133a5766388f2861964010690b3 StaticDependenciesID=e64c00138adc3005a4233505297badaf 
Number of updated asset objects reloaded before import = 0
Number of asset objects unloaded after import = 1
========================================================================
Received Import Request.
  Time of request: 2026-08-11T15:50:26.9057888Z
  Time since last request: 0.0002398 seconds.
  importAddress: GUID: 3302065f671a8450b82c9ddf07426f3a - Path: Packages/com.unity.render-pipelines.universal/Textures/BlueNoise256/LDR_LLL1_5.png - Importer: ScriptedImporter/UnityEditor.QuickSearchModule:UnityEditor.Search:ASIAI0B
Importing 'GUID: 3302065f671a8450b82c9ddf07426f3a - Path: Packages/com.unity.render-pipelines.universal/Textures/BlueNoise256/LDR_LLL1_5.png - Importer: ScriptedImporter/UnityEditor.QuickSearchModule:UnityEditor.Search:ASIAI0B' with importer (ScriptedImporter : UnityEditor.QuickSearchModule:UnityEditor.Search:ASIAI0B)
Imported 'GUID: 3302065f671a8450b82c9ddf07426f3a' -> (Import Result ID: '559e3fa1a88a8a78c36dc7cf642dc81a') in 0.007 seconds [static and dynamic dependencies]. Details - ImportResultOutputID=94af8cdd669a8c189839a8161efea742 DependenciesID=8693b8f7cf9ef405786d3983d07ecd2e StaticDependenciesID=2858a68c83cd36a89e990e38ab3e0363 
Number of updated asset objects reloaded before import = 0
Number of asset objects unloaded after import = 1
========================================================================
Received Import Request.
  Time of request: 2026-08-11T15:50:26.9238713Z
  Time since last request: 0.0003825 seconds.
  importAddress: GUID: 4328012bbeb186e40812b29daf0fcbc5 - Path: Packages/com.unity.render-pipelines.universal/Editor/2D/Provider2D/Provider2D_ProperyDrawer.cs - Importer: ScriptedImporter/UnityEditor.QuickSearchModule:UnityEditor.Search:ASIAI0B
Importing 'GUID: 4328012bbeb186e40812b29daf0fcbc5 - Path: Packages/com.unity.render-pipelines.universal/Editor/2D/Provider2D/Provider2D_ProperyDrawer.cs - Importer: ScriptedImporter/UnityEditor.QuickSearchModule:UnityEditor.Search:ASIAI0B' with importer (ScriptedImporter : UnityEditor.QuickSearchModule:UnityEditor.Search:ASIAI0B)
Imported 'GUID: 4328012bbeb186e40812b29daf0fcbc5' -> (Import Result ID: '1491570641a1977a21ed685f19196ed3') in 0.003 seconds [static and dynamic dependencies]. Details - ImportResultOutputID=aa47ce4a8633bc834ff764887792f8cd DependenciesID=897d1519da6036602aac8e7817fdc047 StaticDependenciesID=c353a2b11583b743e60ccbd84d73ff2a 
Number of updated asset objects reloaded before import = 0
Number of asset objects unloaded after import = 0
========================================================================
Received Import Request.
  Time of request: 2026-08-11T15:50:26.9376249Z
  Time since last request: 0.0007408 seconds.
  importAddress: GUID: e32226222ff144b24bf3a5a451de54bc - Path: Packages/com.unity.render-pipelines.universal/Textures/BlueNoise256/LDR_LLL1_4.png - Importer: ScriptedImporter/UnityEditor.QuickSearchModule:UnityEditor.Search:ASIAI0B
Importing 'GUID: e32226222ff144b24bf3a5a451de54bc - Path: Packages/com.unity.render-pipelines.universal/Textures/BlueNoise256/LDR_LLL1_4.png - Importer: ScriptedImporter/UnityEditor.QuickSearchModule:UnityEditor.Search:ASIAI0B' with importer (ScriptedImporter : UnityEditor.QuickSearchModule:UnityEditor.Search:ASIAI0B)
Imported 'GUID: e32226222ff144b24bf3a5a451de54bc' -> (Import Result ID: '102901279b8230717f709a2fc7923a79') in 0.006 seconds [static and dynamic dependencies]. Details - ImportResultOutputID=960d54e75a16196c63bfa3ea53e9faf8 DependenciesID=38a5873a5495a82c0ce14440606ca943 StaticDependenciesID=e1c23cbeadb6a9ac47c99985ece5b6d0 
Number of updated asset objects reloaded before import = 0
Number of asset objects unloaded after import = 1
========================================================================
Received Import Request.
  Time of request: 2026-08-11T15:50:26.9663417Z
  Time since last request: 0.0141954 seconds.
  importAddress: GUID: 92228d45c1ff66740bfa9e6d97f7e280 - Path: Packages/com.unity.render-pipelines.universal/Editor/ShaderGraph/Targets/UniversalSubTarget.cs - Importer: ScriptedImporter/UnityEditor.QuickSearchModule:UnityEditor.Search:ASIAI0B
Importing 'GUID: 92228d45c1ff66740bfa9e6d97f7e280 - Path: Packages/com.unity.render-pipelines.universal/Editor/ShaderGraph/Targets/UniversalSubTarget.cs - Importer: ScriptedImporter/UnityEditor.QuickSearchModule:UnityEditor.Search:ASIAI0B' with importer (ScriptedImporter : UnityEditor.QuickSearchModule:UnityEditor.Search:ASIAI0B)
Imported 'GUID: 92228d45c1ff66740bfa9e6d97f7e280' -> (Import Result ID: '1b620ae81ca06a4e1b34b5bd5e8b67ba') in 0.003 seconds [static and dynamic dependencies]. Details - ImportResultOutputID=7ca7ad800e273f4e6db02de73457b31f DependenciesID=3b62226223ea667f317e7de1c4d88f5b StaticDependenciesID=fc9ff357a20e86b1073411bdedb8cdea 
Number of updated asset objects reloaded before import = 0
Number of asset objects unloaded after import = 0
========================================================================
Received Import Request.
  Time of request: 2026-08-11T15:50:26.977487Z
  Time since last request: 0.0006564 seconds.
  importAddress: GUID: 3beb91c1958c67d47bb580c465e22f29 - Path: Packages/com.unity.render-pipelines.universal/Editor/ShaderGraph/Includes/ShadowCasterPass.hlsl - Importer: ScriptedImporter/UnityEditor.QuickSearchModule:UnityEditor.Search:ASIAI0B
Importing 'GUID: 3beb91c1958c67d47bb580c465e22f29 - Path: Packages/com.unity.render-pipelines.universal/Editor/ShaderGraph/Includes/ShadowCasterPass.hlsl - Importer: ScriptedImporter/UnityEditor.QuickSearchModule:UnityEditor.Search:ASIAI0B' with importer (ScriptedImporter : UnityEditor.QuickSearchModule:UnityEditor.Search:ASIAI0B)
Imported 'GUID: 3beb91c1958c67d47bb580c465e22f29' -> (Import Result ID: '9b362685eba76d632ff0783a29623599') in 0.004 seconds [static and dynamic dependencies]. Details - ImportResultOutputID=3b25b9706fa70df7fdad1ec15652c57d DependenciesID=c41ab28fbd33a747629a45a20ffbb77f StaticDependenciesID=602c9d74cfe37641117b8f58cc9cb791 
Number of updated asset objects reloaded before import = 0
Number of asset objects unloaded after import = 1
========================================================================
Received Import Request.
  Time of request: 2026-08-11T15:50:26.9922811Z
  Time since last request: 0.0002584 seconds.
  importAddress: GUID: 6869d97760ee37741bce9a471f54c720 - Path: Packages/com.unity.render-pipelines.universal/Editor/ShaderGraph/AssetCallbacks/CreateUITKShaderGraph.cs - Importer: ScriptedImporter/UnityEditor.QuickSearchModule:UnityEditor.Search:ASIAI0B
Importing 'GUID: 6869d97760ee37741bce9a471f54c720 - Path: Packages/com.unity.render-pipelines.universal/Editor/ShaderGraph/AssetCallbacks/CreateUITKShaderGraph.cs - Importer: ScriptedImporter/UnityEditor.QuickSearchModule:UnityEditor.Search:ASIAI0B' with importer (ScriptedImporter : UnityEditor.QuickSearchModule:UnityEditor.Search:ASIAI0B)
Imported 'GUID: 6869d97760ee37741bce9a471f54c720' -> (Import Result ID: '105cf677948291e6fac05db2692ea0f8') in 0.003 seconds [static and dynamic dependencies]. Details - ImportResultOutputID=29b55180bbe9fba19ee5126726b34a0a DependenciesID=d5e726d4e7a0a563078dc1bfb963c58b StaticDependenciesID=f54f191864f63f5f5f45f02380b2bdec 
Number of updated asset objects reloaded before import = 0
Number of asset objects unloaded after import = 0
========================================================================
Received Import Request.
  Time of request: 2026-08-11T15:50:27.0050562Z
  Time since last request: 0.0003557 seconds.
  importAddress: GUID: 2e3b7e4ab4a5f4e43b67ed106268f659 - Path: Packages/com.unity.render-pipelines.universal/Editor/ShaderGraph/Targets/UniversalCanvasSubTarget.cs - Importer: ScriptedImporter/UnityEditor.QuickSearchModule:UnityEditor.Search:ASIAI0B
Importing 'GUID: 2e3b7e4ab4a5f4e43b67ed106268f659 - Path: Packages/com.unity.render-pipelines.universal/Editor/ShaderGraph/Targets/UniversalCanvasSubTarget.cs - Importer: ScriptedImporter/UnityEditor.QuickSearchModule:UnityEditor.Search:ASIAI0B' with importer (ScriptedImporter : UnityEditor.QuickSearchModule:UnityEditor.Search:ASIAI0B)
Imported 'GUID: 2e3b7e4ab4a5f4e43b67ed106268f659' -> (Import Result ID: '08001e054208ca23d1941a1887366330') in 0.003 seconds [static and dynamic dependencies]. Details - ImportResultOutputID=d492f06712c03fbd681c06e1191e11be DependenciesID=1e30145aa545bd2cb921122920729881 StaticDependenciesID=16824b72f2c01d632ce674253911b6fc 
Number of updated asset objects reloaded before import = 0
Number of asset objects unloaded after import = 0
========================================================================
Received Import Request.
  Time of request: 2026-08-11T15:50:27.017059Z
  Time since last request: 0.0003379 seconds.
  importAddress: GUID: 8052b80993fff1242975e48e123bb767 - Path: Packages/com.unity.render-pipelines.universal/Editor/ShaderGraph/GraphTemplates/UITKBasicTemplate.png - Importer: ScriptedImporter/UnityEditor.QuickSearchModule:UnityEditor.Search:ASIAI0B
Importing 'GUID: 8052b80993fff1242975e48e123bb767 - Path: Packages/com.unity.render-pipelines.universal/Editor/ShaderGraph/GraphTemplates/UITKBasicTemplate.png - Importer: ScriptedImporter/UnityEditor.QuickSearchModule:UnityEditor.Search:ASIAI0B' with importer (ScriptedImporter : UnityEditor.QuickSearchModule:UnityEditor.Search:ASIAI0B)
Imported 'GUID: 8052b80993fff1242975e48e123bb767' -> (Import Result ID: 'd6fc437c91ba8f9ac8940dde0b912530') in 0.007 seconds [static and dynamic dependencies]. Details - ImportResultOutputID=5bf58067a344f4b14712b04b991a6c9d DependenciesID=b5577b4c4dcf1ed97d6c2680b28db12d StaticDependenciesID=76fb1fd0cb752dccb8177d8bc55d72e1 
Number of updated asset objects reloaded before import = 0
Number of asset objects unloaded after import = 1
========================================================================
Received Import Request.
  Time of request: 2026-08-11T15:50:27.0328165Z
  Time since last request: 0.0002979 seconds.
  importAddress: GUID: 9c44f71308994120a70f5c6b28210698 - Path: Packages/com.unity.render-pipelines.universal/Editor/Settings/PropertyDrawers/URPDefaultVolumeProfileSettingsPropertyDrawer.cs - Importer: ScriptedImporter/UnityEditor.QuickSearchModule:UnityEditor.Search:ASIAI0B
Importing 'GUID: 9c44f71308994120a70f5c6b28210698 - Path: Packages/com.unity.render-pipelines.universal/Editor/Settings/PropertyDrawers/URPDefaultVolumeProfileSettingsPropertyDrawer.cs - Importer: ScriptedImporter/UnityEditor.QuickSearchModule:UnityEditor.Search:ASIAI0B' with importer (ScriptedImporter : UnityEditor.QuickSearchModule:UnityEditor.Search:ASIAI0B)
Imported 'GUID: 9c44f71308994120a70f5c6b28210698' -> (Import Result ID: '769e358b55036b2b63a779269c745ab5') in 0.004 seconds [static and dynamic dependencies]. Details - ImportResultOutputID=9a24e4b134242ee3e10e11dd6fa1255c DependenciesID=11abf50f710b3d09a3126042d9e5a06c StaticDependenciesID=27e7bb1660cef3e82da48f55b9007506 
Number of updated asset objects reloaded before import = 0
Number of asset objects unloaded after import = 0
========================================================================
Received Import Request.
  Time of request: 2026-08-11T15:50:27.0453186Z
  Time since last request: 0.0003225 seconds.
  importAddress: GUID: 9410f8b043e30fe4da99295d950c470f - Path: Packages/com.unity.render-pipelines.universal/Editor/ShaderGraph/GraphTemplates/FullscreenBasicTemplateThumbnail.png - Importer: ScriptedImporter/UnityEditor.QuickSearchModule:UnityEditor.Search:ASIAI0B
Importing 'GUID: 9410f8b043e30fe4da99295d950c470f - Path: Packages/com.unity.render-pipelines.universal/Editor/ShaderGraph/GraphTemplates/FullscreenBasicTemplateThumbnail.png - Importer: ScriptedImporter/UnityEditor.QuickSearchModule:UnityEditor.Search:ASIAI0B' with importer (ScriptedImporter : UnityEditor.QuickSearchModule:UnityEditor.Search:ASIAI0B)
Imported 'GUID: 9410f8b043e30fe4da99295d950c470f' -> (Import Result ID: '8c26f3c945debd393eddb41e7d1ddbd8') in 0.007 seconds [static and dynamic dependencies]. Details - ImportResultOutputID=350b4f8b4c2556df10a3050d3fda53b2 DependenciesID=bee9a96cc463ffbc83c3fc0e7d4231c9 StaticDependenciesID=394de0d853fb001fad15a570d5496e4d 
Number of updated asset objects reloaded before import = 0
Number of asset objects unloaded after import = 1
========================================================================
Received Import Request.
  Time of request: 2026-08-11T15:50:27.0632592Z
  Time since last request: 0.0002838 seconds.
  importAddress: GUID: 8f266648f26372548b2ae696d6db739e - Path: Packages/com.unity.render-pipelines.universal/Editor/ShaderGraph/Includes/DepthOnlyPass.hlsl - Importer: ScriptedImporter/UnityEditor.QuickSearchModule:UnityEditor.Search:ASIAI0B
Importing 'GUID: 8f266648f26372548b2ae696d6db739e - Path: Packages/com.unity.render-pipelines.universal/Editor/ShaderGraph/Includes/DepthOnlyPass.hlsl - Importer: ScriptedImporter/UnityEditor.QuickSearchModule:UnityEditor.Search:ASIAI0B' with importer (ScriptedImporter : UnityEditor.QuickSearchModule:UnityEditor.Search:ASIAI0B)
Imported 'GUID: 8f266648f26372548b2ae696d6db739e' -> (Import Result ID: '7b63be45156119ea8b149ebaedf96a57') in 0.003 seconds [static and dynamic dependencies]. Details - ImportResultOutputID=9dd057d800fc1a456c1a6824dda2a2f9 DependenciesID=9309fdc115a1193b153d0344223503ba StaticDependenciesID=2d1ecee7977d24b4ad8231ed20e87295 
Number of updated asset objects reloaded before import = 0
Number of asset objects unloaded after import = 1
========================================================================
Received Import Request.
  Time of request: 2026-08-11T15:50:27.0984942Z
  Time since last request: 0.023925 seconds.
  importAddress: GUID: 1202285d83908604784202e4a57aa93c - Path: Packages/com.unity.render-pipelines.universal/Runtime/2D/Lights/Light2DPoint.cs - Importer: ScriptedImporter/UnityEditor.QuickSearchModule:UnityEditor.Search:ASIAI0B
Importing 'GUID: 1202285d83908604784202e4a57aa93c - Path: Packages/com.unity.render-pipelines.universal/Runtime/2D/Lights/Light2DPoint.cs - Importer: ScriptedImporter/UnityEditor.QuickSearchModule:UnityEditor.Search:ASIAI0B' with importer (ScriptedImporter : UnityEditor.QuickSearchModule:UnityEditor.Search:ASIAI0B)
Imported 'GUID: 1202285d83908604784202e4a57aa93c' -> (Import Result ID: '8fbf4010098733b3868e68411455b59b') in 0.004 seconds [static and dynamic dependencies]. Details - ImportResultOutputID=ea336f967220ff28ec4d4b9f91919133 DependenciesID=63e6754907aa13977cbb0231c345343f StaticDependenciesID=93ff087fb9c9b514d7ec0e58a2590aba 
Number of updated asset objects reloaded before import = 0
Number of asset objects unloaded after import = 0
========================================================================
Received Import Request.
  Time of request: 2026-08-11T15:50:27.1109023Z
  Time since last request: 0.0005836 seconds.
  importAddress: GUID: 2f37f38354ae11b4ba31a324dbabef7d - Path: Packages/com.unity.render-pipelines.universal/Editor/Tools/MaterialUpgrader/MaterialUpgraderProviders.cs - Importer: ScriptedImporter/UnityEditor.QuickSearchModule:UnityEditor.Search:ASIAI0B
Importing 'GUID: 2f37f38354ae11b4ba31a324dbabef7d - Path: Packages/com.unity.render-pipelines.universal/Editor/Tools/MaterialUpgrader/MaterialUpgraderProviders.cs - Importer: ScriptedImporter/UnityEditor.QuickSearchModule:UnityEditor.Search:ASIAI0B' with importer (ScriptedImporter : UnityEditor.QuickSearchModule:UnityEditor.Search:ASIAI0B)
Imported 'GUID: 2f37f38354ae11b4ba31a324dbabef7d' -> (Import Result ID: 'fdfcb08a7a7c989df5ea061c1a34f31c') in 0.004 seconds [static and dynamic dependencies]. Details - ImportResultOutputID=096c0ac2375f45ad48200e93db0ac365 DependenciesID=4ef421e472c45e5bd3adbe1df5f3e8cd StaticDependenciesID=74872efb44a7640ded2c0c8118b63d28 
Number of updated asset objects reloaded before import = 0
Number of asset objects unloaded after import = 0
========================================================================
Received Import Request.
  Time of request: 2026-08-11T15:50:27.1241778Z
  Time since last request: 0.0006488 seconds.
  importAddress: GUID: 087c834eb72635d4f9bfedf7a58af4f6 - Path: Packages/com.unity.render-pipelines.universal/Editor/Tools/Converters/BuiltInToURP3DReadonlyMaterialConverter.cs - Importer: ScriptedImporter/UnityEditor.QuickSearchModule:UnityEditor.Search:ASIAI0B
Importing 'GUID: 087c834eb72635d4f9bfedf7a58af4f6 - Path: Packages/com.unity.render-pipelines.universal/Editor/Tools/Converters/BuiltInToURP3DReadonlyMaterialConverter.cs - Importer: ScriptedImporter/UnityEditor.QuickSearchModule:UnityEditor.Search:ASIAI0B' with importer (ScriptedImporter : UnityEditor.QuickSearchModule:UnityEditor.Search:ASIAI0B)
Imported 'GUID: 087c834eb72635d4f9bfedf7a58af4f6' -> (Import Result ID: 'fad33b75d5f690619d7b80435faa3059') in 0.003 seconds [static and dynamic dependencies]. Details - ImportResultOutputID=a77d089604ffe4a8c4f7c7906ae8c3dd DependenciesID=17f8ff2ec847defe4988cb2f22dade91 StaticDependenciesID=ade4b0cc6ad690b6eef225a7aa1d2716 
Number of updated asset objects reloaded before import = 0
Number of asset objects unloaded after import = 0
========================================================================
Received Import Request.
  Time of request: 2026-08-11T15:50:27.1371743Z
  Time since last request: 0.000398 seconds.
  importAddress: GUID: d8151411c155429aa167611d958fbb8c - Path: Packages/com.unity.render-pipelines.universal/Runtime/2D/Lights/Light2DManager.cs - Importer: ScriptedImporter/UnityEditor.QuickSearchModule:UnityEditor.Search:ASIAI0B
Importing 'GUID: d8151411c155429aa167611d958fbb8c - Path: Packages/com.unity.render-pipelines.universal/Runtime/2D/Lights/Light2DManager.cs - Importer: ScriptedImporter/UnityEditor.QuickSearchModule:UnityEditor.Search:ASIAI0B' with importer (ScriptedImporter : UnityEditor.QuickSearchModule:UnityEditor.Search:ASIAI0B)
Imported 'GUID: d8151411c155429aa167611d958fbb8c' -> (Import Result ID: '88f95f6f8cb50f3db4bb54d3ba3bb3e2') in 0.003 seconds [static and dynamic dependencies]. Details - ImportResultOutputID=8cfaea3abe93aabd62df70e0b3aa92d6 DependenciesID=6feb8ee20b52ec740e92fe114cd5f049 StaticDependenciesID=79ea5aca29ab38030e4bd45618cdab77 
Number of updated asset objects reloaded before import = 0
Number of asset objects unloaded after import = 0
========================================================================
Received Import Request.
  Time of request: 2026-08-11T15:50:27.1500508Z
  Time since last request: 0.0002619 seconds.
  importAddress: GUID: 8ed8ed178d5584da0874d4c69e3624a9 - Path: Packages/com.unity.render-pipelines.universal/Editor/ShaderGUI/Shaders/UnlitShader.cs - Importer: ScriptedImporter/UnityEditor.QuickSearchModule:UnityEditor.Search:ASIAI0B
Importing 'GUID: 8ed8ed178d5584da0874d4c69e3624a9 - Path: Packages/com.unity.render-pipelines.universal/Editor/ShaderGUI/Shaders/UnlitShader.cs - Importer: ScriptedImporter/UnityEditor.QuickSearchModule:UnityEditor.Search:ASIAI0B' with importer (ScriptedImporter : UnityEditor.QuickSearchModule:UnityEditor.Search:ASIAI0B)
Imported 'GUID: 8ed8ed178d5584da0874d4c69e3624a9' -> (Import Result ID: 'f951379670ab540ddc7a6f36a71c9acb') in 0.003 seconds [static and dynamic dependencies]. Details - ImportResultOutputID=783160a3a65a9a661442472e653cd319 DependenciesID=b41c9b0f45a205f7e5a4561f80bdd692 StaticDependenciesID=8051d16e18c01766ccf54fea440bd841 
Number of updated asset objects reloaded before import = 0
Number of asset objects unloaded after import = 0
========================================================================
Received Import Request.
  Time of request: 2026-08-11T15:50:27.1613774Z
  Time since last request: 0.0003235 seconds.
  importAddress: GUID: 56fd66c66c0d99848be7cc4829d45942 - Path: Packages/com.unity.render-pipelines.universal/Editor/VFXGraph/Shaders/VFXLitVaryings.template - Importer: ScriptedImporter/UnityEditor.QuickSearchModule:UnityEditor.Search:ASIAI0B
Importing 'GUID: 56fd66c66c0d99848be7cc4829d45942 - Path: Packages/com.unity.render-pipelines.universal/Editor/VFXGraph/Shaders/VFXLitVaryings.template - Importer: ScriptedImporter/UnityEditor.QuickSearchModule:UnityEditor.Search:ASIAI0B' with importer (ScriptedImporter : UnityEditor.QuickSearchModule:UnityEditor.Search:ASIAI0B)
Imported 'GUID: 56fd66c66c0d99848be7cc4829d45942' -> (Import Result ID: 'ac479f718c8738ca3071b88a983c02d0') in 0.003 seconds [static and dynamic dependencies]. Details - ImportResultOutputID=d8e9f5488317d0f1a66378905e0fd607 DependenciesID=2ee3cb7908cc060cd8990f42b7ed953b StaticDependenciesID=a11e0002cbe84390fa58d38fb3e2be20 
Number of updated asset objects reloaded before import = 0
Number of asset objects unloaded after import = 1
========================================================================
Received Import Request.
  Time of request: 2026-08-11T15:50:27.1725336Z
  Time since last request: 0.0002788 seconds.
  importAddress: GUID: 795fde47942374005bbe56e3879983db - Path: Packages/com.unity.render-pipelines.universal/Editor/ShaderGUI/ShadingModels/BakedLitGUI.cs - Importer: ScriptedImporter/UnityEditor.QuickSearchModule:UnityEditor.Search:ASIAI0B
Importing 'GUID: 795fde47942374005bbe56e3879983db - Path: Packages/com.unity.render-pipelines.universal/Editor/ShaderGUI/ShadingModels/BakedLitGUI.cs - Importer: ScriptedImporter/UnityEditor.QuickSearchModule:UnityEditor.Search:ASIAI0B' with importer (ScriptedImporter : UnityEditor.QuickSearchModule:UnityEditor.Search:ASIAI0B)
Imported 'GUID: 795fde47942374005bbe56e3879983db' -> (Import Result ID: 'f36b2a077146f5ede15f618abc171e84') in 0.003 seconds [static and dynamic dependencies]. Details - ImportResultOutputID=34082d3ed96fcd5129984cdc0377bdf8 DependenciesID=9c87cb5054cea7bc67450ae3c1b2c61f StaticDependenciesID=dc1063aa808c2181d312122063ccd02f 
Number of updated asset objects reloaded before import = 0
Number of asset objects unloaded after import = 0
========================================================================
Received Import Request.
  Time of request: 2026-08-11T15:50:27.1850299Z
  Time since last request: 0.0002869 seconds.
  importAddress: GUID: a699ef0a455ff0440a0fe9b1689ec566 - Path: Packages/com.unity.render-pipelines.universal/Editor/Tools/MaterialUpgrader/UniversalSpeedTree8MaterialUpgrader.cs - Importer: ScriptedImporter/UnityEditor.QuickSearchModule:UnityEditor.Search:ASIAI0B
Importing 'GUID: a699ef0a455ff0440a0fe9b1689ec566 - Path: Packages/com.unity.render-pipelines.universal/Editor/Tools/MaterialUpgrader/UniversalSpeedTree8MaterialUpgrader.cs - Importer: ScriptedImporter/UnityEditor.QuickSearchModule:UnityEditor.Search:ASIAI0B' with importer (ScriptedImporter : UnityEditor.QuickSearchModule:UnityEditor.Search:ASIAI0B)
Imported 'GUID: a699ef0a455ff0440a0fe9b1689ec566' -> (Import Result ID: '6cb1fbb92f0b3aa38fa9a05ff4bb1ee4') in 0.003 seconds [static and dynamic dependencies]. Details - ImportResultOutputID=802189ddebdcffcdb992724ddb1ff63f DependenciesID=a2532b9191b9df959957c86c6426b9c1 StaticDependenciesID=747fa07071498ff30a3336b8e8ff9872 
Number of updated asset objects reloaded before import = 0
Number of asset objects unloaded after import = 0
========================================================================
Received Import Request.
  Time of request: 2026-08-11T15:50:27.2142172Z
  Time since last request: 0.0175477 seconds.
  importAddress: GUID: 689773a2623777f4980186bdb52e4df5 - Path: Packages/com.unity.render-pipelines.universal/Runtime/Decal/ScreenSpace/DecalScreenSpaceRenderPass.cs - Importer: ScriptedImporter/UnityEditor.QuickSearchModule:UnityEditor.Search:ASIAI0B
Importing 'GUID: 689773a2623777f4980186bdb52e4df5 - Path: Packages/com.unity.render-pipelines.universal/Runtime/Decal/ScreenSpace/DecalScreenSpaceRenderPass.cs - Importer: ScriptedImporter/UnityEditor.QuickSearchModule:UnityEditor.Search:ASIAI0B' with importer (ScriptedImporter : UnityEditor.QuickSearchModule:UnityEditor.Search:ASIAI0B)
Imported 'GUID: 689773a2623777f4980186bdb52e4df5' -> (Import Result ID: 'f52bdea05340bbe823624ebe1277ae4e') in 0.003 seconds [static and dynamic dependencies]. Details - ImportResultOutputID=8c4cdf0b350e4ee431e97e9d9caf7508 DependenciesID=d4e47d221861a4e8b16081172e6a58f7 StaticDependenciesID=1d33ee1aec65ddb3383dcef25c1f31dc 
Number of updated asset objects reloaded before import = 0
Number of asset objects unloaded after import = 0
========================================================================
Received Import Request.
  Time of request: 2026-08-11T15:50:27.2258968Z
  Time since last request: 0.0012028 seconds.
  importAddress: GUID: 3ff5a8cb01afe45ceb78977408e21133 - Path: Packages/com.unity.render-pipelines.universal/Runtime/Passes/PostProcess/StopNanPostProcessPass.cs - Importer: ScriptedImporter/UnityEditor.QuickSearchModule:UnityEditor.Search:ASIAI0B
Importing 'GUID: 3ff5a8cb01afe45ceb78977408e21133 - Path: Packages/com.unity.render-pipelines.universal/Runtime/Passes/PostProcess/StopNanPostProcessPass.cs - Importer: ScriptedImporter/UnityEditor.QuickSearchModule:UnityEditor.Search:ASIAI0B' with importer (ScriptedImporter : UnityEditor.QuickSearchModule:UnityEditor.Search:ASIAI0B)
Imported 'GUID: 3ff5a8cb01afe45ceb78977408e21133' -> (Import Result ID: 'd017793cd9292be60e0e719349829eca') in 0.003 seconds [static and dynamic dependencies]. Details - ImportResultOutputID=f7677bb81b2124a2d2dfff957fe750c2 DependenciesID=746077a0e8de1134a1d0ac4d1209a318 StaticDependenciesID=0e6521ceb7c78057eb97638350d40bf8 
Number of updated asset objects reloaded before import = 0
Number of asset objects unloaded after import = 0
========================================================================
Received Import Request.
  Time of request: 2026-08-11T15:50:27.2367364Z
  Time since last request: 0.0004212 seconds.
  importAddress: GUID: 3353b3e35f17cf840bda1ee7e858a4c7 - Path: Packages/com.unity.render-pipelines.universal/Runtime/Decal/Entities/DecalUpdateCachedSystem.cs - Importer: ScriptedImporter/UnityEditor.QuickSearchModule:UnityEditor.Search:ASIAI0B
Importing 'GUID: 3353b3e35f17cf840bda1ee7e858a4c7 - Path: Packages/com.unity.render-pipelines.universal/Runtime/Decal/Entities/DecalUpdateCachedSystem.cs - Importer: ScriptedImporter/UnityEditor.QuickSearchModule:UnityEditor.Search:ASIAI0B' with importer (ScriptedImporter : UnityEditor.QuickSearchModule:UnityEditor.Search:ASIAI0B)
Imported 'GUID: 3353b3e35f17cf840bda1ee7e858a4c7' -> (Import Result ID: '895bd054370cc138251a0b09ec625356') in 0.003 seconds [static and dynamic dependencies]. Details - ImportResultOutputID=f9644a7bb0aa9e06958ff11be7d34bf6 DependenciesID=85238d724797b57c475113403b71c622 StaticDependenciesID=094b8fbe90d5cafcf1cab0e4e234816f 
Number of updated asset objects reloaded before import = 0
Number of asset objects unloaded after import = 0
========================================================================
Received Import Request.
  Time of request: 2026-08-11T15:50:27.2484424Z
  Time since last request: 0.0007604 seconds.
  importAddress: GUID: d5c66722071146f69b099990ed8bcbda - Path: Packages/com.unity.render-pipelines.universal/Runtime/Passes/PostProcess/PaniniProjectionPostProcessPass.cs - Importer: ScriptedImporter/UnityEditor.QuickSearchModule:UnityEditor.Search:ASIAI0B
Importing 'GUID: d5c66722071146f69b099990ed8bcbda - Path: Packages/com.unity.render-pipelines.universal/Runtime/Passes/PostProcess/PaniniProjectionPostProcessPass.cs - Importer: ScriptedImporter/UnityEditor.QuickSearchModule:UnityEditor.Search:ASIAI0B' with importer (ScriptedImporter : UnityEditor.QuickSearchModule:UnityEditor.Search:ASIAI0B)
Imported 'GUID: d5c66722071146f69b099990ed8bcbda' -> (Import Result ID: '373c450b6152ca9e7bfc7ffd8e52822b') in 0.003 seconds [static and dynamic dependencies]. Details - ImportResultOutputID=59ff1bbf313559488986d22484f3d768 DependenciesID=a7ff46490ba9c191e509f838dd5d8b1c StaticDependenciesID=ba588d80824b6f349c9d033c1c197800 
Number of updated asset objects reloaded before import = 0
Number of asset objects unloaded after import = 0
========================================================================
Received Import Request.
  Time of request: 2026-08-11T15:50:27.2594757Z
  Time since last request: 0.0003157 seconds.
  importAddress: GUID: 8a239b3da89050c4e89ac06b168fc684 - Path: Packages/com.unity.render-pipelines.universal/Runtime/RendererFeatures/SurfaceCacheGIRendererFeature/FallbackMaterial.mat - Importer: ScriptedImporter/UnityEditor.QuickSearchModule:UnityEditor.Search:ASIAI0B
Importing 'GUID: 8a239b3da89050c4e89ac06b168fc684 - Path: Packages/com.unity.render-pipelines.universal/Runtime/RendererFeatures/SurfaceCacheGIRendererFeature/FallbackMaterial.mat - Importer: ScriptedImporter/UnityEditor.QuickSearchModule:UnityEditor.Search:ASIAI0B' with importer (ScriptedImporter : UnityEditor.QuickSearchModule:UnityEditor.Search:ASIAI0B)
Imported 'GUID: 8a239b3da89050c4e89ac06b168fc684' -> (Import Result ID: '95a50429768975a697db0ed562b2044a') in 0.004 seconds [static and dynamic dependencies]. Details - ImportResultOutputID=3a9a45792358b555ed6505916de314a3 DependenciesID=06807b2a65c3ff24e30ec00fec6e9aae StaticDependenciesID=6f975378264f23104be47ecf7cb29c96 
Number of updated asset objects reloaded before import = 0
Number of asset objects unloaded after import = 1
========================================================================
Received Import Request.
  Time of request: 2026-08-11T15:50:27.2720652Z
  Time since last request: 0.0005841 seconds.
  importAddress: GUID: 14a1338d3233f42aca614647651477ee - Path: Packages/com.unity.render-pipelines.universal/Runtime/Passes/PostProcess/DepthOfFieldGaussianPostProcessPass.cs - Importer: ScriptedImporter/UnityEditor.QuickSearchModule:UnityEditor.Search:ASIAI0B
Importing 'GUID: 14a1338d3233f42aca614647651477ee - Path: Packages/com.unity.render-pipelines.universal/Runtime/Passes/PostProcess/DepthOfFieldGaussianPostProcessPass.cs - Importer: ScriptedImporter/UnityEditor.QuickSearchModule:UnityEditor.Search:ASIAI0B' with importer (ScriptedImporter : UnityEditor.QuickSearchModule:UnityEditor.Search:ASIAI0B)
Imported 'GUID: 14a1338d3233f42aca614647651477ee' -> (Import Result ID: 'ad403d90141ede0b6f8bca2e03813e02') in 0.004 seconds [static and dynamic dependencies]. Details - ImportResultOutputID=6cc92c4138bb6056ab51f1da1e97587f DependenciesID=0329b2a0f43fcc99a44164d1a211efb6 StaticDependenciesID=33c3b609626ca05fce4b01c79e8f4599 
Number of updated asset objects reloaded before import = 0
Number of asset objects unloaded after import = 0
========================================================================
Received Import Request.
  Time of request: 2026-08-11T15:50:27.2854627Z
  Time since last request: 0.0003196 seconds.
  importAddress: GUID: d776af40f15db584481ac25590babc57 - Path: Packages/com.unity.render-pipelines.universal/Runtime/Decal/Entities/DecalEntityManager.cs - Importer: ScriptedImporter/UnityEditor.QuickSearchModule:UnityEditor.Search:ASIAI0B
Importing 'GUID: d776af40f15db584481ac25590babc57 - Path: Packages/com.unity.render-pipelines.universal/Runtime/Decal/Entities/DecalEntityManager.cs - Importer: ScriptedImporter/UnityEditor.QuickSearchModule:UnityEditor.Search:ASIAI0B' with importer (ScriptedImporter : UnityEditor.QuickSearchModule:UnityEditor.Search:ASIAI0B)
Imported 'GUID: d776af40f15db584481ac25590babc57' -> (Import Result ID: '0328b395acc3d19b4f954b1a7e6e160e') in 0.003 seconds [static and dynamic dependencies]. Details - ImportResultOutputID=58e305059fe0a5a15c25475ee223c817 DependenciesID=fa898ca0da1b7f55e6e6ff33d9a1608c StaticDependenciesID=cda917bd7cbeb691f3995b5128cb222f 
Number of updated asset objects reloaded before import = 0
Number of asset objects unloaded after import = 0
========================================================================
Received Import Request.
  Time of request: 2026-08-11T15:50:27.3137252Z
  Time since last request: 0.0164983 seconds.
  importAddress: GUID: 15c09e9f82634f5881e6676d62f25bcb - Path: Packages/com.unity.render-pipelines.universal/Shaders/2D/Include/InputData2D.hlsl - Importer: ScriptedImporter/UnityEditor.QuickSearchModule:UnityEditor.Search:ASIAI0B
Importing 'GUID: 15c09e9f82634f5881e6676d62f25bcb - Path: Packages/com.unity.render-pipelines.universal/Shaders/2D/Include/InputData2D.hlsl - Importer: ScriptedImporter/UnityEditor.QuickSearchModule:UnityEditor.Search:ASIAI0B' with importer (ScriptedImporter : UnityEditor.QuickSearchModule:UnityEditor.Search:ASIAI0B)
Imported 'GUID: 15c09e9f82634f5881e6676d62f25bcb' -> (Import Result ID: 'efdf35ea391959e90f41106d37598a57') in 0.004 seconds [static and dynamic dependencies]. Details - ImportResultOutputID=cb999f128e3ca549a8dd80280c989f0e DependenciesID=45dd42b5236622a2d18841ed454e8f09 StaticDependenciesID=f3e3101a3066fdd05e4795512f4db9af 
Number of updated asset objects reloaded before import = 0
Number of asset objects unloaded after import = 1
========================================================================
Received Import Request.
  Time of request: 2026-08-11T15:50:27.3256246Z
  Time since last request: 0.0002645 seconds.
  importAddress: GUID: bfed3e498947fcb4890b7f40f54d85b9 - Path: Packages/com.unity.render-pipelines.universal/Textures/BlueNoise16/L/LDR_LLL1_12.png - Importer: ScriptedImporter/UnityEditor.QuickSearchModule:UnityEditor.Search:ASIAI0B
Importing 'GUID: bfed3e498947fcb4890b7f40f54d85b9 - Path: Packages/com.unity.render-pipelines.universal/Textures/BlueNoise16/L/LDR_LLL1_12.png - Importer: ScriptedImporter/UnityEditor.QuickSearchModule:UnityEditor.Search:ASIAI0B' with importer (ScriptedImporter : UnityEditor.QuickSearchModule:UnityEditor.Search:ASIAI0B)
Imported 'GUID: bfed3e498947fcb4890b7f40f54d85b9' -> (Import Result ID: '59bb76a0fd45a1adedaeeede9762c605') in 0.005 seconds [static and dynamic dependencies]. Details - ImportResultOutputID=d4e69b344384e732ae24b7acb93fde77 DependenciesID=8773a9e3a5629e58a7bf0fd8faf7055a StaticDependenciesID=02ffc206fbaf9e6ad71108ab14995dcf 
Number of updated asset objects reloaded before import = 0
Number of asset objects unloaded after import = 1
========================================================================
Received Import Request.
  Time of request: 2026-08-11T15:50:27.3389255Z
  Time since last request: 0.0003114 seconds.
  importAddress: GUID: 47a45908f6db0cb44a0d5e961143afec - Path: Packages/com.unity.render-pipelines.universal/Textures/BlueNoise16/L/LDR_LLL1_14.png - Importer: ScriptedImporter/UnityEditor.QuickSearchModule:UnityEditor.Search:ASIAI0B
Importing 'GUID: 47a45908f6db0cb44a0d5e961143afec - Path: Packages/com.unity.render-pipelines.universal/Textures/BlueNoise16/L/LDR_LLL1_14.png - Importer: ScriptedImporter/UnityEditor.QuickSearchModule:UnityEditor.Search:ASIAI0B' with importer (ScriptedImporter : UnityEditor.QuickSearchModule:UnityEditor.Search:ASIAI0B)
Imported 'GUID: 47a45908f6db0cb44a0d5e961143afec' -> (Import Result ID: '2bdadcc9c3481764d5997cab9a614256') in 0.006 seconds [static and dynamic dependencies]. Details - ImportResultOutputID=38c0d852dfffcef608f5e4375698f576 DependenciesID=3e68696536dbf40dbc81fc9075ac13a6 StaticDependenciesID=465f80fb2627b02f4820b30c359b67b3 
Number of updated asset objects reloaded before import = 0
Number of asset objects unloaded after import = 1
========================================================================
Received Import Request.
  Time of request: 2026-08-11T15:50:27.3551471Z
  Time since last request: 0.0002805 seconds.
  importAddress: GUID: a176945d0e562084691bce8e11084c6a - Path: Packages/com.unity.render-pipelines.universal/Tests/Editor/PostProcessDataTests/1.shader - Importer: ScriptedImporter/UnityEditor.QuickSearchModule:UnityEditor.Search:ASIAI0B
Importing 'GUID: a176945d0e562084691bce8e11084c6a - Path: Packages/com.unity.render-pipelines.universal/Tests/Editor/PostProcessDataTests/1.shader - Importer: ScriptedImporter/UnityEditor.QuickSearchModule:UnityEditor.Search:ASIAI0B' with importer (ScriptedImporter : UnityEditor.QuickSearchModule:UnityEditor.Search:ASIAI0B)
Imported 'GUID: a176945d0e562084691bce8e11084c6a' -> (Import Result ID: '0856259bc38dbb6a4a8a03f90a354ead') in 0.004 seconds [static and dynamic dependencies]. Details - ImportResultOutputID=5b28b0240b71c23a2f9872e23bdf8ecd DependenciesID=657bb2bf67d982a8577e73dd2e8d7de3 StaticDependenciesID=b440f3fc472cfe981aa8fb509247c738 
Number of updated asset objects reloaded before import = 0
Number of asset objects unloaded after import = 1
========================================================================
Received Import Request.
  Time of request: 2026-08-11T15:50:27.3674336Z
  Time since last request: 0.0002306 seconds.
  importAddress: GUID: 81200413a40918d4d8702e94db29911c - Path: Packages/com.unity.render-pipelines.universal/Textures/BlueNoise16/L/LDR_LLL1_0.png - Importer: ScriptedImporter/UnityEditor.QuickSearchModule:UnityEditor.Search:ASIAI0B
Importing 'GUID: 81200413a40918d4d8702e94db29911c - Path: Packages/com.unity.render-pipelines.universal/Textures/BlueNoise16/L/LDR_LLL1_0.png - Importer: ScriptedImporter/UnityEditor.QuickSearchModule:UnityEditor.Search:ASIAI0B' with importer (ScriptedImporter : UnityEditor.QuickSearchModule:UnityEditor.Search:ASIAI0B)
Imported 'GUID: 81200413a40918d4d8702e94db29911c' -> (Import Result ID: 'efccfb3416ac22fa3c4b9d2aa0f4a6ac') in 0.006 seconds [static and dynamic dependencies]. Details - ImportResultOutputID=92f1647765bc71cbfc390f4ae7036142 DependenciesID=fa1ee446bbe15174fb215d3b41a0dec7 StaticDependenciesID=3e8899b61c483a69b8203f9a237edaac 
Number of updated asset objects reloaded before import = 0
Number of asset objects unloaded after import = 1
========================================================================
Received Import Request.
  Time of request: 2026-08-11T15:50:27.3994135Z
  Time since last request: 0.0186451 seconds.
  importAddress: GUID: b1d9d11b6a33b4b4e83c36bd926bbb77 - Path: Packages/com.unity.render-pipelines.universal/Editor/2D/ShaderGraph/AssetCallbacks/CreateSpriteUnlitShaderGraph.cs - Importer: ScriptedImporter/UnityEditor.QuickSearchModule:UnityEditor.Search:ASIAI0B
Importing 'GUID: b1d9d11b6a33b4b4e83c36bd926bbb77 - Path: Packages/com.unity.render-pipelines.universal/Editor/2D/ShaderGraph/AssetCallbacks/CreateSpriteUnlitShaderGraph.cs - Importer: ScriptedImporter/UnityEditor.QuickSearchModule:UnityEditor.Search:ASIAI0B' with importer (ScriptedImporter : UnityEditor.QuickSearchModule:UnityEditor.Search:ASIAI0B)
Imported 'GUID: b1d9d11b6a33b4b4e83c36bd926bbb77' -> (Import Result ID: '760935a6ac51746bb63285030c68f346') in 0.004 seconds [static and dynamic dependencies]. Details - ImportResultOutputID=b5027962af214aff88fdd26b5248174c DependenciesID=cdabc6399e65ac0818615d47942f390e StaticDependenciesID=0c24bc6af1fa244f8700f819b4df23a7 
Number of updated asset objects reloaded before import = 0
Number of asset objects unloaded after import = 0
========================================================================
Received Import Request.
  Time of request: 2026-08-11T15:50:27.4122495Z
  Time since last request: 0.0002629 seconds.
  importAddress: GUID: b52dc03557c43a54dba259bd9f78a779 - Path: Packages/com.unity.render-pipelines.universal/Editor/2D/ShaderGraph/Nodes/SpriteSkinningNode.cs - Importer: ScriptedImporter/UnityEditor.QuickSearchModule:UnityEditor.Search:ASIAI0B
Importing 'GUID: b52dc03557c43a54dba259bd9f78a779 - Path: Packages/com.unity.render-pipelines.universal/Editor/2D/ShaderGraph/Nodes/SpriteSkinningNode.cs - Importer: ScriptedImporter/UnityEditor.QuickSearchModule:UnityEditor.Search:ASIAI0B' with importer (ScriptedImporter : UnityEditor.QuickSearchModule:UnityEditor.Search:ASIAI0B)
Imported 'GUID: b52dc03557c43a54dba259bd9f78a779' -> (Import Result ID: '90ea43d1e69a2ee6ab9f8208d608e50e') in 0.003 seconds [static and dynamic dependencies]. Details - ImportResultOutputID=a73466f439502ee2c9ccfc582269d076 DependenciesID=90660947a8e2ff752affb1652ca01af8 StaticDependenciesID=e6afa27519f900ae621578b5347cfd00 
Number of updated asset objects reloaded before import = 0
Number of asset objects unloaded after import = 0
========================================================================
Received Import Request.
  Time of request: 2026-08-11T15:50:27.4241905Z
  Time since last request: 0.0003531 seconds.
  importAddress: GUID: 7f923c32ff8dfab40b5673135ddb6cd4 - Path: Packages/com.unity.render-pipelines.universal/Editor/2D/Resources/SceneViewIcons/GlobalLight.png - Importer: ScriptedImporter/UnityEditor.QuickSearchModule:UnityEditor.Search:ASIAI0B
Importing 'GUID: 7f923c32ff8dfab40b5673135ddb6cd4 - Path: Packages/com.unity.render-pipelines.universal/Editor/2D/Resources/SceneViewIcons/GlobalLight.png - Importer: ScriptedImporter/UnityEditor.QuickSearchModule:UnityEditor.Search:ASIAI0B' with importer (ScriptedImporter : UnityEditor.QuickSearchModule:UnityEditor.Search:ASIAI0B)
Imported 'GUID: 7f923c32ff8dfab40b5673135ddb6cd4' -> (Import Result ID: 'd23ad4b3ffc60126d085c32fce6f5fb3') in 0.006 seconds [static and dynamic dependencies]. Details - ImportResultOutputID=8d5ae2f11a24d4b965aa5fe01ba7d844 DependenciesID=4fdff2272bbeb49060317b3160ecb18e StaticDependenciesID=8a083d8c9f2a54d9595dd2aca5b0c47b 
Number of updated asset objects reloaded before import = 0
Number of asset objects unloaded after import = 1
========================================================================
Received Import Request.
  Time of request: 2026-08-11T15:50:27.4419753Z
  Time since last request: 0.0002419 seconds.
  importAddress: GUID: bc45f85c523f60641ac5ecf5c30dae29 - Path: Packages/com.unity.render-pipelines.universal/Editor/2D/ShaderGraph/Targets/SpriteSubTargetUtility.cs - Importer: ScriptedImporter/UnityEditor.QuickSearchModule:UnityEditor.Search:ASIAI0B
Importing 'GUID: bc45f85c523f60641ac5ecf5c30dae29 - Path: Packages/com.unity.render-pipelines.universal/Editor/2D/ShaderGraph/Targets/SpriteSubTargetUtility.cs - Importer: ScriptedImporter/UnityEditor.QuickSearchModule:UnityEditor.Search:ASIAI0B' with importer (ScriptedImporter : UnityEditor.QuickSearchModule:UnityEditor.Search:ASIAI0B)
Imported 'GUID: bc45f85c523f60641ac5ecf5c30dae29' -> (Import Result ID: '5fe8add8f5ff3201ba39165003d1e357') in 0.004 seconds [static and dynamic dependencies]. Details - ImportResultOutputID=491c10769a5be37ef4b68c00d433b046 DependenciesID=f1e1b80dd6f974f5467082ee9cc50dae StaticDependenciesID=11486ffdf877988f9d89f665b619e9d5 
Number of updated asset objects reloaded before import = 0
Number of asset objects unloaded after import = 0
========================================================================
Received Import Request.
  Time of request: 2026-08-11T15:50:27.4564705Z
  Time since last request: 0.0003853 seconds.
  importAddress: GUID: 89952a5e365cbf54699031f6ee002f48 - Path: Packages/com.unity.render-pipelines.universal/Editor/Tools/Converters/PPv2/PPv2ConversionIndexers.cs - Importer: ScriptedImporter/UnityEditor.QuickSearchModule:UnityEditor.Search:ASIAI0B
Importing 'GUID: 89952a5e365cbf54699031f6ee002f48 - Path: Packages/com.unity.render-pipelines.universal/Editor/Tools/Converters/PPv2/PPv2ConversionIndexers.cs - Importer: ScriptedImporter/UnityEditor.QuickSearchModule:UnityEditor.Search:ASIAI0B' with importer (ScriptedImporter : UnityEditor.QuickSearchModule:UnityEditor.Search:ASIAI0B)
Imported 'GUID: 89952a5e365cbf54699031f6ee002f48' -> (Import Result ID: 'f33f079959a840f53ef338f888c5fa3e') in 0.003 seconds [static and dynamic dependencies]. Details - ImportResultOutputID=21a4c750a0c8247c4bdbe289a18fb23e DependenciesID=7328cfe3f54cee0e595bf30e0c0722ac StaticDependenciesID=ec0cf6ecd0310099f0e626f2ea41433a 
Number of updated asset objects reloaded before import = 0
Number of asset objects unloaded after import = 0
========================================================================
Received Import Request.
  Time of request: 2026-08-11T15:50:27.4682386Z
  Time since last request: 0.0003477 seconds.
  importAddress: GUID: e957854850ccb7140a538f7a93f8761b - Path: Packages/com.unity.render-pipelines.universal/Editor/2D/Resources/InspectorIcons/ParametricLight.png - Importer: ScriptedImporter/UnityEditor.QuickSearchModule:UnityEditor.Search:ASIAI0B
Importing 'GUID: e957854850ccb7140a538f7a93f8761b - Path: Packages/com.unity.render-pipelines.universal/Editor/2D/Resources/InspectorIcons/ParametricLight.png - Importer: ScriptedImporter/UnityEditor.QuickSearchModule:UnityEditor.Search:ASIAI0B' with importer (ScriptedImporter : UnityEditor.QuickSearchModule:UnityEditor.Search:ASIAI0B)
Imported 'GUID: e957854850ccb7140a538f7a93f8761b' -> (Import Result ID: '788a90d3ab77c746beb2b4adbca53765') in 0.007 seconds [static and dynamic dependencies]. Details - ImportResultOutputID=11109a4bf9ba6537369480aceaea1900 DependenciesID=8b8bd645553b7da1b655efc1a730641d StaticDependenciesID=94482cae989bf0af2f496cf56bdeeb39 
Number of updated asset objects reloaded before import = 0
Number of asset objects unloaded after import = 1
========================================================================
Received Import Request.
  Time of request: 2026-08-11T15:50:27.4845469Z
  Time since last request: 0.0003498 seconds.
  importAddress: GUID: ea1514729d7120344b27dcd67fbf34de - Path: Packages/com.unity.render-pipelines.universal/Editor/2D/ShaderGraph/Targets/UniversalSpriteLitSubTarget.cs - Importer: ScriptedImporter/UnityEditor.QuickSearchModule:UnityEditor.Search:ASIAI0B
Importing 'GUID: ea1514729d7120344b27dcd67fbf34de - Path: Packages/com.unity.render-pipelines.universal/Editor/2D/ShaderGraph/Targets/UniversalSpriteLitSubTarget.cs - Importer: ScriptedImporter/UnityEditor.QuickSearchModule:UnityEditor.Search:ASIAI0B' with importer (ScriptedImporter : UnityEditor.QuickSearchModule:UnityEditor.Search:ASIAI0B)
Imported 'GUID: ea1514729d7120344b27dcd67fbf34de' -> (Import Result ID: '28ea0118572b14346c095663be14a74f') in 0.004 seconds [static and dynamic dependencies]. Details - ImportResultOutputID=aedfc03d35db8dd2e3cd6403d9d32b58 DependenciesID=2378cab7a23d0842473c230fc527755b StaticDependenciesID=d4631df9c9fe9bf6dc06413538a40755 
Number of updated asset objects reloaded before import = 0
Number of asset objects unloaded after import = 0
========================================================================
Received Import Request.
  Time of request: 2026-08-11T15:50:27.4980595Z
  Time since last request: 0.0004979 seconds.
  importAddress: GUID: 7edabebf429ea534a8a5bbdf10b327d1 - Path: Packages/com.unity.render-pipelines.universal/Editor/VFXGraph/Shaders/Templates/VFXParticleLitMesh.template - Importer: ScriptedImporter/UnityEditor.QuickSearchModule:UnityEditor.Search:ASIAI0B
Importing 'GUID: 7edabebf429ea534a8a5bbdf10b327d1 - Path: Packages/com.unity.render-pipelines.universal/Editor/VFXGraph/Shaders/Templates/VFXParticleLitMesh.template - Importer: ScriptedImporter/UnityEditor.QuickSearchModule:UnityEditor.Search:ASIAI0B' with importer (ScriptedImporter : UnityEditor.QuickSearchModule:UnityEditor.Search:ASIAI0B)
Imported 'GUID: 7edabebf429ea534a8a5bbdf10b327d1' -> (Import Result ID: 'ccbcb8703b22540c66129696123ee3dd') in 0.003 seconds [static and dynamic dependencies]. Details - ImportResultOutputID=2e22ecec064aac0d0f75f053de841488 DependenciesID=17e9f1fbf881432fa451a2b643b8baa7 StaticDependenciesID=6e1ad726dad2db24fdf3e85e32a3fda2 
Number of updated asset objects reloaded before import = 0
Number of asset objects unloaded after import = 1
========================================================================
Received Import Request.
  Time of request: 2026-08-11T15:50:27.5280522Z
  Time since last request: 0.018101 seconds.
  importAddress: GUID: c67e061ed96500e4ba8ddeabc5f46958 - Path: Packages/com.unity.render-pipelines.universal/Runtime/2D/Passes/Utility/LightBatch.cs - Importer: ScriptedImporter/UnityEditor.QuickSearchModule:UnityEditor.Search:ASIAI0B
Importing 'GUID: c67e061ed96500e4ba8ddeabc5f46958 - Path: Packages/com.unity.render-pipelines.universal/Runtime/2D/Passes/Utility/LightBatch.cs - Importer: ScriptedImporter/UnityEditor.QuickSearchModule:UnityEditor.Search:ASIAI0B' with importer (ScriptedImporter : UnityEditor.QuickSearchModule:UnityEditor.Search:ASIAI0B)
Imported 'GUID: c67e061ed96500e4ba8ddeabc5f46958' -> (Import Result ID: 'fb360a54f264f243c9885dd8c8b848e9') in 0.003 seconds [static and dynamic dependencies]. Details - ImportResultOutputID=833e2db0a2f0a4eac6e5343305260d8c DependenciesID=2da80b1ce47628c3d45e47acd253d6ad StaticDependenciesID=b904cf52f8f0dd3157803ee825f03fc3 
Number of updated asset objects reloaded before import = 0
Number of asset objects unloaded after import = 0
========================================================================
Received Import Request.
  Time of request: 2026-08-11T15:50:27.5407506Z
  Time since last request: 0.0002761 seconds.
  importAddress: GUID: 7978073cb0cd25f4f8e29b37e3f55d2a - Path: Packages/com.unity.render-pipelines.universal/Runtime/2D/Passes/Utility/RendererLighting.cs - Importer: ScriptedImporter/UnityEditor.QuickSearchModule:UnityEditor.Search:ASIAI0B
Importing 'GUID: 7978073cb0cd25f4f8e29b37e3f55d2a - Path: Packages/com.unity.render-pipelines.universal/Runtime/2D/Passes/Utility/RendererLighting.cs - Importer: ScriptedImporter/UnityEditor.QuickSearchModule:UnityEditor.Search:ASIAI0B' with importer (ScriptedImporter : UnityEditor.QuickSearchModule:UnityEditor.Search:ASIAI0B)
Imported 'GUID: 7978073cb0cd25f4f8e29b37e3f55d2a' -> (Import Result ID: 'e9bc18871ddbc00f030c1890819394f5') in 0.003 seconds [static and dynamic dependencies]. Details - ImportResultOutputID=a15ba07098c775dec562f95ac133c6d0 DependenciesID=9b58eeb13ffec3efa90101ae61711dbe StaticDependenciesID=24abbc15f433c1ea26c0e64e7d46bdc3 
Number of updated asset objects reloaded before import = 0
Number of asset objects unloaded after import = 0
========================================================================
Received Import Request.
  Time of request: 2026-08-11T15:50:27.5537619Z
  Time since last request: 0.0003842 seconds.
  importAddress: GUID: 27e716c92bd24f94a8eb7f5d18240b6d - Path: Packages/com.unity.render-pipelines.universal/Runtime/2D/Shadows/Shadow Provider Utility/ShadowEdge.cs - Importer: ScriptedImporter/UnityEditor.QuickSearchModule:UnityEditor.Search:ASIAI0B
Importing 'GUID: 27e716c92bd24f94a8eb7f5d18240b6d - Path: Packages/com.unity.render-pipelines.universal/Runtime/2D/Shadows/Shadow Provider Utility/ShadowEdge.cs - Importer: ScriptedImporter/UnityEditor.QuickSearchModule:UnityEditor.Search:ASIAI0B' with importer (ScriptedImporter : UnityEditor.QuickSearchModule:UnityEditor.Search:ASIAI0B)
Imported 'GUID: 27e716c92bd24f94a8eb7f5d18240b6d' -> (Import Result ID: '0a1bed13dae251e866cc703f371b8a48') in 0.003 seconds [static and dynamic dependencies]. Details - ImportResultOutputID=9a0c56d0fdde0f38ec74b8517e1bf52f DependenciesID=69fcd13f36454954ce89a07795749b06 StaticDependenciesID=c5af1a7b10d43180104794b4ac0cf684 
Number of updated asset objects reloaded before import = 0
Number of asset objects unloaded after import = 0
========================================================================
Received Import Request.
  Time of request: 2026-08-11T15:50:27.5811766Z
  Time since last request: 0.0161822 seconds.
  importAddress: GUID: 92bae492fd0c48fca15a3c15dc732416 - Path: Packages/com.unity.render-pipelines.universal/Editor/VFXGraph/Shaders/Templates/URPDecal/PassGBuffer.template - Importer: ScriptedImporter/UnityEditor.QuickSearchModule:UnityEditor.Search:ASIAI0B
Importing 'GUID: 92bae492fd0c48fca15a3c15dc732416 - Path: Packages/com.unity.render-pipelines.universal/Editor/VFXGraph/Shaders/Templates/URPDecal/PassGBuffer.template - Importer: ScriptedImporter/UnityEditor.QuickSearchModule:UnityEditor.Search:ASIAI0B' with importer (ScriptedImporter : UnityEditor.QuickSearchModule:UnityEditor.Search:ASIAI0B)
Imported 'GUID: 92bae492fd0c48fca15a3c15dc732416' -> (Import Result ID: '4907a978b805972924e6ca971cfa8d79') in 0.003 seconds [static and dynamic dependencies]. Details - ImportResultOutputID=f35733732494a491be4c0b288a44a282 DependenciesID=e9fd843a5cc61c4adc9b98f2d23aee87 StaticDependenciesID=9a68d1c7c51d31242fe451b7e4fc86ad 
Number of updated asset objects reloaded before import = 0
Number of asset objects unloaded after import = 1
========================================================================
Received Import Request.
  Time of request: 2026-08-11T15:50:27.592437Z
  Time since last request: 0.0009713 seconds.
  importAddress: GUID: 01ac01709d809ff46966b98b9ec1104d - Path: Packages/com.unity.render-pipelines.universal/Editor/VFXGraph/Shaders/Templates/ParticlePlanarPrimitivesLit/PassSelection.template - Importer: ScriptedImporter/UnityEditor.QuickSearchModule:UnityEditor.Search:ASIAI0B
Importing 'GUID: 01ac01709d809ff46966b98b9ec1104d - Path: Packages/com.unity.render-pipelines.universal/Editor/VFXGraph/Shaders/Templates/ParticlePlanarPrimitivesLit/PassSelection.template - Importer: ScriptedImporter/UnityEditor.QuickSearchModule:UnityEditor.Search:ASIAI0B' with importer (ScriptedImporter : UnityEditor.QuickSearchModule:UnityEditor.Search:ASIAI0B)
Imported 'GUID: 01ac01709d809ff46966b98b9ec1104d' -> (Import Result ID: '8f39766e0c74e3b2e8dea0b808f65900') in 0.003 seconds [static and dynamic dependencies]. Details - ImportResultOutputID=5863a5997b7264fafff584d55fbd920f DependenciesID=6102121351565a69bd4d7e83643d0676 StaticDependenciesID=7ad13a3bcd4d195b9ad621aeaa606963 
Number of updated asset objects reloaded before import = 0
Number of asset objects unloaded after import = 1
========================================================================
Received Import Request.
  Time of request: 2026-08-11T15:50:27.6038958Z
  Time since last request: 0.0002327 seconds.
  importAddress: GUID: 9e62eb3c33b50c54badb6f7cd6eb7a8c - Path: Packages/com.unity.render-pipelines.universal/Editor/VFXGraph/Shaders/Templates/ParticleMeshesLit/PassShadowCaster.template - Importer: ScriptedImporter/UnityEditor.QuickSearchModule:UnityEditor.Search:ASIAI0B
Importing 'GUID: 9e62eb3c33b50c54badb6f7cd6eb7a8c - Path: Packages/com.unity.render-pipelines.universal/Editor/VFXGraph/Shaders/Templates/ParticleMeshesLit/PassShadowCaster.template - Importer: ScriptedImporter/UnityEditor.QuickSearchModule:UnityEditor.Search:ASIAI0B' with importer (ScriptedImporter : UnityEditor.QuickSearchModule:UnityEditor.Search:ASIAI0B)
Imported 'GUID: 9e62eb3c33b50c54badb6f7cd6eb7a8c' -> (Import Result ID: '7bca041094943f5ee050681ab314485a') in 0.003 seconds [static and dynamic dependencies]. Details - ImportResultOutputID=340789b2f0c6f81066a771cecca4c45a DependenciesID=eafec84f8228e0db59a0188bfec5c469 StaticDependenciesID=15772e7ff98126527d3268bc615a1bdd 
Number of updated asset objects reloaded before import = 0
Number of asset objects unloaded after import = 1
========================================================================
Received Import Request.
  Time of request: 2026-08-11T15:50:27.6157987Z
  Time since last request: 0.0004906 seconds.
  importAddress: GUID: 65de241854404d343a0937eb1adbb6f7 - Path: Packages/com.unity.render-pipelines.universal/Editor/Tools/Converters/PPv2/EffectConverters/BloomConverter.cs - Importer: ScriptedImporter/UnityEditor.QuickSearchModule:UnityEditor.Search:ASIAI0B
Importing 'GUID: 65de241854404d343a0937eb1adbb6f7 - Path: Packages/com.unity.render-pipelines.universal/Editor/Tools/Converters/PPv2/EffectConverters/BloomConverter.cs - Importer: ScriptedImporter/UnityEditor.QuickSearchModule:UnityEditor.Search:ASIAI0B' with importer (ScriptedImporter : UnityEditor.QuickSearchModule:UnityEditor.Search:ASIAI0B)
Imported 'GUID: 65de241854404d343a0937eb1adbb6f7' -> (Import Result ID: '3f9d96223450621db807a32e5730edc0') in 0.003 seconds [static and dynamic dependencies]. Details - ImportResultOutputID=d2fe16284aee88dd9c2f746b2f58ae3b DependenciesID=d6108d113d45ce8bbd32d5dc1b456869 StaticDependenciesID=04877e374c0417a73770f3b9c726c52a 
Number of updated asset objects reloaded before import = 0
Number of asset objects unloaded after import = 0
========================================================================
Received Import Request.
  Time of request: 2026-08-11T15:50:27.6291153Z
  Time since last request: 0.000247 seconds.
  importAddress: GUID: b1a0121f4ab34ed9a0480537b0f8e6f5 - Path: Packages/com.unity.render-pipelines.universal/Editor/VFXGraph/Shaders/Templates/URPDecal/PassDBuffer.template - Importer: ScriptedImporter/UnityEditor.QuickSearchModule:UnityEditor.Search:ASIAI0B
Importing 'GUID: b1a0121f4ab34ed9a0480537b0f8e6f5 - Path: Packages/com.unity.render-pipelines.universal/Editor/VFXGraph/Shaders/Templates/URPDecal/PassDBuffer.template - Importer: ScriptedImporter/UnityEditor.QuickSearchModule:UnityEditor.Search:ASIAI0B' with importer (ScriptedImporter : UnityEditor.QuickSearchModule:UnityEditor.Search:ASIAI0B)
Imported 'GUID: b1a0121f4ab34ed9a0480537b0f8e6f5' -> (Import Result ID: '8a14fa34777495ce20ea17364294379c') in 0.003 seconds [static and dynamic dependencies]. Details - ImportResultOutputID=eef61e88ef666abe91c5770dd2d650ae DependenciesID=0a5896b63655a85a4e4cf00ec5df6706 StaticDependenciesID=ccd66d6fdc0fbdbf889e06db82c51d9a 
Number of updated asset objects reloaded before import = 0
Number of asset objects unloaded after import = 1
========================================================================
Received Import Request.
  Time of request: 2026-08-11T15:50:27.6487961Z
  Time since last request: 0.0074395 seconds.
  importAddress: GUID: 4745d06d5a7ca576dcf9e5e67b417652 - Path: Packages/com.unity.modules.accessibility/package.ModuleCompilationTrigger - Importer: ScriptedImporter/UnityEditor.QuickSearchModule:UnityEditor.Search:ASIAI0B
Importing 'GUID: 4745d06d5a7ca576dcf9e5e67b417652 - Path: Packages/com.unity.modules.accessibility/package.ModuleCompilationTrigger - Importer: ScriptedImporter/UnityEditor.QuickSearchModule:UnityEditor.Search:ASIAI0B' with importer (ScriptedImporter : UnityEditor.QuickSearchModule:UnityEditor.Search:ASIAI0B)
Imported 'GUID: 4745d06d5a7ca576dcf9e5e67b417652' -> (Import Result ID: '746bf04c2c4212ac82a2f4f1455701b3') in 0.003 seconds [static and dynamic dependencies]. Details - ImportResultOutputID=a0b65370033923fdf6adc1f3d196ba1a DependenciesID=10d5d250fcbff3ed78ce93bc1f8cb0fe StaticDependenciesID=c014c93d02082c0e0dea8a1f2665bd95 
Number of updated asset objects reloaded before import = 0
Number of asset objects unloaded after import = 1
========================================================================
Received Import Request.
  Time of request: 2026-08-11T15:50:27.6594817Z
  Time since last request: 0.0006078 seconds.
  importAddress: GUID: 0722f9616ea0a48e280b552e67e783a5 - Path: Packages/com.unity.render-pipelines.universal/Tests/Editor/Tools/Converters/MaterialUpgrader/StandardMaterialUpgraderTest.cs - Importer: ScriptedImporter/UnityEditor.QuickSearchModule:UnityEditor.Search:ASIAI0B
Importing 'GUID: 0722f9616ea0a48e280b552e67e783a5 - Path: Packages/com.unity.render-pipelines.universal/Tests/Editor/Tools/Converters/MaterialUpgrader/StandardMaterialUpgraderTest.cs - Importer: ScriptedImporter/UnityEditor.QuickSearchModule:UnityEditor.Search:ASIAI0B' with importer (ScriptedImporter : UnityEditor.QuickSearchModule:UnityEditor.Search:ASIAI0B)
Imported 'GUID: 0722f9616ea0a48e280b552e67e783a5' -> (Import Result ID: '7cf6b4a2e3a56fac5d932f453234573a') in 0.003 seconds [static and dynamic dependencies]. Details - ImportResultOutputID=fd23f4fad1933a3b62dcba6758e8c2d3 DependenciesID=757f1b124169beb4003d0f73d56b7061 StaticDependenciesID=1ff6049057918fa0c2c9be2c39070324 
Number of updated asset objects reloaded before import = 0
Number of asset objects unloaded after import = 0
========================================================================
Received Import Request.
  Time of request: 2026-08-11T15:50:27.6710993Z
  Time since last request: 0.0004373 seconds.
  importAddress: GUID: c95825082268f40c287d083e6fa50785 - Path: Packages/com.unity.render-pipelines.universal/Tests/Editor/Tools/Converters/MaterialUpgrader/ParticleMaterialUpgraderTestUnlit.cs - Importer: ScriptedImporter/UnityEditor.QuickSearchModule:UnityEditor.Search:ASIAI0B
Importing 'GUID: c95825082268f40c287d083e6fa50785 - Path: Packages/com.unity.render-pipelines.universal/Tests/Editor/Tools/Converters/MaterialUpgrader/ParticleMaterialUpgraderTestUnlit.cs - Importer: ScriptedImporter/UnityEditor.QuickSearchModule:UnityEditor.Search:ASIAI0B' with importer (ScriptedImporter : UnityEditor.QuickSearchModule:UnityEditor.Search:ASIAI0B)
Imported 'GUID: c95825082268f40c287d083e6fa50785' -> (Import Result ID: '40299493663222e4f993134e38525c54') in 0.003 seconds [static and dynamic dependencies]. Details - ImportResultOutputID=c9504eafb6fb90288cb0292529d3c2fc DependenciesID=331dd4c5a882a28bdfa97bdf43ee26f0 StaticDependenciesID=a8f583ffd6b3e92a110fd017c31008e0 
Number of updated asset objects reloaded before import = 0
Number of asset objects unloaded after import = 0
========================================================================
Received Import Request.
  Time of request: 2026-08-11T15:50:27.7103191Z
  Time since last request: 0.0252828 seconds.
  importAddress: GUID: f7a8357347c80dc69c08d0b1a05e2122 - Path: Packages/com.unity.modules.physics2d/package.json - Importer: ScriptedImporter/UnityEditor.QuickSearchModule:UnityEditor.Search:ASIAI0B
Importing 'GUID: f7a8357347c80dc69c08d0b1a05e2122 - Path: Packages/com.unity.modules.physics2d/package.json - Importer: ScriptedImporter/UnityEditor.QuickSearchModule:UnityEditor.Search:ASIAI0B' with importer (ScriptedImporter : UnityEditor.QuickSearchModule:UnityEditor.Search:ASIAI0B)
Imported 'GUID: f7a8357347c80dc69c08d0b1a05e2122' -> (Import Result ID: '852a248dd0094119cb61b06d9394224a') in 0.003 seconds [static and dynamic dependencies]. Details - ImportResultOutputID=89481fa4cc84e0a3feae4fc06307e565 DependenciesID=46b2c4084bf8cb1bc7579d4b55c21b42 StaticDependenciesID=693da2655c7b99c52a0d03519e91d767 
Number of updated asset objects reloaded before import = 0
Number of asset objects unloaded after import = 1
========================================================================
Received Import Request.
  Time of request: 2026-08-11T15:50:27.7219379Z
  Time since last request: 0.0010151 seconds.
  importAddress: GUID: c9c6fc292cac43d7a2bc05803fd5f49f - Path: Packages/com.unity.test-framework.performance/Runtime/Meters/IStopWatch.cs - Importer: ScriptedImporter/UnityEditor.QuickSearchModule:UnityEditor.Search:ASIAI0B
Importing 'GUID: c9c6fc292cac43d7a2bc05803fd5f49f - Path: Packages/com.unity.test-framework.performance/Runtime/Meters/IStopWatch.cs - Importer: ScriptedImporter/UnityEditor.QuickSearchModule:UnityEditor.Search:ASIAI0B' with importer (ScriptedImporter : UnityEditor.QuickSearchModule:UnityEditor.Search:ASIAI0B)
Imported 'GUID: c9c6fc292cac43d7a2bc05803fd5f49f' -> (Import Result ID: '30e3684b34b2b1ea25fdf194f3f524a6') in 0.003 seconds [static and dynamic dependencies]. Details - ImportResultOutputID=2822457d73b5e007cb6d7a909e6fd956 DependenciesID=7e5f249f9dcdc14fa99c0efa24246565 StaticDependenciesID=b32f7dae83c1aa60bd4f2da3ae413118 
Number of updated asset objects reloaded before import = 0
Number of asset objects unloaded after import = 0
========================================================================
Received Import Request.
  Time of request: 2026-08-11T15:50:27.7336308Z
  Time since last request: 0.0004147 seconds.
  importAddress: GUID: e55bf1c69e5bb204d848e5a8ff5da346 - Path: Packages/com.unity.test-framework.performance/Runtime/Measurements/ProfilerMeasurementBehaviour.cs - Importer: ScriptedImporter/UnityEditor.QuickSearchModule:UnityEditor.Search:ASIAI0B
Importing 'GUID: e55bf1c69e5bb204d848e5a8ff5da346 - Path: Packages/com.unity.test-framework.performance/Runtime/Measurements/ProfilerMeasurementBehaviour.cs - Importer: ScriptedImporter/UnityEditor.QuickSearchModule:UnityEditor.Search:ASIAI0B' with importer (ScriptedImporter : UnityEditor.QuickSearchModule:UnityEditor.Search:ASIAI0B)
Imported 'GUID: e55bf1c69e5bb204d848e5a8ff5da346' -> (Import Result ID: '0b5be0d1ed793fc780f3748f69a3522d') in 0.003 seconds [static and dynamic dependencies]. Details - ImportResultOutputID=faada57912eb22425ffc9d3591ab8586 DependenciesID=3a82271d28083dcd769cf3c481709fd4 StaticDependenciesID=2eaaac8f4efd6e3b7d6e12a01d7d7e0b 
Number of updated asset objects reloaded before import = 0
Number of asset objects unloaded after import = 0
========================================================================
Received Import Request.
  Time of request: 2026-08-11T15:50:27.7455789Z
  Time since last request: 0.0006956 seconds.
  importAddress: GUID: 848e89034d174c77aae5f9f6a46b904b - Path: Packages/com.unity.test-framework.performance/Runtime/Measurements/ProfilerMeasurement.cs - Importer: ScriptedImporter/UnityEditor.QuickSearchModule:UnityEditor.Search:ASIAI0B
Importing 'GUID: 848e89034d174c77aae5f9f6a46b904b - Path: Packages/com.unity.test-framework.performance/Runtime/Measurements/ProfilerMeasurement.cs - Importer: ScriptedImporter/UnityEditor.QuickSearchModule:UnityEditor.Search:ASIAI0B' with importer (ScriptedImporter : UnityEditor.QuickSearchModule:UnityEditor.Search:ASIAI0B)
Imported 'GUID: 848e89034d174c77aae5f9f6a46b904b' -> (Import Result ID: '00049120d4a324feba6ee0c8d163060e') in 0.003 seconds [static and dynamic dependencies]. Details - ImportResultOutputID=5a1c83610888e264c72477e576cb5777 DependenciesID=b85e473cee451142e9b9005853ed2812 StaticDependenciesID=64bc73afd60f4a98a8eefe154c231d95 
Number of updated asset objects reloaded before import = 0
Number of asset objects unloaded after import = 0
========================================================================
Received Import Request.
  Time of request: 2026-08-11T15:50:27.7564824Z
  Time since last request: 0.0004266 seconds.
  importAddress: GUID: 634ca08416be7e446b17074b7a8d85ef - Path: Packages/com.unity.test-framework.performance/Runtime/Data/Editor.cs - Importer: ScriptedImporter/UnityEditor.QuickSearchModule:UnityEditor.Search:ASIAI0B
Importing 'GUID: 634ca08416be7e446b17074b7a8d85ef - Path: Packages/com.unity.test-framework.performance/Runtime/Data/Editor.cs - Importer: ScriptedImporter/UnityEditor.QuickSearchModule:UnityEditor.Search:ASIAI0B' with importer (ScriptedImporter : UnityEditor.QuickSearchModule:UnityEditor.Search:ASIAI0B)
Imported 'GUID: 634ca08416be7e446b17074b7a8d85ef' -> (Import Result ID: '137ee6fcb4ab7f9b8495d946aab7d052') in 0.003 seconds [static and dynamic dependencies]. Details - ImportResultOutputID=62e69a44b660fa6e303bf2938e8526b7 DependenciesID=2f4de1ca2d7c42c411c83a3afc7b51d9 StaticDependenciesID=7dd5b7fb2b25bfe358181f18515290ad 
Number of updated asset objects reloaded before import = 0
Number of asset objects unloaded after import = 0
========================================================================
Received Import Request.
  Time of request: 2026-08-11T15:50:27.7697201Z
  Time since last request: 0.0003111 seconds.
  importAddress: GUID: 451a2d412ec85674b870cfe148524e5c - Path: Packages/com.unity.test-framework.performance/Runtime/Data/Player.cs - Importer: ScriptedImporter/UnityEditor.QuickSearchModule:UnityEditor.Search:ASIAI0B
Importing 'GUID: 451a2d412ec85674b870cfe148524e5c - Path: Packages/com.unity.test-framework.performance/Runtime/Data/Player.cs - Importer: ScriptedImporter/UnityEditor.QuickSearchModule:UnityEditor.Search:ASIAI0B' with importer (ScriptedImporter : UnityEditor.QuickSearchModule:UnityEditor.Search:ASIAI0B)
Imported 'GUID: 451a2d412ec85674b870cfe148524e5c' -> (Import Result ID: '24b0b1eb2e012dc5a51b1e24aa326bc9') in 0.003 seconds [static and dynamic dependencies]. Details - ImportResultOutputID=f3c92dcbc42660de5862ab9db18abcb6 DependenciesID=ca893daf6d9fae8cade5024dabdb4a11 StaticDependenciesID=89dab9702c5048ee9a32073b8d46b206 
Number of updated asset objects reloaded before import = 0
Number of asset objects unloaded after import = 0
========================================================================
Received Import Request.
  Time of request: 2026-08-11T15:50:27.7803162Z
  Time since last request: 0.0004226 seconds.
  importAddress: GUID: aa2734fdf41ccae4d8e95492e9e75620 - Path: Packages/com.unity.test-framework.performance/Runtime/Measurements/ProfilerMarkerMeasurement.cs - Importer: ScriptedImporter/UnityEditor.QuickSearchModule:UnityEditor.Search:ASIAI0B
Importing 'GUID: aa2734fdf41ccae4d8e95492e9e75620 - Path: Packages/com.unity.test-framework.performance/Runtime/Measurements/ProfilerMarkerMeasurement.cs - Importer: ScriptedImporter/UnityEditor.QuickSearchModule:UnityEditor.Search:ASIAI0B' with importer (ScriptedImporter : UnityEditor.QuickSearchModule:UnityEditor.Search:ASIAI0B)
Imported 'GUID: aa2734fdf41ccae4d8e95492e9e75620' -> (Import Result ID: '22333c5be36177a42b7d0b99199ab840') in 0.003 seconds [static and dynamic dependencies]. Details - ImportResultOutputID=530bf51e1170ca60302b36fbdb98fb24 DependenciesID=fffef4796cc69fc9895409c45e5a22b8 StaticDependenciesID=e063a0b519103ba806d717d278a69ddb 
Number of updated asset objects reloaded before import = 0
Number of asset objects unloaded after import = 0
========================================================================
Received Import Request.
  Time of request: 2026-08-11T15:50:27.7917855Z
  Time since last request: 0.0003032 seconds.
  importAddress: GUID: 9f2b7554f46f00c488dabcaaf44ed09e - Path: Packages/com.unity.test-framework.performance/Runtime/Measurements/FramesMeasurement.cs - Importer: ScriptedImporter/UnityEditor.QuickSearchModule:UnityEditor.Search:ASIAI0B
Importing 'GUID: 9f2b7554f46f00c488dabcaaf44ed09e - Path: Packages/com.unity.test-framework.performance/Runtime/Measurements/FramesMeasurement.cs - Importer: ScriptedImporter/UnityEditor.QuickSearchModule:UnityEditor.Search:ASIAI0B' with importer (ScriptedImporter : UnityEditor.QuickSearchModule:UnityEditor.Search:ASIAI0B)
Imported 'GUID: 9f2b7554f46f00c488dabcaaf44ed09e' -> (Import Result ID: '65927038470a91a5327076f36d8f4f46') in 0.003 seconds [static and dynamic dependencies]. Details - ImportResultOutputID=e92e2b3d0f4d767896afe4797bf3adb7 DependenciesID=6a8cda44ed27127c50fa47330b68095f StaticDependenciesID=b48ab95b1b2a810f6b6e83295f4e197e 
Number of updated asset objects reloaded before import = 0
Number of asset objects unloaded after import = 0
Editor requested this worker to shutdown with reason: Scaling down because of idle timeout
AcceleratorClientConnectionCallback - disconnected - :0
AssetImportWorker is now disconnected from the server
Process exiting
Exiting without the bug reporter. Application will terminate with return code 0