[Licensing::Module] Trying to connect to existing licensing client channel...
Built from '6000.5/staging' branch; Version is '6000.5.7f1 (017862109af0) revision 96354'; Using compiler version '194234433'; Build Type 'Release'
[Licensing::IpcConnector] Successfully connected to: "LicenseClient-Megria" at "2026-08-11T15:50:13.2552249Z"
OS: 'Windows 10  (10.0.19045) 64bit Core' Language: 'ja' Physical Memory: 32674 MB
BatchMode: 1, IsHumanControllingUs: 0, StartBugReporterOnCrash: 0, Is64bit: 1
System  architecture: x64
Process architecture: x64
Date: 2026-08-11T15:50:13Z

COMMAND LINE ARGUMENTS:
C:\Program Files\Unity Engine\6000.5.7f1\Editor\Unity.exe
-adb2
-batchMode
-noUpm
-name
AssetImportWorkerHW6
-projectPath
F:/プログラム/PlayerTrainCommander/PlayerTrainCommander
-logFile
Logs/AssetImportWorkerHW6.log
-srvPort
61730
-parentPid
29972
-analyticsCloudUserId
15668195552980
-analyticsCloudProjectId
3dc1455f-77f4-4d3e-873e-05783efb6b5c
-analyticsLocalProjectId
52b42fd7a9d0c664bab6cb650a084b47
-editorAnalyticsEnabled
1
-cbmEditorLicense
fef178d2dfd3107fe446dbb5c77c2d4e251b1f29
-cbmMachineId
gLqQh5+F4x20l5K9cZQmRjCacdU=
-noDiagnosticSwitchPersistentStore
-job-worker-count
15
-background-job-worker-count
8
-asset-garbage-collectors
1
-force-d3d12
-name
AssetImport
Successfully changed project path to: F:/プログラム/PlayerTrainCommander/PlayerTrainCommander
F:/プログラム/PlayerTrainCommander/PlayerTrainCommander
[UnityMemory] Configuration Parameters - Can be set up in boot.config
    "memorysetup-temp-allocator-size-gi-baking-worker=262144"
    "memorysetup-temp-allocator-size-gi-baking-worker=262144"
    "memorysetup-temp-allocator-size-gi-baking-worker=262144"
    "memorysetup-temp-allocator-size-gi-baking-worker=262144"
    "memorysetup-temp-allocator-size-gi-baking-worker=262144"
    "memorysetup-temp-allocator-size-nav-mesh-worker=65536"
    "memorysetup-temp-allocator-size-audio-worker=65536"
    "memorysetup-temp-allocator-size-cloud-worker=32768"
    "memorysetup-temp-allocator-size-gfx=262144"
    "memorysetup-temp-allocator-size-preload-manager=33554432"
    "memorysetup-allocator-temp-initial-block-size-main=262144"
    "memorysetup-allocator-temp-initial-block-size-worker=262144"
    "memorysetup-temp-allocator-size-job-worker=262144"
    "memorysetup-temp-allocator-size-background-worker=32768"
    "memorysetup-bucket-allocator-granularity=16"
    "memorysetup-bucket-allocator-bucket-count=8"
    "memorysetup-bucket-allocator-block-size=33554432"
    "memorysetup-bucket-allocator-block-count=8"
    "memorysetup-main-allocator-block-size=16777216"
    "memorysetup-thread-allocator-block-size=16777216"
    "memorysetup-main-allocator-mimalloc-enabled=0"
    "memorysetup-gfx-main-allocator-block-size=16777216"
    "memorysetup-gfx-thread-allocator-block-size=16777216"
    "memorysetup-cache-allocator-block-size=4194304"
    "memorysetup-typetree-allocator-block-size=2097152"
    "memorysetup-profiler-bucket-allocator-granularity=16"
    "memorysetup-profiler-bucket-allocator-bucket-count=8"
    "memorysetup-profiler-bucket-allocator-block-size=33554432"
    "memorysetup-profiler-bucket-allocator-block-count=8"
    "memorysetup-profiler-allocator-block-size=16777216"
    "memorysetup-profiler-editor-allocator-block-size=1048576"
    "memorysetup-temp-allocator-size-main=16777216"
    "memorysetup-job-temp-allocator-block-size=2097152"
    "memorysetup-job-temp-allocator-block-size-background=1048576"
    "memorysetup-job-temp-allocator-reduction-small-platforms=262144"
Player connection [40020]  Target information:

Player connection [40020]  * "[IP] 192.168.50.92 [Port] 0 [Flags] 2 [Guid] 357758241 [EditorId] 357758241 [Version] 1048832 [Id] WindowsEditor(7,DESKTOP-DJM30MH) [Debug] 1 [PackageName] WindowsEditor [ProjectName] Editor" 

Player connection [40020] Host joined multi-casting on [225.0.0.222:54997]...
Player connection [40020] Host joined alternative multi-casting on [225.0.0.222:34997]...
JobSystem: Creating JobQueue using job-worker-count value 15
Input System module state changed to: Initialized.
[Physics::Module] Initialized fallback backend.
[Physics::Module] Id: 0xdecafbad
Library Redirect Path: Library/
[Physics::Module] Selected backend.
[Physics::Module] Name: PhysX
[Physics::Module] Id: 0xf2b8ea05
[Physics::Module] SDK Version: 4.1.2
[Physics::Module] Integration Version: 1.0.0
[Physics::Module] Threading Mode: Multi-Threaded
Refreshing native plugins compatible for Editor in 2.86 ms, found 4 plugins.
Initialize engine version: 6000.5.7f1 (017862109af0)
[Subsystems] Discovering subsystems at path C:/Program Files/Unity Engine/6000.5.7f1/Editor/Data/Resources/UnitySubsystems
[Subsystems] Discovering subsystems at path F:/プログラム/PlayerTrainCommander/PlayerTrainCommander/Assets
Forcing GfxDevice: Direct3D 12
GfxDevice: creating device client; kGfxThreadingModeNonThreaded
d3d12: failed to query info queue interface (0x80004002).
Direct3D:
    Version:         Direct3D 12 [level 12.2]
    Renderer:        NVIDIA GeForce RTX 3070 Ti (ID=0x2482)
    Vendor:          NVIDIA
    VRAM:            8017 MB
    App VRAM Budget: 7249 MB
    Driver:          32.0.15.6094
Initialize mono
Mono path[0] = 'C:/Program Files/Unity Engine/6000.5.7f1/Editor/Data/Managed'
Mono path[1] = 'C:/Program Files/Unity Engine/6000.5.7f1/Editor/Data/BCLExtensions/runtime/netstandard2.1'
Mono path[2] = 'C:/Program Files/Unity Engine/6000.5.7f1/Editor/Data/MonoBleedingEdge/lib/mono/unityjit-win32'
Mono config path = 'C:/Program Files/Unity Engine/6000.5.7f1/Editor/Data/MonoBleedingEdge/etc'
Using monoOptions --debugger-agent=transport=dt_socket,embedding=1,server=y,suspend=n,address=127.0.0.1:56016
CodeReloadManager initialized
Begin MonoManager ReloadAssembly
[Licensing::Client] Error: HandshakeResponse reported an error:
	ResponseCode: 505
	ResponseStatus: Unsupported protocol version '1.18.1'.
[Licensing::Module] Error: Failed to handshake to channel: "LicenseClient-Megria"
[Licensing::IpcConnector] LicenseClient-Megria channel disconnected successfully.
[Licensing::IpcConnector] Successfully connected to: "LicenseClient-Megria-6000.5.7" at "2026-08-11T15:50:14.1573376Z"
[Licensing::Client] Code 10 while verifying Licensing Client signature (process Id: 23520, path: "C:/Program Files/Unity Engine/6000.5.7f1/Editor/Data/Resources/Licensing/Client/Unity.Licensing.Client.exe")
[Licensing::Module] LicensingClient has failed validation; ignoring
[Licensing::Client] Handshaking with LicensingClient:
  Version:                 1.18.1+9fbee8e
  Session Id:              272ed4ddfa9c4cc19033ddadaeedf5b3
  Correlation Id:          a2f834d39da7d2656e2a1d4f595c265c
  External correlation Id: 6384363180016852535
  Machine Id:              gLqQh5+F4x20l5K9cZQmRjCacdU=
[Licensing::Module] Successfully connected to LicensingClient on channel: "LicenseClient-Megria-6000.5.7" (connect: 0.00s, validation: 0.00s, handshake: 0.00s)
[Licensing::IpcConnector] Successfully connected to: "LicenseClient-Megria-6000.5.7-notifications" at "2026-08-11T15:50:14.162496Z"
[Licensing::Module] Licensing Background thread has ended after 0.91s
Registering precompiled unity dll's ...
Register platform support module: C:/Program Files/Unity Engine/6000.5.7f1/Editor/Data/PlaybackEngines/WindowsStandaloneSupport/UnityEditor.WindowsStandalone.Extensions.dll
[Licensing::Client] Successfully resolved entitlement details
[Licensing::Module] License group:
  Id: 15668195552980-UnityPersXXXX
  Product: Unity Personal
  Type: Assigned
  Expiration: Unlimited
Register platform support module: C:/Program Files/Unity Engine/6000.5.7f1/Editor/Data/PlaybackEngines/AndroidPlayer/UnityEditor.Android.Extensions.dll
Registered in 0.018538 seconds.
Native extension for Android target not found
Native extension for WindowsStandalone target not found
Package Manager log level set to [2]
[Package Manager] Failed to launch server process. Reason: Unity was launched with the -noUpm command-line argument
[Package Manager] Unable to send message (not connected to server process).
[Package Manager] Cannot connect to Unity Package Manager local server
ScheduleIndexationOnStartup MainProcess:False IndexOnStartup:True
Mono: successfully reloaded assembly
- Finished resetting the current domain, in  0.449 seconds
Domain Reload Profiling: 1092ms
	BeginReloadAssembly (172ms)
	RebuildCommonClasses (5ms)
	RebuildNativeTypeToScriptingClass (18ms)
	initialDomainReloadingComplete (104ms)
	LoadAllAssembliesAndSetupDomain (342ms)
		LoadAssemblies (168ms)
		AnalyzeDomain (245ms)
			TypeCache.Refresh (243ms)
				TypeCache.ScanAssembly (227ms)
	FinalizeReload (451ms)
		SetupLoadedEditorAssemblies (0ms)
			InitializePlatformSupportModulesInManaged (9ms)
			BeforeProcessingInitializeOnLoad (103ms)
			ProcessInitializeOnLoadAttributes (111ms)
			ProcessInitializeOnLoadMethodAttributes (127ms)
Initializing Unity extensions:
[Licensing::Client] Successfully resolved entitlement details
========================================================================
Worker process is ready to serve import requests
Import Worker Mode flag is 0x00
Begin MonoManager ReloadAssembly
Native extension for Android target not found
Native extension for WindowsStandalone target not found
[Package Manager] Failed to launch server process. Reason: Unity was launched with the -noUpm command-line argument
[Package Manager] Unable to send message (not connected to server process).
[Package Manager] Cannot connect to Unity Package Manager local server
[Package Manager] Failed to launch server process. Reason: Unity was launched with the -noUpm command-line argument
[Package Manager] Unable to send message (not connected to server process).
[Package Manager] Cannot connect to Unity Package Manager local server
ScheduleIndexationOnStartup MainProcess:False IndexOnStartup:True
Mono: successfully reloaded assembly
- Finished resetting the current domain, in  0.891 seconds
Domain Reload Profiling: 1985ms
	BeginReloadAssembly (251ms)
		DisableScriptedObjects (12ms)
		CreateAndSetChildDomain (35ms)
	RebuildCommonClasses (9ms)
	RebuildNativeTypeToScriptingClass (16ms)
	initialDomainReloadingComplete (70ms)
	LoadAllAssembliesAndSetupDomain (748ms)
		LoadAssemblies (431ms)
		AnalyzeDomain (312ms)
			TypeCache.Refresh (214ms)
				TypeCache.ScanAssembly (192ms)
			BuildScriptInfoCaches (91ms)
			ResolveRequiredComponents (4ms)
	FinalizeReload (892ms)
		SetupLoadedEditorAssemblies (0ms)
			InitializePlatformSupportModulesInManaged (10ms)
			BeforeProcessingInitializeOnLoad (106ms)
			ProcessInitializeOnLoadAttributes (347ms)
			ProcessInitializeOnLoadMethodAttributes (135ms)
			AfterProcessingInitializeOnLoad (10ms)
		AwakeInstancesAfterBackupRestoration (4ms)
AcceleratorClientConnectionCallback - disconnected - :0
Launched and connected shader compiler UnityShaderCompiler.exe after 0.01 seconds
Unloading 22 Unused Serialized files (Serialized files now loaded: 0)
Curl error 3: URL rejected: Malformed input to a URL function
Unloading 6624 unused Assets / (6.2 MB). Loaded Objects now: 7447.
Memory consumption went from 330.7 MB to 324.6 MB.
Total: 13.699000 ms (FindLiveObjects: 0.797400 ms CreateObjectMapping: 2.725800 ms MarkObjects: 7.141100 ms  DeleteObjects: 3.031400 ms)

========================================================================
Received Import Request.
  Time of request: 2026-08-11T15:50:18.1864687Z
  Time since last request: 335497.3557536000153 seconds.
  importAddress: GUID: 17c8753d0e5e24194b06404851be7f13 - Path: Packages/com.unity.inputsystem/InputSystem/Editor/Icons/Gamepad.png - Importer: ScriptedImporter/UnityEditor.QuickSearchModule:UnityEditor.Search:ASIAI0B
Importing 'GUID: 17c8753d0e5e24194b06404851be7f13 - Path: Packages/com.unity.inputsystem/InputSystem/Editor/Icons/Gamepad.png - Importer: ScriptedImporter/UnityEditor.QuickSearchModule:UnityEditor.Search:ASIAI0B' with importer (ScriptedImporter : UnityEditor.QuickSearchModule:UnityEditor.Search:ASIAI0B)
Imported 'GUID: 17c8753d0e5e24194b06404851be7f13' -> (Import Result ID: '8c02353ae85e68a129b15cc277560045') in 0.109 seconds [static and dynamic dependencies]. Details - ImportResultOutputID=85eca7e66cccf0d74a9feae5f1dea8ec DependenciesID=28245e637ca5574a2341217f8434a86c StaticDependenciesID=d9e1a463b5a530c9819e99b256f3fb7c 
Number of updated asset objects reloaded before import = 0
Number of asset objects unloaded after import = 1
========================================================================
Received Import Request.
  Time of request: 2026-08-11T15:50:18.318302Z
  Time since last request: 0.011067 seconds.
  importAddress: GUID: 15ce6d517ffb81e44bc72545abacdc9c - Path: Packages/com.unity.inputsystem/InputSystem/Editor/PropertyDrawers/InputActionAssetSearchProvider.cs - Importer: ScriptedImporter/UnityEditor.QuickSearchModule:UnityEditor.Search:ASIAI0B
Importing 'GUID: 15ce6d517ffb81e44bc72545abacdc9c - Path: Packages/com.unity.inputsystem/InputSystem/Editor/PropertyDrawers/InputActionAssetSearchProvider.cs - Importer: ScriptedImporter/UnityEditor.QuickSearchModule:UnityEditor.Search:ASIAI0B' with importer (ScriptedImporter : UnityEditor.QuickSearchModule:UnityEditor.Search:ASIAI0B)
Imported 'GUID: 15ce6d517ffb81e44bc72545abacdc9c' -> (Import Result ID: 'd5aaa6fe7a442a30b1868836d43af5ce') in 0.011 seconds [static and dynamic dependencies]. Details - ImportResultOutputID=6de987429c08955adff4b63b90e16705 DependenciesID=dcfbe3164b29b02f35f38f1dcf121d89 StaticDependenciesID=223f7687d45d0f2e04966b6dd695a91f 
Number of updated asset objects reloaded before import = 0
Number of asset objects unloaded after import = 0
========================================================================
Received Import Request.
  Time of request: 2026-08-11T15:50:18.3404041Z
  Time since last request: 0.0003773 seconds.
  importAddress: GUID: 18d3e83390dcd6349b3086b9f70391b9 - Path: Packages/com.unity.inputsystem/InputSystem/Editor/UITKAssetEditor/InputActionsEditorSettingsProvider.cs - Importer: ScriptedImporter/UnityEditor.QuickSearchModule:UnityEditor.Search:ASIAI0B
Importing 'GUID: 18d3e83390dcd6349b3086b9f70391b9 - Path: Packages/com.unity.inputsystem/InputSystem/Editor/UITKAssetEditor/InputActionsEditorSettingsProvider.cs - Importer: ScriptedImporter/UnityEditor.QuickSearchModule:UnityEditor.Search:ASIAI0B' with importer (ScriptedImporter : UnityEditor.QuickSearchModule:UnityEditor.Search:ASIAI0B)
Imported 'GUID: 18d3e83390dcd6349b3086b9f70391b9' -> (Import Result ID: '1e170c4c8327a28d5ee6692c3075c2dd') in 0.004 seconds [static and dynamic dependencies]. Details - ImportResultOutputID=a56a013087f1e6ae8509f649922f8ab2 DependenciesID=b961139ee097bf4fdd80e19d36f511f0 StaticDependenciesID=e7f8cfd8f28c1c9fd5d954d4fb12ecde 
Number of updated asset objects reloaded before import = 0
Number of asset objects unloaded after import = 0
========================================================================
Received Import Request.
  Time of request: 2026-08-11T15:50:18.3545197Z
  Time since last request: 0.0003253 seconds.
  importAddress: GUID: a4d5a38cb01e9c54aa75431f797059cb - Path: Packages/com.unity.inputsystem/InputSystem/Editor/Icons/TrackedPoseDriver.png - Importer: ScriptedImporter/UnityEditor.QuickSearchModule:UnityEditor.Search:ASIAI0B
Importing 'GUID: a4d5a38cb01e9c54aa75431f797059cb - Path: Packages/com.unity.inputsystem/InputSystem/Editor/Icons/TrackedPoseDriver.png - Importer: ScriptedImporter/UnityEditor.QuickSearchModule:UnityEditor.Search:ASIAI0B' with importer (ScriptedImporter : UnityEditor.QuickSearchModule:UnityEditor.Search:ASIAI0B)
Imported 'GUID: a4d5a38cb01e9c54aa75431f797059cb' -> (Import Result ID: '5549fe9b71f425ad1012dd28bca04b84') in 0.007 seconds [static and dynamic dependencies]. Details - ImportResultOutputID=b5b4da6493ab3b918a3d66db722559d1 DependenciesID=9e87e590ade3ee9e76e72a2903380a2a StaticDependenciesID=eb589654d47fb1e2521006db7154b8be 
Number of updated asset objects reloaded before import = 0
Number of asset objects unloaded after import = 1
========================================================================
Received Import Request.
  Time of request: 2026-08-11T15:50:18.3726772Z
  Time since last request: 0.0002889 seconds.
  importAddress: GUID: 8a190d472354bb845973412ac9c5c477 - Path: Packages/com.unity.inputsystem/InputSystem/Editor/ProjectWideActions/ProjectWideActionsTemplate.json - Importer: ScriptedImporter/UnityEditor.QuickSearchModule:UnityEditor.Search:ASIAI0B
Importing 'GUID: 8a190d472354bb845973412ac9c5c477 - Path: Packages/com.unity.inputsystem/InputSystem/Editor/ProjectWideActions/ProjectWideActionsTemplate.json - Importer: ScriptedImporter/UnityEditor.QuickSearchModule:UnityEditor.Search:ASIAI0B' with importer (ScriptedImporter : UnityEditor.QuickSearchModule:UnityEditor.Search:ASIAI0B)
Imported 'GUID: 8a190d472354bb845973412ac9c5c477' -> (Import Result ID: '491b3eb1e068f70e018ece49e9008574') in 0.003 seconds [static and dynamic dependencies]. Details - ImportResultOutputID=6d63a9b97092cb141b5af78002b951d2 DependenciesID=e634b758c6670bb50bc0075d6f3c1be5 StaticDependenciesID=91a4e12da2b819f3ed59a6f69d37a97b 
Number of updated asset objects reloaded before import = 0
Number of asset objects unloaded after import = 1
========================================================================
Received Import Request.
  Time of request: 2026-08-11T15:50:18.386317Z
  Time since last request: 0.0004132 seconds.
  importAddress: GUID: 5f09d534eb1414449a2758696bd4dd11 - Path: Packages/com.unity.inputsystem/InputSystem/Editor/Icons/Orientation@3x.png - Importer: ScriptedImporter/UnityEditor.QuickSearchModule:UnityEditor.Search:ASIAI0B
Importing 'GUID: 5f09d534eb1414449a2758696bd4dd11 - Path: Packages/com.unity.inputsystem/InputSystem/Editor/Icons/Orientation@3x.png - Importer: ScriptedImporter/UnityEditor.QuickSearchModule:UnityEditor.Search:ASIAI0B' with importer (ScriptedImporter : UnityEditor.QuickSearchModule:UnityEditor.Search:ASIAI0B)
Imported 'GUID: 5f09d534eb1414449a2758696bd4dd11' -> (Import Result ID: '535f65534b661dce4df0f1d7d2c2d021') in 0.008 seconds [static and dynamic dependencies]. Details - ImportResultOutputID=f1426dfe6df5448cd60e413a53eda1fc DependenciesID=791e854f8e140dc6177a14b7e914b958 StaticDependenciesID=21417452ca08c03b505d03ec6912574d 
Number of updated asset objects reloaded before import = 0
Number of asset objects unloaded after import = 1
========================================================================
Received Import Request.
  Time of request: 2026-08-11T15:50:18.4041073Z
  Time since last request: 0.0002158 seconds.
  importAddress: GUID: a0b78c5ab9d654a9daba91ff774b4931 - Path: Packages/com.unity.inputsystem/InputSystem/Editor/Icons/Mouse@4x.png - Importer: ScriptedImporter/UnityEditor.QuickSearchModule:UnityEditor.Search:ASIAI0B
Importing 'GUID: a0b78c5ab9d654a9daba91ff774b4931 - Path: Packages/com.unity.inputsystem/InputSystem/Editor/Icons/Mouse@4x.png - Importer: ScriptedImporter/UnityEditor.QuickSearchModule:UnityEditor.Search:ASIAI0B' with importer (ScriptedImporter : UnityEditor.QuickSearchModule:UnityEditor.Search:ASIAI0B)
Imported 'GUID: a0b78c5ab9d654a9daba91ff774b4931' -> (Import Result ID: 'e00d502c364fd1da5f60f5a3791529c5') in 0.009 seconds [static and dynamic dependencies]. Details - ImportResultOutputID=f05c8a93e324619d56424d4b8f70698b DependenciesID=734b3d3746919bd4ef0384b4d6ca4780 StaticDependenciesID=cb567d41d72f1d4575a887a580f47c8d 
Number of updated asset objects reloaded before import = 0
Number of asset objects unloaded after import = 1
========================================================================
Received Import Request.
  Time of request: 2026-08-11T15:50:18.4212536Z
  Time since last request: 0.0003613 seconds.
  importAddress: GUID: 62f8dda50382d487597224e197cbd34f - Path: Packages/com.unity.inputsystem/InputSystem/Editor/Icons/Orientation@2x.png - Importer: ScriptedImporter/UnityEditor.QuickSearchModule:UnityEditor.Search:ASIAI0B
Importing 'GUID: 62f8dda50382d487597224e197cbd34f - Path: Packages/com.unity.inputsystem/InputSystem/Editor/Icons/Orientation@2x.png - Importer: ScriptedImporter/UnityEditor.QuickSearchModule:UnityEditor.Search:ASIAI0B' with importer (ScriptedImporter : UnityEditor.QuickSearchModule:UnityEditor.Search:ASIAI0B)
Imported 'GUID: 62f8dda50382d487597224e197cbd34f' -> (Import Result ID: 'a55a1b9e4df801b3d23fb02914f877b5') in 0.006 seconds [static and dynamic dependencies]. Details - ImportResultOutputID=ad14322de53694573d44fc5bd8792e68 DependenciesID=2a956f3aac29cbb45468c8f35afdae7c StaticDependenciesID=1e15caf702d3473a1031265dcde1f116 
Number of updated asset objects reloaded before import = 0
Number of asset objects unloaded after import = 1
========================================================================
Received Import Request.
  Time of request: 2026-08-11T15:50:18.4453271Z
  Time since last request: 0.0101282 seconds.
  importAddress: GUID: d618f7e3781548c28836f39ae65d95e1 - Path: Packages/com.unity.inputsystem/InputSystem/Runtime/Controls/ButtonControl.cs - Importer: ScriptedImporter/UnityEditor.QuickSearchModule:UnityEditor.Search:ASIAI0B
Importing 'GUID: d618f7e3781548c28836f39ae65d95e1 - Path: Packages/com.unity.inputsystem/InputSystem/Runtime/Controls/ButtonControl.cs - Importer: ScriptedImporter/UnityEditor.QuickSearchModule:UnityEditor.Search:ASIAI0B' with importer (ScriptedImporter : UnityEditor.QuickSearchModule:UnityEditor.Search:ASIAI0B)
Imported 'GUID: d618f7e3781548c28836f39ae65d95e1' -> (Import Result ID: '7bf91229676eba6b66a8ddb3d6ac7714') in 0.003 seconds [static and dynamic dependencies]. Details - ImportResultOutputID=7d66e601ab8bc44263c97cd4fa7c3325 DependenciesID=4b8923c26741d7bcf21205941f03ec47 StaticDependenciesID=0846d8abcb73fcef8615fa92c04a700c 
Number of updated asset objects reloaded before import = 0
Number of asset objects unloaded after import = 0
========================================================================
Received Import Request.
  Time of request: 2026-08-11T15:50:18.4568121Z
  Time since last request: 0.0007853 seconds.
  importAddress: GUID: 0c43a6876f1eb4fdf8b9dc2fee926776 - Path: Packages/com.unity.inputsystem/InputSystem/Runtime/Actions/InputActionProperty.cs - Importer: ScriptedImporter/UnityEditor.QuickSearchModule:UnityEditor.Search:ASIAI0B
Importing 'GUID: 0c43a6876f1eb4fdf8b9dc2fee926776 - Path: Packages/com.unity.inputsystem/InputSystem/Runtime/Actions/InputActionProperty.cs - Importer: ScriptedImporter/UnityEditor.QuickSearchModule:UnityEditor.Search:ASIAI0B' with importer (ScriptedImporter : UnityEditor.QuickSearchModule:UnityEditor.Search:ASIAI0B)
Imported 'GUID: 0c43a6876f1eb4fdf8b9dc2fee926776' -> (Import Result ID: '043bb884c63cac913e905829577603a6') in 0.003 seconds [static and dynamic dependencies]. Details - ImportResultOutputID=254fd0d00843955a3ac51a089dcc7e97 DependenciesID=7af4c04d6fd293844fd635d5440e29d4 StaticDependenciesID=e64b1662470f198c555d41a4d5798006 
Number of updated asset objects reloaded before import = 0
Number of asset objects unloaded after import = 0
========================================================================
Received Import Request.
  Time of request: 2026-08-11T15:50:18.4695717Z
  Time since last request: 0.0005825 seconds.
  importAddress: GUID: 3e9857b4032c493aa79e61db86f9e09b - Path: Packages/com.unity.inputsystem/InputSystem/Runtime/Controls/QuaternionControl.cs - Importer: ScriptedImporter/UnityEditor.QuickSearchModule:UnityEditor.Search:ASIAI0B
Importing 'GUID: 3e9857b4032c493aa79e61db86f9e09b - Path: Packages/com.unity.inputsystem/InputSystem/Runtime/Controls/QuaternionControl.cs - Importer: ScriptedImporter/UnityEditor.QuickSearchModule:UnityEditor.Search:ASIAI0B' with importer (ScriptedImporter : UnityEditor.QuickSearchModule:UnityEditor.Search:ASIAI0B)
Imported 'GUID: 3e9857b4032c493aa79e61db86f9e09b' -> (Import Result ID: '5f5ac77074dabe6e2fc82e42a43d86b2') in 0.003 seconds [static and dynamic dependencies]. Details - ImportResultOutputID=b9ba6619874ab3e976956f5caad55516 DependenciesID=4ebca0fe1ff2079dcffd79baa3f81f06 StaticDependenciesID=52797264524ebf9163b8840c1e65f2d6 
Number of updated asset objects reloaded before import = 0
Number of asset objects unloaded after import = 0
========================================================================
Received Import Request.
  Time of request: 2026-08-11T15:50:18.4825712Z
  Time since last request: 0.0002688 seconds.
  importAddress: GUID: 49207568c569440f97a5bfe8b4144a16 - Path: Packages/com.unity.inputsystem/InputSystem/Runtime/Actions/InputBinding.cs - Importer: ScriptedImporter/UnityEditor.QuickSearchModule:UnityEditor.Search:ASIAI0B
Importing 'GUID: 49207568c569440f97a5bfe8b4144a16 - Path: Packages/com.unity.inputsystem/InputSystem/Runtime/Actions/InputBinding.cs - Importer: ScriptedImporter/UnityEditor.QuickSearchModule:UnityEditor.Search:ASIAI0B' with importer (ScriptedImporter : UnityEditor.QuickSearchModule:UnityEditor.Search:ASIAI0B)
Imported 'GUID: 49207568c569440f97a5bfe8b4144a16' -> (Import Result ID: '690965859dd1c3e213633383b3c659cd') in 0.003 seconds [static and dynamic dependencies]. Details - ImportResultOutputID=406564fdfa3350163cf21036a9c2bcd7 DependenciesID=ac6f9e1814e824c5a62444a7354b6c48 StaticDependenciesID=3dd438066ca7f927a922b564df923e21 
Number of updated asset objects reloaded before import = 0
Number of asset objects unloaded after import = 0
========================================================================
Received Import Request.
  Time of request: 2026-08-11T15:50:18.4952994Z
  Time since last request: 0.0003228 seconds.
  importAddress: GUID: f5899dcacd4e3004eaa9107c97e75e09 - Path: Packages/com.unity.inputsystem/InputSystem/Runtime/Controls/InputControlLayoutChange.cs - Importer: ScriptedImporter/UnityEditor.QuickSearchModule:UnityEditor.Search:ASIAI0B
Importing 'GUID: f5899dcacd4e3004eaa9107c97e75e09 - Path: Packages/com.unity.inputsystem/InputSystem/Runtime/Controls/InputControlLayoutChange.cs - Importer: ScriptedImporter/UnityEditor.QuickSearchModule:UnityEditor.Search:ASIAI0B' with importer (ScriptedImporter : UnityEditor.QuickSearchModule:UnityEditor.Search:ASIAI0B)
Imported 'GUID: f5899dcacd4e3004eaa9107c97e75e09' -> (Import Result ID: 'ac797cd22019052ea9a25ff234badbe2') in 0.003 seconds [static and dynamic dependencies]. Details - ImportResultOutputID=9b02a298647ed1af1b0f7d15b0ce1aaf DependenciesID=e4c0d777a041ac1c1074edbc07627681 StaticDependenciesID=2530f0411fc978e72cf2b2d9339c4cc9 
Number of updated asset objects reloaded before import = 0
Number of asset objects unloaded after import = 0
========================================================================
Received Import Request.
  Time of request: 2026-08-11T15:50:18.508246Z
  Time since last request: 0.0004052 seconds.
  importAddress: GUID: d92ba71f7bef7074eb5d8753a9d09521 - Path: Packages/com.unity.inputsystem/InputSystem/Editor/UITKAssetEditor/SerializedInputActionMap.cs - Importer: ScriptedImporter/UnityEditor.QuickSearchModule:UnityEditor.Search:ASIAI0B
Importing 'GUID: d92ba71f7bef7074eb5d8753a9d09521 - Path: Packages/com.unity.inputsystem/InputSystem/Editor/UITKAssetEditor/SerializedInputActionMap.cs - Importer: ScriptedImporter/UnityEditor.QuickSearchModule:UnityEditor.Search:ASIAI0B' with importer (ScriptedImporter : UnityEditor.QuickSearchModule:UnityEditor.Search:ASIAI0B)
Imported 'GUID: d92ba71f7bef7074eb5d8753a9d09521' -> (Import Result ID: '3b1edb2fbad58f739eabfbff0b2521a0') in 0.003 seconds [static and dynamic dependencies]. Details - ImportResultOutputID=ecbd2a233e2049609c8219daed04ff6e DependenciesID=b47eda9850eeffcc59c8868876ebb54e StaticDependenciesID=40d1ccca80f86e791c3f9ee903fdd2a8 
Number of updated asset objects reloaded before import = 0
Number of asset objects unloaded after import = 0
========================================================================
Received Import Request.
  Time of request: 2026-08-11T15:50:18.5207015Z
  Time since last request: 0.0002142 seconds.
  importAddress: GUID: f07d0a558a2d4f5c885936a3a1219008 - Path: Packages/com.unity.inputsystem/InputSystem/Runtime/Controls/InputControlAttribute.cs - Importer: ScriptedImporter/UnityEditor.QuickSearchModule:UnityEditor.Search:ASIAI0B
Importing 'GUID: f07d0a558a2d4f5c885936a3a1219008 - Path: Packages/com.unity.inputsystem/InputSystem/Runtime/Controls/InputControlAttribute.cs - Importer: ScriptedImporter/UnityEditor.QuickSearchModule:UnityEditor.Search:ASIAI0B' with importer (ScriptedImporter : UnityEditor.QuickSearchModule:UnityEditor.Search:ASIAI0B)
Imported 'GUID: f07d0a558a2d4f5c885936a3a1219008' -> (Import Result ID: 'afdcb8e7809bea42d232e69d3a401816') in 0.003 seconds [static and dynamic dependencies]. Details - ImportResultOutputID=8b6b1d1fe9054e9830bf4d4ee74ea4a1 DependenciesID=33071c0987c3dde09aa3e320dd947bcd StaticDependenciesID=cf0cbd4d2bebeb8b0c024d72067456dc 
Number of updated asset objects reloaded before import = 0
Number of asset objects unloaded after import = 0
========================================================================
Received Import Request.
  Time of request: 2026-08-11T15:50:18.5315472Z
  Time since last request: 0.0002777 seconds.
  importAddress: GUID: 250f0b2038f8466aaa09814a4b1c5f46 - Path: Packages/com.unity.inputsystem/InputSystem/Runtime/Devices/InputDevice.cs - Importer: ScriptedImporter/UnityEditor.QuickSearchModule:UnityEditor.Search:ASIAI0B
Importing 'GUID: 250f0b2038f8466aaa09814a4b1c5f46 - Path: Packages/com.unity.inputsystem/InputSystem/Runtime/Devices/InputDevice.cs - Importer: ScriptedImporter/UnityEditor.QuickSearchModule:UnityEditor.Search:ASIAI0B' with importer (ScriptedImporter : UnityEditor.QuickSearchModule:UnityEditor.Search:ASIAI0B)
Imported 'GUID: 250f0b2038f8466aaa09814a4b1c5f46' -> (Import Result ID: '0f1fe027ffa378ae2d76ff58f44668e5') in 0.003 seconds [static and dynamic dependencies]. Details - ImportResultOutputID=d33e5780ff334e743d7edda1b6881b3f DependenciesID=17278b2e2f99050d1fb740e61bd44947 StaticDependenciesID=f354572d0391333bf1be68fd74beb011 
Number of updated asset objects reloaded before import = 0
Number of asset objects unloaded after import = 0
========================================================================
Received Import Request.
  Time of request: 2026-08-11T15:50:18.5621168Z
  Time since last request: 0.0171103 seconds.
  importAddress: GUID: 07003ea62d4443a09691237b23f17ac6 - Path: Packages/com.unity.inputsystem/InputSystem/Runtime/Utilities/ReadOnlyArray.cs - Importer: ScriptedImporter/UnityEditor.QuickSearchModule:UnityEditor.Search:ASIAI0B
Importing 'GUID: 07003ea62d4443a09691237b23f17ac6 - Path: Packages/com.unity.inputsystem/InputSystem/Runtime/Utilities/ReadOnlyArray.cs - Importer: ScriptedImporter/UnityEditor.QuickSearchModule:UnityEditor.Search:ASIAI0B' with importer (ScriptedImporter : UnityEditor.QuickSearchModule:UnityEditor.Search:ASIAI0B)
Imported 'GUID: 07003ea62d4443a09691237b23f17ac6' -> (Import Result ID: '3b243cbd6f2a35b4c42e96db9a833d51') in 0.003 seconds [static and dynamic dependencies]. Details - ImportResultOutputID=d5e1b159a1a30dcdc0654c732613e28a DependenciesID=92119d3bff01b7d042860030182f1a5d StaticDependenciesID=d5bf03e7849422451ffac2ef785ff96b 
Number of updated asset objects reloaded before import = 0
Number of asset objects unloaded after import = 0
========================================================================
Received Import Request.
  Time of request: 2026-08-11T15:50:18.5736213Z
  Time since last request: 0.0010054 seconds.
  importAddress: GUID: 98a0df93c82e4369b500b62affa160db - Path: Packages/com.unity.inputsystem/InputSystem/Runtime/Utilities/InlinedArray.cs - Importer: ScriptedImporter/UnityEditor.QuickSearchModule:UnityEditor.Search:ASIAI0B
Importing 'GUID: 98a0df93c82e4369b500b62affa160db - Path: Packages/com.unity.inputsystem/InputSystem/Runtime/Utilities/InlinedArray.cs - Importer: ScriptedImporter/UnityEditor.QuickSearchModule:UnityEditor.Search:ASIAI0B' with importer (ScriptedImporter : UnityEditor.QuickSearchModule:UnityEditor.Search:ASIAI0B)
Imported 'GUID: 98a0df93c82e4369b500b62affa160db' -> (Import Result ID: '22c85b66283062ebd8195c05c4520557') in 0.003 seconds [static and dynamic dependencies]. Details - ImportResultOutputID=e188dfbc734f60e35ee01916ff9a870d DependenciesID=45e01b9a05a6bd3ba675e4faeeac5fd6 StaticDependenciesID=ac75cc30d37d1573c6dccabb822defee 
Number of updated asset objects reloaded before import = 0
Number of asset objects unloaded after import = 0
========================================================================
Received Import Request.
  Time of request: 2026-08-11T15:50:18.5875054Z
  Time since last request: 0.0006154 seconds.
  importAddress: GUID: d717b0e790ee146dd93d1be641984b6a - Path: Packages/com.unity.inputsystem/InputSystem/Runtime/Utilities/ExceptionHelpers.cs - Importer: ScriptedImporter/UnityEditor.QuickSearchModule:UnityEditor.Search:ASIAI0B
Importing 'GUID: d717b0e790ee146dd93d1be641984b6a - Path: Packages/com.unity.inputsystem/InputSystem/Runtime/Utilities/ExceptionHelpers.cs - Importer: ScriptedImporter/UnityEditor.QuickSearchModule:UnityEditor.Search:ASIAI0B' with importer (ScriptedImporter : UnityEditor.QuickSearchModule:UnityEditor.Search:ASIAI0B)
Imported 'GUID: d717b0e790ee146dd93d1be641984b6a' -> (Import Result ID: '94e237f65a138b64f1af3b3d9177fa02') in 0.003 seconds [static and dynamic dependencies]. Details - ImportResultOutputID=91a067e6a5c29293d82158ba17744004 DependenciesID=96a49b56a3f8511477ea8a6dd90b51ba StaticDependenciesID=18a933790a3b274d693c91c03e8e77cf 
Number of updated asset objects reloaded before import = 0
Number of asset objects unloaded after import = 0
========================================================================
Received Import Request.
  Time of request: 2026-08-11T15:50:18.6007571Z
  Time since last request: 0.0002819 seconds.
  importAddress: GUID: ab2c7c4773181604f9b207518e96ca1b - Path: Packages/com.unity.inputsystem/InputSystem/Runtime/State/IInputStateChangeMonitor.cs - Importer: ScriptedImporter/UnityEditor.QuickSearchModule:UnityEditor.Search:ASIAI0B
Importing 'GUID: ab2c7c4773181604f9b207518e96ca1b - Path: Packages/com.unity.inputsystem/InputSystem/Runtime/State/IInputStateChangeMonitor.cs - Importer: ScriptedImporter/UnityEditor.QuickSearchModule:UnityEditor.Search:ASIAI0B' with importer (ScriptedImporter : UnityEditor.QuickSearchModule:UnityEditor.Search:ASIAI0B)
Imported 'GUID: ab2c7c4773181604f9b207518e96ca1b' -> (Import Result ID: '0791c49b6b1f3c63fe1fc46e093184ba') in 0.003 seconds [static and dynamic dependencies]. Details - ImportResultOutputID=826536f984c908e315488db1957ca6af DependenciesID=f38cb0adaa06c9a1270ea4695cf0addf StaticDependenciesID=ff37eaf3159f1f0ed35add13ab6079ff 
Number of updated asset objects reloaded before import = 0
Number of asset objects unloaded after import = 0
========================================================================
Received Import Request.
  Time of request: 2026-08-11T15:50:18.6127733Z
  Time since last request: 0.0003424 seconds.
  importAddress: GUID: 9d9d9634637c440896a123c44c9e262b - Path: Packages/com.unity.inputsystem/InputSystem/Runtime/Utilities/MiscHelpers.cs - Importer: ScriptedImporter/UnityEditor.QuickSearchModule:UnityEditor.Search:ASIAI0B
Importing 'GUID: 9d9d9634637c440896a123c44c9e262b - Path: Packages/com.unity.inputsystem/InputSystem/Runtime/Utilities/MiscHelpers.cs - Importer: ScriptedImporter/UnityEditor.QuickSearchModule:UnityEditor.Search:ASIAI0B' with importer (ScriptedImporter : UnityEditor.QuickSearchModule:UnityEditor.Search:ASIAI0B)
Imported 'GUID: 9d9d9634637c440896a123c44c9e262b' -> (Import Result ID: 'dda3cb13c3986c72e81c25f139e0aaf1') in 0.003 seconds [static and dynamic dependencies]. Details - ImportResultOutputID=9b8d5310f33b9c3b30bd2f65b33e9793 DependenciesID=2060b305ace6218573fa896fd640cb36 StaticDependenciesID=a355f49a4ca9fd2ce6766970c966e9e1 
Number of updated asset objects reloaded before import = 0
Number of asset objects unloaded after import = 0
========================================================================
Received Import Request.
  Time of request: 2026-08-11T15:50:18.6255399Z
  Time since last request: 0.0004296 seconds.
  importAddress: GUID: 54b255b27c8247b4b51e8df1f30af3c9 - Path: Packages/com.unity.inputsystem/InputSystem/Runtime/Utilities/StringHelpers.cs - Importer: ScriptedImporter/UnityEditor.QuickSearchModule:UnityEditor.Search:ASIAI0B
Importing 'GUID: 54b255b27c8247b4b51e8df1f30af3c9 - Path: Packages/com.unity.inputsystem/InputSystem/Runtime/Utilities/StringHelpers.cs - Importer: ScriptedImporter/UnityEditor.QuickSearchModule:UnityEditor.Search:ASIAI0B' with importer (ScriptedImporter : UnityEditor.QuickSearchModule:UnityEditor.Search:ASIAI0B)
Imported 'GUID: 54b255b27c8247b4b51e8df1f30af3c9' -> (Import Result ID: '60fb670ae0055db3ef909de595bf77e5') in 0.003 seconds [static and dynamic dependencies]. Details - ImportResultOutputID=c3f3e08947e61d000def5f318e0e7297 DependenciesID=40bbda58f8a81b0723d56627c1461756 StaticDependenciesID=98a7af9a35a8fc937fab93abf03ecbc0 
Number of updated asset objects reloaded before import = 0
Number of asset objects unloaded after import = 0
========================================================================
Received Import Request.
  Time of request: 2026-08-11T15:50:18.6362417Z
  Time since last request: 0.0003352 seconds.
  importAddress: GUID: 455d9bc907fb62d44a2195e53ff7c0b7 - Path: Packages/com.unity.inputsystem/InputSystem/Runtime/Utilities/PrimitiveValue.cs - Importer: ScriptedImporter/UnityEditor.QuickSearchModule:UnityEditor.Search:ASIAI0B
Importing 'GUID: 455d9bc907fb62d44a2195e53ff7c0b7 - Path: Packages/com.unity.inputsystem/InputSystem/Runtime/Utilities/PrimitiveValue.cs - Importer: ScriptedImporter/UnityEditor.QuickSearchModule:UnityEditor.Search:ASIAI0B' with importer (ScriptedImporter : UnityEditor.QuickSearchModule:UnityEditor.Search:ASIAI0B)
Imported 'GUID: 455d9bc907fb62d44a2195e53ff7c0b7' -> (Import Result ID: '284c080294d7f99ab31f2703a2508683') in 0.003 seconds [static and dynamic dependencies]. Details - ImportResultOutputID=3c59bff53c4ee1435c74259d54f4905c DependenciesID=db152cd0deda502fb9a0af8d3a55fa20 StaticDependenciesID=6668f3817454f7f69448a35f02a93e3a 
Number of updated asset objects reloaded before import = 0
Number of asset objects unloaded after import = 0
========================================================================
Received Import Request.
  Time of request: 2026-08-11T15:50:18.6471382Z
  Time since last request: 0.0002706 seconds.
  importAddress: GUID: 7e988a22b82d97847b9e8e3cf14a1526 - Path: Packages/com.unity.inputsystem/InputSystem/Runtime/Utilities/SavedState.cs - Importer: ScriptedImporter/UnityEditor.QuickSearchModule:UnityEditor.Search:ASIAI0B
Importing 'GUID: 7e988a22b82d97847b9e8e3cf14a1526 - Path: Packages/com.unity.inputsystem/InputSystem/Runtime/Utilities/SavedState.cs - Importer: ScriptedImporter/UnityEditor.QuickSearchModule:UnityEditor.Search:ASIAI0B' with importer (ScriptedImporter : UnityEditor.QuickSearchModule:UnityEditor.Search:ASIAI0B)
Imported 'GUID: 7e988a22b82d97847b9e8e3cf14a1526' -> (Import Result ID: '112950159e42f633f388b71d0a35efdc') in 0.002 seconds [static and dynamic dependencies]. Details - ImportResultOutputID=491fa92c515baa0fcc5d461ffe3db041 DependenciesID=583de5e04cbe9d2bec5dc42b1a6f7a94 StaticDependenciesID=b77ca89c0242be621d8ab6f64f81caa9 
Number of updated asset objects reloaded before import = 0
Number of asset objects unloaded after import = 0
========================================================================
Received Import Request.
  Time of request: 2026-08-11T15:50:18.6843639Z
  Time since last request: 0.0275453 seconds.
  importAddress: GUID: 33f32142c2c2d4662be5f5274db27158 - Path: Packages/com.unity.inputsystem/InputSystem/Editor/AssetEditor/PackageResources/blue.png - Importer: ScriptedImporter/UnityEditor.QuickSearchModule:UnityEditor.Search:ASIAI0B
Importing 'GUID: 33f32142c2c2d4662be5f5274db27158 - Path: Packages/com.unity.inputsystem/InputSystem/Editor/AssetEditor/PackageResources/blue.png - Importer: ScriptedImporter/UnityEditor.QuickSearchModule:UnityEditor.Search:ASIAI0B' with importer (ScriptedImporter : UnityEditor.QuickSearchModule:UnityEditor.Search:ASIAI0B)
Imported 'GUID: 33f32142c2c2d4662be5f5274db27158' -> (Import Result ID: '759aef92ed7b8141be7bc829335e32da') in 0.007 seconds [static and dynamic dependencies]. Details - ImportResultOutputID=217d22784f51842848fd85b2bf30296e DependenciesID=1f0de90fbf8517db315480db7b604ed4 StaticDependenciesID=42ba04ce92dd0f55257ad9a798a4c3bf 
Number of updated asset objects reloaded before import = 0
Number of asset objects unloaded after import = 1
========================================================================
Received Import Request.
  Time of request: 2026-08-11T15:50:18.6986606Z
  Time since last request: 0.0002133 seconds.
  importAddress: GUID: d7b144323984d4298924c65ed071dea1 - Path: Packages/com.unity.inputsystem/InputSystem/Editor/AssetEditor/PackageResources/pink.png - Importer: ScriptedImporter/UnityEditor.QuickSearchModule:UnityEditor.Search:ASIAI0B
Importing 'GUID: d7b144323984d4298924c65ed071dea1 - Path: Packages/com.unity.inputsystem/InputSystem/Editor/AssetEditor/PackageResources/pink.png - Importer: ScriptedImporter/UnityEditor.QuickSearchModule:UnityEditor.Search:ASIAI0B' with importer (ScriptedImporter : UnityEditor.QuickSearchModule:UnityEditor.Search:ASIAI0B)
Imported 'GUID: d7b144323984d4298924c65ed071dea1' -> (Import Result ID: 'f0f2cdd46350fac423be456341f61f33') in 0.005 seconds [static and dynamic dependencies]. Details - ImportResultOutputID=10039eb0ceea64f3524e02eb454f30a8 DependenciesID=e7e766682e2853b1faee614187ec61be StaticDependenciesID=5cbe8b595db53833bb40b2ecd7796ab2 
Number of updated asset objects reloaded before import = 0
Number of asset objects unloaded after import = 1
========================================================================
Received Import Request.
  Time of request: 2026-08-11T15:50:18.7564845Z
  Time since last request: 0.0444656 seconds.
  importAddress: GUID: b98fcf53d54c1fe4abdd9327cf57a371 - Path: Packages/com.unity.inputsystem/InputSystem/Editor/UITKAssetEditor/Views/Selectors.cs - Importer: ScriptedImporter/UnityEditor.QuickSearchModule:UnityEditor.Search:ASIAI0B
Importing 'GUID: b98fcf53d54c1fe4abdd9327cf57a371 - Path: Packages/com.unity.inputsystem/InputSystem/Editor/UITKAssetEditor/Views/Selectors.cs - Importer: ScriptedImporter/UnityEditor.QuickSearchModule:UnityEditor.Search:ASIAI0B' with importer (ScriptedImporter : UnityEditor.QuickSearchModule:UnityEditor.Search:ASIAI0B)
Imported 'GUID: b98fcf53d54c1fe4abdd9327cf57a371' -> (Import Result ID: '24eb878ed7b9bff28b0a5f6bb7b7c3c3') in 0.003 seconds [static and dynamic dependencies]. Details - ImportResultOutputID=dc2490b7472c2fe879143f010d8036cc DependenciesID=2670da5a521448195db0d3f3864dcc72 StaticDependenciesID=d3514f805a916e3824039593a50d9d5b 
Number of updated asset objects reloaded before import = 0
Number of asset objects unloaded after import = 0
========================================================================
Received Import Request.
  Time of request: 2026-08-11T15:50:18.7695953Z
  Time since last request: 0.0009507 seconds.
  importAddress: GUID: 839e0066c5f854ddda076a4ff2f80a7b - Path: Packages/com.unity.inputsystem/InputSystem/Editor/Plugins/OnScreen/OnScreenStickEditor.cs - Importer: ScriptedImporter/UnityEditor.QuickSearchModule:UnityEditor.Search:ASIAI0B
Importing 'GUID: 839e0066c5f854ddda076a4ff2f80a7b - Path: Packages/com.unity.inputsystem/InputSystem/Editor/Plugins/OnScreen/OnScreenStickEditor.cs - Importer: ScriptedImporter/UnityEditor.QuickSearchModule:UnityEditor.Search:ASIAI0B' with importer (ScriptedImporter : UnityEditor.QuickSearchModule:UnityEditor.Search:ASIAI0B)
Imported 'GUID: 839e0066c5f854ddda076a4ff2f80a7b' -> (Import Result ID: '60044031ba439c2949d35b370eb7eb7d') in 0.003 seconds [static and dynamic dependencies]. Details - ImportResultOutputID=f49484385f93a6e0dba9ec81f6ca86c3 DependenciesID=7312d7a450f4b7cc84ff8dc78ec9f151 StaticDependenciesID=7a5c16bb4c6eeb1212c7e0ad4af29f65 
Number of updated asset objects reloaded before import = 0
Number of asset objects unloaded after import = 0
========================================================================
Received Import Request.
  Time of request: 2026-08-11T15:50:18.7821892Z
  Time since last request: 0.0005134 seconds.
  importAddress: GUID: 78dcfd26eada049b0840e276bd029712 - Path: Packages/com.unity.inputsystem/InputSystem/Editor/Plugins/PlayerInput/PlayerInputEditor.cs - Importer: ScriptedImporter/UnityEditor.QuickSearchModule:UnityEditor.Search:ASIAI0B
Importing 'GUID: 78dcfd26eada049b0840e276bd029712 - Path: Packages/com.unity.inputsystem/InputSystem/Editor/Plugins/PlayerInput/PlayerInputEditor.cs - Importer: ScriptedImporter/UnityEditor.QuickSearchModule:UnityEditor.Search:ASIAI0B' with importer (ScriptedImporter : UnityEditor.QuickSearchModule:UnityEditor.Search:ASIAI0B)
Imported 'GUID: 78dcfd26eada049b0840e276bd029712' -> (Import Result ID: '01167b80013e8d0db13c24dcc3b75095') in 0.003 seconds [static and dynamic dependencies]. Details - ImportResultOutputID=5918d68041054527b0b5479f3a8faeac DependenciesID=f05b37bdc33bf76ca4abcb7c25525694 StaticDependenciesID=8fdcd8d94334322ae08f1d94468f520c 
Number of updated asset objects reloaded before import = 0
Number of asset objects unloaded after import = 0
========================================================================
Received Import Request.
  Time of request: 2026-08-11T15:50:18.7949189Z
  Time since last request: 0.0005414 seconds.
  importAddress: GUID: 99cfd7e6e4fd7294090b6bf84b177326 - Path: Packages/com.unity.inputsystem/InputSystem/Editor/UITKAssetEditor/Commands/ControlSchemeCommands.cs - Importer: ScriptedImporter/UnityEditor.QuickSearchModule:UnityEditor.Search:ASIAI0B
Importing 'GUID: 99cfd7e6e4fd7294090b6bf84b177326 - Path: Packages/com.unity.inputsystem/InputSystem/Editor/UITKAssetEditor/Commands/ControlSchemeCommands.cs - Importer: ScriptedImporter/UnityEditor.QuickSearchModule:UnityEditor.Search:ASIAI0B' with importer (ScriptedImporter : UnityEditor.QuickSearchModule:UnityEditor.Search:ASIAI0B)
Imported 'GUID: 99cfd7e6e4fd7294090b6bf84b177326' -> (Import Result ID: '930e80aeaedf093b350216d2be5a56d6') in 0.003 seconds [static and dynamic dependencies]. Details - ImportResultOutputID=ce2494996c37203202eaea68f68a467c DependenciesID=cb89bbc5c28e4809a1df667edce76e11 StaticDependenciesID=e50acc813d47b918ca989742f6e31e11 
Number of updated asset objects reloaded before import = 0
Number of asset objects unloaded after import = 0
========================================================================
Received Import Request.
  Time of request: 2026-08-11T15:50:18.8066671Z
  Time since last request: 0.0003541 seconds.
  importAddress: GUID: a439a21d627cd7646978dd78132c4bb9 - Path: Packages/com.unity.inputsystem/InputSystem/Editor/UITKAssetEditor/Views/InputActionsTreeViewItem.cs - Importer: ScriptedImporter/UnityEditor.QuickSearchModule:UnityEditor.Search:ASIAI0B
Importing 'GUID: a439a21d627cd7646978dd78132c4bb9 - Path: Packages/com.unity.inputsystem/InputSystem/Editor/UITKAssetEditor/Views/InputActionsTreeViewItem.cs - Importer: ScriptedImporter/UnityEditor.QuickSearchModule:UnityEditor.Search:ASIAI0B' with importer (ScriptedImporter : UnityEditor.QuickSearchModule:UnityEditor.Search:ASIAI0B)
Imported 'GUID: a439a21d627cd7646978dd78132c4bb9' -> (Import Result ID: '034ac5abd0aea7c45388d1288ee5d056') in 0.003 seconds [static and dynamic dependencies]. Details - ImportResultOutputID=95e69b0a71a63e3a5b198bd1616c39d7 DependenciesID=58c230265ab3334c3e87696a5b25a749 StaticDependenciesID=abebe949b09ea0bad77745e756cbb9ab 
Number of updated asset objects reloaded before import = 0
Number of asset objects unloaded after import = 0
========================================================================
Received Import Request.
  Time of request: 2026-08-11T15:50:18.8175925Z
  Time since last request: 0.0004066 seconds.
  importAddress: GUID: 3f8d555e90ab4499890cd182a2d849ce - Path: Packages/com.unity.inputsystem/InputSystem/Editor/Plugins/InputForUI/AssemblyInfo.cs - Importer: ScriptedImporter/UnityEditor.QuickSearchModule:UnityEditor.Search:ASIAI0B
Importing 'GUID: 3f8d555e90ab4499890cd182a2d849ce - Path: Packages/com.unity.inputsystem/InputSystem/Editor/Plugins/InputForUI/AssemblyInfo.cs - Importer: ScriptedImporter/UnityEditor.QuickSearchModule:UnityEditor.Search:ASIAI0B' with importer (ScriptedImporter : UnityEditor.QuickSearchModule:UnityEditor.Search:ASIAI0B)
Imported 'GUID: 3f8d555e90ab4499890cd182a2d849ce' -> (Import Result ID: '34d69637b168e6b4791c14a316511399') in 0.003 seconds [static and dynamic dependencies]. Details - ImportResultOutputID=e44c8a2da42b0de4b78e4bd84a6fd00a DependenciesID=cbf4b7f498c04c2f32543810a7a52686 StaticDependenciesID=b611249384e9032782fbc966d11963bf 
Number of updated asset objects reloaded before import = 0
Number of asset objects unloaded after import = 0
========================================================================
Received Import Request.
  Time of request: 2026-08-11T15:50:18.8287057Z
  Time since last request: 0.0003522 seconds.
  importAddress: GUID: 989e6ef705a83455c81a5d0a22910406 - Path: Packages/com.unity.inputsystem/InputSystem/Editor/UITKAssetEditor/Views/ContextMenu.cs - Importer: ScriptedImporter/UnityEditor.QuickSearchModule:UnityEditor.Search:ASIAI0B
Importing 'GUID: 989e6ef705a83455c81a5d0a22910406 - Path: Packages/com.unity.inputsystem/InputSystem/Editor/UITKAssetEditor/Views/ContextMenu.cs - Importer: ScriptedImporter/UnityEditor.QuickSearchModule:UnityEditor.Search:ASIAI0B' with importer (ScriptedImporter : UnityEditor.QuickSearchModule:UnityEditor.Search:ASIAI0B)
Imported 'GUID: 989e6ef705a83455c81a5d0a22910406' -> (Import Result ID: '1a4413794f60879402c7985084f8dac9') in 0.003 seconds [static and dynamic dependencies]. Details - ImportResultOutputID=a5f61f9a10dbe25b0657af827765c6e2 DependenciesID=b73d8e0bba393a943635111f2eb7949a StaticDependenciesID=625bf1f62856bf7e15a7876f1084fa35 
Number of updated asset objects reloaded before import = 0
Number of asset objects unloaded after import = 0
========================================================================
Received Import Request.
  Time of request: 2026-08-11T15:50:18.8404883Z
  Time since last request: 0.0004143 seconds.
  importAddress: GUID: 6e6208eb562aa4ce7be0e1760d82a313 - Path: Packages/com.unity.inputsystem/InputSystem/Editor/Plugins/iOS/InputSettingsiOSProvider.cs - Importer: ScriptedImporter/UnityEditor.QuickSearchModule:UnityEditor.Search:ASIAI0B
Importing 'GUID: 6e6208eb562aa4ce7be0e1760d82a313 - Path: Packages/com.unity.inputsystem/InputSystem/Editor/Plugins/iOS/InputSettingsiOSProvider.cs - Importer: ScriptedImporter/UnityEditor.QuickSearchModule:UnityEditor.Search:ASIAI0B' with importer (ScriptedImporter : UnityEditor.QuickSearchModule:UnityEditor.Search:ASIAI0B)
Imported 'GUID: 6e6208eb562aa4ce7be0e1760d82a313' -> (Import Result ID: 'f8f7110885a541e022c389a365a82fc9') in 0.003 seconds [static and dynamic dependencies]. Details - ImportResultOutputID=5c949c00d0e9a9a6d4f10458bde50434 DependenciesID=d05951cc4ee8167253e69b7683decb01 StaticDependenciesID=a1a52eeaccd597da20dc427ad2e26b68 
Number of updated asset objects reloaded before import = 0
Number of asset objects unloaded after import = 0
========================================================================
Received Import Request.
  Time of request: 2026-08-11T15:50:18.8533085Z
  Time since last request: 0.0003561 seconds.
  importAddress: GUID: 6247927155f224aa5a61c15611fcd34a - Path: Packages/com.unity.inputsystem/InputSystem/Editor/Plugins/PlayerInput/PlayerInputManagerEditor.cs - Importer: ScriptedImporter/UnityEditor.QuickSearchModule:UnityEditor.Search:ASIAI0B
Importing 'GUID: 6247927155f224aa5a61c15611fcd34a - Path: Packages/com.unity.inputsystem/InputSystem/Editor/Plugins/PlayerInput/PlayerInputManagerEditor.cs - Importer: ScriptedImporter/UnityEditor.QuickSearchModule:UnityEditor.Search:ASIAI0B' with importer (ScriptedImporter : UnityEditor.QuickSearchModule:UnityEditor.Search:ASIAI0B)
Imported 'GUID: 6247927155f224aa5a61c15611fcd34a' -> (Import Result ID: '197cc69b1f34c630f7a396f50f99083e') in 0.003 seconds [static and dynamic dependencies]. Details - ImportResultOutputID=83e0eb9f3c5b6486ab4be6516419dcb8 DependenciesID=eed60aedd694ca77d5af2390b73ae523 StaticDependenciesID=2b809cbb2d4e40b9a91347f9c0c7dc8d 
Number of updated asset objects reloaded before import = 0
Number of asset objects unloaded after import = 0
========================================================================
Received Import Request.
  Time of request: 2026-08-11T15:50:18.9238661Z
  Time since last request: 0.0584523 seconds.
  importAddress: GUID: a7c6472eb810ba445be34c69325e4fea - Path: Packages/com.unity.inputsystem/InputSystem/Runtime/Plugins/Android/AndroidGameController.cs - Importer: ScriptedImporter/UnityEditor.QuickSearchModule:UnityEditor.Search:ASIAI0B
Importing 'GUID: a7c6472eb810ba445be34c69325e4fea - Path: Packages/com.unity.inputsystem/InputSystem/Runtime/Plugins/Android/AndroidGameController.cs - Importer: ScriptedImporter/UnityEditor.QuickSearchModule:UnityEditor.Search:ASIAI0B' with importer (ScriptedImporter : UnityEditor.QuickSearchModule:UnityEditor.Search:ASIAI0B)
Imported 'GUID: a7c6472eb810ba445be34c69325e4fea' -> (Import Result ID: '5dc62d39a5d1db24eec0cc770262026a') in 0.004 seconds [static and dynamic dependencies]. Details - ImportResultOutputID=986a8fe85a67c9b3c62e94d4a1eea98b DependenciesID=5aa2e396756991ac56659756ac89911b StaticDependenciesID=f2fb5dc095048b6d4d1ac5dde4d6bfe3 
Number of updated asset objects reloaded before import = 0
Number of asset objects unloaded after import = 0
========================================================================
Received Import Request.
  Time of request: 2026-08-11T15:50:18.9363349Z
  Time since last request: 0.0011842 seconds.
  importAddress: GUID: f617c1bc34684f738c0d2cb4d0650f35 - Path: Packages/com.unity.inputsystem/InputSystem/Runtime/Devices/Remote/InputRemoting.cs - Importer: ScriptedImporter/UnityEditor.QuickSearchModule:UnityEditor.Search:ASIAI0B
Importing 'GUID: f617c1bc34684f738c0d2cb4d0650f35 - Path: Packages/com.unity.inputsystem/InputSystem/Runtime/Devices/Remote/InputRemoting.cs - Importer: ScriptedImporter/UnityEditor.QuickSearchModule:UnityEditor.Search:ASIAI0B' with importer (ScriptedImporter : UnityEditor.QuickSearchModule:UnityEditor.Search:ASIAI0B)
Imported 'GUID: f617c1bc34684f738c0d2cb4d0650f35' -> (Import Result ID: '368b3dd51f86e1b1d92a976baa636495') in 0.003 seconds [static and dynamic dependencies]. Details - ImportResultOutputID=6d7d3acbf23f380208e533071ece4956 DependenciesID=cac75d8aa260bdf0ee271257d2c4778a StaticDependenciesID=39204f1c94728c9fd6c10ef361263068 
Number of updated asset objects reloaded before import = 0
Number of asset objects unloaded after import = 0
========================================================================
Received Import Request.
  Time of request: 2026-08-11T15:50:18.948999Z
  Time since last request: 0.0006069 seconds.
  importAddress: GUID: 110e42b335c6744e482ada733cbda674 - Path: Packages/com.unity.inputsystem/InputSystem/Runtime/Controls/Processors/AxisDeadzoneProcessor.cs - Importer: ScriptedImporter/UnityEditor.QuickSearchModule:UnityEditor.Search:ASIAI0B
Importing 'GUID: 110e42b335c6744e482ada733cbda674 - Path: Packages/com.unity.inputsystem/InputSystem/Runtime/Controls/Processors/AxisDeadzoneProcessor.cs - Importer: ScriptedImporter/UnityEditor.QuickSearchModule:UnityEditor.Search:ASIAI0B' with importer (ScriptedImporter : UnityEditor.QuickSearchModule:UnityEditor.Search:ASIAI0B)
Imported 'GUID: 110e42b335c6744e482ada733cbda674' -> (Import Result ID: '42538c9939f96812d25e5a305621791e') in 0.003 seconds [static and dynamic dependencies]. Details - ImportResultOutputID=4056b2820f422e2b1f6dab0f2e3cf3c4 DependenciesID=ba8737632b58f203b6e1577a67d5ceb5 StaticDependenciesID=33850941114ffa9b26658460b886e075 
Number of updated asset objects reloaded before import = 0
Number of asset objects unloaded after import = 0
========================================================================
Received Import Request.
  Time of request: 2026-08-11T15:50:18.9606025Z
  Time since last request: 0.0003015 seconds.
  importAddress: GUID: 30858d79688750445a07107b96c917fe - Path: Packages/com.unity.inputsystem/InputSystem/Runtime/Devices/Precompiled/FastTouchscreen.cs - Importer: ScriptedImporter/UnityEditor.QuickSearchModule:UnityEditor.Search:ASIAI0B
Importing 'GUID: 30858d79688750445a07107b96c917fe - Path: Packages/com.unity.inputsystem/InputSystem/Runtime/Devices/Precompiled/FastTouchscreen.cs - Importer: ScriptedImporter/UnityEditor.QuickSearchModule:UnityEditor.Search:ASIAI0B' with importer (ScriptedImporter : UnityEditor.QuickSearchModule:UnityEditor.Search:ASIAI0B)
Imported 'GUID: 30858d79688750445a07107b96c917fe' -> (Import Result ID: '9b07bb5c6098aea0856dd3a0a9519c82') in 0.003 seconds [static and dynamic dependencies]. Details - ImportResultOutputID=419ccfcad7a7c9fdcbe4102e8875b9db DependenciesID=446404a04ad98d64210b0910fbfca7e6 StaticDependenciesID=ac384e7ec660183652aec6285699a62b 
Number of updated asset objects reloaded before import = 0
Number of asset objects unloaded after import = 0
========================================================================
Received Import Request.
  Time of request: 2026-08-11T15:50:18.9743793Z
  Time since last request: 0.0002042 seconds.
  importAddress: GUID: 4e9c0b68df9234a0bad68ad7e0391330 - Path: Packages/com.unity.inputsystem/InputSystem/Runtime/Actions/Composites/Vector2Composite.cs - Importer: ScriptedImporter/UnityEditor.QuickSearchModule:UnityEditor.Search:ASIAI0B
Importing 'GUID: 4e9c0b68df9234a0bad68ad7e0391330 - Path: Packages/com.unity.inputsystem/InputSystem/Runtime/Actions/Composites/Vector2Composite.cs - Importer: ScriptedImporter/UnityEditor.QuickSearchModule:UnityEditor.Search:ASIAI0B' with importer (ScriptedImporter : UnityEditor.QuickSearchModule:UnityEditor.Search:ASIAI0B)
Imported 'GUID: 4e9c0b68df9234a0bad68ad7e0391330' -> (Import Result ID: 'ac899b688243cde4b8d2c5947df97eaf') in 0.003 seconds [static and dynamic dependencies]. Details - ImportResultOutputID=f5cab4cab957bcbde3c573bc9d6c8d52 DependenciesID=600284f13f1589f10e4a2583dc687ae6 StaticDependenciesID=ec1b9b90fdb00f5114964f18cac58316 
Number of updated asset objects reloaded before import = 0
Number of asset objects unloaded after import = 0
========================================================================
Received Import Request.
  Time of request: 2026-08-11T15:50:18.9851676Z
  Time since last request: 0.0004571 seconds.
  importAddress: GUID: aad56faafe6d9d3458c93a9e43759461 - Path: Packages/com.unity.inputsystem/InputSystem/Runtime/Devices/Commands/DisableDeviceCommand.cs - Importer: ScriptedImporter/UnityEditor.QuickSearchModule:UnityEditor.Search:ASIAI0B
Importing 'GUID: aad56faafe6d9d3458c93a9e43759461 - Path: Packages/com.unity.inputsystem/InputSystem/Runtime/Devices/Commands/DisableDeviceCommand.cs - Importer: ScriptedImporter/UnityEditor.QuickSearchModule:UnityEditor.Search:ASIAI0B' with importer (ScriptedImporter : UnityEditor.QuickSearchModule:UnityEditor.Search:ASIAI0B)
Imported 'GUID: aad56faafe6d9d3458c93a9e43759461' -> (Import Result ID: '10606c0febfaa8f23056950c0128e331') in 0.003 seconds [static and dynamic dependencies]. Details - ImportResultOutputID=38fdeb382c751aba448fb28ac668799e DependenciesID=239eca8073b483c3ccbbe62507feea60 StaticDependenciesID=c1ff7504e66e67c42043295e82efa3cd 
Number of updated asset objects reloaded before import = 0
Number of asset objects unloaded after import = 0
========================================================================
Received Import Request.
  Time of request: 2026-08-11T15:50:18.9970599Z
  Time since last request: 0.0006495 seconds.
  importAddress: GUID: fa26399d579948dd90c6ff298cdb0570 - Path: Packages/com.unity.inputsystem/InputSystem/Runtime/Plugins/DualShock/DualShockSupport.cs - Importer: ScriptedImporter/UnityEditor.QuickSearchModule:UnityEditor.Search:ASIAI0B
Importing 'GUID: fa26399d579948dd90c6ff298cdb0570 - Path: Packages/com.unity.inputsystem/InputSystem/Runtime/Plugins/DualShock/DualShockSupport.cs - Importer: ScriptedImporter/UnityEditor.QuickSearchModule:UnityEditor.Search:ASIAI0B' with importer (ScriptedImporter : UnityEditor.QuickSearchModule:UnityEditor.Search:ASIAI0B)
Imported 'GUID: fa26399d579948dd90c6ff298cdb0570' -> (Import Result ID: '7a0a38d51932f08db9adbe2cd3a7fa9f') in 0.003 seconds [static and dynamic dependencies]. Details - ImportResultOutputID=076414ecb2d5ace80c4b20b0f3bfcae4 DependenciesID=e299c0cf7f71fcbc808b9f2517795d23 StaticDependenciesID=993987336505a5a812eb35f83dd4278d 
Number of updated asset objects reloaded before import = 0
Number of asset objects unloaded after import = 0
========================================================================
Received Import Request.
  Time of request: 2026-08-11T15:50:19.0096143Z
  Time since last request: 0.0003882 seconds.
  importAddress: GUID: 7938861606c2845d19cf2e8a683ddba3 - Path: Packages/com.unity.inputsystem/InputSystem/Runtime/Controls/Processors/InvertVector3Processor.cs - Importer: ScriptedImporter/UnityEditor.QuickSearchModule:UnityEditor.Search:ASIAI0B
Importing 'GUID: 7938861606c2845d19cf2e8a683ddba3 - Path: Packages/com.unity.inputsystem/InputSystem/Runtime/Controls/Processors/InvertVector3Processor.cs - Importer: ScriptedImporter/UnityEditor.QuickSearchModule:UnityEditor.Search:ASIAI0B' with importer (ScriptedImporter : UnityEditor.QuickSearchModule:UnityEditor.Search:ASIAI0B)
Imported 'GUID: 7938861606c2845d19cf2e8a683ddba3' -> (Import Result ID: 'd3c285770646772c3c2a465a10a9324d') in 0.004 seconds [static and dynamic dependencies]. Details - ImportResultOutputID=a8070d944c9506d791a230888b1ad7ad DependenciesID=b1fc99897b56ede2a0db1a6fc9a3d864 StaticDependenciesID=d09b7d112fe1fc2b3adf58faf48f69b1 
Number of updated asset objects reloaded before import = 0
Number of asset objects unloaded after import = 0
========================================================================
Received Import Request.
  Time of request: 2026-08-11T15:50:19.0343839Z
  Time since last request: 0.0122328 seconds.
  importAddress: GUID: 0dd5cd31dc0a44e8979c69bd6ef78686 - Path: Packages/com.unity.inputsystem/InputSystem/Runtime/Plugins/XInput/XInputSupport.cs - Importer: ScriptedImporter/UnityEditor.QuickSearchModule:UnityEditor.Search:ASIAI0B
Importing 'GUID: 0dd5cd31dc0a44e8979c69bd6ef78686 - Path: Packages/com.unity.inputsystem/InputSystem/Runtime/Plugins/XInput/XInputSupport.cs - Importer: ScriptedImporter/UnityEditor.QuickSearchModule:UnityEditor.Search:ASIAI0B' with importer (ScriptedImporter : UnityEditor.QuickSearchModule:UnityEditor.Search:ASIAI0B)
Imported 'GUID: 0dd5cd31dc0a44e8979c69bd6ef78686' -> (Import Result ID: '83dda5f9e17e53e73372142305f1f4e4') in 0.003 seconds [static and dynamic dependencies]. Details - ImportResultOutputID=5ee9c2a0d3ba16f69d88137d6fa41cda DependenciesID=6b193d92f6abe4f74e19523f9bce0b0c StaticDependenciesID=8fa043ccc7d0ad892570469e5f022ef5 
Number of updated asset objects reloaded before import = 0
Number of asset objects unloaded after import = 0
========================================================================
Received Import Request.
  Time of request: 2026-08-11T15:50:19.0451883Z
  Time since last request: 0.0008353 seconds.
  importAddress: GUID: 71f3c0e630f0148b496f565843b5b272 - Path: Packages/com.unity.inputsystem/InputSystem/Runtime/Plugins/EnhancedTouch/Finger.cs - Importer: ScriptedImporter/UnityEditor.QuickSearchModule:UnityEditor.Search:ASIAI0B
Importing 'GUID: 71f3c0e630f0148b496f565843b5b272 - Path: Packages/com.unity.inputsystem/InputSystem/Runtime/Plugins/EnhancedTouch/Finger.cs - Importer: ScriptedImporter/UnityEditor.QuickSearchModule:UnityEditor.Search:ASIAI0B' with importer (ScriptedImporter : UnityEditor.QuickSearchModule:UnityEditor.Search:ASIAI0B)
Imported 'GUID: 71f3c0e630f0148b496f565843b5b272' -> (Import Result ID: '1c829bd53d0bbf7b821af0d06a07bbb6') in 0.003 seconds [static and dynamic dependencies]. Details - ImportResultOutputID=c6045ae7a8e26c21206c7f2a73899d49 DependenciesID=c09f74b1c02c207570bc213c669dcbaf StaticDependenciesID=0d9298a7696f22ccde0f79ed42eb939b 
Number of updated asset objects reloaded before import = 0
Number of asset objects unloaded after import = 0
========================================================================
Received Import Request.
  Time of request: 2026-08-11T15:50:19.0586126Z
  Time since last request: 0.0003039 seconds.
  importAddress: GUID: 2ab54adba6d259742a9022c514b04149 - Path: Packages/com.unity.inputsystem/InputSystem/Runtime/Plugins/Linux/SDLDeviceBuilder.cs - Importer: ScriptedImporter/UnityEditor.QuickSearchModule:UnityEditor.Search:ASIAI0B
Importing 'GUID: 2ab54adba6d259742a9022c514b04149 - Path: Packages/com.unity.inputsystem/InputSystem/Runtime/Plugins/Linux/SDLDeviceBuilder.cs - Importer: ScriptedImporter/UnityEditor.QuickSearchModule:UnityEditor.Search:ASIAI0B' with importer (ScriptedImporter : UnityEditor.QuickSearchModule:UnityEditor.Search:ASIAI0B)
Imported 'GUID: 2ab54adba6d259742a9022c514b04149' -> (Import Result ID: 'd80d2d22b8688835cb4016d7a9bd42df') in 0.003 seconds [static and dynamic dependencies]. Details - ImportResultOutputID=c0b959b7bcf3cf805530a021e3d92501 DependenciesID=d351236b68d4a397b8cc917d2e127469 StaticDependenciesID=fc5b159fe676070258faaa8eb1aa6a53 
Number of updated asset objects reloaded before import = 0
Number of asset objects unloaded after import = 0
========================================================================
Received Import Request.
  Time of request: 2026-08-11T15:50:19.0716559Z
  Time since last request: 0.0003119 seconds.
  importAddress: GUID: 86b230bdbb8ce487882861a17e6d2bde - Path: Packages/com.unity.inputsystem/InputSystem/Runtime/Plugins/PlayerInput/PlayerJoinBehavior.cs - Importer: ScriptedImporter/UnityEditor.QuickSearchModule:UnityEditor.Search:ASIAI0B
Importing 'GUID: 86b230bdbb8ce487882861a17e6d2bde - Path: Packages/com.unity.inputsystem/InputSystem/Runtime/Plugins/PlayerInput/PlayerJoinBehavior.cs - Importer: ScriptedImporter/UnityEditor.QuickSearchModule:UnityEditor.Search:ASIAI0B' with importer (ScriptedImporter : UnityEditor.QuickSearchModule:UnityEditor.Search:ASIAI0B)
Imported 'GUID: 86b230bdbb8ce487882861a17e6d2bde' -> (Import Result ID: '88301598f4d2b97fe1a60e633da15be5') in 0.003 seconds [static and dynamic dependencies]. Details - ImportResultOutputID=21c1048fd42adec32560f098d0cc6b6b DependenciesID=9e2de41463c6c2fe20d42c322ce2e2f4 StaticDependenciesID=9eba18bbbbc2d86ba5b70b8f8db72119 
Number of updated asset objects reloaded before import = 0
Number of asset objects unloaded after import = 0
========================================================================
Received Import Request.
  Time of request: 2026-08-11T15:50:19.0836186Z
  Time since last request: 0.0006056 seconds.
  importAddress: GUID: e04d6d4984c7d164096e271f20932849 - Path: Packages/com.unity.inputsystem/InputSystem/Runtime/Plugins/UI/PointerModel.cs - Importer: ScriptedImporter/UnityEditor.QuickSearchModule:UnityEditor.Search:ASIAI0B
Importing 'GUID: e04d6d4984c7d164096e271f20932849 - Path: Packages/com.unity.inputsystem/InputSystem/Runtime/Plugins/UI/PointerModel.cs - Importer: ScriptedImporter/UnityEditor.QuickSearchModule:UnityEditor.Search:ASIAI0B' with importer (ScriptedImporter : UnityEditor.QuickSearchModule:UnityEditor.Search:ASIAI0B)
Imported 'GUID: e04d6d4984c7d164096e271f20932849' -> (Import Result ID: '9a840c478bad3101fc0f9c4292dded70') in 0.003 seconds [static and dynamic dependencies]. Details - ImportResultOutputID=a9a8be5d02e5f019cc152c92b307bc43 DependenciesID=0c18453b6c6d5064bbfd843524609ed1 StaticDependenciesID=8be6ba4497334fb63265b41f3e2608f6 
Number of updated asset objects reloaded before import = 0
Number of asset objects unloaded after import = 0
========================================================================
Received Import Request.
  Time of request: 2026-08-11T15:50:19.0969716Z
  Time since last request: 0.000322 seconds.
  importAddress: GUID: 3da49be2d645b418c8ee308bb1a011c7 - Path: Packages/com.unity.inputsystem/InputSystem/Runtime/Plugins/Linux/LinuxSupport.cs - Importer: ScriptedImporter/UnityEditor.QuickSearchModule:UnityEditor.Search:ASIAI0B
Importing 'GUID: 3da49be2d645b418c8ee308bb1a011c7 - Path: Packages/com.unity.inputsystem/InputSystem/Runtime/Plugins/Linux/LinuxSupport.cs - Importer: ScriptedImporter/UnityEditor.QuickSearchModule:UnityEditor.Search:ASIAI0B' with importer (ScriptedImporter : UnityEditor.QuickSearchModule:UnityEditor.Search:ASIAI0B)
Imported 'GUID: 3da49be2d645b418c8ee308bb1a011c7' -> (Import Result ID: 'db686c52a777dcc667950e86f8d6beb2') in 0.003 seconds [static and dynamic dependencies]. Details - ImportResultOutputID=7e75d21d122ca33fa736edf52d593024 DependenciesID=01282d39b72eb694e40c8b337823c014 StaticDependenciesID=768fa519f418d46ff55387074fc7ebd7 
Number of updated asset objects reloaded before import = 0
Number of asset objects unloaded after import = 0
========================================================================
Received Import Request.
  Time of request: 2026-08-11T15:50:19.1100437Z
  Time since last request: 0.000604 seconds.
  importAddress: GUID: b24da9e286b594ace8ec4dfd4a374780 - Path: Packages/com.unity.inputsystem/InputSystem/Runtime/Plugins/PlayerInput/InputValue.cs - Importer: ScriptedImporter/UnityEditor.QuickSearchModule:UnityEditor.Search:ASIAI0B
Importing 'GUID: b24da9e286b594ace8ec4dfd4a374780 - Path: Packages/com.unity.inputsystem/InputSystem/Runtime/Plugins/PlayerInput/InputValue.cs - Importer: ScriptedImporter/UnityEditor.QuickSearchModule:UnityEditor.Search:ASIAI0B' with importer (ScriptedImporter : UnityEditor.QuickSearchModule:UnityEditor.Search:ASIAI0B)
Imported 'GUID: b24da9e286b594ace8ec4dfd4a374780' -> (Import Result ID: 'abf8504ac7263257a2ca357440be5720') in 0.003 seconds [static and dynamic dependencies]. Details - ImportResultOutputID=8e04f94876282cffa965aba9dd6e1205 DependenciesID=2fd57c3205faaf70f71e259bc8eddd93 StaticDependenciesID=c58978914c2fb82aaab27ad0c9f6f395 
Number of updated asset objects reloaded before import = 0
Number of asset objects unloaded after import = 0
========================================================================
Received Import Request.
  Time of request: 2026-08-11T15:50:19.1220711Z
  Time since last request: 0.0002898 seconds.
  importAddress: GUID: 65c861c7ef9bee2479c728694e87ea45 - Path: Packages/com.unity.inputsystem/InputSystem/Runtime/Plugins/InputForUI/AssemblyInfo.cs - Importer: ScriptedImporter/UnityEditor.QuickSearchModule:UnityEditor.Search:ASIAI0B
Importing 'GUID: 65c861c7ef9bee2479c728694e87ea45 - Path: Packages/com.unity.inputsystem/InputSystem/Runtime/Plugins/InputForUI/AssemblyInfo.cs - Importer: ScriptedImporter/UnityEditor.QuickSearchModule:UnityEditor.Search:ASIAI0B' with importer (ScriptedImporter : UnityEditor.QuickSearchModule:UnityEditor.Search:ASIAI0B)
Imported 'GUID: 65c861c7ef9bee2479c728694e87ea45' -> (Import Result ID: '70364a976165daeef79265859c96abd4') in 0.003 seconds [static and dynamic dependencies]. Details - ImportResultOutputID=249b09ae38310b3b15fc2cb8fbc1ba74 DependenciesID=4436faed822dcf229ae898a1de4ef778 StaticDependenciesID=b3d5fccad832471bc61c6e2b07d259ee 
Number of updated asset objects reloaded before import = 0
Number of asset objects unloaded after import = 0
========================================================================
Received Import Request.
  Time of request: 2026-08-11T15:50:19.155596Z
  Time since last request: 0.0201234 seconds.
  importAddress: GUID: 28daaf27186926745a8e1ebf5539c5f8 - Path: Packages/com.unity.visualscripting/ValidationExceptions.json - Importer: ScriptedImporter/UnityEditor.QuickSearchModule:UnityEditor.Search:ASIAI0B
Importing 'GUID: 28daaf27186926745a8e1ebf5539c5f8 - Path: Packages/com.unity.visualscripting/ValidationExceptions.json - Importer: ScriptedImporter/UnityEditor.QuickSearchModule:UnityEditor.Search:ASIAI0B' with importer (ScriptedImporter : UnityEditor.QuickSearchModule:UnityEditor.Search:ASIAI0B)
Imported 'GUID: 28daaf27186926745a8e1ebf5539c5f8' -> (Import Result ID: '150f8aec4bc8b7e37ad6d28af0bbd5c3') in 0.003 seconds [static and dynamic dependencies]. Details - ImportResultOutputID=f314794588d2d9ad4e57720926a7cb5e DependenciesID=733f8993de216ff4eaa388ba1ae9c3eb StaticDependenciesID=2fe0964322f0552c35c969cb18eeaa6f 
Number of updated asset objects reloaded before import = 0
Number of asset objects unloaded after import = 1
========================================================================
Received Import Request.
  Time of request: 2026-08-11T15:50:19.1663881Z
  Time since last request: 0.0006111 seconds.
  importAddress: GUID: e943e3d5ede9d0848a8e889af1e6656c - Path: Packages/com.unity.visualscripting/CHANGELOG.md - Importer: ScriptedImporter/UnityEditor.QuickSearchModule:UnityEditor.Search:ASIAI0B
Importing 'GUID: e943e3d5ede9d0848a8e889af1e6656c - Path: Packages/com.unity.visualscripting/CHANGELOG.md - Importer: ScriptedImporter/UnityEditor.QuickSearchModule:UnityEditor.Search:ASIAI0B' with importer (ScriptedImporter : UnityEditor.QuickSearchModule:UnityEditor.Search:ASIAI0B)
Imported 'GUID: e943e3d5ede9d0848a8e889af1e6656c' -> (Import Result ID: '00728355e4ceb1d8bfcb9e1b543d78dc') in 0.003 seconds [static and dynamic dependencies]. Details - ImportResultOutputID=5384fb73d439e6a02ecb3ef5b2fd02a6 DependenciesID=bc839f5527a2ac18b4c0098dac722ade StaticDependenciesID=b88907e7b897061fd2dfe20988f11496 
Number of updated asset objects reloaded before import = 0
Number of asset objects unloaded after import = 1
========================================================================
Received Import Request.
  Time of request: 2026-08-11T15:50:19.1790207Z
  Time since last request: 0.0004548 seconds.
  importAddress: GUID: aa4c2360f910d46f497f75b4b6677358 - Path: Packages/com.unity.inputsystem/InputSystem/Editor/AssetEditor/PackageResources/personal/propertiesBackground.png - Importer: ScriptedImporter/UnityEditor.QuickSearchModule:UnityEditor.Search:ASIAI0B
Importing 'GUID: aa4c2360f910d46f497f75b4b6677358 - Path: Packages/com.unity.inputsystem/InputSystem/Editor/AssetEditor/PackageResources/personal/propertiesBackground.png - Importer: ScriptedImporter/UnityEditor.QuickSearchModule:UnityEditor.Search:ASIAI0B' with importer (ScriptedImporter : UnityEditor.QuickSearchModule:UnityEditor.Search:ASIAI0B)
Imported 'GUID: aa4c2360f910d46f497f75b4b6677358' -> (Import Result ID: '3882bfb223576d13b63a66f23757486d') in 0.007 seconds [static and dynamic dependencies]. Details - ImportResultOutputID=ef6f995cb3a18a1e376f67c1316bcb5c DependenciesID=4eca9ea63dd990d0438129794544d4cb StaticDependenciesID=897b97a7fbdc2499530f7c20f176ea01 
Number of updated asset objects reloaded before import = 0
Number of asset objects unloaded after import = 1
========================================================================
Received Import Request.
  Time of request: 2026-08-11T15:50:19.1952419Z
  Time since last request: 0.0003643 seconds.
  importAddress: GUID: a9586270a56c4658a83ff649811e0cb3 - Path: Packages/com.unity.inputsystem/InputSystem/Runtime/Utilities/Observables/Observable.cs - Importer: ScriptedImporter/UnityEditor.QuickSearchModule:UnityEditor.Search:ASIAI0B
Importing 'GUID: a9586270a56c4658a83ff649811e0cb3 - Path: Packages/com.unity.inputsystem/InputSystem/Runtime/Utilities/Observables/Observable.cs - Importer: ScriptedImporter/UnityEditor.QuickSearchModule:UnityEditor.Search:ASIAI0B' with importer (ScriptedImporter : UnityEditor.QuickSearchModule:UnityEditor.Search:ASIAI0B)
Imported 'GUID: a9586270a56c4658a83ff649811e0cb3' -> (Import Result ID: '773617789c762c3532921025961fed9e') in 0.003 seconds [static and dynamic dependencies]. Details - ImportResultOutputID=23be5b4510d4a581472e3c41116f7b76 DependenciesID=ecd14656da9587a2b1b29b2e32dc0c2a StaticDependenciesID=7677e25ba21623ab327b7e7ddac61138 
Number of updated asset objects reloaded before import = 0
Number of asset objects unloaded after import = 0
========================================================================
Received Import Request.
  Time of request: 2026-08-11T15:50:19.2057075Z
  Time since last request: 0.0002439 seconds.
  importAddress: GUID: 609c3f6a050cd044abf73af2fbab64bf - Path: Packages/com.unity.visualscripting/Graphics/Namespace_16x.ai - Importer: ScriptedImporter/UnityEditor.QuickSearchModule:UnityEditor.Search:ASIAI0B
Importing 'GUID: 609c3f6a050cd044abf73af2fbab64bf - Path: Packages/com.unity.visualscripting/Graphics/Namespace_16x.ai - Importer: ScriptedImporter/UnityEditor.QuickSearchModule:UnityEditor.Search:ASIAI0B' with importer (ScriptedImporter : UnityEditor.QuickSearchModule:UnityEditor.Search:ASIAI0B)
Imported 'GUID: 609c3f6a050cd044abf73af2fbab64bf' -> (Import Result ID: 'd0e422bc5a67ca2d21c3df5e71873b29') in 0.003 seconds [static and dynamic dependencies]. Details - ImportResultOutputID=f2b8fb3a5a497696f2ce4f32951a5b3f DependenciesID=c5fbb1ed5ffd2d40160177e72fd85721 StaticDependenciesID=817c88442748fcab578e3562e25d926c 
Number of updated asset objects reloaded before import = 0
Number of asset objects unloaded after import = 1
========================================================================
Received Import Request.
  Time of request: 2026-08-11T15:50:19.216555Z
  Time since last request: 0.0003425 seconds.
  importAddress: GUID: 024914b324544f4479884d642b910d1c - Path: Packages/com.unity.visualscripting/Graphics/Icons_32x_72dpi.afphoto - Importer: ScriptedImporter/UnityEditor.QuickSearchModule:UnityEditor.Search:ASIAI0B
Importing 'GUID: 024914b324544f4479884d642b910d1c - Path: Packages/com.unity.visualscripting/Graphics/Icons_32x_72dpi.afphoto - Importer: ScriptedImporter/UnityEditor.QuickSearchModule:UnityEditor.Search:ASIAI0B' with importer (ScriptedImporter : UnityEditor.QuickSearchModule:UnityEditor.Search:ASIAI0B)
Imported 'GUID: 024914b324544f4479884d642b910d1c' -> (Import Result ID: '72e8ed22638d03d2ef4e014ec318eb67') in 0.003 seconds [static and dynamic dependencies]. Details - ImportResultOutputID=a5afa454a3970395b2489a80a2cc670b DependenciesID=b685c9cdb700b4b47d5835c485e33a6d StaticDependenciesID=7310126c72ccfdc99b3d6f134130468c 
Number of updated asset objects reloaded before import = 0
Number of asset objects unloaded after import = 1
========================================================================
Received Import Request.
  Time of request: 2026-08-11T15:50:19.2280826Z
  Time since last request: 0.0003123 seconds.
  importAddress: GUID: d6a0cc840e6084f62a3e3538f14bf3ce - Path: Packages/com.unity.visualscripting/Editor/SettingsProvider/ProjectSettingsProvider.cs - Importer: ScriptedImporter/UnityEditor.QuickSearchModule:UnityEditor.Search:ASIAI0B
Importing 'GUID: d6a0cc840e6084f62a3e3538f14bf3ce - Path: Packages/com.unity.visualscripting/Editor/SettingsProvider/ProjectSettingsProvider.cs - Importer: ScriptedImporter/UnityEditor.QuickSearchModule:UnityEditor.Search:ASIAI0B' with importer (ScriptedImporter : UnityEditor.QuickSearchModule:UnityEditor.Search:ASIAI0B)
Imported 'GUID: d6a0cc840e6084f62a3e3538f14bf3ce' -> (Import Result ID: '8fc54c967913d3380350b6b1410e26c9') in 0.003 seconds [static and dynamic dependencies]. Details - ImportResultOutputID=0c036437c1c35ab42ea40b788a344d44 DependenciesID=cdbd1af62101a054de4c30e1f374d72d StaticDependenciesID=46ea50c6a62db948c16deee251c24690 
Number of updated asset objects reloaded before import = 0
Number of asset objects unloaded after import = 0
========================================================================
Received Import Request.
  Time of request: 2026-08-11T15:50:19.2396969Z
  Time since last request: 0.0002668 seconds.
  importAddress: GUID: b7453dd8d3980405794f631eea9f420e - Path: Packages/com.unity.visualscripting/Editor/SettingsProvider/EditorPreferencesProviderView.cs - Importer: ScriptedImporter/UnityEditor.QuickSearchModule:UnityEditor.Search:ASIAI0B
Importing 'GUID: b7453dd8d3980405794f631eea9f420e - Path: Packages/com.unity.visualscripting/Editor/SettingsProvider/EditorPreferencesProviderView.cs - Importer: ScriptedImporter/UnityEditor.QuickSearchModule:UnityEditor.Search:ASIAI0B' with importer (ScriptedImporter : UnityEditor.QuickSearchModule:UnityEditor.Search:ASIAI0B)
Imported 'GUID: b7453dd8d3980405794f631eea9f420e' -> (Import Result ID: '78c76dbeb93bc305f7a1d80afc1981e5') in 0.003 seconds [static and dynamic dependencies]. Details - ImportResultOutputID=5858228bb00c788e6de5b0224eb9196d DependenciesID=ba271702b4a0e2b538dcb15300a2fd39 StaticDependenciesID=2fa682b07451ddeefbae44e65968ed61 
Number of updated asset objects reloaded before import = 0
Number of asset objects unloaded after import = 0
========================================================================
Received Import Request.
  Time of request: 2026-08-11T15:50:19.3023256Z
  Time since last request: 0.0497524 seconds.
  importAddress: GUID: db822fb58e4f24f51a42df68ea73225a - Path: Packages/com.unity.visualscripting/Runtime/VisualScripting.Flow/UnitPortDefinitionCollection.cs - Importer: ScriptedImporter/UnityEditor.QuickSearchModule:UnityEditor.Search:ASIAI0B
Importing 'GUID: db822fb58e4f24f51a42df68ea73225a - Path: Packages/com.unity.visualscripting/Runtime/VisualScripting.Flow/UnitPortDefinitionCollection.cs - Importer: ScriptedImporter/UnityEditor.QuickSearchModule:UnityEditor.Search:ASIAI0B' with importer (ScriptedImporter : UnityEditor.QuickSearchModule:UnityEditor.Search:ASIAI0B)
Imported 'GUID: db822fb58e4f24f51a42df68ea73225a' -> (Import Result ID: '205be39b416d99a771178b63eb5e6619') in 0.004 seconds [static and dynamic dependencies]. Details - ImportResultOutputID=841a1ca51bf9237cefd6465fe3c4ab50 DependenciesID=e0274b7c4b208458e476596a09ef6ac7 StaticDependenciesID=01f79d3a643cd130696acf80170832ee 
Number of updated asset objects reloaded before import = 0
Number of asset objects unloaded after import = 0
========================================================================
Received Import Request.
  Time of request: 2026-08-11T15:50:19.3144873Z
  Time since last request: 0.0006785 seconds.
  importAddress: GUID: 566f4983416e04cfda0b4592b86f1848 - Path: Packages/com.unity.visualscripting/Editor/VisualScripting.Flow/BoltFlowNameUtility.cs - Importer: ScriptedImporter/UnityEditor.QuickSearchModule:UnityEditor.Search:ASIAI0B
Importing 'GUID: 566f4983416e04cfda0b4592b86f1848 - Path: Packages/com.unity.visualscripting/Editor/VisualScripting.Flow/BoltFlowNameUtility.cs - Importer: ScriptedImporter/UnityEditor.QuickSearchModule:UnityEditor.Search:ASIAI0B' with importer (ScriptedImporter : UnityEditor.QuickSearchModule:UnityEditor.Search:ASIAI0B)
Imported 'GUID: 566f4983416e04cfda0b4592b86f1848' -> (Import Result ID: '6c067bffaa81938c6bbaabca151feb06') in 0.003 seconds [static and dynamic dependencies]. Details - ImportResultOutputID=8979c07b7d8215325ec2ed9e20f453d2 DependenciesID=b13ffb06310be45a801db0c4532d2b2c StaticDependenciesID=8c738bca3efa1ea847613947c00ca074 
Number of updated asset objects reloaded before import = 0
Number of asset objects unloaded after import = 0
========================================================================
Received Import Request.
  Time of request: 2026-08-11T15:50:19.3278347Z
  Time since last request: 0.0003343 seconds.
  importAddress: GUID: 23f3c6063e13e4fd9addce3606ff4e42 - Path: Packages/com.unity.visualscripting/Editor/VisualScripting.Flow/Unity.VisualScripting.Flow.Editor.asmdef - Importer: ScriptedImporter/UnityEditor.QuickSearchModule:UnityEditor.Search:ASIAI0B
Importing 'GUID: 23f3c6063e13e4fd9addce3606ff4e42 - Path: Packages/com.unity.visualscripting/Editor/VisualScripting.Flow/Unity.VisualScripting.Flow.Editor.asmdef - Importer: ScriptedImporter/UnityEditor.QuickSearchModule:UnityEditor.Search:ASIAI0B' with importer (ScriptedImporter : UnityEditor.QuickSearchModule:UnityEditor.Search:ASIAI0B)
Imported 'GUID: 23f3c6063e13e4fd9addce3606ff4e42' -> (Import Result ID: '2608f1c37f343371bc645bf95204f2b1') in 0.005 seconds [static and dynamic dependencies]. Details - ImportResultOutputID=8fb275020437ed5e3942d1b66982cfab DependenciesID=a4cebf82a5654ed7b9a70eb75a47f442 StaticDependenciesID=cc31f204bf2f198f2c531178e8720e72 
Number of updated asset objects reloaded before import = 0
Number of asset objects unloaded after import = 1
========================================================================
Received Import Request.
  Time of request: 2026-08-11T15:50:19.3401543Z
  Time since last request: 0.0003239 seconds.
  importAddress: GUID: 0d4c8c0a5be6245e2aad918069f79df5 - Path: Packages/com.unity.visualscripting/Runtime/VisualScripting.State/IState.cs - Importer: ScriptedImporter/UnityEditor.QuickSearchModule:UnityEditor.Search:ASIAI0B
Importing 'GUID: 0d4c8c0a5be6245e2aad918069f79df5 - Path: Packages/com.unity.visualscripting/Runtime/VisualScripting.State/IState.cs - Importer: ScriptedImporter/UnityEditor.QuickSearchModule:UnityEditor.Search:ASIAI0B' with importer (ScriptedImporter : UnityEditor.QuickSearchModule:UnityEditor.Search:ASIAI0B)
Imported 'GUID: 0d4c8c0a5be6245e2aad918069f79df5' -> (Import Result ID: 'ea0d964b1cc27c5ea6a46baa68541a57') in 0.003 seconds [static and dynamic dependencies]. Details - ImportResultOutputID=d3d6c73eb403acaa48703fc607ccd512 DependenciesID=8638c5050f0b70c75374552e5889e907 StaticDependenciesID=8a5e0fe673c4d323f60cf1091e27b6db 
Number of updated asset objects reloaded before import = 0
Number of asset objects unloaded after import = 0
========================================================================
Received Import Request.
  Time of request: 2026-08-11T15:50:19.3524849Z
  Time since last request: 0.0002853 seconds.
  importAddress: GUID: 88af9715e5692469798d8cfeabe4a039 - Path: Packages/com.unity.visualscripting/Runtime/VisualScripting.Flow/UnitCategoryConverter.cs - Importer: ScriptedImporter/UnityEditor.QuickSearchModule:UnityEditor.Search:ASIAI0B
Importing 'GUID: 88af9715e5692469798d8cfeabe4a039 - Path: Packages/com.unity.visualscripting/Runtime/VisualScripting.Flow/UnitCategoryConverter.cs - Importer: ScriptedImporter/UnityEditor.QuickSearchModule:UnityEditor.Search:ASIAI0B' with importer (ScriptedImporter : UnityEditor.QuickSearchModule:UnityEditor.Search:ASIAI0B)
Imported 'GUID: 88af9715e5692469798d8cfeabe4a039' -> (Import Result ID: 'e7abfa584a1145a296ee9436472d135c') in 0.004 seconds [static and dynamic dependencies]. Details - ImportResultOutputID=7ebf4d9a54484e18c056f7933aec3bad DependenciesID=a12c94dc3c85316a0c5ecdccf7cf0a39 StaticDependenciesID=e3f8723f4cfc55a824227b0492d88142 
Number of updated asset objects reloaded before import = 0
Number of asset objects unloaded after import = 0
========================================================================
Received Import Request.
  Time of request: 2026-08-11T15:50:19.3651642Z
  Time since last request: 0.000805 seconds.
  importAddress: GUID: 8b37c8ff4a4874e499c1e8d9407dd2a6 - Path: Packages/com.unity.visualscripting/Runtime/VisualScripting.Flow/Unit.cs - Importer: ScriptedImporter/UnityEditor.QuickSearchModule:UnityEditor.Search:ASIAI0B
Importing 'GUID: 8b37c8ff4a4874e499c1e8d9407dd2a6 - Path: Packages/com.unity.visualscripting/Runtime/VisualScripting.Flow/Unit.cs - Importer: ScriptedImporter/UnityEditor.QuickSearchModule:UnityEditor.Search:ASIAI0B' with importer (ScriptedImporter : UnityEditor.QuickSearchModule:UnityEditor.Search:ASIAI0B)
Imported 'GUID: 8b37c8ff4a4874e499c1e8d9407dd2a6' -> (Import Result ID: '51904a4c21bf4b35d6ddd2d47f7b6141') in 0.004 seconds [static and dynamic dependencies]. Details - ImportResultOutputID=4f80ad68bf96262b6b64cf5a8f2a7a31 DependenciesID=1d280963d2ed07d7459988ce86bfb5c2 StaticDependenciesID=2df2447f774b354cf2081cbb41f9194d 
Number of updated asset objects reloaded before import = 0
Number of asset objects unloaded after import = 0
========================================================================
Received Import Request.
  Time of request: 2026-08-11T15:50:19.3773847Z
  Time since last request: 0.0002671 seconds.
  importAddress: GUID: f409aafa57ad9451ab40c8c245eb8ed5 - Path: Packages/com.unity.visualscripting/Runtime/VisualScripting.State/INesterStateTransition.cs - Importer: ScriptedImporter/UnityEditor.QuickSearchModule:UnityEditor.Search:ASIAI0B
Importing 'GUID: f409aafa57ad9451ab40c8c245eb8ed5 - Path: Packages/com.unity.visualscripting/Runtime/VisualScripting.State/INesterStateTransition.cs - Importer: ScriptedImporter/UnityEditor.QuickSearchModule:UnityEditor.Search:ASIAI0B' with importer (ScriptedImporter : UnityEditor.QuickSearchModule:UnityEditor.Search:ASIAI0B)
Imported 'GUID: f409aafa57ad9451ab40c8c245eb8ed5' -> (Import Result ID: 'f3ff79bb4e442625a854da04016e3f30') in 0.003 seconds [static and dynamic dependencies]. Details - ImportResultOutputID=f9e334de4696799c56ed78d9499f3e2e DependenciesID=42dfe9f494b92e10f5a5d598603471be StaticDependenciesID=3ee49c5bf4bf9b30c542c5689ff1f1cb 
Number of updated asset objects reloaded before import = 0
Number of asset objects unloaded after import = 0
========================================================================
Received Import Request.
  Time of request: 2026-08-11T15:50:19.3893181Z
  Time since last request: 0.0006967 seconds.
  importAddress: GUID: d2fe5546f775c47d2820aa5e8a715f53 - Path: Packages/com.unity.visualscripting/Runtime/VisualScripting.Flow/ScriptMachine.cs - Importer: ScriptedImporter/UnityEditor.QuickSearchModule:UnityEditor.Search:ASIAI0B
Importing 'GUID: d2fe5546f775c47d2820aa5e8a715f53 - Path: Packages/com.unity.visualscripting/Runtime/VisualScripting.Flow/ScriptMachine.cs - Importer: ScriptedImporter/UnityEditor.QuickSearchModule:UnityEditor.Search:ASIAI0B' with importer (ScriptedImporter : UnityEditor.QuickSearchModule:UnityEditor.Search:ASIAI0B)
Imported 'GUID: d2fe5546f775c47d2820aa5e8a715f53' -> (Import Result ID: 'd7ea141b8ed5e5c38ded377d75d2264f') in 0.005 seconds [static and dynamic dependencies]. Details - ImportResultOutputID=819a41f373a1191efaf6ab95ddff24c6 DependenciesID=0f64aeafd099c79c14bdbcedb584276b StaticDependenciesID=f6d794b42c8bc3e1ecd23da1e62f08d2 
Number of updated asset objects reloaded before import = 0
Number of asset objects unloaded after import = 1
========================================================================
Received Import Request.
  Time of request: 2026-08-11T15:50:19.4198808Z
  Time since last request: 0.016519 seconds.
  importAddress: GUID: 530e556d4407947dcae7102ff497587d - Path: Packages/com.unity.visualscripting/Runtime/VisualScripting.State/StateGraphAsset.cs - Importer: ScriptedImporter/UnityEditor.QuickSearchModule:UnityEditor.Search:ASIAI0B
Importing 'GUID: 530e556d4407947dcae7102ff497587d - Path: Packages/com.unity.visualscripting/Runtime/VisualScripting.State/StateGraphAsset.cs - Importer: ScriptedImporter/UnityEditor.QuickSearchModule:UnityEditor.Search:ASIAI0B' with importer (ScriptedImporter : UnityEditor.QuickSearchModule:UnityEditor.Search:ASIAI0B)
Imported 'GUID: 530e556d4407947dcae7102ff497587d' -> (Import Result ID: 'faedd722976c344fa4c7c733db002a7d') in 0.004 seconds [static and dynamic dependencies]. Details - ImportResultOutputID=f44a85b51ed49a6699037dc58201feac DependenciesID=634703f7b7af35850b37869bfc3a5db4 StaticDependenciesID=d79d6a50b21582dd71937fba52cf6123 
Number of updated asset objects reloaded before import = 0
Number of asset objects unloaded after import = 1
========================================================================
Received Import Request.
  Time of request: 2026-08-11T15:50:19.4319642Z
  Time since last request: 0.0008771 seconds.
  importAddress: GUID: 3c1d7ff7db0a74ac28a76a55589c6651 - Path: Packages/com.unity.visualscripting/Runtime/VisualScripting.State/StateTransition.cs - Importer: ScriptedImporter/UnityEditor.QuickSearchModule:UnityEditor.Search:ASIAI0B
Importing 'GUID: 3c1d7ff7db0a74ac28a76a55589c6651 - Path: Packages/com.unity.visualscripting/Runtime/VisualScripting.State/StateTransition.cs - Importer: ScriptedImporter/UnityEditor.QuickSearchModule:UnityEditor.Search:ASIAI0B' with importer (ScriptedImporter : UnityEditor.QuickSearchModule:UnityEditor.Search:ASIAI0B)
Imported 'GUID: 3c1d7ff7db0a74ac28a76a55589c6651' -> (Import Result ID: '63fff9a9d3e325158d33c42539ad5ca1') in 0.003 seconds [static and dynamic dependencies]. Details - ImportResultOutputID=74ca95ab746e655e5b29fbe5412e3644 DependenciesID=3757998936a685ce92853b60040cc428 StaticDependenciesID=0eeafc66bf8af97cab4a2e23652df58c 
Number of updated asset objects reloaded before import = 0
Number of asset objects unloaded after import = 0
========================================================================
Received Import Request.
  Time of request: 2026-08-11T15:50:19.4450304Z
  Time since last request: 0.0003126 seconds.
  importAddress: GUID: 59718df20b933421a9c465fcbeff7836 - Path: Packages/com.unity.visualscripting/Editor/VisualScripting.Core/Analytics/Analytics.cs - Importer: ScriptedImporter/UnityEditor.QuickSearchModule:UnityEditor.Search:ASIAI0B
Importing 'GUID: 59718df20b933421a9c465fcbeff7836 - Path: Packages/com.unity.visualscripting/Editor/VisualScripting.Core/Analytics/Analytics.cs - Importer: ScriptedImporter/UnityEditor.QuickSearchModule:UnityEditor.Search:ASIAI0B' with importer (ScriptedImporter : UnityEditor.QuickSearchModule:UnityEditor.Search:ASIAI0B)
Imported 'GUID: 59718df20b933421a9c465fcbeff7836' -> (Import Result ID: 'c17a3b7f88b1c54e7cc05b150b1bc62f') in 0.003 seconds [static and dynamic dependencies]. Details - ImportResultOutputID=bf0aeb0325a2d8f409f2b274fa855d23 DependenciesID=233ef2c010d7d0627df1077dcb8aad62 StaticDependenciesID=e1a54748a1153924901a38190ca1cb7b 
Number of updated asset objects reloaded before import = 0
Number of asset objects unloaded after import = 0
========================================================================
Received Import Request.
  Time of request: 2026-08-11T15:50:19.4586576Z
  Time since last request: 0.0004563 seconds.
  importAddress: GUID: 39a4b0bc9629144cba9983be40f9b8c4 - Path: Packages/com.unity.visualscripting/Runtime/VisualScripting.State/StateGraphData.cs - Importer: ScriptedImporter/UnityEditor.QuickSearchModule:UnityEditor.Search:ASIAI0B
Importing 'GUID: 39a4b0bc9629144cba9983be40f9b8c4 - Path: Packages/com.unity.visualscripting/Runtime/VisualScripting.State/StateGraphData.cs - Importer: ScriptedImporter/UnityEditor.QuickSearchModule:UnityEditor.Search:ASIAI0B' with importer (ScriptedImporter : UnityEditor.QuickSearchModule:UnityEditor.Search:ASIAI0B)
Imported 'GUID: 39a4b0bc9629144cba9983be40f9b8c4' -> (Import Result ID: '45c470337c82e2dc3e9bf8fc50103254') in 0.004 seconds [static and dynamic dependencies]. Details - ImportResultOutputID=b5ce6c8105580d22e19a0784cfe343c8 DependenciesID=6e8b422629ebd5c2a06b88e25bb87de3 StaticDependenciesID=50f7cb191dbc64fbd1640e91a5997107 
Number of updated asset objects reloaded before import = 0
Number of asset objects unloaded after import = 0
========================================================================
Received Import Request.
  Time of request: 2026-08-11T15:50:19.4717166Z
  Time since last request: 0.0004646 seconds.
  importAddress: GUID: d1483dfd529fe4aeeaba721add9fceb5 - Path: Packages/com.unity.visualscripting/Editor/VisualScripting.Core/Canvases/VisualScriptingCanvas.cs - Importer: ScriptedImporter/UnityEditor.QuickSearchModule:UnityEditor.Search:ASIAI0B
Importing 'GUID: d1483dfd529fe4aeeaba721add9fceb5 - Path: Packages/com.unity.visualscripting/Editor/VisualScripting.Core/Canvases/VisualScriptingCanvas.cs - Importer: ScriptedImporter/UnityEditor.QuickSearchModule:UnityEditor.Search:ASIAI0B' with importer (ScriptedImporter : UnityEditor.QuickSearchModule:UnityEditor.Search:ASIAI0B)
Imported 'GUID: d1483dfd529fe4aeeaba721add9fceb5' -> (Import Result ID: '318d16442717ee43f1486eab2bd618e9') in 0.003 seconds [static and dynamic dependencies]. Details - ImportResultOutputID=de10756b7feed705477c012571d24e1f DependenciesID=efab12abcf1b724a9c1cd96850a88482 StaticDependenciesID=8261599ebf6c3b5b4a3412772e79bd88 
Number of updated asset objects reloaded before import = 0
Number of asset objects unloaded after import = 0
========================================================================
Received Import Request.
  Time of request: 2026-08-11T15:50:19.4843742Z
  Time since last request: 0.0005905 seconds.
  importAddress: GUID: 347a36b1cc2494cbd8b62b106fc50eb9 - Path: Packages/com.unity.visualscripting/Editor/VisualScripting.Core/Description/IMachineDescription.cs - Importer: ScriptedImporter/UnityEditor.QuickSearchModule:UnityEditor.Search:ASIAI0B
Importing 'GUID: 347a36b1cc2494cbd8b62b106fc50eb9 - Path: Packages/com.unity.visualscripting/Editor/VisualScripting.Core/Description/IMachineDescription.cs - Importer: ScriptedImporter/UnityEditor.QuickSearchModule:UnityEditor.Search:ASIAI0B' with importer (ScriptedImporter : UnityEditor.QuickSearchModule:UnityEditor.Search:ASIAI0B)
Imported 'GUID: 347a36b1cc2494cbd8b62b106fc50eb9' -> (Import Result ID: 'c3bda7b0e9361d806ea7164cfa60a2b3') in 0.003 seconds [static and dynamic dependencies]. Details - ImportResultOutputID=6e3e6ea9d6a7970b0457ca553704209b DependenciesID=8091887b76604c4a8b96052dcaf8f4e6 StaticDependenciesID=9e412e4767cddf9122af82356481006b 
Number of updated asset objects reloaded before import = 0
Number of asset objects unloaded after import = 0
========================================================================
Received Import Request.
  Time of request: 2026-08-11T15:50:19.4970066Z
  Time since last request: 0.0003268 seconds.
  importAddress: GUID: e82979a3184424cf390bc7483f03771c - Path: Packages/com.unity.visualscripting/Editor/VisualScripting.Core/Assignment/Assigner.cs - Importer: ScriptedImporter/UnityEditor.QuickSearchModule:UnityEditor.Search:ASIAI0B
Importing 'GUID: e82979a3184424cf390bc7483f03771c - Path: Packages/com.unity.visualscripting/Editor/VisualScripting.Core/Assignment/Assigner.cs - Importer: ScriptedImporter/UnityEditor.QuickSearchModule:UnityEditor.Search:ASIAI0B' with importer (ScriptedImporter : UnityEditor.QuickSearchModule:UnityEditor.Search:ASIAI0B)
Imported 'GUID: e82979a3184424cf390bc7483f03771c' -> (Import Result ID: '2b0c64e5b0322a05455ad01fcc03b5a6') in 0.003 seconds [static and dynamic dependencies]. Details - ImportResultOutputID=59891d1a9a2782dc9d4fb738c6067629 DependenciesID=7c962356baff7470210eb165f8b6a65c StaticDependenciesID=b41e07b6a6b247765eae8e1f6ed33625 
Number of updated asset objects reloaded before import = 0
Number of asset objects unloaded after import = 0
========================================================================
Received Import Request.
  Time of request: 2026-08-11T15:50:19.5101382Z
  Time since last request: 0.0003169 seconds.
  importAddress: GUID: 17ef4cc1b81204f2aa24f1e08593c16d - Path: Packages/com.unity.visualscripting/Runtime/VisualScripting.State/StateUnit.cs - Importer: ScriptedImporter/UnityEditor.QuickSearchModule:UnityEditor.Search:ASIAI0B
Importing 'GUID: 17ef4cc1b81204f2aa24f1e08593c16d - Path: Packages/com.unity.visualscripting/Runtime/VisualScripting.State/StateUnit.cs - Importer: ScriptedImporter/UnityEditor.QuickSearchModule:UnityEditor.Search:ASIAI0B' with importer (ScriptedImporter : UnityEditor.QuickSearchModule:UnityEditor.Search:ASIAI0B)
Imported 'GUID: 17ef4cc1b81204f2aa24f1e08593c16d' -> (Import Result ID: 'eac118222414b18ce265240acc902552') in 0.003 seconds [static and dynamic dependencies]. Details - ImportResultOutputID=dc4a39dfcf821c4660dcc1f9f3b680c2 DependenciesID=d25340e41283662165ae8a599379c2cb StaticDependenciesID=10eefab660a228687a3d987bf4cf7bf3 
Number of updated asset objects reloaded before import = 0
Number of asset objects unloaded after import = 0
========================================================================
Received Import Request.
  Time of request: 2026-08-11T15:50:19.5265491Z
  Time since last request: 0.0045223 seconds.
  importAddress: GUID: 06ce06a71b7d14186b881dec4a6b09c1 - Path: Packages/com.unity.visualscripting/Editor/VisualScripting.Core/Description/MacroDescription.cs - Importer: ScriptedImporter/UnityEditor.QuickSearchModule:UnityEditor.Search:ASIAI0B
Importing 'GUID: 06ce06a71b7d14186b881dec4a6b09c1 - Path: Packages/com.unity.visualscripting/Editor/VisualScripting.Core/Description/MacroDescription.cs - Importer: ScriptedImporter/UnityEditor.QuickSearchModule:UnityEditor.Search:ASIAI0B' with importer (ScriptedImporter : UnityEditor.QuickSearchModule:UnityEditor.Search:ASIAI0B)
Imported 'GUID: 06ce06a71b7d14186b881dec4a6b09c1' -> (Import Result ID: '79c867b02589f56979f2c7f3d70e11fb') in 0.003 seconds [static and dynamic dependencies]. Details - ImportResultOutputID=259a60a6a9591298dfc4affe91751c58 DependenciesID=1044835fe9ea4419d1cf11ecc91ce0fd StaticDependenciesID=d80331817a1e0f69993c4b19d1f3a440 
Number of updated asset objects reloaded before import = 0
Number of asset objects unloaded after import = 0
========================================================================
Received Import Request.
  Time of request: 2026-08-11T15:50:19.5379026Z
  Time since last request: 0.0002886 seconds.
  importAddress: GUID: a80eeb5cb055846648409523b010d9ea - Path: Packages/com.unity.visualscripting/Editor/VisualScripting.Core/Inspection/MetadataListAdaptor.cs - Importer: ScriptedImporter/UnityEditor.QuickSearchModule:UnityEditor.Search:ASIAI0B
Importing 'GUID: a80eeb5cb055846648409523b010d9ea - Path: Packages/com.unity.visualscripting/Editor/VisualScripting.Core/Inspection/MetadataListAdaptor.cs - Importer: ScriptedImporter/UnityEditor.QuickSearchModule:UnityEditor.Search:ASIAI0B' with importer (ScriptedImporter : UnityEditor.QuickSearchModule:UnityEditor.Search:ASIAI0B)
Imported 'GUID: a80eeb5cb055846648409523b010d9ea' -> (Import Result ID: '1f41d05b4855cc3d1c33097ee70162c3') in 0.003 seconds [static and dynamic dependencies]. Details - ImportResultOutputID=73270c1e97aa5cf28da75d992997bb95 DependenciesID=cca21c9d29d68b7ae538cc7bdacf6db6 StaticDependenciesID=f7bf73678081fcb3a41a1c7851a5b640 
Number of updated asset objects reloaded before import = 0
Number of asset objects unloaded after import = 0
========================================================================
Received Import Request.
  Time of request: 2026-08-11T15:50:19.5491022Z
  Time since last request: 0.000419 seconds.
  importAddress: GUID: 9e5ce325dcb2c4810849056f8c08a819 - Path: Packages/com.unity.visualscripting/Editor/VisualScripting.Core/Inspection/InspectorUtility.cs - Importer: ScriptedImporter/UnityEditor.QuickSearchModule:UnityEditor.Search:ASIAI0B
Importing 'GUID: 9e5ce325dcb2c4810849056f8c08a819 - Path: Packages/com.unity.visualscripting/Editor/VisualScripting.Core/Inspection/InspectorUtility.cs - Importer: ScriptedImporter/UnityEditor.QuickSearchModule:UnityEditor.Search:ASIAI0B' with importer (ScriptedImporter : UnityEditor.QuickSearchModule:UnityEditor.Search:ASIAI0B)
Imported 'GUID: 9e5ce325dcb2c4810849056f8c08a819' -> (Import Result ID: '90245e3951ee6343a0d33ebbcd0c8d6f') in 0.003 seconds [static and dynamic dependencies]. Details - ImportResultOutputID=06f0887ec7189cc54d405ceba1a1be93 DependenciesID=f0eaabeeacff86e00463380c419c45e7 StaticDependenciesID=049d39e2caf6c55bc34381b9faa09605 
Number of updated asset objects reloaded before import = 0
Number of asset objects unloaded after import = 0
========================================================================
Received Import Request.
  Time of request: 2026-08-11T15:50:19.5609184Z
  Time since last request: 0.0004586 seconds.
  importAddress: GUID: ba736aa67df8cee43b1b679c961d74f4 - Path: Packages/com.unity.visualscripting/Editor/VisualScripting.Core/IconMap/Variables@32x.png - Importer: ScriptedImporter/UnityEditor.QuickSearchModule:UnityEditor.Search:ASIAI0B
Importing 'GUID: ba736aa67df8cee43b1b679c961d74f4 - Path: Packages/com.unity.visualscripting/Editor/VisualScripting.Core/IconMap/Variables@32x.png - Importer: ScriptedImporter/UnityEditor.QuickSearchModule:UnityEditor.Search:ASIAI0B' with importer (ScriptedImporter : UnityEditor.QuickSearchModule:UnityEditor.Search:ASIAI0B)
Imported 'GUID: ba736aa67df8cee43b1b679c961d74f4' -> (Import Result ID: 'c12b420d62e410bf58e8eb9ac887f006') in 0.007 seconds [static and dynamic dependencies]. Details - ImportResultOutputID=223b1f3c947ea331f0eb30a63999e1d9 DependenciesID=83e8cbed9c4cb7d569391e44841b9acf StaticDependenciesID=3ff0243828e32158e907ece8a1c40947 
Number of updated asset objects reloaded before import = 0
Number of asset objects unloaded after import = 1
========================================================================
Received Import Request.
  Time of request: 2026-08-11T15:50:19.576924Z
  Time since last request: 0.0002718 seconds.
  importAddress: GUID: c8afb9d1ae6c740268e516bdc008ce65 - Path: Packages/com.unity.visualscripting/Editor/VisualScripting.Core/Inspection/InspectorProvider.cs - Importer: ScriptedImporter/UnityEditor.QuickSearchModule:UnityEditor.Search:ASIAI0B
Importing 'GUID: c8afb9d1ae6c740268e516bdc008ce65 - Path: Packages/com.unity.visualscripting/Editor/VisualScripting.Core/Inspection/InspectorProvider.cs - Importer: ScriptedImporter/UnityEditor.QuickSearchModule:UnityEditor.Search:ASIAI0B' with importer (ScriptedImporter : UnityEditor.QuickSearchModule:UnityEditor.Search:ASIAI0B)
Imported 'GUID: c8afb9d1ae6c740268e516bdc008ce65' -> (Import Result ID: '1f5f088011afafca0eac5785b95ec9cd') in 0.003 seconds [static and dynamic dependencies]. Details - ImportResultOutputID=ae33de12fbbb7db38b8669bbcb0aa666 DependenciesID=4e076c88c8b19ee5f3362f768cd26bc1 StaticDependenciesID=1adc9701692b6f4506de2715352b05e4 
Number of updated asset objects reloaded before import = 0
Number of asset objects unloaded after import = 0
========================================================================
Received Import Request.
  Time of request: 2026-08-11T15:50:19.5873845Z
  Time since last request: 0.0002955 seconds.
  importAddress: GUID: 9b1d7484aab754b898411c8a7cc88ea4 - Path: Packages/com.unity.visualscripting/Editor/VisualScripting.Core/Inspection/InspectorImplementationOrderAttribute.cs - Importer: ScriptedImporter/UnityEditor.QuickSearchModule:UnityEditor.Search:ASIAI0B
Importing 'GUID: 9b1d7484aab754b898411c8a7cc88ea4 - Path: Packages/com.unity.visualscripting/Editor/VisualScripting.Core/Inspection/InspectorImplementationOrderAttribute.cs - Importer: ScriptedImporter/UnityEditor.QuickSearchModule:UnityEditor.Search:ASIAI0B' with importer (ScriptedImporter : UnityEditor.QuickSearchModule:UnityEditor.Search:ASIAI0B)
Imported 'GUID: 9b1d7484aab754b898411c8a7cc88ea4' -> (Import Result ID: 'b53348e5a15597eb66c48738a96c2f8e') in 0.003 seconds [static and dynamic dependencies]. Details - ImportResultOutputID=f2f3f0214b427e50f879c5a3d405246f DependenciesID=a4533ea148bc8f06ba836ba708886725 StaticDependenciesID=e11040f55369008172656dab2cb8f1c4 
Number of updated asset objects reloaded before import = 0
Number of asset objects unloaded after import = 0
========================================================================
Received Import Request.
  Time of request: 2026-08-11T15:50:19.5980392Z
  Time since last request: 0.000295 seconds.
  importAddress: GUID: 8ef7c0fbb1fbcd64e954e5eafe1652ad - Path: Packages/com.unity.visualscripting/Editor/VisualScripting.Core/IconMap/VariablesSaver@32x.png - Importer: ScriptedImporter/UnityEditor.QuickSearchModule:UnityEditor.Search:ASIAI0B
Importing 'GUID: 8ef7c0fbb1fbcd64e954e5eafe1652ad - Path: Packages/com.unity.visualscripting/Editor/VisualScripting.Core/IconMap/VariablesSaver@32x.png - Importer: ScriptedImporter/UnityEditor.QuickSearchModule:UnityEditor.Search:ASIAI0B' with importer (ScriptedImporter : UnityEditor.QuickSearchModule:UnityEditor.Search:ASIAI0B)
Imported 'GUID: 8ef7c0fbb1fbcd64e954e5eafe1652ad' -> (Import Result ID: '137783ccf226c12f2c70b28978e21fd2') in 0.006 seconds [static and dynamic dependencies]. Details - ImportResultOutputID=265d1b305c32ee0c813c99bc66e64d56 DependenciesID=8f48c60b3179282548f068c71ea11cff StaticDependenciesID=43ba6c7d028b567fbea7b24ab1b6f663 
Number of updated asset objects reloaded before import = 0
Number of asset objects unloaded after import = 1
========================================================================
Received Import Request.
  Time of request: 2026-08-11T15:50:19.6132369Z
  Time since last request: 0.0003263 seconds.
  importAddress: GUID: dda889fda4ee144bf91ef8a384c8975f - Path: Packages/com.unity.visualscripting/Editor/VisualScripting.Core/Inspection/MetadataDictionaryAdaptor.cs - Importer: ScriptedImporter/UnityEditor.QuickSearchModule:UnityEditor.Search:ASIAI0B
Importing 'GUID: dda889fda4ee144bf91ef8a384c8975f - Path: Packages/com.unity.visualscripting/Editor/VisualScripting.Core/Inspection/MetadataDictionaryAdaptor.cs - Importer: ScriptedImporter/UnityEditor.QuickSearchModule:UnityEditor.Search:ASIAI0B' with importer (ScriptedImporter : UnityEditor.QuickSearchModule:UnityEditor.Search:ASIAI0B)
Imported 'GUID: dda889fda4ee144bf91ef8a384c8975f' -> (Import Result ID: '63da72b07b616a5708bda7c6f84fce96') in 0.003 seconds [static and dynamic dependencies]. Details - ImportResultOutputID=db68c4bed989928f7f77b1ad36d164dd DependenciesID=2446bc481648e84ad6f1a6555dbd9053 StaticDependenciesID=45e4b85a5f2f6ba3f06c1e89744cce2a 
Number of updated asset objects reloaded before import = 0
Number of asset objects unloaded after import = 0
========================================================================
Received Import Request.
  Time of request: 2026-08-11T15:50:19.6360428Z
  Time since last request: 0.0105161 seconds.
  importAddress: GUID: 8044dc97be3264a6e8ba601a232dfe46 - Path: Packages/com.unity.visualscripting/Editor/VisualScripting.Core/Platforms/EditorPlatformUtility.cs - Importer: ScriptedImporter/UnityEditor.QuickSearchModule:UnityEditor.Search:ASIAI0B
Importing 'GUID: 8044dc97be3264a6e8ba601a232dfe46 - Path: Packages/com.unity.visualscripting/Editor/VisualScripting.Core/Platforms/EditorPlatformUtility.cs - Importer: ScriptedImporter/UnityEditor.QuickSearchModule:UnityEditor.Search:ASIAI0B' with importer (ScriptedImporter : UnityEditor.QuickSearchModule:UnityEditor.Search:ASIAI0B)
Imported 'GUID: 8044dc97be3264a6e8ba601a232dfe46' -> (Import Result ID: 'b8e44ca440c981011cb6f329bd8d843e') in 0.003 seconds [static and dynamic dependencies]. Details - ImportResultOutputID=b594c39351fa3530f6bb159a75c84ce1 DependenciesID=540225e019b4b33923a77dceb504bc8a StaticDependenciesID=13e5ccdcf1b2890623db9af0f94632bd 
Number of updated asset objects reloaded before import = 0
Number of asset objects unloaded after import = 0
========================================================================
Received Import Request.
  Time of request: 2026-08-11T15:50:19.6467797Z
  Time since last request: 0.0006735 seconds.
  importAddress: GUID: cfe1c042201894010996b1201216f9e5 - Path: Packages/com.unity.visualscripting/Editor/VisualScripting.Core/Platforms/AotPreBuilder.cs - Importer: ScriptedImporter/UnityEditor.QuickSearchModule:UnityEditor.Search:ASIAI0B
Importing 'GUID: cfe1c042201894010996b1201216f9e5 - Path: Packages/com.unity.visualscripting/Editor/VisualScripting.Core/Platforms/AotPreBuilder.cs - Importer: ScriptedImporter/UnityEditor.QuickSearchModule:UnityEditor.Search:ASIAI0B' with importer (ScriptedImporter : UnityEditor.QuickSearchModule:UnityEditor.Search:ASIAI0B)
Imported 'GUID: cfe1c042201894010996b1201216f9e5' -> (Import Result ID: 'f379cccc3fcd4929b0270dc8a54ededc') in 0.003 seconds [static and dynamic dependencies]. Details - ImportResultOutputID=fa873e9c6ce7e4b0dcb8ab95809b5ee5 DependenciesID=4c2e7e06f302b7c447447eb80bf7954d StaticDependenciesID=d6fed81b48d40383b7fb600f506af981 
Number of updated asset objects reloaded before import = 0
Number of asset objects unloaded after import = 0
========================================================================
Received Import Request.
  Time of request: 2026-08-11T15:50:19.6592124Z
  Time since last request: 0.0006315 seconds.
  importAddress: GUID: 80ed5f494ebd44289b2ae4e0d51647a0 - Path: Packages/com.unity.visualscripting/Editor/VisualScripting.Core/Plugins/PluginAcknowledgement.cs - Importer: ScriptedImporter/UnityEditor.QuickSearchModule:UnityEditor.Search:ASIAI0B
Importing 'GUID: 80ed5f494ebd44289b2ae4e0d51647a0 - Path: Packages/com.unity.visualscripting/Editor/VisualScripting.Core/Plugins/PluginAcknowledgement.cs - Importer: ScriptedImporter/UnityEditor.QuickSearchModule:UnityEditor.Search:ASIAI0B' with importer (ScriptedImporter : UnityEditor.QuickSearchModule:UnityEditor.Search:ASIAI0B)
Imported 'GUID: 80ed5f494ebd44289b2ae4e0d51647a0' -> (Import Result ID: '424e98ce557b20992a0796a7ca6441f6') in 0.004 seconds [static and dynamic dependencies]. Details - ImportResultOutputID=3e6954e41cf31a77e8205732b5214f39 DependenciesID=1209a98f24648ce808199e34511c8ec1 StaticDependenciesID=82fb4d7a353d9a2fd17a3cf63511df31 
Number of updated asset objects reloaded before import = 0
Number of asset objects unloaded after import = 0
========================================================================
Received Import Request.
  Time of request: 2026-08-11T15:50:19.6734103Z
  Time since last request: 0.0003175 seconds.
  importAddress: GUID: 6cfeaa9bf38af4bee8156f2cdc25dcad - Path: Packages/com.unity.visualscripting/Editor/VisualScripting.Core/Meta/DictionaryIndexMetadata.cs - Importer: ScriptedImporter/UnityEditor.QuickSearchModule:UnityEditor.Search:ASIAI0B
Importing 'GUID: 6cfeaa9bf38af4bee8156f2cdc25dcad - Path: Packages/com.unity.visualscripting/Editor/VisualScripting.Core/Meta/DictionaryIndexMetadata.cs - Importer: ScriptedImporter/UnityEditor.QuickSearchModule:UnityEditor.Search:ASIAI0B' with importer (ScriptedImporter : UnityEditor.QuickSearchModule:UnityEditor.Search:ASIAI0B)
Imported 'GUID: 6cfeaa9bf38af4bee8156f2cdc25dcad' -> (Import Result ID: '7b86427c686f63791c2de3c6a002cd00') in 0.004 seconds [static and dynamic dependencies]. Details - ImportResultOutputID=b38593f5ca14e66dd1c5c7a846211ec1 DependenciesID=33c3af475ce0391b841cd5a889d26169 StaticDependenciesID=e309e577188446aba76c03d33315c80a 
Number of updated asset objects reloaded before import = 0
Number of asset objects unloaded after import = 0
========================================================================
Received Import Request.
  Time of request: 2026-08-11T15:50:19.6861374Z
  Time since last request: 0.0004119 seconds.
  importAddress: GUID: 1d97906604c204cd9ac4b93071e0814c - Path: Packages/com.unity.visualscripting/Editor/VisualScripting.Core/Meta/ProxyMetadata.cs - Importer: ScriptedImporter/UnityEditor.QuickSearchModule:UnityEditor.Search:ASIAI0B
Importing 'GUID: 1d97906604c204cd9ac4b93071e0814c - Path: Packages/com.unity.visualscripting/Editor/VisualScripting.Core/Meta/ProxyMetadata.cs - Importer: ScriptedImporter/UnityEditor.QuickSearchModule:UnityEditor.Search:ASIAI0B' with importer (ScriptedImporter : UnityEditor.QuickSearchModule:UnityEditor.Search:ASIAI0B)
Imported 'GUID: 1d97906604c204cd9ac4b93071e0814c' -> (Import Result ID: '4ae6569e6da32dfb8339f1631e601390') in 0.003 seconds [static and dynamic dependencies]. Details - ImportResultOutputID=2806be285b680f021f2e06e20e6de6fa DependenciesID=ac079b08efd40e9b1e9c1733d8405e3c StaticDependenciesID=5af3c972c5aa73847f9d4f7f2d4d3e4f 
Number of updated asset objects reloaded before import = 0
Number of asset objects unloaded after import = 0
========================================================================
Received Import Request.
  Time of request: 2026-08-11T15:50:19.6969321Z
  Time since last request: 0.0003566 seconds.
  importAddress: GUID: 5e499c939c7014ae3823e14a33ccc871 - Path: Packages/com.unity.visualscripting/Editor/VisualScripting.Core/Meta/DictionaryValueAtIndexMetadata.cs - Importer: ScriptedImporter/UnityEditor.QuickSearchModule:UnityEditor.Search:ASIAI0B
Importing 'GUID: 5e499c939c7014ae3823e14a33ccc871 - Path: Packages/com.unity.visualscripting/Editor/VisualScripting.Core/Meta/DictionaryValueAtIndexMetadata.cs - Importer: ScriptedImporter/UnityEditor.QuickSearchModule:UnityEditor.Search:ASIAI0B' with importer (ScriptedImporter : UnityEditor.QuickSearchModule:UnityEditor.Search:ASIAI0B)
Imported 'GUID: 5e499c939c7014ae3823e14a33ccc871' -> (Import Result ID: '3cea6c3f5ddae2838a2a8ecc2f8e3a8f') in 0.003 seconds [static and dynamic dependencies]. Details - ImportResultOutputID=8998a1c29dccfd7b7949739f208d76af DependenciesID=9a36f626181f44c8e198c3d222c8541d StaticDependenciesID=2fecf120506795fee8eb1a55caa3ce33 
Number of updated asset objects reloaded before import = 0
Number of asset objects unloaded after import = 0
========================================================================
Received Import Request.
  Time of request: 2026-08-11T15:50:19.7091579Z
  Time since last request: 0.000214 seconds.
  importAddress: GUID: ce1ab0cf92c284610adb327d1a63810e - Path: Packages/com.unity.visualscripting/Editor/VisualScripting.Core/Plugins/PluginUtility.cs - Importer: ScriptedImporter/UnityEditor.QuickSearchModule:UnityEditor.Search:ASIAI0B
Importing 'GUID: ce1ab0cf92c284610adb327d1a63810e - Path: Packages/com.unity.visualscripting/Editor/VisualScripting.Core/Plugins/PluginUtility.cs - Importer: ScriptedImporter/UnityEditor.QuickSearchModule:UnityEditor.Search:ASIAI0B' with importer (ScriptedImporter : UnityEditor.QuickSearchModule:UnityEditor.Search:ASIAI0B)
Imported 'GUID: ce1ab0cf92c284610adb327d1a63810e' -> (Import Result ID: '4ab799b3a2a892933245af46c9f1e2b6') in 0.003 seconds [static and dynamic dependencies]. Details - ImportResultOutputID=cbeb204cbfe8cc88afc643d9bd2ae7ca DependenciesID=77d136fd1b84b5e3d073407412684d8d StaticDependenciesID=8873e0d66f55389e140811d04676b372 
Number of updated asset objects reloaded before import = 0
Number of asset objects unloaded after import = 0
========================================================================
Received Import Request.
  Time of request: 2026-08-11T15:50:19.721832Z
  Time since last request: 0.0005401 seconds.
  importAddress: GUID: b3fbf7a50bc9d47619c3d9860db44f5b - Path: Packages/com.unity.visualscripting/Editor/VisualScripting.Core/Platforms/AotStubWriter.cs - Importer: ScriptedImporter/UnityEditor.QuickSearchModule:UnityEditor.Search:ASIAI0B
Importing 'GUID: b3fbf7a50bc9d47619c3d9860db44f5b - Path: Packages/com.unity.visualscripting/Editor/VisualScripting.Core/Platforms/AotStubWriter.cs - Importer: ScriptedImporter/UnityEditor.QuickSearchModule:UnityEditor.Search:ASIAI0B' with importer (ScriptedImporter : UnityEditor.QuickSearchModule:UnityEditor.Search:ASIAI0B)
Imported 'GUID: b3fbf7a50bc9d47619c3d9860db44f5b' -> (Import Result ID: '0e671e5a5b5be3d5268790dcf6ea230c') in 0.003 seconds [static and dynamic dependencies]. Details - ImportResultOutputID=2fdf2c10e8a22e99218e851a0ad21d68 DependenciesID=6bac500679ee53f4f934520002d77d0f StaticDependenciesID=5370bfb8cf5d111b3e1cd004a9b173f6 
Number of updated asset objects reloaded before import = 0
Number of asset objects unloaded after import = 0
========================================================================
Received Import Request.
  Time of request: 2026-08-11T15:50:19.738792Z
  Time since last request: 0.0045513 seconds.
  importAddress: GUID: 3f0699ac05bda465a848443cd0817833 - Path: Packages/com.unity.visualscripting/Editor/VisualScripting.Core/Reflection/MemberOption.cs - Importer: ScriptedImporter/UnityEditor.QuickSearchModule:UnityEditor.Search:ASIAI0B
Importing 'GUID: 3f0699ac05bda465a848443cd0817833 - Path: Packages/com.unity.visualscripting/Editor/VisualScripting.Core/Reflection/MemberOption.cs - Importer: ScriptedImporter/UnityEditor.QuickSearchModule:UnityEditor.Search:ASIAI0B' with importer (ScriptedImporter : UnityEditor.QuickSearchModule:UnityEditor.Search:ASIAI0B)
Imported 'GUID: 3f0699ac05bda465a848443cd0817833' -> (Import Result ID: '83aca784d2fd6261fea07a99441bd995') in 0.003 seconds [static and dynamic dependencies]. Details - ImportResultOutputID=82d41fc98fb0aeaab12f5895dc8a45a1 DependenciesID=2ad5e014309c943b88c35977493f243f StaticDependenciesID=e26e0bd7e908cf3f38f927efd54e8768 
Number of updated asset objects reloaded before import = 0
Number of asset objects unloaded after import = 0
========================================================================
Received Import Request.
  Time of request: 2026-08-11T15:50:19.752501Z
  Time since last request: 0.0009054 seconds.
  importAddress: GUID: 65c1aeb8242594a65bba60ea96b39735 - Path: Packages/com.unity.visualscripting/Editor/VisualScripting.Core/Utilities/EditorFilteringUtility.cs - Importer: ScriptedImporter/UnityEditor.QuickSearchModule:UnityEditor.Search:ASIAI0B
Importing 'GUID: 65c1aeb8242594a65bba60ea96b39735 - Path: Packages/com.unity.visualscripting/Editor/VisualScripting.Core/Utilities/EditorFilteringUtility.cs - Importer: ScriptedImporter/UnityEditor.QuickSearchModule:UnityEditor.Search:ASIAI0B' with importer (ScriptedImporter : UnityEditor.QuickSearchModule:UnityEditor.Search:ASIAI0B)
Imported 'GUID: 65c1aeb8242594a65bba60ea96b39735' -> (Import Result ID: 'fbdbd839b3d1f9c6881eed4530a4c0a8') in 0.004 seconds [static and dynamic dependencies]. Details - ImportResultOutputID=4dd1a34970539eee719ba845a13ee46a DependenciesID=d3a6eaa5a99e7216fe8cd3ad95d8ab86 StaticDependenciesID=83a1513db98c2a5041c4748989ae0fd2 
Number of updated asset objects reloaded before import = 0
Number of asset objects unloaded after import = 0
========================================================================
Received Import Request.
  Time of request: 2026-08-11T15:50:19.7672471Z
  Time since last request: 0.0005332 seconds.
  importAddress: GUID: 9daae74b98cf682418c22b5c2848941e - Path: Packages/com.unity.visualscripting/Editor/VisualScripting.Core/Utilities/VSBackupUtility.cs - Importer: ScriptedImporter/UnityEditor.QuickSearchModule:UnityEditor.Search:ASIAI0B
Importing 'GUID: 9daae74b98cf682418c22b5c2848941e - Path: Packages/com.unity.visualscripting/Editor/VisualScripting.Core/Utilities/VSBackupUtility.cs - Importer: ScriptedImporter/UnityEditor.QuickSearchModule:UnityEditor.Search:ASIAI0B' with importer (ScriptedImporter : UnityEditor.QuickSearchModule:UnityEditor.Search:ASIAI0B)
Imported 'GUID: 9daae74b98cf682418c22b5c2848941e' -> (Import Result ID: '7e07a8f2241439173ecb2a17e7affd19') in 0.003 seconds [static and dynamic dependencies]. Details - ImportResultOutputID=917af1a1c39494a2e7e4692ed5b555cc DependenciesID=d46ef6e72fc8584f5b257d1a41fb141c StaticDependenciesID=742fa2d83af55309dedb69b0691fa8b3 
Number of updated asset objects reloaded before import = 0
Number of asset objects unloaded after import = 0
========================================================================
Received Import Request.
  Time of request: 2026-08-11T15:50:19.7786711Z
  Time since last request: 0.0002519 seconds.
  importAddress: GUID: 84c73dd54cce7454796f8fac022d29c1 - Path: Packages/com.unity.visualscripting/Editor/VisualScripting.Core/ResourceProviders/EditorAssetResourceProvider.cs - Importer: ScriptedImporter/UnityEditor.QuickSearchModule:UnityEditor.Search:ASIAI0B
Importing 'GUID: 84c73dd54cce7454796f8fac022d29c1 - Path: Packages/com.unity.visualscripting/Editor/VisualScripting.Core/ResourceProviders/EditorAssetResourceProvider.cs - Importer: ScriptedImporter/UnityEditor.QuickSearchModule:UnityEditor.Search:ASIAI0B' with importer (ScriptedImporter : UnityEditor.QuickSearchModule:UnityEditor.Search:ASIAI0B)
Imported 'GUID: 84c73dd54cce7454796f8fac022d29c1' -> (Import Result ID: '50a7b160178d7b22840e59ff4e0b03d8') in 0.004 seconds [static and dynamic dependencies]. Details - ImportResultOutputID=d91d6a6437b5ecfeba413cbf7410ec69 DependenciesID=2180d48b9c280bcc6255438f6d35589b StaticDependenciesID=2ea1a78a4ede6b8c07fbfa07f6805f41 
Number of updated asset objects reloaded before import = 0
Number of asset objects unloaded after import = 0
========================================================================
Received Import Request.
  Time of request: 2026-08-11T15:50:19.7899474Z
  Time since last request: 0.0003151 seconds.
  importAddress: GUID: eaf45340dd5ff4caeaa025a033708354 - Path: Packages/com.unity.visualscripting/Editor/VisualScripting.Core/Utilities/UndoUtility.cs - Importer: ScriptedImporter/UnityEditor.QuickSearchModule:UnityEditor.Search:ASIAI0B
Importing 'GUID: eaf45340dd5ff4caeaa025a033708354 - Path: Packages/com.unity.visualscripting/Editor/VisualScripting.Core/Utilities/UndoUtility.cs - Importer: ScriptedImporter/UnityEditor.QuickSearchModule:UnityEditor.Search:ASIAI0B' with importer (ScriptedImporter : UnityEditor.QuickSearchModule:UnityEditor.Search:ASIAI0B)
Imported 'GUID: eaf45340dd5ff4caeaa025a033708354' -> (Import Result ID: '2527b1f343d86e2ff394b87785387714') in 0.003 seconds [static and dynamic dependencies]. Details - ImportResultOutputID=6fac39f28201ae45d885e5abe9ab5fb6 DependenciesID=15649908b5686c3b9443563efc2f99c8 StaticDependenciesID=81bd622b59a76bed9bcce792a5c1831e 
Number of updated asset objects reloaded before import = 0
Number of asset objects unloaded after import = 0
========================================================================
Received Import Request.
  Time of request: 2026-08-11T15:50:19.8020401Z
  Time since last request: 0.0002297 seconds.
  importAddress: GUID: 09204781150794119a7b0a9e2102a189 - Path: Packages/com.unity.visualscripting/Editor/VisualScripting.Core/Utilities/VersionControlUtility.cs - Importer: ScriptedImporter/UnityEditor.QuickSearchModule:UnityEditor.Search:ASIAI0B
Importing 'GUID: 09204781150794119a7b0a9e2102a189 - Path: Packages/com.unity.visualscripting/Editor/VisualScripting.Core/Utilities/VersionControlUtility.cs - Importer: ScriptedImporter/UnityEditor.QuickSearchModule:UnityEditor.Search:ASIAI0B' with importer (ScriptedImporter : UnityEditor.QuickSearchModule:UnityEditor.Search:ASIAI0B)
Imported 'GUID: 09204781150794119a7b0a9e2102a189' -> (Import Result ID: 'aa5ed21128b4570f4ece9a6864e54ba3') in 0.003 seconds [static and dynamic dependencies]. Details - ImportResultOutputID=5920277409743f9ae3fdbd70c933fe92 DependenciesID=e506cc481f37e982c88cd6a3ca615129 StaticDependenciesID=ab36d948893ebad51c66ff525676ea18 
Number of updated asset objects reloaded before import = 0
Number of asset objects unloaded after import = 0
========================================================================
Received Import Request.
  Time of request: 2026-08-11T15:50:19.8143504Z
  Time since last request: 0.0002987 seconds.
  importAddress: GUID: 6bdf077053c3479c93e8205ab807315d - Path: Packages/com.unity.visualscripting/Editor/VisualScripting.Core/Serialization/SerializableTypeExtensions.cs - Importer: ScriptedImporter/UnityEditor.QuickSearchModule:UnityEditor.Search:ASIAI0B
Importing 'GUID: 6bdf077053c3479c93e8205ab807315d - Path: Packages/com.unity.visualscripting/Editor/VisualScripting.Core/Serialization/SerializableTypeExtensions.cs - Importer: ScriptedImporter/UnityEditor.QuickSearchModule:UnityEditor.Search:ASIAI0B' with importer (ScriptedImporter : UnityEditor.QuickSearchModule:UnityEditor.Search:ASIAI0B)
Imported 'GUID: 6bdf077053c3479c93e8205ab807315d' -> (Import Result ID: '2036d5098efba901505ca7d348d2a55e') in 0.003 seconds [static and dynamic dependencies]. Details - ImportResultOutputID=04be58d0c02dbaca7bbb5080f51a0aec DependenciesID=1d35cbebe07e93014c787ff3f48b6f32 StaticDependenciesID=75388fe112514479fecbf2f842544e86 
Number of updated asset objects reloaded before import = 0
Number of asset objects unloaded after import = 0
========================================================================
Received Import Request.
  Time of request: 2026-08-11T15:50:19.8280377Z
  Time since last request: 0.000303 seconds.
  importAddress: GUID: 76b20087e6bf14ffd9a3403742ccd98c - Path: Packages/com.unity.visualscripting/Editor/VisualScripting.Core/Utilities/MathfEx.cs - Importer: ScriptedImporter/UnityEditor.QuickSearchModule:UnityEditor.Search:ASIAI0B
Importing 'GUID: 76b20087e6bf14ffd9a3403742ccd98c - Path: Packages/com.unity.visualscripting/Editor/VisualScripting.Core/Utilities/MathfEx.cs - Importer: ScriptedImporter/UnityEditor.QuickSearchModule:UnityEditor.Search:ASIAI0B' with importer (ScriptedImporter : UnityEditor.QuickSearchModule:UnityEditor.Search:ASIAI0B)
Imported 'GUID: 76b20087e6bf14ffd9a3403742ccd98c' -> (Import Result ID: 'd753cd456ac2cbee06be396e1af47214') in 0.003 seconds [static and dynamic dependencies]. Details - ImportResultOutputID=9b712759cd6a0ca38d1d89f3b01c5bdc DependenciesID=3ba2256793a745a1c6711450973ddd8d StaticDependenciesID=f92fe3d3d68e4a2d616adc56968f9e8b 
Number of updated asset objects reloaded before import = 0
Number of asset objects unloaded after import = 0
========================================================================
Received Import Request.
  Time of request: 2026-08-11T15:50:19.8557233Z
  Time since last request: 0.0167063 seconds.
  importAddress: GUID: b8b5ce7ce6cad4a71b417e5ccdbd614a - Path: Packages/com.unity.visualscripting/Editor/VisualScripting.Flow/Framework/MultiInputUnitAlphabeticDescriptor.cs - Importer: ScriptedImporter/UnityEditor.QuickSearchModule:UnityEditor.Search:ASIAI0B
Importing 'GUID: b8b5ce7ce6cad4a71b417e5ccdbd614a - Path: Packages/com.unity.visualscripting/Editor/VisualScripting.Flow/Framework/MultiInputUnitAlphabeticDescriptor.cs - Importer: ScriptedImporter/UnityEditor.QuickSearchModule:UnityEditor.Search:ASIAI0B' with importer (ScriptedImporter : UnityEditor.QuickSearchModule:UnityEditor.Search:ASIAI0B)
Imported 'GUID: b8b5ce7ce6cad4a71b417e5ccdbd614a' -> (Import Result ID: '254fa09c53832e0b28271b0c4ebc14ec') in 0.003 seconds [static and dynamic dependencies]. Details - ImportResultOutputID=1d2ab90766332597cf631089340cba10 DependenciesID=f106dc4b356ee83b17648cd60dd051dc StaticDependenciesID=20c9cd18cd72e01644f45431599aa74e 
Number of updated asset objects reloaded before import = 0
Number of asset objects unloaded after import = 0
========================================================================
Received Import Request.
  Time of request: 2026-08-11T15:50:19.8692195Z
  Time since last request: 0.0002832 seconds.
  importAddress: GUID: 904096dd6e1a34e8f998b4aff2c7bbf1 - Path: Packages/com.unity.visualscripting/Editor/VisualScripting.Core/Windows/WindowClose.cs - Importer: ScriptedImporter/UnityEditor.QuickSearchModule:UnityEditor.Search:ASIAI0B
Importing 'GUID: 904096dd6e1a34e8f998b4aff2c7bbf1 - Path: Packages/com.unity.visualscripting/Editor/VisualScripting.Core/Windows/WindowClose.cs - Importer: ScriptedImporter/UnityEditor.QuickSearchModule:UnityEditor.Search:ASIAI0B' with importer (ScriptedImporter : UnityEditor.QuickSearchModule:UnityEditor.Search:ASIAI0B)
Imported 'GUID: 904096dd6e1a34e8f998b4aff2c7bbf1' -> (Import Result ID: 'eb5e125794dc7827d5b7dc20a876eeb2') in 0.003 seconds [static and dynamic dependencies]. Details - ImportResultOutputID=aa1bed3e97ee98270e8ef733480b1db3 DependenciesID=5150a4e3ec9f38aa70005a94af538fb2 StaticDependenciesID=c1f3bfde90b1839152e011cb301ed8c0 
Number of updated asset objects reloaded before import = 0
Number of asset objects unloaded after import = 0
========================================================================
Received Import Request.
  Time of request: 2026-08-11T15:50:19.8808576Z
  Time since last request: 0.0004461 seconds.
  importAddress: GUID: 3ef28471ff1b84e16b6b44952d7d45bd - Path: Packages/com.unity.visualscripting/Editor/VisualScripting.Core/Widgets/WidgetAttribute.cs - Importer: ScriptedImporter/UnityEditor.QuickSearchModule:UnityEditor.Search:ASIAI0B
Importing 'GUID: 3ef28471ff1b84e16b6b44952d7d45bd - Path: Packages/com.unity.visualscripting/Editor/VisualScripting.Core/Widgets/WidgetAttribute.cs - Importer: ScriptedImporter/UnityEditor.QuickSearchModule:UnityEditor.Search:ASIAI0B' with importer (ScriptedImporter : UnityEditor.QuickSearchModule:UnityEditor.Search:ASIAI0B)
Imported 'GUID: 3ef28471ff1b84e16b6b44952d7d45bd' -> (Import Result ID: '1f0963b13865b45a2fa22e0afe10b644') in 0.003 seconds [static and dynamic dependencies]. Details - ImportResultOutputID=9ad5faf5de18e14b3635273dedbcbaf2 DependenciesID=3412e5540e5ab6f8f555c75fb4da1864 StaticDependenciesID=2778c8a27a18e60bfe31eea997e68e00 
Number of updated asset objects reloaded before import = 0
Number of asset objects unloaded after import = 0
========================================================================
Received Import Request.
  Time of request: 2026-08-11T15:50:19.8918741Z
  Time since last request: 0.0003938 seconds.
  importAddress: GUID: 22ae4545187cc47f0a7f67b42fb1b9ef - Path: Packages/com.unity.visualscripting/Editor/VisualScripting.Flow/Framework/MultiInputUnitNumericDescriptor.cs - Importer: ScriptedImporter/UnityEditor.QuickSearchModule:UnityEditor.Search:ASIAI0B
Importing 'GUID: 22ae4545187cc47f0a7f67b42fb1b9ef - Path: Packages/com.unity.visualscripting/Editor/VisualScripting.Flow/Framework/MultiInputUnitNumericDescriptor.cs - Importer: ScriptedImporter/UnityEditor.QuickSearchModule:UnityEditor.Search:ASIAI0B' with importer (ScriptedImporter : UnityEditor.QuickSearchModule:UnityEditor.Search:ASIAI0B)
Imported 'GUID: 22ae4545187cc47f0a7f67b42fb1b9ef' -> (Import Result ID: 'ce8ffe23678251c45dba154bd7ef323a') in 0.003 seconds [static and dynamic dependencies]. Details - ImportResultOutputID=547efaecad1d26b6c899b6ff4745b912 DependenciesID=579f7913a7e8d06a5cf4a320c33c5016 StaticDependenciesID=ed584c1ee03b9a552b21f0fd5c0efd38 
Number of updated asset objects reloaded before import = 0
Number of asset objects unloaded after import = 0
========================================================================
Received Import Request.
  Time of request: 2026-08-11T15:50:19.9040667Z
  Time since last request: 0.0003061 seconds.
  importAddress: GUID: 60210ddff070d4317a631c12b354cd23 - Path: Packages/com.unity.visualscripting/Editor/VisualScripting.Flow/Events/TriggerCustomEventDescriptor.cs - Importer: ScriptedImporter/UnityEditor.QuickSearchModule:UnityEditor.Search:ASIAI0B
Importing 'GUID: 60210ddff070d4317a631c12b354cd23 - Path: Packages/com.unity.visualscripting/Editor/VisualScripting.Flow/Events/TriggerCustomEventDescriptor.cs - Importer: ScriptedImporter/UnityEditor.QuickSearchModule:UnityEditor.Search:ASIAI0B' with importer (ScriptedImporter : UnityEditor.QuickSearchModule:UnityEditor.Search:ASIAI0B)
Imported 'GUID: 60210ddff070d4317a631c12b354cd23' -> (Import Result ID: '59f1fe432695610138e9c165db2fb6ac') in 0.003 seconds [static and dynamic dependencies]. Details - ImportResultOutputID=4fdd0568eac5576b1259a80bdd0382c3 DependenciesID=23d4c79b88e5091387a49c5ca0ebb24f StaticDependenciesID=426b18cbf55a0f28475d490ff90dfd76 
Number of updated asset objects reloaded before import = 0
Number of asset objects unloaded after import = 0
========================================================================
Received Import Request.
  Time of request: 2026-08-11T15:50:19.9160971Z
  Time since last request: 0.0002481 seconds.
  importAddress: GUID: 54bd5c4a9de7845ab9aaea996b90656d - Path: Packages/com.unity.visualscripting/Editor/VisualScripting.Flow/Connections/InvalidConnectionWidget.cs - Importer: ScriptedImporter/UnityEditor.QuickSearchModule:UnityEditor.Search:ASIAI0B
Importing 'GUID: 54bd5c4a9de7845ab9aaea996b90656d - Path: Packages/com.unity.visualscripting/Editor/VisualScripting.Flow/Connections/InvalidConnectionWidget.cs - Importer: ScriptedImporter/UnityEditor.QuickSearchModule:UnityEditor.Search:ASIAI0B' with importer (ScriptedImporter : UnityEditor.QuickSearchModule:UnityEditor.Search:ASIAI0B)
Imported 'GUID: 54bd5c4a9de7845ab9aaea996b90656d' -> (Import Result ID: '8960df27aa1221d089da27152f4f2aa6') in 0.004 seconds [static and dynamic dependencies]. Details - ImportResultOutputID=e51b81f488dbcb3d910ab48ebc4428ae DependenciesID=b6f9d30c855f090ff007e9b628a2d26e StaticDependenciesID=e5bf961608d6fadb38dbd7b2e211389d 
Number of updated asset objects reloaded before import = 0
Number of asset objects unloaded after import = 0
========================================================================
Received Import Request.
  Time of request: 2026-08-11T15:50:19.9292976Z
  Time since last request: 0.0003073 seconds.
  importAddress: GUID: 56cf596da32aa49c88d32bc55628d6a8 - Path: Packages/com.unity.visualscripting/Editor/VisualScripting.Core/Windows/GraphWindow.cs - Importer: ScriptedImporter/UnityEditor.QuickSearchModule:UnityEditor.Search:ASIAI0B
Importing 'GUID: 56cf596da32aa49c88d32bc55628d6a8 - Path: Packages/com.unity.visualscripting/Editor/VisualScripting.Core/Windows/GraphWindow.cs - Importer: ScriptedImporter/UnityEditor.QuickSearchModule:UnityEditor.Search:ASIAI0B' with importer (ScriptedImporter : UnityEditor.QuickSearchModule:UnityEditor.Search:ASIAI0B)
Imported 'GUID: 56cf596da32aa49c88d32bc55628d6a8' -> (Import Result ID: 'dd785e6736af80ebac9a606f5ecbd2e8') in 0.003 seconds [static and dynamic dependencies]. Details - ImportResultOutputID=2a9ea45696d681c8a61b5de69eb7fcab DependenciesID=a527ca696526eb8862dc95d09898859c StaticDependenciesID=1e7c3a9233f273a933336edffb7b92ac 
Number of updated asset objects reloaded before import = 0
Number of asset objects unloaded after import = 0
========================================================================
Received Import Request.
  Time of request: 2026-08-11T15:50:19.9414119Z
  Time since last request: 0.0003585 seconds.
  importAddress: GUID: 72db0f694a910471fb1e5559331bcc01 - Path: Packages/com.unity.visualscripting/Editor/VisualScripting.Core/Widgets/IWidget.cs - Importer: ScriptedImporter/UnityEditor.QuickSearchModule:UnityEditor.Search:ASIAI0B
Importing 'GUID: 72db0f694a910471fb1e5559331bcc01 - Path: Packages/com.unity.visualscripting/Editor/VisualScripting.Core/Widgets/IWidget.cs - Importer: ScriptedImporter/UnityEditor.QuickSearchModule:UnityEditor.Search:ASIAI0B' with importer (ScriptedImporter : UnityEditor.QuickSearchModule:UnityEditor.Search:ASIAI0B)
Imported 'GUID: 72db0f694a910471fb1e5559331bcc01' -> (Import Result ID: '2da728981e9eb7a430835672cfd2eca2') in 0.003 seconds [static and dynamic dependencies]. Details - ImportResultOutputID=cef011be15a76af3aafa345c2dc36b47 DependenciesID=7f59ad95a77362427945be5c4eecbf86 StaticDependenciesID=e90cb12013cd92b7e7d26487730c9f27 
Number of updated asset objects reloaded before import = 0
Number of asset objects unloaded after import = 0
========================================================================
Received Import Request.
  Time of request: 2026-08-11T15:50:19.9635728Z
  Time since last request: 0.0099394 seconds.
  importAddress: GUID: dad6936c226ce49b9a651479afeb690b - Path: Packages/com.unity.visualscripting/Editor/VisualScripting.State/Plugin/BoltStateConfiguration.cs - Importer: ScriptedImporter/UnityEditor.QuickSearchModule:UnityEditor.Search:ASIAI0B
Importing 'GUID: dad6936c226ce49b9a651479afeb690b - Path: Packages/com.unity.visualscripting/Editor/VisualScripting.State/Plugin/BoltStateConfiguration.cs - Importer: ScriptedImporter/UnityEditor.QuickSearchModule:UnityEditor.Search:ASIAI0B' with importer (ScriptedImporter : UnityEditor.QuickSearchModule:UnityEditor.Search:ASIAI0B)
Imported 'GUID: dad6936c226ce49b9a651479afeb690b' -> (Import Result ID: '3c94c57c8de64f40e6e1d7c942dcc1da') in 0.003 seconds [static and dynamic dependencies]. Details - ImportResultOutputID=7947e442649e3b0770156867feb71390 DependenciesID=440b500abe344792a063ea6c32164297 StaticDependenciesID=1162c02f9f82f40d2ad8c2ad7fe0eec3 
Number of updated asset objects reloaded before import = 0
Number of asset objects unloaded after import = 0
========================================================================
Received Import Request.
  Time of request: 2026-08-11T15:50:19.9751833Z
  Time since last request: 0.001206 seconds.
  importAddress: GUID: f66f8803a57c44b2eb4880f870823740 - Path: Packages/com.unity.visualscripting/Editor/VisualScripting.State/States/FlowStateDescriptor.cs - Importer: ScriptedImporter/UnityEditor.QuickSearchModule:UnityEditor.Search:ASIAI0B
Importing 'GUID: f66f8803a57c44b2eb4880f870823740 - Path: Packages/com.unity.visualscripting/Editor/VisualScripting.State/States/FlowStateDescriptor.cs - Importer: ScriptedImporter/UnityEditor.QuickSearchModule:UnityEditor.Search:ASIAI0B' with importer (ScriptedImporter : UnityEditor.QuickSearchModule:UnityEditor.Search:ASIAI0B)
Imported 'GUID: f66f8803a57c44b2eb4880f870823740' -> (Import Result ID: '3d297af650f196a7833e376b19021688') in 0.003 seconds [static and dynamic dependencies]. Details - ImportResultOutputID=7eed5dfa167ec45e6aa27077cec1a900 DependenciesID=0f353b8a6d0daa0c21bf07fe966081bb StaticDependenciesID=b613b86a3a86887e3400d013429db4aa 
Number of updated asset objects reloaded before import = 0
Number of asset objects unloaded after import = 0
========================================================================
Received Import Request.
  Time of request: 2026-08-11T15:50:19.9873868Z
  Time since last request: 0.0002315 seconds.
  importAddress: GUID: 7306e68be1a5b48909d2c871e5eb5a00 - Path: Packages/com.unity.visualscripting/Editor/VisualScripting.Flow/Ports/InvalidOutputWidget.cs - Importer: ScriptedImporter/UnityEditor.QuickSearchModule:UnityEditor.Search:ASIAI0B
Importing 'GUID: 7306e68be1a5b48909d2c871e5eb5a00 - Path: Packages/com.unity.visualscripting/Editor/VisualScripting.Flow/Ports/InvalidOutputWidget.cs - Importer: ScriptedImporter/UnityEditor.QuickSearchModule:UnityEditor.Search:ASIAI0B' with importer (ScriptedImporter : UnityEditor.QuickSearchModule:UnityEditor.Search:ASIAI0B)
Imported 'GUID: 7306e68be1a5b48909d2c871e5eb5a00' -> (Import Result ID: 'e2c3cca113cea85997418d146454c64c') in 0.004 seconds [static and dynamic dependencies]. Details - ImportResultOutputID=919a55922055ed5414088f0b5fe01b95 DependenciesID=b462a82c239f7d98ea19c3d401066c40 StaticDependenciesID=cc4304923829ba237ddd8b1b4ae8ec4f 
Number of updated asset objects reloaded before import = 0
Number of asset objects unloaded after import = 0
========================================================================
Received Import Request.
  Time of request: 2026-08-11T15:50:20.0018432Z
  Time since last request: 0.0002985 seconds.
  importAddress: GUID: d891a8dfd0a4d464897c1598d1a0f5a0 - Path: Packages/com.unity.visualscripting/Editor/VisualScripting.State/States/FlowStateWidget.cs - Importer: ScriptedImporter/UnityEditor.QuickSearchModule:UnityEditor.Search:ASIAI0B
Importing 'GUID: d891a8dfd0a4d464897c1598d1a0f5a0 - Path: Packages/com.unity.visualscripting/Editor/VisualScripting.State/States/FlowStateWidget.cs - Importer: ScriptedImporter/UnityEditor.QuickSearchModule:UnityEditor.Search:ASIAI0B' with importer (ScriptedImporter : UnityEditor.QuickSearchModule:UnityEditor.Search:ASIAI0B)
Imported 'GUID: d891a8dfd0a4d464897c1598d1a0f5a0' -> (Import Result ID: '8b11d5ac52da7f470c1a5a69edfffc4a') in 0.003 seconds [static and dynamic dependencies]. Details - ImportResultOutputID=0666559bbfc930e9b18b8b6ad9149cea DependenciesID=b6b7881a6a45153a12f337e21d1e792d StaticDependenciesID=ae16eba61e0d9838aa8fb4c782c64311 
Number of updated asset objects reloaded before import = 0
Number of asset objects unloaded after import = 0
========================================================================
Received Import Request.
  Time of request: 2026-08-11T15:50:20.0128493Z
  Time since last request: 0.0005611 seconds.
  importAddress: GUID: f05c1fcce075f4c758b4b36f491dd0b8 - Path: Packages/com.unity.visualscripting/Editor/VisualScripting.State/Description/StateGraphDescriptor.cs - Importer: ScriptedImporter/UnityEditor.QuickSearchModule:UnityEditor.Search:ASIAI0B
Importing 'GUID: f05c1fcce075f4c758b4b36f491dd0b8 - Path: Packages/com.unity.visualscripting/Editor/VisualScripting.State/Description/StateGraphDescriptor.cs - Importer: ScriptedImporter/UnityEditor.QuickSearchModule:UnityEditor.Search:ASIAI0B' with importer (ScriptedImporter : UnityEditor.QuickSearchModule:UnityEditor.Search:ASIAI0B)
Imported 'GUID: f05c1fcce075f4c758b4b36f491dd0b8' -> (Import Result ID: 'a1fd9130a0949fa00f6c0dc01483aacf') in 0.003 seconds [static and dynamic dependencies]. Details - ImportResultOutputID=efd9716455b63eaec4e8c5d65022f933 DependenciesID=81686d5e51a9f6e0731702745c8018aa StaticDependenciesID=d20c5dbdeadcfa904dfa9b1a4f3f48ce 
Number of updated asset objects reloaded before import = 0
Number of asset objects unloaded after import = 0
========================================================================
Received Import Request.
  Time of request: 2026-08-11T15:50:20.0245326Z
  Time since last request: 0.0004913 seconds.
  importAddress: GUID: 1fa37d86e69c94da48f72c38e85a25f7 - Path: Packages/com.unity.visualscripting/Editor/VisualScripting.State/Flow/StateUnitEditor.cs - Importer: ScriptedImporter/UnityEditor.QuickSearchModule:UnityEditor.Search:ASIAI0B
Importing 'GUID: 1fa37d86e69c94da48f72c38e85a25f7 - Path: Packages/com.unity.visualscripting/Editor/VisualScripting.State/Flow/StateUnitEditor.cs - Importer: ScriptedImporter/UnityEditor.QuickSearchModule:UnityEditor.Search:ASIAI0B' with importer (ScriptedImporter : UnityEditor.QuickSearchModule:UnityEditor.Search:ASIAI0B)
Imported 'GUID: 1fa37d86e69c94da48f72c38e85a25f7' -> (Import Result ID: '8ffa2f936134a26a5c9ee2ccb1f0a753') in 0.004 seconds [static and dynamic dependencies]. Details - ImportResultOutputID=2ae80abe84aa7e7a8aa610dcbe271bef DependenciesID=992f81a87e6138ee49979be9735a1216 StaticDependenciesID=5d1d508e59ec38fe74f3f289bb3281eb 
Number of updated asset objects reloaded before import = 0
Number of asset objects unloaded after import = 0
========================================================================
Received Import Request.
  Time of request: 2026-08-11T15:50:20.0369344Z
  Time since last request: 0.0002103 seconds.
  importAddress: GUID: c2ac946d6d90843948d6f9062367a87e - Path: Packages/com.unity.visualscripting/Editor/VisualScripting.State/States/StateDescriptor.cs - Importer: ScriptedImporter/UnityEditor.QuickSearchModule:UnityEditor.Search:ASIAI0B
Importing 'GUID: c2ac946d6d90843948d6f9062367a87e - Path: Packages/com.unity.visualscripting/Editor/VisualScripting.State/States/StateDescriptor.cs - Importer: ScriptedImporter/UnityEditor.QuickSearchModule:UnityEditor.Search:ASIAI0B' with importer (ScriptedImporter : UnityEditor.QuickSearchModule:UnityEditor.Search:ASIAI0B)
Imported 'GUID: c2ac946d6d90843948d6f9062367a87e' -> (Import Result ID: '18bf9d1d3b61fa828413d7654476e2de') in 0.003 seconds [static and dynamic dependencies]. Details - ImportResultOutputID=30621b99deedbbc5038c623238bdca98 DependenciesID=c9fe84cfefc4ef382487c1f462901ca1 StaticDependenciesID=4b0ad698901dbabd1b4f00dd2b448c34 
Number of updated asset objects reloaded before import = 0
Number of asset objects unloaded after import = 0
========================================================================
Received Import Request.
  Time of request: 2026-08-11T15:50:20.0485691Z
  Time since last request: 0.0003062 seconds.
  importAddress: GUID: 7befbeb005f98497e828793e65d518c1 - Path: Packages/com.unity.visualscripting/Editor/VisualScripting.State/Flow/FlowGraphContextStateExtension.cs - Importer: ScriptedImporter/UnityEditor.QuickSearchModule:UnityEditor.Search:ASIAI0B
Importing 'GUID: 7befbeb005f98497e828793e65d518c1 - Path: Packages/com.unity.visualscripting/Editor/VisualScripting.State/Flow/FlowGraphContextStateExtension.cs - Importer: ScriptedImporter/UnityEditor.QuickSearchModule:UnityEditor.Search:ASIAI0B' with importer (ScriptedImporter : UnityEditor.QuickSearchModule:UnityEditor.Search:ASIAI0B)
Imported 'GUID: 7befbeb005f98497e828793e65d518c1' -> (Import Result ID: 'dffbbc0a83de6864d06b06a809cd177c') in 0.003 seconds [static and dynamic dependencies]. Details - ImportResultOutputID=f58093a2a98739998ac923835c052b7f DependenciesID=188c11fccf5d9f02b9be48f0c58a99a8 StaticDependenciesID=84958bc2932e99ab490db6c804bc8a68 
Number of updated asset objects reloaded before import = 0
Number of asset objects unloaded after import = 0
========================================================================
Received Import Request.
  Time of request: 2026-08-11T15:50:20.0812361Z
  Time since last request: 0.0205183 seconds.
  importAddress: GUID: c30372978c88446b390054f403f3e0ad - Path: Packages/com.unity.visualscripting/Runtime/VisualScripting.Core/Cloning/ISpecifiesCloner.cs - Importer: ScriptedImporter/UnityEditor.QuickSearchModule:UnityEditor.Search:ASIAI0B
Importing 'GUID: c30372978c88446b390054f403f3e0ad - Path: Packages/com.unity.visualscripting/Runtime/VisualScripting.Core/Cloning/ISpecifiesCloner.cs - Importer: ScriptedImporter/UnityEditor.QuickSearchModule:UnityEditor.Search:ASIAI0B' with importer (ScriptedImporter : UnityEditor.QuickSearchModule:UnityEditor.Search:ASIAI0B)
Imported 'GUID: c30372978c88446b390054f403f3e0ad' -> (Import Result ID: 'fe061d2a30a333922b421566696faea5') in 0.003 seconds [static and dynamic dependencies]. Details - ImportResultOutputID=1c2746097e04f65b01d1b9a3f2181e6c DependenciesID=a5263f04d77193be8bcd1d8979a2a15e StaticDependenciesID=d4ae051d9c011b71899d488cc3f40bbe 
Number of updated asset objects reloaded before import = 0
Number of asset objects unloaded after import = 0
========================================================================
Received Import Request.
  Time of request: 2026-08-11T15:50:20.0925493Z
  Time since last request: 0.0007948 seconds.
  importAddress: GUID: 4444c1ac4c2c24720ad9edd95152c1b8 - Path: Packages/com.unity.visualscripting/Runtime/VisualScripting.Core/Collections/WatchedList.cs - Importer: ScriptedImporter/UnityEditor.QuickSearchModule:UnityEditor.Search:ASIAI0B
Importing 'GUID: 4444c1ac4c2c24720ad9edd95152c1b8 - Path: Packages/com.unity.visualscripting/Runtime/VisualScripting.Core/Collections/WatchedList.cs - Importer: ScriptedImporter/UnityEditor.QuickSearchModule:UnityEditor.Search:ASIAI0B' with importer (ScriptedImporter : UnityEditor.QuickSearchModule:UnityEditor.Search:ASIAI0B)
Imported 'GUID: 4444c1ac4c2c24720ad9edd95152c1b8' -> (Import Result ID: 'cca578403eea11fdac92d0c37e53d421') in 0.004 seconds [static and dynamic dependencies]. Details - ImportResultOutputID=51f35a2c7275ae6141ac943c7d8c0ce5 DependenciesID=20e0977d0c70a70b00cebbac0c325a08 StaticDependenciesID=7b3606142e4aaed071f42c80108c7cea 
Number of updated asset objects reloaded before import = 0
Number of asset objects unloaded after import = 0
========================================================================
Received Import Request.
  Time of request: 2026-08-11T15:50:20.1062976Z
  Time since last request: 0.0003438 seconds.
  importAddress: GUID: 151f0a13a53cb44ae83db5361508f233 - Path: Packages/com.unity.visualscripting/Runtime/VisualScripting.Core/Collections/VariantCollection.cs - Importer: ScriptedImporter/UnityEditor.QuickSearchModule:UnityEditor.Search:ASIAI0B
Importing 'GUID: 151f0a13a53cb44ae83db5361508f233 - Path: Packages/com.unity.visualscripting/Runtime/VisualScripting.Core/Collections/VariantCollection.cs - Importer: ScriptedImporter/UnityEditor.QuickSearchModule:UnityEditor.Search:ASIAI0B' with importer (ScriptedImporter : UnityEditor.QuickSearchModule:UnityEditor.Search:ASIAI0B)
Imported 'GUID: 151f0a13a53cb44ae83db5361508f233' -> (Import Result ID: '8741d7001288da2ef07806990a2e35da') in 0.004 seconds [static and dynamic dependencies]. Details - ImportResultOutputID=b1983d879babc551c72041c5d67ac19f DependenciesID=eb9adcc4bb7b8a79daa3f38cbc0bc26f StaticDependenciesID=e06b6e8366b91fc29bb2ef56e4ee0ccd 
Number of updated asset objects reloaded before import = 0
Number of asset objects unloaded after import = 0
========================================================================
Received Import Request.
  Time of request: 2026-08-11T15:50:20.1186387Z
  Time since last request: 0.0002413 seconds.
  importAddress: GUID: 2cf1e35e2ea20404cb31e0153aec76c7 - Path: Packages/com.unity.visualscripting/Editor/VisualScripting.State/Transitions/StateTransitionDescription.cs - Importer: ScriptedImporter/UnityEditor.QuickSearchModule:UnityEditor.Search:ASIAI0B
Importing 'GUID: 2cf1e35e2ea20404cb31e0153aec76c7 - Path: Packages/com.unity.visualscripting/Editor/VisualScripting.State/Transitions/StateTransitionDescription.cs - Importer: ScriptedImporter/UnityEditor.QuickSearchModule:UnityEditor.Search:ASIAI0B' with importer (ScriptedImporter : UnityEditor.QuickSearchModule:UnityEditor.Search:ASIAI0B)
Imported 'GUID: 2cf1e35e2ea20404cb31e0153aec76c7' -> (Import Result ID: '53beec3c99a7afa0933cb0c0ea45c3cd') in 0.003 seconds [static and dynamic dependencies]. Details - ImportResultOutputID=6a8d4b7337cd4d152d607314102691d8 DependenciesID=f79cc4559543359d6c5ec520579b7731 StaticDependenciesID=3a4e21e0d4a0a3200555e25f73901fd2 
Number of updated asset objects reloaded before import = 0
Number of asset objects unloaded after import = 0
========================================================================
Received Import Request.
  Time of request: 2026-08-11T15:50:20.1293396Z
  Time since last request: 0.0002822 seconds.
  importAddress: GUID: 067acbd60a2494a05954d63584e9b346 - Path: Packages/com.unity.visualscripting/Runtime/VisualScripting.Core/Collections/IProxyableNotifyCollectionChanged.cs - Importer: ScriptedImporter/UnityEditor.QuickSearchModule:UnityEditor.Search:ASIAI0B
Importing 'GUID: 067acbd60a2494a05954d63584e9b346 - Path: Packages/com.unity.visualscripting/Runtime/VisualScripting.Core/Collections/IProxyableNotifyCollectionChanged.cs - Importer: ScriptedImporter/UnityEditor.QuickSearchModule:UnityEditor.Search:ASIAI0B' with importer (ScriptedImporter : UnityEditor.QuickSearchModule:UnityEditor.Search:ASIAI0B)
Imported 'GUID: 067acbd60a2494a05954d63584e9b346' -> (Import Result ID: 'b205420b7989f3e675502d47aa4ee9b0') in 0.003 seconds [static and dynamic dependencies]. Details - ImportResultOutputID=aff5cf69b8471690fbd14c8f7973be75 DependenciesID=cb5baa21f37f800380cc3573bef89889 StaticDependenciesID=def2aa97d99a2d1c201a6fa277eabad7 
Number of updated asset objects reloaded before import = 0
Number of asset objects unloaded after import = 0
========================================================================
Received Import Request.
  Time of request: 2026-08-11T15:50:20.1420108Z
  Time since last request: 0.0002616 seconds.
  importAddress: GUID: b41eaa7e036334f5abae76f726a02edc - Path: Packages/com.unity.visualscripting/Editor/VisualScripting.State/Transitions/NesterStateTransitionAnalyser.cs - Importer: ScriptedImporter/UnityEditor.QuickSearchModule:UnityEditor.Search:ASIAI0B
Importing 'GUID: b41eaa7e036334f5abae76f726a02edc - Path: Packages/com.unity.visualscripting/Editor/VisualScripting.State/Transitions/NesterStateTransitionAnalyser.cs - Importer: ScriptedImporter/UnityEditor.QuickSearchModule:UnityEditor.Search:ASIAI0B' with importer (ScriptedImporter : UnityEditor.QuickSearchModule:UnityEditor.Search:ASIAI0B)
Imported 'GUID: b41eaa7e036334f5abae76f726a02edc' -> (Import Result ID: 'f0de78f6c3642ff867e4492a755777f0') in 0.003 seconds [static and dynamic dependencies]. Details - ImportResultOutputID=f25e7797bcfbbd960acc42536cbd4740 DependenciesID=8bff2dea03893251d588f228397ed8e6 StaticDependenciesID=811b544f747ac089f3acc32d2c57ffad 
Number of updated asset objects reloaded before import = 0
Number of asset objects unloaded after import = 0
========================================================================
Received Import Request.
  Time of request: 2026-08-11T15:50:20.1555699Z
  Time since last request: 0.0003135 seconds.
  importAddress: GUID: 006f225b9646c461aa078fc0b336581e - Path: Packages/com.unity.visualscripting/Runtime/VisualScripting.Core/Cloning/CloningContext.cs - Importer: ScriptedImporter/UnityEditor.QuickSearchModule:UnityEditor.Search:ASIAI0B
Importing 'GUID: 006f225b9646c461aa078fc0b336581e - Path: Packages/com.unity.visualscripting/Runtime/VisualScripting.Core/Cloning/CloningContext.cs - Importer: ScriptedImporter/UnityEditor.QuickSearchModule:UnityEditor.Search:ASIAI0B' with importer (ScriptedImporter : UnityEditor.QuickSearchModule:UnityEditor.Search:ASIAI0B)
Imported 'GUID: 006f225b9646c461aa078fc0b336581e' -> (Import Result ID: '2c5abc944ff82bfb543c9307b0900514') in 0.003 seconds [static and dynamic dependencies]. Details - ImportResultOutputID=31ab572a93257708e9ba0431f578d2d8 DependenciesID=840f5c01459a1dac50706bf51854875a StaticDependenciesID=1aaa39654f3c25cbddcb2ef82347c1b6 
Number of updated asset objects reloaded before import = 0
Number of asset objects unloaded after import = 0
========================================================================
Received Import Request.
  Time of request: 2026-08-11T15:50:20.1702547Z
  Time since last request: 0.0005598 seconds.
  importAddress: GUID: f097bbb63a5fa43369651ebaf0812b0f - Path: Packages/com.unity.visualscripting/Runtime/VisualScripting.Core/Collections/AotDictionary.cs - Importer: ScriptedImporter/UnityEditor.QuickSearchModule:UnityEditor.Search:ASIAI0B
Importing 'GUID: f097bbb63a5fa43369651ebaf0812b0f - Path: Packages/com.unity.visualscripting/Runtime/VisualScripting.Core/Collections/AotDictionary.cs - Importer: ScriptedImporter/UnityEditor.QuickSearchModule:UnityEditor.Search:ASIAI0B' with importer (ScriptedImporter : UnityEditor.QuickSearchModule:UnityEditor.Search:ASIAI0B)
Imported 'GUID: f097bbb63a5fa43369651ebaf0812b0f' -> (Import Result ID: '9911ae61fe6ce09d3c9d8bda95bf1364') in 0.003 seconds [static and dynamic dependencies]. Details - ImportResultOutputID=6592b0a5ff07b2990821dec2e2d87166 DependenciesID=f0dc6bc14de2fc51006fc935504ce0b3 StaticDependenciesID=1e16c78b26ffc67a6fc2359017dec382 
Number of updated asset objects reloaded before import = 0
Number of asset objects unloaded after import = 0
========================================================================
Received Import Request.
  Time of request: 2026-08-11T15:50:20.2039652Z
  Time since last request: 0.0228515 seconds.
  importAddress: GUID: 2aa3ea0a99d074d89ac71b6156691ea1 - Path: Packages/com.unity.visualscripting/Runtime/VisualScripting.Core/Exceptions/UnexpectedEnumValueException.cs - Importer: ScriptedImporter/UnityEditor.QuickSearchModule:UnityEditor.Search:ASIAI0B
Importing 'GUID: 2aa3ea0a99d074d89ac71b6156691ea1 - Path: Packages/com.unity.visualscripting/Runtime/VisualScripting.Core/Exceptions/UnexpectedEnumValueException.cs - Importer: ScriptedImporter/UnityEditor.QuickSearchModule:UnityEditor.Search:ASIAI0B' with importer (ScriptedImporter : UnityEditor.QuickSearchModule:UnityEditor.Search:ASIAI0B)
Imported 'GUID: 2aa3ea0a99d074d89ac71b6156691ea1' -> (Import Result ID: 'e1d25990104bd1b8edec7282bbf49556') in 0.003 seconds [static and dynamic dependencies]. Details - ImportResultOutputID=8f44a9d4565d8ce1235f7a180f3e565a DependenciesID=c9f603e7a82dde1db02f1e362458c9a7 StaticDependenciesID=d470d989c7e6d525e51ff2813b961110 
Number of updated asset objects reloaded before import = 0
Number of asset objects unloaded after import = 0
========================================================================
Received Import Request.
  Time of request: 2026-08-11T15:50:20.2154131Z
  Time since last request: 0.0006035 seconds.
  importAddress: GUID: 8e1b7860a93164eeb84e96c8d6544df5 - Path: Packages/com.unity.visualscripting/Runtime/VisualScripting.Core/Graphs/IGraphData.cs - Importer: ScriptedImporter/UnityEditor.QuickSearchModule:UnityEditor.Search:ASIAI0B
Importing 'GUID: 8e1b7860a93164eeb84e96c8d6544df5 - Path: Packages/com.unity.visualscripting/Runtime/VisualScripting.Core/Graphs/IGraphData.cs - Importer: ScriptedImporter/UnityEditor.QuickSearchModule:UnityEditor.Search:ASIAI0B' with importer (ScriptedImporter : UnityEditor.QuickSearchModule:UnityEditor.Search:ASIAI0B)
Imported 'GUID: 8e1b7860a93164eeb84e96c8d6544df5' -> (Import Result ID: 'ee78f3b08b44e4a365550b24e8a821e4') in 0.003 seconds [static and dynamic dependencies]. Details - ImportResultOutputID=e010c21043d1d6b87665e525726771fb DependenciesID=4c6d08a7fcf00cefcab8f7d52129d37f StaticDependenciesID=ab9060286cd351ba1418d11cff82ca3f 
Number of updated asset objects reloaded before import = 0
Number of asset objects unloaded after import = 0
========================================================================
Received Import Request.
  Time of request: 2026-08-11T15:50:20.2280834Z
  Time since last request: 0.0003527 seconds.
  importAddress: GUID: 87438d372474e4790b98890ce73891c0 - Path: Packages/com.unity.visualscripting/Runtime/VisualScripting.Core/Groups/GraphGroup.cs - Importer: ScriptedImporter/UnityEditor.QuickSearchModule:UnityEditor.Search:ASIAI0B
Importing 'GUID: 87438d372474e4790b98890ce73891c0 - Path: Packages/com.unity.visualscripting/Runtime/VisualScripting.Core/Groups/GraphGroup.cs - Importer: ScriptedImporter/UnityEditor.QuickSearchModule:UnityEditor.Search:ASIAI0B' with importer (ScriptedImporter : UnityEditor.QuickSearchModule:UnityEditor.Search:ASIAI0B)
Imported 'GUID: 87438d372474e4790b98890ce73891c0' -> (Import Result ID: 'd2780427506c6a8bcde44a8d59088d4d') in 0.003 seconds [static and dynamic dependencies]. Details - ImportResultOutputID=31b1a212b16bb8f3f904e24d200231e8 DependenciesID=b4757c48f01f654e6f669f4b9ccde605 StaticDependenciesID=4d5b342979ddca0e61cc4168939ed0eb 
Number of updated asset objects reloaded before import = 0
Number of asset objects unloaded after import = 0
========================================================================
Received Import Request.
  Time of request: 2026-08-11T15:50:20.2385014Z
  Time since last request: 0.0003182 seconds.
  importAddress: GUID: 54b30d9ccafa84c9b804674810fe0244 - Path: Packages/com.unity.visualscripting/Runtime/VisualScripting.Core/Events/IGraphEventHandler.cs - Importer: ScriptedImporter/UnityEditor.QuickSearchModule:UnityEditor.Search:ASIAI0B
Importing 'GUID: 54b30d9ccafa84c9b804674810fe0244 - Path: Packages/com.unity.visualscripting/Runtime/VisualScripting.Core/Events/IGraphEventHandler.cs - Importer: ScriptedImporter/UnityEditor.QuickSearchModule:UnityEditor.Search:ASIAI0B' with importer (ScriptedImporter : UnityEditor.QuickSearchModule:UnityEditor.Search:ASIAI0B)
Imported 'GUID: 54b30d9ccafa84c9b804674810fe0244' -> (Import Result ID: 'acd73049200be47f3bb5ca7e02915aed') in 0.004 seconds [static and dynamic dependencies]. Details - ImportResultOutputID=8d583880872e50dad1f1591a912cf332 DependenciesID=ef2fee12e44ee9f9380bf617a041d6d5 StaticDependenciesID=0e32b8ad332175330a2a176b4d3a3252 
Number of updated asset objects reloaded before import = 0
Number of asset objects unloaded after import = 0
========================================================================
Received Import Request.
  Time of request: 2026-08-11T15:50:20.25281Z
  Time since last request: 0.0012842 seconds.
  importAddress: GUID: fb46e167769fd4b5e8f7c2ca3e0d431e - Path: Packages/com.unity.visualscripting/Runtime/VisualScripting.Core/Graphs/GraphPointer.cs - Importer: ScriptedImporter/UnityEditor.QuickSearchModule:UnityEditor.Search:ASIAI0B
Importing 'GUID: fb46e167769fd4b5e8f7c2ca3e0d431e - Path: Packages/com.unity.visualscripting/Runtime/VisualScripting.Core/Graphs/GraphPointer.cs - Importer: ScriptedImporter/UnityEditor.QuickSearchModule:UnityEditor.Search:ASIAI0B' with importer (ScriptedImporter : UnityEditor.QuickSearchModule:UnityEditor.Search:ASIAI0B)
Imported 'GUID: fb46e167769fd4b5e8f7c2ca3e0d431e' -> (Import Result ID: 'b29a2de251f9b12573462da787aba212') in 0.003 seconds [static and dynamic dependencies]. Details - ImportResultOutputID=2765a100617d3e771e6fcc580bf75abb DependenciesID=79ceeda1334d0b08a749022eefea0b60 StaticDependenciesID=5d80d1f28815e5f3a3e66c85ae2a23e9 
Number of updated asset objects reloaded before import = 0
Number of asset objects unloaded after import = 0
========================================================================
Received Import Request.
  Time of request: 2026-08-11T15:50:20.2652054Z
  Time since last request: 0.0002908 seconds.
  importAddress: GUID: bbe1646219f7b48c194ea44b48bdf8a1 - Path: Packages/com.unity.visualscripting/Runtime/VisualScripting.Core/EditorBinding/TypeIconPriorityAttribute.cs - Importer: ScriptedImporter/UnityEditor.QuickSearchModule:UnityEditor.Search:ASIAI0B
Importing 'GUID: bbe1646219f7b48c194ea44b48bdf8a1 - Path: Packages/com.unity.visualscripting/Runtime/VisualScripting.Core/EditorBinding/TypeIconPriorityAttribute.cs - Importer: ScriptedImporter/UnityEditor.QuickSearchModule:UnityEditor.Search:ASIAI0B' with importer (ScriptedImporter : UnityEditor.QuickSearchModule:UnityEditor.Search:ASIAI0B)
Imported 'GUID: bbe1646219f7b48c194ea44b48bdf8a1' -> (Import Result ID: '3b61940dabef541c5a0e3c3fbbd42916') in 0.003 seconds [static and dynamic dependencies]. Details - ImportResultOutputID=2d2a753f44faf35344a968fd1a915ae8 DependenciesID=e43cc78cbc0f0ea67a318e08726591c4 StaticDependenciesID=c4ec5b6353d03e64dfa4e39410b7b26f 
Number of updated asset objects reloaded before import = 0
Number of asset objects unloaded after import = 0
========================================================================
Received Import Request.
  Time of request: 2026-08-11T15:50:20.2783819Z
  Time since last request: 0.0003374 seconds.
  importAddress: GUID: 516936d95362a47c1bbf1eae0077d930 - Path: Packages/com.unity.visualscripting/Runtime/VisualScripting.Core/Ensure/ExceptionMessages.cs - Importer: ScriptedImporter/UnityEditor.QuickSearchModule:UnityEditor.Search:ASIAI0B
Importing 'GUID: 516936d95362a47c1bbf1eae0077d930 - Path: Packages/com.unity.visualscripting/Runtime/VisualScripting.Core/Ensure/ExceptionMessages.cs - Importer: ScriptedImporter/UnityEditor.QuickSearchModule:UnityEditor.Search:ASIAI0B' with importer (ScriptedImporter : UnityEditor.QuickSearchModule:UnityEditor.Search:ASIAI0B)
Imported 'GUID: 516936d95362a47c1bbf1eae0077d930' -> (Import Result ID: 'a80049d0bd5a508cda675874b97fa7ad') in 0.004 seconds [static and dynamic dependencies]. Details - ImportResultOutputID=2719f863bf06733920b442645a7ba69c DependenciesID=bac56cbce3fb1d34a5fde8b742d6fde8 StaticDependenciesID=2404d16401c462488bfd34737525c841 
Number of updated asset objects reloaded before import = 0
Number of asset objects unloaded after import = 0
========================================================================
Received Import Request.
  Time of request: 2026-08-11T15:50:20.2921715Z
  Time since last request: 0.0005992 seconds.
  importAddress: GUID: 0a69171d7129543bf9453c8c22067cfe - Path: Packages/com.unity.visualscripting/Runtime/VisualScripting.Core/Exceptions/InvalidImplementationException.cs - Importer: ScriptedImporter/UnityEditor.QuickSearchModule:UnityEditor.Search:ASIAI0B
Importing 'GUID: 0a69171d7129543bf9453c8c22067cfe - Path: Packages/com.unity.visualscripting/Runtime/VisualScripting.Core/Exceptions/InvalidImplementationException.cs - Importer: ScriptedImporter/UnityEditor.QuickSearchModule:UnityEditor.Search:ASIAI0B' with importer (ScriptedImporter : UnityEditor.QuickSearchModule:UnityEditor.Search:ASIAI0B)
Imported 'GUID: 0a69171d7129543bf9453c8c22067cfe' -> (Import Result ID: 'deaaab8c08a82b13513ae30e3fab4230') in 0.003 seconds [static and dynamic dependencies]. Details - ImportResultOutputID=7e4a870e83e19dc684279c74197faaba DependenciesID=eb46a7554005dc154e4bcdfa190b705c StaticDependenciesID=98f7a233ece97ee4a902ff08080d8493 
Number of updated asset objects reloaded before import = 0
Number of asset objects unloaded after import = 0
========================================================================
Received Import Request.
  Time of request: 2026-08-11T15:50:20.3215122Z
  Time since last request: 0.0185784 seconds.
  importAddress: GUID: dbd2d7f4ee9254367bd1b9f18f807872 - Path: Packages/com.unity.visualscripting/Runtime/VisualScripting.Core/Reflection/TypeQualifier.cs - Importer: ScriptedImporter/UnityEditor.QuickSearchModule:UnityEditor.Search:ASIAI0B
Importing 'GUID: dbd2d7f4ee9254367bd1b9f18f807872 - Path: Packages/com.unity.visualscripting/Runtime/VisualScripting.Core/Reflection/TypeQualifier.cs - Importer: ScriptedImporter/UnityEditor.QuickSearchModule:UnityEditor.Search:ASIAI0B' with importer (ScriptedImporter : UnityEditor.QuickSearchModule:UnityEditor.Search:ASIAI0B)
Imported 'GUID: dbd2d7f4ee9254367bd1b9f18f807872' -> (Import Result ID: 'ef66ba569ffb155dd5402e9a2cfdeb62') in 0.003 seconds [static and dynamic dependencies]. Details - ImportResultOutputID=d0bedc771f690dd32e4d96d620d9ba84 DependenciesID=79d6f76c387e2adfec09eafd31c096be StaticDependenciesID=97269e0398ccf9283d8177936a40c560 
Number of updated asset objects reloaded before import = 0
Number of asset objects unloaded after import = 0
========================================================================
Received Import Request.
  Time of request: 2026-08-11T15:50:20.3332773Z
  Time since last request: 0.0011159 seconds.
  importAddress: GUID: 575479e672c3948eebd1d284a05b742a - Path: Packages/com.unity.visualscripting/Runtime/VisualScripting.Core/Platforms/IAotStubbable.cs - Importer: ScriptedImporter/UnityEditor.QuickSearchModule:UnityEditor.Search:ASIAI0B
Importing 'GUID: 575479e672c3948eebd1d284a05b742a - Path: Packages/com.unity.visualscripting/Runtime/VisualScripting.Core/Platforms/IAotStubbable.cs - Importer: ScriptedImporter/UnityEditor.QuickSearchModule:UnityEditor.Search:ASIAI0B' with importer (ScriptedImporter : UnityEditor.QuickSearchModule:UnityEditor.Search:ASIAI0B)
Imported 'GUID: 575479e672c3948eebd1d284a05b742a' -> (Import Result ID: '24e07c84c2b79660c53c2bfacf5a2f94') in 0.003 seconds [static and dynamic dependencies]. Details - ImportResultOutputID=041df3e243f635db7d875a887f0e4c4e DependenciesID=8c7cb05699f2b3d4d6b6e741411426c1 StaticDependenciesID=dc1709ef2f01dfa2cddd825412260c3a 
Number of updated asset objects reloaded before import = 0
Number of asset objects unloaded after import = 0
========================================================================
Received Import Request.
  Time of request: 2026-08-11T15:50:20.3446024Z
  Time since last request: 0.0004329 seconds.
  importAddress: GUID: ab267aba735c944839ba79767a1955e9 - Path: Packages/com.unity.visualscripting/Runtime/VisualScripting.Core/Serialization/ISerializationDepender.cs - Importer: ScriptedImporter/UnityEditor.QuickSearchModule:UnityEditor.Search:ASIAI0B
Importing 'GUID: ab267aba735c944839ba79767a1955e9 - Path: Packages/com.unity.visualscripting/Runtime/VisualScripting.Core/Serialization/ISerializationDepender.cs - Importer: ScriptedImporter/UnityEditor.QuickSearchModule:UnityEditor.Search:ASIAI0B' with importer (ScriptedImporter : UnityEditor.QuickSearchModule:UnityEditor.Search:ASIAI0B)
Imported 'GUID: ab267aba735c944839ba79767a1955e9' -> (Import Result ID: '5d4f765044b559a6720cddf0f6ffdafd') in 0.003 seconds [static and dynamic dependencies]. Details - ImportResultOutputID=2372d5eca2ed2930042df1cc03b2f33e DependenciesID=54c1b6e1cad4da77f37f8cfadd48e049 StaticDependenciesID=c066ff2d8879d355cb924c25d5ca12d1 
Number of updated asset objects reloaded before import = 0
Number of asset objects unloaded after import = 0
========================================================================
Received Import Request.
  Time of request: 2026-08-11T15:50:20.3566Z
  Time since last request: 0.0008435 seconds.
  importAddress: GUID: 4e87565dfd6f14a4ba52932102776550 - Path: Packages/com.unity.visualscripting/Runtime/VisualScripting.Core/Reflection/TypeNameDetail.cs - Importer: ScriptedImporter/UnityEditor.QuickSearchModule:UnityEditor.Search:ASIAI0B
Importing 'GUID: 4e87565dfd6f14a4ba52932102776550 - Path: Packages/com.unity.visualscripting/Runtime/VisualScripting.Core/Reflection/TypeNameDetail.cs - Importer: ScriptedImporter/UnityEditor.QuickSearchModule:UnityEditor.Search:ASIAI0B' with importer (ScriptedImporter : UnityEditor.QuickSearchModule:UnityEditor.Search:ASIAI0B)
Imported 'GUID: 4e87565dfd6f14a4ba52932102776550' -> (Import Result ID: '50b3c300860ecaccfd090fb0c414ad5a') in 0.003 seconds [static and dynamic dependencies]. Details - ImportResultOutputID=5c899af3cbac63c2712be6d40b60fd96 DependenciesID=c0998d5cc51074fbfc00f30a549cde26 StaticDependenciesID=5b9231312956dc3d363d63237b5a0fde 
Number of updated asset objects reloaded before import = 0
Number of asset objects unloaded after import = 0
========================================================================
Received Import Request.
  Time of request: 2026-08-11T15:50:20.3694455Z
  Time since last request: 0.0005519 seconds.
  importAddress: GUID: e6d26ae946da54f7494be766b3890929 - Path: Packages/com.unity.visualscripting/Runtime/VisualScripting.Core/Reflection/MemberUtility.cs - Importer: ScriptedImporter/UnityEditor.QuickSearchModule:UnityEditor.Search:ASIAI0B
Importing 'GUID: e6d26ae946da54f7494be766b3890929 - Path: Packages/com.unity.visualscripting/Runtime/VisualScripting.Core/Reflection/MemberUtility.cs - Importer: ScriptedImporter/UnityEditor.QuickSearchModule:UnityEditor.Search:ASIAI0B' with importer (ScriptedImporter : UnityEditor.QuickSearchModule:UnityEditor.Search:ASIAI0B)
Imported 'GUID: e6d26ae946da54f7494be766b3890929' -> (Import Result ID: '0875e10792af7fba786c392014507442') in 0.003 seconds [static and dynamic dependencies]. Details - ImportResultOutputID=d0f4c669a3968b9033e1dd6ef84321ec DependenciesID=18e30b8be78144ae0b3802188c540855 StaticDependenciesID=b4f1b196d04af14080cb3c96117402a5 
Number of updated asset objects reloaded before import = 0
Number of asset objects unloaded after import = 0
========================================================================
Received Import Request.
  Time of request: 2026-08-11T15:50:20.3818319Z
  Time since last request: 0.0003372 seconds.
  importAddress: GUID: 9f4dc1e2bfd0e486eaf70b322db267c1 - Path: Packages/com.unity.visualscripting/Runtime/VisualScripting.Core/Reflection/LooseAssemblyName.cs - Importer: ScriptedImporter/UnityEditor.QuickSearchModule:UnityEditor.Search:ASIAI0B
Importing 'GUID: 9f4dc1e2bfd0e486eaf70b322db267c1 - Path: Packages/com.unity.visualscripting/Runtime/VisualScripting.Core/Reflection/LooseAssemblyName.cs - Importer: ScriptedImporter/UnityEditor.QuickSearchModule:UnityEditor.Search:ASIAI0B' with importer (ScriptedImporter : UnityEditor.QuickSearchModule:UnityEditor.Search:ASIAI0B)
Imported 'GUID: 9f4dc1e2bfd0e486eaf70b322db267c1' -> (Import Result ID: '7b7d3be58e52381eafac6cbd79b74f31') in 0.003 seconds [static and dynamic dependencies]. Details - ImportResultOutputID=f02d9c5b3a7a1af4085a9a00c2d33b93 DependenciesID=65d7676a332df5e0e158b418bc676cfb StaticDependenciesID=5754602040ff2dc3f29c4a8b33f46288 
Number of updated asset objects reloaded before import = 0
Number of asset objects unloaded after import = 0
========================================================================
Received Import Request.
  Time of request: 2026-08-11T15:50:20.39544Z
  Time since last request: 0.0003699 seconds.
  importAddress: GUID: 8f0e86da875e743bab78f0094f19b1f7 - Path: Packages/com.unity.visualscripting/Runtime/VisualScripting.Core/Serialization/SerializeAttribute.cs - Importer: ScriptedImporter/UnityEditor.QuickSearchModule:UnityEditor.Search:ASIAI0B
Importing 'GUID: 8f0e86da875e743bab78f0094f19b1f7 - Path: Packages/com.unity.visualscripting/Runtime/VisualScripting.Core/Serialization/SerializeAttribute.cs - Importer: ScriptedImporter/UnityEditor.QuickSearchModule:UnityEditor.Search:ASIAI0B' with importer (ScriptedImporter : UnityEditor.QuickSearchModule:UnityEditor.Search:ASIAI0B)
Imported 'GUID: 8f0e86da875e743bab78f0094f19b1f7' -> (Import Result ID: 'ff032f8e9f22c2eb7aad296683a77f7f') in 0.003 seconds [static and dynamic dependencies]. Details - ImportResultOutputID=8b00140b8f4a1a19782ea5124e146278 DependenciesID=e469a813bcf058fccbfeb6aca7acc190 StaticDependenciesID=0e8702c51a6d00afdc8b6dacc6e340ec 
Number of updated asset objects reloaded before import = 0
Number of asset objects unloaded after import = 0
========================================================================
Received Import Request.
  Time of request: 2026-08-11T15:50:20.4074892Z
  Time since last request: 0.0002617 seconds.
  importAddress: GUID: 9cabf1f594a6040b5b185332031bb80e - Path: Packages/com.unity.visualscripting/Runtime/VisualScripting.Core/Machines/Machine.cs - Importer: ScriptedImporter/UnityEditor.QuickSearchModule:UnityEditor.Search:ASIAI0B
Importing 'GUID: 9cabf1f594a6040b5b185332031bb80e - Path: Packages/com.unity.visualscripting/Runtime/VisualScripting.Core/Machines/Machine.cs - Importer: ScriptedImporter/UnityEditor.QuickSearchModule:UnityEditor.Search:ASIAI0B' with importer (ScriptedImporter : UnityEditor.QuickSearchModule:UnityEditor.Search:ASIAI0B)
Imported 'GUID: 9cabf1f594a6040b5b185332031bb80e' -> (Import Result ID: 'a31bb5b1fe1eda58ee603d2a4bf054b7') in 0.003 seconds [static and dynamic dependencies]. Details - ImportResultOutputID=d07b39780d54c886db3a1a6f97509348 DependenciesID=33411c3e9ecf121398a2560c9b250f9a StaticDependenciesID=a7494fc964675be4f61d42e7bf73ea89 
Number of updated asset objects reloaded before import = 0
Number of asset objects unloaded after import = 0
========================================================================
Received Import Request.
  Time of request: 2026-08-11T15:50:20.437464Z
  Time since last request: 0.0187829 seconds.
  importAddress: GUID: b71fe733d92c1489cb3c89d5841ea222 - Path: Packages/com.unity.visualscripting/Runtime/VisualScripting.Flow/Connections/ControlConnection.cs - Importer: ScriptedImporter/UnityEditor.QuickSearchModule:UnityEditor.Search:ASIAI0B
Importing 'GUID: b71fe733d92c1489cb3c89d5841ea222 - Path: Packages/com.unity.visualscripting/Runtime/VisualScripting.Flow/Connections/ControlConnection.cs - Importer: ScriptedImporter/UnityEditor.QuickSearchModule:UnityEditor.Search:ASIAI0B' with importer (ScriptedImporter : UnityEditor.QuickSearchModule:UnityEditor.Search:ASIAI0B)
Imported 'GUID: b71fe733d92c1489cb3c89d5841ea222' -> (Import Result ID: '7d316986eb97e151e61ea8d6e472620b') in 0.003 seconds [static and dynamic dependencies]. Details - ImportResultOutputID=62abb5d1e396c6a347855fd8151bc4d2 DependenciesID=09d477d95a8e3eec7228e4264955f60c StaticDependenciesID=594991aa9a5ca13f4f47fe8cfe50a607 
Number of updated asset objects reloaded before import = 0
Number of asset objects unloaded after import = 0
========================================================================
Received Import Request.
  Time of request: 2026-08-11T15:50:20.4490755Z
  Time since last request: 0.0011507 seconds.
  importAddress: GUID: d9a0487fa0dbe4c4db50cd8d1bb03247 - Path: Packages/com.unity.visualscripting/Runtime/VisualScripting.Core/Utilities/IGettable.cs - Importer: ScriptedImporter/UnityEditor.QuickSearchModule:UnityEditor.Search:ASIAI0B
Importing 'GUID: d9a0487fa0dbe4c4db50cd8d1bb03247 - Path: Packages/com.unity.visualscripting/Runtime/VisualScripting.Core/Utilities/IGettable.cs - Importer: ScriptedImporter/UnityEditor.QuickSearchModule:UnityEditor.Search:ASIAI0B' with importer (ScriptedImporter : UnityEditor.QuickSearchModule:UnityEditor.Search:ASIAI0B)
Imported 'GUID: d9a0487fa0dbe4c4db50cd8d1bb03247' -> (Import Result ID: 'f84627999f7a66928a2cdbb4c375528c') in 0.003 seconds [static and dynamic dependencies]. Details - ImportResultOutputID=1b882243f75231721089118809391c9c DependenciesID=0eeb577d2a9ec17274f2e36fb2ef4087 StaticDependenciesID=f100b0cf42c3de60718a46a1e2b51677 
Number of updated asset objects reloaded before import = 0
Number of asset objects unloaded after import = 0
========================================================================
Received Import Request.
  Time of request: 2026-08-11T15:50:20.4605268Z
  Time since last request: 0.0007532 seconds.
  importAddress: GUID: 733f8c95b5e9f45d69dc6e292d5367c8 - Path: Packages/com.unity.visualscripting/Runtime/VisualScripting.Core/Unity/SingletonAttribute.cs - Importer: ScriptedImporter/UnityEditor.QuickSearchModule:UnityEditor.Search:ASIAI0B
Importing 'GUID: 733f8c95b5e9f45d69dc6e292d5367c8 - Path: Packages/com.unity.visualscripting/Runtime/VisualScripting.Core/Unity/SingletonAttribute.cs - Importer: ScriptedImporter/UnityEditor.QuickSearchModule:UnityEditor.Search:ASIAI0B' with importer (ScriptedImporter : UnityEditor.QuickSearchModule:UnityEditor.Search:ASIAI0B)
Imported 'GUID: 733f8c95b5e9f45d69dc6e292d5367c8' -> (Import Result ID: 'd18a764c314bb574d540fb08f2ed75fe') in 0.003 seconds [static and dynamic dependencies]. Details - ImportResultOutputID=96e405bc5310f9d92084c21f4e813a67 DependenciesID=22ee45139d8ae50fce71fd8f5f8fc6ed StaticDependenciesID=22b78804fbca84f3d4cdecff9489654c 
Number of updated asset objects reloaded before import = 0
Number of asset objects unloaded after import = 0
========================================================================
Received Import Request.
  Time of request: 2026-08-11T15:50:20.4717074Z
  Time since last request: 0.0003674 seconds.
  importAddress: GUID: 6b9bf948c5f3f4f6ea4ece19bd2bfd19 - Path: Packages/com.unity.visualscripting/Runtime/VisualScripting.Core/Unity/IGizmoDrawer.cs - Importer: ScriptedImporter/UnityEditor.QuickSearchModule:UnityEditor.Search:ASIAI0B
Importing 'GUID: 6b9bf948c5f3f4f6ea4ece19bd2bfd19 - Path: Packages/com.unity.visualscripting/Runtime/VisualScripting.Core/Unity/IGizmoDrawer.cs - Importer: ScriptedImporter/UnityEditor.QuickSearchModule:UnityEditor.Search:ASIAI0B' with importer (ScriptedImporter : UnityEditor.QuickSearchModule:UnityEditor.Search:ASIAI0B)
Imported 'GUID: 6b9bf948c5f3f4f6ea4ece19bd2bfd19' -> (Import Result ID: 'c96252d385232a56ccd57a3794152986') in 0.004 seconds [static and dynamic dependencies]. Details - ImportResultOutputID=a7a99a732970f192c386e0135364ba0c DependenciesID=f553e246e52143396c342ea3588a0454 StaticDependenciesID=d2b76fc0ec6e21c6ccf355665627f534 
Number of updated asset objects reloaded before import = 0
Number of asset objects unloaded after import = 0
========================================================================
Received Import Request.
  Time of request: 2026-08-11T15:50:20.4862192Z
  Time since last request: 0.0006063 seconds.
  importAddress: GUID: bbd0ae7801d694a1990062998bcdb7fe - Path: Packages/com.unity.visualscripting/Runtime/VisualScripting.Core/Variables/VariableKind.cs - Importer: ScriptedImporter/UnityEditor.QuickSearchModule:UnityEditor.Search:ASIAI0B
Importing 'GUID: bbd0ae7801d694a1990062998bcdb7fe - Path: Packages/com.unity.visualscripting/Runtime/VisualScripting.Core/Variables/VariableKind.cs - Importer: ScriptedImporter/UnityEditor.QuickSearchModule:UnityEditor.Search:ASIAI0B' with importer (ScriptedImporter : UnityEditor.QuickSearchModule:UnityEditor.Search:ASIAI0B)
Imported 'GUID: bbd0ae7801d694a1990062998bcdb7fe' -> (Import Result ID: 'fa97f57d4d21b85a319f29765361a510') in 0.003 seconds [static and dynamic dependencies]. Details - ImportResultOutputID=9deee73677d723759b553eff5eae0bd7 DependenciesID=e0961d37798f6551457969fd08710204 StaticDependenciesID=f699dcbcdc04b50c1f1c8a776a708998 
Number of updated asset objects reloaded before import = 0
Number of asset objects unloaded after import = 0
========================================================================
Received Import Request.
  Time of request: 2026-08-11T15:50:20.4981011Z
  Time since last request: 0.0004395 seconds.
  importAddress: GUID: 16c818a2cfc334b38b238142c08478ce - Path: Packages/com.unity.visualscripting/Runtime/VisualScripting.Core/Utilities/LinqUtility.cs - Importer: ScriptedImporter/UnityEditor.QuickSearchModule:UnityEditor.Search:ASIAI0B
Importing 'GUID: 16c818a2cfc334b38b238142c08478ce - Path: Packages/com.unity.visualscripting/Runtime/VisualScripting.Core/Utilities/LinqUtility.cs - Importer: ScriptedImporter/UnityEditor.QuickSearchModule:UnityEditor.Search:ASIAI0B' with importer (ScriptedImporter : UnityEditor.QuickSearchModule:UnityEditor.Search:ASIAI0B)
Imported 'GUID: 16c818a2cfc334b38b238142c08478ce' -> (Import Result ID: 'df709952d02685cffd4d99290b034b57') in 0.003 seconds [static and dynamic dependencies]. Details - ImportResultOutputID=6c1c0a7d5e98ecb86db257605fc012d6 DependenciesID=9a2107d3d1c1be000f00b36f486fa717 StaticDependenciesID=34ae64007dfd66d9ece46cb6185d7c22 
Number of updated asset objects reloaded before import = 0
Number of asset objects unloaded after import = 0
========================================================================
Received Import Request.
  Time of request: 2026-08-11T15:50:20.5102213Z
  Time since last request: 0.0002654 seconds.
  importAddress: GUID: 37555ce9c5e6b4629a515670c9f64bef - Path: Packages/com.unity.visualscripting/Runtime/VisualScripting.Core/Variables/VariableDeclarationCollection.cs - Importer: ScriptedImporter/UnityEditor.QuickSearchModule:UnityEditor.Search:ASIAI0B
Importing 'GUID: 37555ce9c5e6b4629a515670c9f64bef - Path: Packages/com.unity.visualscripting/Runtime/VisualScripting.Core/Variables/VariableDeclarationCollection.cs - Importer: ScriptedImporter/UnityEditor.QuickSearchModule:UnityEditor.Search:ASIAI0B' with importer (ScriptedImporter : UnityEditor.QuickSearchModule:UnityEditor.Search:ASIAI0B)
Imported 'GUID: 37555ce9c5e6b4629a515670c9f64bef' -> (Import Result ID: '749f410bda750d1194d553a9325d60d0') in 0.003 seconds [static and dynamic dependencies]. Details - ImportResultOutputID=7d5de3b83cfb6263c1477d8c9fe9a899 DependenciesID=e2db584e767ba86dc0473f930ffeab8b StaticDependenciesID=32799a77cab203f14a3e543eb0bba0dc 
Number of updated asset objects reloaded before import = 0
Number of asset objects unloaded after import = 0
========================================================================
Received Import Request.
  Time of request: 2026-08-11T15:50:20.5228802Z
  Time since last request: 0.0004702 seconds.
  importAddress: GUID: 57ded228646794ea2a6e7b966f8d9880 - Path: Packages/com.unity.visualscripting/Runtime/VisualScripting.Flow/EditorBinding/PortLabelHiddenAttribute.cs - Importer: ScriptedImporter/UnityEditor.QuickSearchModule:UnityEditor.Search:ASIAI0B
Importing 'GUID: 57ded228646794ea2a6e7b966f8d9880 - Path: Packages/com.unity.visualscripting/Runtime/VisualScripting.Flow/EditorBinding/PortLabelHiddenAttribute.cs - Importer: ScriptedImporter/UnityEditor.QuickSearchModule:UnityEditor.Search:ASIAI0B' with importer (ScriptedImporter : UnityEditor.QuickSearchModule:UnityEditor.Search:ASIAI0B)
Imported 'GUID: 57ded228646794ea2a6e7b966f8d9880' -> (Import Result ID: '80ba21af15cfab2e30c3013706df3a7b') in 0.003 seconds [static and dynamic dependencies]. Details - ImportResultOutputID=c9965a1e4372de0c5b448b921d762d75 DependenciesID=c1337baae0da76f18f6c7758b9a827c0 StaticDependenciesID=8c4cd0c5b8c5658153b73112cfb0b269 
Number of updated asset objects reloaded before import = 0
Number of asset objects unloaded after import = 0
========================================================================
Received Import Request.
  Time of request: 2026-08-11T15:50:20.5683566Z
  Time since last request: 0.0342728 seconds.
  importAddress: GUID: b918288aea8fd4431aa7bad5e41cb582 - Path: Packages/com.unity.visualscripting/Editor/VisualScripting.Core/Inspection/Primitives/CharInspector.cs - Importer: ScriptedImporter/UnityEditor.QuickSearchModule:UnityEditor.Search:ASIAI0B
Importing 'GUID: b918288aea8fd4431aa7bad5e41cb582 - Path: Packages/com.unity.visualscripting/Editor/VisualScripting.Core/Inspection/Primitives/CharInspector.cs - Importer: ScriptedImporter/UnityEditor.QuickSearchModule:UnityEditor.Search:ASIAI0B' with importer (ScriptedImporter : UnityEditor.QuickSearchModule:UnityEditor.Search:ASIAI0B)
Imported 'GUID: b918288aea8fd4431aa7bad5e41cb582' -> (Import Result ID: '3b52575d8cc5c81c8e8871c7752cbe89') in 0.004 seconds [static and dynamic dependencies]. Details - ImportResultOutputID=456f75f96224bd8d25ee648af433e675 DependenciesID=a3e7cc7ab3fff31f3c8c1d0076f4a323 StaticDependenciesID=3b8c4ece6d8aa028d73d7abbda611fdf 
Number of updated asset objects reloaded before import = 0
Number of asset objects unloaded after import = 0
========================================================================
Received Import Request.
  Time of request: 2026-08-11T15:50:20.5802668Z
  Time since last request: 0.000863 seconds.
  importAddress: GUID: 0f1343d6c8d3242ec84a6409f537028c - Path: Packages/com.unity.visualscripting/Runtime/VisualScripting.Flow/Ports/IUnitValuePortDefinition.cs - Importer: ScriptedImporter/UnityEditor.QuickSearchModule:UnityEditor.Search:ASIAI0B
Importing 'GUID: 0f1343d6c8d3242ec84a6409f537028c - Path: Packages/com.unity.visualscripting/Runtime/VisualScripting.Flow/Ports/IUnitValuePortDefinition.cs - Importer: ScriptedImporter/UnityEditor.QuickSearchModule:UnityEditor.Search:ASIAI0B' with importer (ScriptedImporter : UnityEditor.QuickSearchModule:UnityEditor.Search:ASIAI0B)
Imported 'GUID: 0f1343d6c8d3242ec84a6409f537028c' -> (Import Result ID: 'f6692b710522b72f0cdb197ea70c7101') in 0.004 seconds [static and dynamic dependencies]. Details - ImportResultOutputID=b10cee7ad5b30621a7c92a5133aaf61c DependenciesID=460403c92d8e02bebfa1ef550b679e91 StaticDependenciesID=c9d27d2a63ddb549543bb6b3d8bbcaf1 
Number of updated asset objects reloaded before import = 0
Number of asset objects unloaded after import = 0
========================================================================
Received Import Request.
  Time of request: 2026-08-11T15:50:20.5932157Z
  Time since last request: 0.000364 seconds.
  importAddress: GUID: 3dc65ac6712541c586dbafa60214e23e - Path: Packages/com.unity.visualscripting/Runtime/VisualScripting.Flow/Framework/MissingType.cs - Importer: ScriptedImporter/UnityEditor.QuickSearchModule:UnityEditor.Search:ASIAI0B
Importing 'GUID: 3dc65ac6712541c586dbafa60214e23e - Path: Packages/com.unity.visualscripting/Runtime/VisualScripting.Flow/Framework/MissingType.cs - Importer: ScriptedImporter/UnityEditor.QuickSearchModule:UnityEditor.Search:ASIAI0B' with importer (ScriptedImporter : UnityEditor.QuickSearchModule:UnityEditor.Search:ASIAI0B)
Imported 'GUID: 3dc65ac6712541c586dbafa60214e23e' -> (Import Result ID: '215c6c394d6951bda119a6ec1d2a685b') in 0.003 seconds [static and dynamic dependencies]. Details - ImportResultOutputID=50fca41bc4e944ba89e9b212f25672b3 DependenciesID=28922828e7986670d036a3d9b18b14f9 StaticDependenciesID=e9416d12cb72d9a2b1cd3af5df78c656 
Number of updated asset objects reloaded before import = 0
Number of asset objects unloaded after import = 0
========================================================================
Received Import Request.
  Time of request: 2026-08-11T15:50:20.6058579Z
  Time since last request: 0.0003854 seconds.
  importAddress: GUID: 35c51686fa65b47e7a57f329b156e52f - Path: Packages/com.unity.visualscripting/Runtime/VisualScripting.Flow/Framework/Formula.cs - Importer: ScriptedImporter/UnityEditor.QuickSearchModule:UnityEditor.Search:ASIAI0B
Importing 'GUID: 35c51686fa65b47e7a57f329b156e52f - Path: Packages/com.unity.visualscripting/Runtime/VisualScripting.Flow/Framework/Formula.cs - Importer: ScriptedImporter/UnityEditor.QuickSearchModule:UnityEditor.Search:ASIAI0B' with importer (ScriptedImporter : UnityEditor.QuickSearchModule:UnityEditor.Search:ASIAI0B)
Imported 'GUID: 35c51686fa65b47e7a57f329b156e52f' -> (Import Result ID: 'b24112769d5cb5a653af549e17d918d8') in 0.003 seconds [static and dynamic dependencies]. Details - ImportResultOutputID=bc1762c9589d6528b4ce036ff73b465a DependenciesID=1ad85dd385a4c70c8b6a5abe59c714de StaticDependenciesID=e9599bf0a92857a69f43c06110d9abb3 
Number of updated asset objects reloaded before import = 0
Number of asset objects unloaded after import = 0
========================================================================
Received Import Request.
  Time of request: 2026-08-11T15:50:20.618866Z
  Time since last request: 0.0003 seconds.
  importAddress: GUID: 9e785d5d13e7445c59a02007dd2d9880 - Path: Packages/com.unity.visualscripting/Runtime/VisualScripting.Flow/Ports/IUnitControlPort.cs - Importer: ScriptedImporter/UnityEditor.QuickSearchModule:UnityEditor.Search:ASIAI0B
Importing 'GUID: 9e785d5d13e7445c59a02007dd2d9880 - Path: Packages/com.unity.visualscripting/Runtime/VisualScripting.Flow/Ports/IUnitControlPort.cs - Importer: ScriptedImporter/UnityEditor.QuickSearchModule:UnityEditor.Search:ASIAI0B' with importer (ScriptedImporter : UnityEditor.QuickSearchModule:UnityEditor.Search:ASIAI0B)
Imported 'GUID: 9e785d5d13e7445c59a02007dd2d9880' -> (Import Result ID: '9524dbfcf4c9d3dffb5e0f2c0aa9deec') in 0.003 seconds [static and dynamic dependencies]. Details - ImportResultOutputID=88090d0e7f72932c5ab3bc39ab4b8471 DependenciesID=08d84c447b643d9f078f8e9ac29deb0a StaticDependenciesID=6dc771bebefa75a630ac6ff0d505b827 
Number of updated asset objects reloaded before import = 0
Number of asset objects unloaded after import = 0
========================================================================
Received Import Request.
  Time of request: 2026-08-11T15:50:20.6308856Z
  Time since last request: 0.0002923 seconds.
  importAddress: GUID: 4cd54a79dd8cb415290e0d02fc958989 - Path: Packages/com.unity.visualscripting/Editor/VisualScripting.Core/Inspection/Primitives/ByteInspector.cs - Importer: ScriptedImporter/UnityEditor.QuickSearchModule:UnityEditor.Search:ASIAI0B
Importing 'GUID: 4cd54a79dd8cb415290e0d02fc958989 - Path: Packages/com.unity.visualscripting/Editor/VisualScripting.Core/Inspection/Primitives/ByteInspector.cs - Importer: ScriptedImporter/UnityEditor.QuickSearchModule:UnityEditor.Search:ASIAI0B' with importer (ScriptedImporter : UnityEditor.QuickSearchModule:UnityEditor.Search:ASIAI0B)
Imported 'GUID: 4cd54a79dd8cb415290e0d02fc958989' -> (Import Result ID: 'a5c891e8672fa38f2d85c7073f4ffcf1') in 0.003 seconds [static and dynamic dependencies]. Details - ImportResultOutputID=0ef5b60aa1354ecd42a7c120d22fb839 DependenciesID=311b79de842d96ac7609d5bb649499a8 StaticDependenciesID=51be0788c170be0da666243b0130cff4 
Number of updated asset objects reloaded before import = 0
Number of asset objects unloaded after import = 0
========================================================================
Received Import Request.
  Time of request: 2026-08-11T15:50:20.6426821Z
  Time since last request: 0.0002691 seconds.
  importAddress: GUID: eea538402138b40fcac2e38902cd19cd - Path: Packages/com.unity.visualscripting/Editor/VisualScripting.Core/Dependencies/ReorderableList/IReorderableListAdaptor.cs - Importer: ScriptedImporter/UnityEditor.QuickSearchModule:UnityEditor.Search:ASIAI0B
Importing 'GUID: eea538402138b40fcac2e38902cd19cd - Path: Packages/com.unity.visualscripting/Editor/VisualScripting.Core/Dependencies/ReorderableList/IReorderableListAdaptor.cs - Importer: ScriptedImporter/UnityEditor.QuickSearchModule:UnityEditor.Search:ASIAI0B' with importer (ScriptedImporter : UnityEditor.QuickSearchModule:UnityEditor.Search:ASIAI0B)
Imported 'GUID: eea538402138b40fcac2e38902cd19cd' -> (Import Result ID: 'd3f69037520ad9c283cd6e321b1aa347') in 0.003 seconds [static and dynamic dependencies]. Details - ImportResultOutputID=1ad64a8d6f10daeadcdf67f8f3b3cb78 DependenciesID=eec605b4b6ddd0ca84e83e84ac6eb29a StaticDependenciesID=3b18d4b856941aec57929cf36ca7a530 
Number of updated asset objects reloaded before import = 0
Number of asset objects unloaded after import = 0
========================================================================
Received Import Request.
  Time of request: 2026-08-11T15:50:20.6552923Z
  Time since last request: 0.0004818 seconds.
  importAddress: GUID: 9476efe7aa732442c82035ca23813af0 - Path: Packages/com.unity.visualscripting/Runtime/VisualScripting.Flow/Ports/InvalidInput.cs - Importer: ScriptedImporter/UnityEditor.QuickSearchModule:UnityEditor.Search:ASIAI0B
Importing 'GUID: 9476efe7aa732442c82035ca23813af0 - Path: Packages/com.unity.visualscripting/Runtime/VisualScripting.Flow/Ports/InvalidInput.cs - Importer: ScriptedImporter/UnityEditor.QuickSearchModule:UnityEditor.Search:ASIAI0B' with importer (ScriptedImporter : UnityEditor.QuickSearchModule:UnityEditor.Search:ASIAI0B)
Imported 'GUID: 9476efe7aa732442c82035ca23813af0' -> (Import Result ID: 'a225dcdaea04690d4dd9ee489cbd930c') in 0.003 seconds [static and dynamic dependencies]. Details - ImportResultOutputID=ab3a323a711ea19477042881c5d78310 DependenciesID=4df344de81f6f5921128526550120d6b StaticDependenciesID=a8fa8559f242f9c631c7475cc0f3bade 
Number of updated asset objects reloaded before import = 0
Number of asset objects unloaded after import = 0
========================================================================
Received Import Request.
  Time of request: 2026-08-11T15:50:20.683884Z
  Time since last request: 0.016877 seconds.
  importAddress: GUID: 0f4da94ec927b44be8e638afd6e368e0 - Path: Packages/com.unity.visualscripting/Editor/VisualScripting.Core/Inspection/Primitives/GuidInspector.cs - Importer: ScriptedImporter/UnityEditor.QuickSearchModule:UnityEditor.Search:ASIAI0B
Importing 'GUID: 0f4da94ec927b44be8e638afd6e368e0 - Path: Packages/com.unity.visualscripting/Editor/VisualScripting.Core/Inspection/Primitives/GuidInspector.cs - Importer: ScriptedImporter/UnityEditor.QuickSearchModule:UnityEditor.Search:ASIAI0B' with importer (ScriptedImporter : UnityEditor.QuickSearchModule:UnityEditor.Search:ASIAI0B)
Imported 'GUID: 0f4da94ec927b44be8e638afd6e368e0' -> (Import Result ID: 'cf9ea558fcaba56db38653e5ce144ed9') in 0.003 seconds [static and dynamic dependencies]. Details - ImportResultOutputID=5f003d0c13754c392c8db6f9928cf891 DependenciesID=1d60bee432bc4d17df7eb62df28314b8 StaticDependenciesID=c37e9374a7a069dbac89cba0bbae86d1 
Number of updated asset objects reloaded before import = 0
Number of asset objects unloaded after import = 0
========================================================================
Received Import Request.
  Time of request: 2026-08-11T15:50:20.6959486Z
  Time since last request: 0.0005159 seconds.
  importAddress: GUID: 278da65f1d00a4bed9595c43b2dbd4c2 - Path: Packages/com.unity.visualscripting/Editor/VisualScripting.Core/Inspection/Primitives/ShortInspector.cs - Importer: ScriptedImporter/UnityEditor.QuickSearchModule:UnityEditor.Search:ASIAI0B
Importing 'GUID: 278da65f1d00a4bed9595c43b2dbd4c2 - Path: Packages/com.unity.visualscripting/Editor/VisualScripting.Core/Inspection/Primitives/ShortInspector.cs - Importer: ScriptedImporter/UnityEditor.QuickSearchModule:UnityEditor.Search:ASIAI0B' with importer (ScriptedImporter : UnityEditor.QuickSearchModule:UnityEditor.Search:ASIAI0B)
Imported 'GUID: 278da65f1d00a4bed9595c43b2dbd4c2' -> (Import Result ID: '71a9311d9f331a04cdfb8a25753fa900') in 0.003 seconds [static and dynamic dependencies]. Details - ImportResultOutputID=938f2e55f61b04b43872359449386fa5 DependenciesID=7b565984334c012af1a7ded2485d7720 StaticDependenciesID=8a36b597d618183b44bacc45f0ccd61d 
Number of updated asset objects reloaded before import = 0
Number of asset objects unloaded after import = 0
========================================================================
Received Import Request.
  Time of request: 2026-08-11T15:50:20.7069453Z
  Time since last request: 0.0006363 seconds.
  importAddress: GUID: f84826ef43cc045fc9247165cdc94dbd - Path: Packages/com.unity.visualscripting/Editor/VisualScripting.Core/Interface/Colors/ColorUtility.cs - Importer: ScriptedImporter/UnityEditor.QuickSearchModule:UnityEditor.Search:ASIAI0B
Importing 'GUID: f84826ef43cc045fc9247165cdc94dbd - Path: Packages/com.unity.visualscripting/Editor/VisualScripting.Core/Interface/Colors/ColorUtility.cs - Importer: ScriptedImporter/UnityEditor.QuickSearchModule:UnityEditor.Search:ASIAI0B' with importer (ScriptedImporter : UnityEditor.QuickSearchModule:UnityEditor.Search:ASIAI0B)
Imported 'GUID: f84826ef43cc045fc9247165cdc94dbd' -> (Import Result ID: '173f1c18c08ac97db461d3b8aedf8343') in 0.004 seconds [static and dynamic dependencies]. Details - ImportResultOutputID=34794e2ca22bd6809de158bbafce1049 DependenciesID=a71c49f5ab6f0d3716920123b198fee6 StaticDependenciesID=338e74fc36bc01912a625d3f9ec1674f 
Number of updated asset objects reloaded before import = 0
Number of asset objects unloaded after import = 0
========================================================================
Received Import Request.
  Time of request: 2026-08-11T15:50:20.7213899Z
  Time since last request: 0.0003235 seconds.
  importAddress: GUID: 193b27e8bdf56451c8c9ba0b82f5aaa5 - Path: Packages/com.unity.visualscripting/Editor/VisualScripting.Core/Interface/Fuzzy/FuzzyOptionNode.cs - Importer: ScriptedImporter/UnityEditor.QuickSearchModule:UnityEditor.Search:ASIAI0B
Importing 'GUID: 193b27e8bdf56451c8c9ba0b82f5aaa5 - Path: Packages/com.unity.visualscripting/Editor/VisualScripting.Core/Interface/Fuzzy/FuzzyOptionNode.cs - Importer: ScriptedImporter/UnityEditor.QuickSearchModule:UnityEditor.Search:ASIAI0B' with importer (ScriptedImporter : UnityEditor.QuickSearchModule:UnityEditor.Search:ASIAI0B)
Imported 'GUID: 193b27e8bdf56451c8c9ba0b82f5aaa5' -> (Import Result ID: '1bbcdfeddb2d5f5995dcb4a6ca99fdb5') in 0.003 seconds [static and dynamic dependencies]. Details - ImportResultOutputID=5dcb3e8250120b14a5acf7e8e48de057 DependenciesID=d848504a2db090c2e5a85d174a9f27ea StaticDependenciesID=253a1567476321559b4f28cfefa50828 
Number of updated asset objects reloaded before import = 0
Number of asset objects unloaded after import = 0
========================================================================
Received Import Request.
  Time of request: 2026-08-11T15:50:20.7344996Z
  Time since last request: 0.0005369 seconds.
  importAddress: GUID: 913aa0c5d2545457e9ba83d09977392e - Path: Packages/com.unity.visualscripting/Editor/VisualScripting.Core/Interface/Dropdowns/DropdownOption.cs - Importer: ScriptedImporter/UnityEditor.QuickSearchModule:UnityEditor.Search:ASIAI0B
Importing 'GUID: 913aa0c5d2545457e9ba83d09977392e - Path: Packages/com.unity.visualscripting/Editor/VisualScripting.Core/Interface/Dropdowns/DropdownOption.cs - Importer: ScriptedImporter/UnityEditor.QuickSearchModule:UnityEditor.Search:ASIAI0B' with importer (ScriptedImporter : UnityEditor.QuickSearchModule:UnityEditor.Search:ASIAI0B)
Imported 'GUID: 913aa0c5d2545457e9ba83d09977392e' -> (Import Result ID: '5817b8f9a34abf2c621c52f01ff66331') in 0.003 seconds [static and dynamic dependencies]. Details - ImportResultOutputID=10a339dab789fe6ca3c3652c0d5dc640 DependenciesID=617cc0a2b681adcc8c318f0d26d1da96 StaticDependenciesID=d2b24da760fc8042615f6bec67cb7d4f 
Number of updated asset objects reloaded before import = 0
Number of asset objects unloaded after import = 0
========================================================================
Received Import Request.
  Time of request: 2026-08-11T15:50:20.7451096Z
  Time since last request: 0.0003678 seconds.
  importAddress: GUID: bd6195d27d44d4155bb466f907b2c5f2 - Path: Packages/com.unity.visualscripting/Editor/VisualScripting.Core/Inspection/Unity/Ray2DInspector.cs - Importer: ScriptedImporter/UnityEditor.QuickSearchModule:UnityEditor.Search:ASIAI0B
Importing 'GUID: bd6195d27d44d4155bb466f907b2c5f2 - Path: Packages/com.unity.visualscripting/Editor/VisualScripting.Core/Inspection/Unity/Ray2DInspector.cs - Importer: ScriptedImporter/UnityEditor.QuickSearchModule:UnityEditor.Search:ASIAI0B' with importer (ScriptedImporter : UnityEditor.QuickSearchModule:UnityEditor.Search:ASIAI0B)
Imported 'GUID: bd6195d27d44d4155bb466f907b2c5f2' -> (Import Result ID: '8c3e9720eb603d62b055090b055dd9ec') in 0.003 seconds [static and dynamic dependencies]. Details - ImportResultOutputID=6aad666e7bc179295b482863cdc03f0f DependenciesID=6f2be0d49f8d0cee5666d70fdf85394e StaticDependenciesID=f93daa49fc08f7af39905a19602416e9 
Number of updated asset objects reloaded before import = 0
Number of asset objects unloaded after import = 0
========================================================================
Received Import Request.
  Time of request: 2026-08-11T15:50:20.7565264Z
  Time since last request: 0.0003718 seconds.
  importAddress: GUID: d5df715e0fb304b9088d02ee6d704bab - Path: Packages/com.unity.visualscripting/Editor/VisualScripting.Core/Inspection/Root/LudiqBehaviourEditor.cs - Importer: ScriptedImporter/UnityEditor.QuickSearchModule:UnityEditor.Search:ASIAI0B
Importing 'GUID: d5df715e0fb304b9088d02ee6d704bab - Path: Packages/com.unity.visualscripting/Editor/VisualScripting.Core/Inspection/Root/LudiqBehaviourEditor.cs - Importer: ScriptedImporter/UnityEditor.QuickSearchModule:UnityEditor.Search:ASIAI0B' with importer (ScriptedImporter : UnityEditor.QuickSearchModule:UnityEditor.Search:ASIAI0B)
Imported 'GUID: d5df715e0fb304b9088d02ee6d704bab' -> (Import Result ID: '98577f457a16cf8aaf4b31fa20e56198') in 0.003 seconds [static and dynamic dependencies]. Details - ImportResultOutputID=d8346b4e44af96ff86a502d2defb91a9 DependenciesID=7520f5743eda3864d7409f4f5d44352d StaticDependenciesID=7a74c7824b3a60a6e73bc8fa657f388d 
Number of updated asset objects reloaded before import = 0
Number of asset objects unloaded after import = 0
========================================================================
Received Import Request.
  Time of request: 2026-08-11T15:50:20.7690731Z
  Time since last request: 0.0002696 seconds.
  importAddress: GUID: 9fe0ffd0ac2564608915d1f24790b053 - Path: Packages/com.unity.visualscripting/Editor/VisualScripting.Core/Interface/Fonts/FontVariant.cs - Importer: ScriptedImporter/UnityEditor.QuickSearchModule:UnityEditor.Search:ASIAI0B
Importing 'GUID: 9fe0ffd0ac2564608915d1f24790b053 - Path: Packages/com.unity.visualscripting/Editor/VisualScripting.Core/Interface/Fonts/FontVariant.cs - Importer: ScriptedImporter/UnityEditor.QuickSearchModule:UnityEditor.Search:ASIAI0B' with importer (ScriptedImporter : UnityEditor.QuickSearchModule:UnityEditor.Search:ASIAI0B)
Imported 'GUID: 9fe0ffd0ac2564608915d1f24790b053' -> (Import Result ID: 'f92746c2060710a697d78f6d9188938d') in 0.003 seconds [static and dynamic dependencies]. Details - ImportResultOutputID=48244ad9f6c61dc8c74aa6420a49f4a7 DependenciesID=beb49ad5a992787f443ad0f12cf0cc3f StaticDependenciesID=aaf000a7640d68d6652d700aa6d66d11 
Number of updated asset objects reloaded before import = 0
Number of asset objects unloaded after import = 0
========================================================================
Received Import Request.
  Time of request: 2026-08-11T15:50:20.7867564Z
  Time since last request: 0.0054441 seconds.
  importAddress: GUID: a6fb76c72b5d847cba0072c4c58c2106 - Path: Packages/com.unity.visualscripting/Editor/VisualScripting.Core/Plugin/Changelogs/Changelog_1_3_0.cs - Importer: ScriptedImporter/UnityEditor.QuickSearchModule:UnityEditor.Search:ASIAI0B
Importing 'GUID: a6fb76c72b5d847cba0072c4c58c2106 - Path: Packages/com.unity.visualscripting/Editor/VisualScripting.Core/Plugin/Changelogs/Changelog_1_3_0.cs - Importer: ScriptedImporter/UnityEditor.QuickSearchModule:UnityEditor.Search:ASIAI0B' with importer (ScriptedImporter : UnityEditor.QuickSearchModule:UnityEditor.Search:ASIAI0B)
Imported 'GUID: a6fb76c72b5d847cba0072c4c58c2106' -> (Import Result ID: '1a1cd3df4d7adda19993b1b85cb295c7') in 0.004 seconds [static and dynamic dependencies]. Details - ImportResultOutputID=3f685c2fa4acb176ac0b3651b23efa29 DependenciesID=8823030c0003593c22c754ee23d04310 StaticDependenciesID=4b4a6264dd86ee3b40d225643267292e 
Number of updated asset objects reloaded before import = 0
Number of asset objects unloaded after import = 0
========================================================================
Received Import Request.
  Time of request: 2026-08-11T15:50:20.7996058Z
  Time since last request: 0.0017507 seconds.
  importAddress: GUID: c4b20e749220c4de3bbd84eb1391371f - Path: Packages/com.unity.visualscripting/Editor/VisualScripting.Core/Widgets/Nodes/NodeWidget.cs - Importer: ScriptedImporter/UnityEditor.QuickSearchModule:UnityEditor.Search:ASIAI0B
Importing 'GUID: c4b20e749220c4de3bbd84eb1391371f - Path: Packages/com.unity.visualscripting/Editor/VisualScripting.Core/Widgets/Nodes/NodeWidget.cs - Importer: ScriptedImporter/UnityEditor.QuickSearchModule:UnityEditor.Search:ASIAI0B' with importer (ScriptedImporter : UnityEditor.QuickSearchModule:UnityEditor.Search:ASIAI0B)
Imported 'GUID: c4b20e749220c4de3bbd84eb1391371f' -> (Import Result ID: '602d1ebb07882556c5f2a7906c21ca7d') in 0.003 seconds [static and dynamic dependencies]. Details - ImportResultOutputID=15a944c9f00cc86c2eb16bdb0e559e60 DependenciesID=9f37ba697ab00020b865b39d9d0f9ee0 StaticDependenciesID=afa012c81172b8f5c48a70184c8c727b 
Number of updated asset objects reloaded before import = 0
Number of asset objects unloaded after import = 0
========================================================================
Received Import Request.
  Time of request: 2026-08-11T15:50:20.8107583Z
  Time since last request: 0.0002373 seconds.
  importAddress: GUID: f01223219f80d489fbc24a9643ed29cd - Path: Packages/com.unity.visualscripting/Editor/VisualScripting.Core/Windows/BackupWindow/BackupPage.cs - Importer: ScriptedImporter/UnityEditor.QuickSearchModule:UnityEditor.Search:ASIAI0B
Importing 'GUID: f01223219f80d489fbc24a9643ed29cd - Path: Packages/com.unity.visualscripting/Editor/VisualScripting.Core/Windows/BackupWindow/BackupPage.cs - Importer: ScriptedImporter/UnityEditor.QuickSearchModule:UnityEditor.Search:ASIAI0B' with importer (ScriptedImporter : UnityEditor.QuickSearchModule:UnityEditor.Search:ASIAI0B)
Imported 'GUID: f01223219f80d489fbc24a9643ed29cd' -> (Import Result ID: 'd4299cea67b75ac03fbefd47f4dfa380') in 0.003 seconds [static and dynamic dependencies]. Details - ImportResultOutputID=a7561b281086e208e24be391972df129 DependenciesID=504ecc7413e2a97e89f2d074cd6387b7 StaticDependenciesID=460134cfe698c3bd6cc2ad917b243671 
Number of updated asset objects reloaded before import = 0
Number of asset objects unloaded after import = 0
========================================================================
Received Import Request.
  Time of request: 2026-08-11T15:50:20.8249559Z
  Time since last request: 0.0008789 seconds.
  importAddress: GUID: 5ad755fff258e465086fc29f07baddef - Path: Packages/com.unity.visualscripting/Editor/VisualScripting.Core/Plugin/Acknowledgements/Acknowledgement_YamlDotNet.cs - Importer: ScriptedImporter/UnityEditor.QuickSearchModule:UnityEditor.Search:ASIAI0B
Importing 'GUID: 5ad755fff258e465086fc29f07baddef - Path: Packages/com.unity.visualscripting/Editor/VisualScripting.Core/Plugin/Acknowledgements/Acknowledgement_YamlDotNet.cs - Importer: ScriptedImporter/UnityEditor.QuickSearchModule:UnityEditor.Search:ASIAI0B' with importer (ScriptedImporter : UnityEditor.QuickSearchModule:UnityEditor.Search:ASIAI0B)
Imported 'GUID: 5ad755fff258e465086fc29f07baddef' -> (Import Result ID: '59890a6e1c1d83fdef25d41b62d7a2cb') in 0.004 seconds [static and dynamic dependencies]. Details - ImportResultOutputID=6a6ee9b64fa47774c52617b2acb35cbc DependenciesID=0287c569306402f18e5e9ae88aa43d13 StaticDependenciesID=dadddf8ee5977147cda7be5952338569 
Number of updated asset objects reloaded before import = 0
Number of asset objects unloaded after import = 0
========================================================================
Received Import Request.
  Time of request: 2026-08-11T15:50:20.8401136Z
  Time since last request: 0.0003481 seconds.
  importAddress: GUID: eb9647afc6f6d44debd0af3ef5828b88 - Path: Packages/com.unity.visualscripting/Editor/VisualScripting.Core/Plugin/Migrations/Migration_1_0_5_to_1_0_6.cs - Importer: ScriptedImporter/UnityEditor.QuickSearchModule:UnityEditor.Search:ASIAI0B
Importing 'GUID: eb9647afc6f6d44debd0af3ef5828b88 - Path: Packages/com.unity.visualscripting/Editor/VisualScripting.Core/Plugin/Migrations/Migration_1_0_5_to_1_0_6.cs - Importer: ScriptedImporter/UnityEditor.QuickSearchModule:UnityEditor.Search:ASIAI0B' with importer (ScriptedImporter : UnityEditor.QuickSearchModule:UnityEditor.Search:ASIAI0B)
Imported 'GUID: eb9647afc6f6d44debd0af3ef5828b88' -> (Import Result ID: '26aa42a1b185c6dc686a5528e97df49c') in 0.004 seconds [static and dynamic dependencies]. Details - ImportResultOutputID=b42c7e480fd11e7c18f1b38cdf023eb1 DependenciesID=96fd5c6103fbdba38ab541ae5fedcc5f StaticDependenciesID=36fa4629f45d100993dcb59ae71e451c 
Number of updated asset objects reloaded before import = 0
Number of asset objects unloaded after import = 0
========================================================================
Received Import Request.
  Time of request: 2026-08-11T15:50:20.8530247Z
  Time since last request: 0.0004404 seconds.
  importAddress: GUID: 8ea491376021a4ec7b74a97c22e6ba82 - Path: Packages/com.unity.visualscripting/Editor/VisualScripting.Core/Interface/Licenses/License.Iconmonstr.cs - Importer: ScriptedImporter/UnityEditor.QuickSearchModule:UnityEditor.Search:ASIAI0B
Importing 'GUID: 8ea491376021a4ec7b74a97c22e6ba82 - Path: Packages/com.unity.visualscripting/Editor/VisualScripting.Core/Interface/Licenses/License.Iconmonstr.cs - Importer: ScriptedImporter/UnityEditor.QuickSearchModule:UnityEditor.Search:ASIAI0B' with importer (ScriptedImporter : UnityEditor.QuickSearchModule:UnityEditor.Search:ASIAI0B)
Imported 'GUID: 8ea491376021a4ec7b74a97c22e6ba82' -> (Import Result ID: '2b5088e05961f0123520c16a509c7c30') in 0.004 seconds [static and dynamic dependencies]. Details - ImportResultOutputID=803fdd8abc9e0b4ce3c0618a06a2e27f DependenciesID=656a64059bdb6c2b7d2b1112062361bc StaticDependenciesID=2fbf0befd704d055c8dd8b7be7a59b06 
Number of updated asset objects reloaded before import = 0
Number of asset objects unloaded after import = 0
========================================================================
Received Import Request.
  Time of request: 2026-08-11T15:50:20.8654026Z
  Time since last request: 0.000348 seconds.
  importAddress: GUID: d6155b53651fc43789211e7358be1307 - Path: Packages/com.unity.visualscripting/Editor/VisualScripting.Core/Plugin/Acknowledgements/Acknowledgement_ReorderableList.cs - Importer: ScriptedImporter/UnityEditor.QuickSearchModule:UnityEditor.Search:ASIAI0B
Importing 'GUID: d6155b53651fc43789211e7358be1307 - Path: Packages/com.unity.visualscripting/Editor/VisualScripting.Core/Plugin/Acknowledgements/Acknowledgement_ReorderableList.cs - Importer: ScriptedImporter/UnityEditor.QuickSearchModule:UnityEditor.Search:ASIAI0B' with importer (ScriptedImporter : UnityEditor.QuickSearchModule:UnityEditor.Search:ASIAI0B)
Imported 'GUID: d6155b53651fc43789211e7358be1307' -> (Import Result ID: '5294a0825e2e81f7e19332c2ca4c3996') in 0.004 seconds [static and dynamic dependencies]. Details - ImportResultOutputID=9de4922b0eda698c5aa2b87c74aab835 DependenciesID=263ab9b2c6c41d9aca547ea9efb230ac StaticDependenciesID=1291e1d230ca827a43c8a39cd45daefc 
Number of updated asset objects reloaded before import = 0
Number of asset objects unloaded after import = 0
========================================================================
Received Import Request.
  Time of request: 2026-08-11T15:50:20.8796394Z
  Time since last request: 0.0002976 seconds.
  importAddress: GUID: be139a32523b049ef8011bea0b31a3c1 - Path: Packages/com.unity.visualscripting/Editor/VisualScripting.Core/Plugin/Acknowledgements/Acknowledgement_AqnParser.cs - Importer: ScriptedImporter/UnityEditor.QuickSearchModule:UnityEditor.Search:ASIAI0B
Importing 'GUID: be139a32523b049ef8011bea0b31a3c1 - Path: Packages/com.unity.visualscripting/Editor/VisualScripting.Core/Plugin/Acknowledgements/Acknowledgement_AqnParser.cs - Importer: ScriptedImporter/UnityEditor.QuickSearchModule:UnityEditor.Search:ASIAI0B' with importer (ScriptedImporter : UnityEditor.QuickSearchModule:UnityEditor.Search:ASIAI0B)
Imported 'GUID: be139a32523b049ef8011bea0b31a3c1' -> (Import Result ID: 'a8bd45d4f7d9e3d8efc92eb8a23467fb') in 0.003 seconds [static and dynamic dependencies]. Details - ImportResultOutputID=f557149ff6758f54a423d7b029e57253 DependenciesID=514cbdb3cae57a234a6e0e33dced681d StaticDependenciesID=fefb7dea1c234f33aa320938c0811a85 
Number of updated asset objects reloaded before import = 0
Number of asset objects unloaded after import = 0
========================================================================
Received Import Request.
  Time of request: 2026-08-11T15:50:20.9062696Z
  Time since last request: 0.0148729 seconds.
  importAddress: GUID: 8860fae1979174c008fe0d7a3e525089 - Path: Packages/com.unity.visualscripting/Editor/VisualScripting.Flow/Framework/Codebase/LiteralDescriptor.cs - Importer: ScriptedImporter/UnityEditor.QuickSearchModule:UnityEditor.Search:ASIAI0B
Importing 'GUID: 8860fae1979174c008fe0d7a3e525089 - Path: Packages/com.unity.visualscripting/Editor/VisualScripting.Flow/Framework/Codebase/LiteralDescriptor.cs - Importer: ScriptedImporter/UnityEditor.QuickSearchModule:UnityEditor.Search:ASIAI0B' with importer (ScriptedImporter : UnityEditor.QuickSearchModule:UnityEditor.Search:ASIAI0B)
Imported 'GUID: 8860fae1979174c008fe0d7a3e525089' -> (Import Result ID: '39ed734cb9fced1df2e8efa002001991') in 0.003 seconds [static and dynamic dependencies]. Details - ImportResultOutputID=7855639bdfa3f02a5782726410ceeb24 DependenciesID=e98f01486727a94e6041eb10fb72532d StaticDependenciesID=1bb9fc9f0e2b228e82b65c3cd983d8ff 
Number of updated asset objects reloaded before import = 0
Number of asset objects unloaded after import = 0
========================================================================
Received Import Request.
  Time of request: 2026-08-11T15:50:20.9189754Z
  Time since last request: 0.0011932 seconds.
  importAddress: GUID: 219311327f63045b68b424f66c8738e5 - Path: Packages/com.unity.visualscripting/Editor/VisualScripting.Flow/Framework/Control/SelectOnIntegerDescriptor.cs - Importer: ScriptedImporter/UnityEditor.QuickSearchModule:UnityEditor.Search:ASIAI0B
Importing 'GUID: 219311327f63045b68b424f66c8738e5 - Path: Packages/com.unity.visualscripting/Editor/VisualScripting.Flow/Framework/Control/SelectOnIntegerDescriptor.cs - Importer: ScriptedImporter/UnityEditor.QuickSearchModule:UnityEditor.Search:ASIAI0B' with importer (ScriptedImporter : UnityEditor.QuickSearchModule:UnityEditor.Search:ASIAI0B)
Imported 'GUID: 219311327f63045b68b424f66c8738e5' -> (Import Result ID: '7e2e44f0da7658f0ca1db83a0b06fec5') in 0.003 seconds [static and dynamic dependencies]. Details - ImportResultOutputID=20c7884f789ba31f8e1781989083c6c6 DependenciesID=7d98536d46a21dc0a21dbe159816a1e2 StaticDependenciesID=58990a4d08bcb6e94c032dfd1a95dd45 
Number of updated asset objects reloaded before import = 0
Number of asset objects unloaded after import = 0
========================================================================
Received Import Request.
  Time of request: 2026-08-11T15:50:20.9297367Z
  Time since last request: 0.0003064 seconds.
  importAddress: GUID: 4eda0cc90c769438e8a22e872e15bf9a - Path: Packages/com.unity.visualscripting/Editor/VisualScripting.Flow/Framework/Codebase/CreateStructDescriptor.cs - Importer: ScriptedImporter/UnityEditor.QuickSearchModule:UnityEditor.Search:ASIAI0B
Importing 'GUID: 4eda0cc90c769438e8a22e872e15bf9a - Path: Packages/com.unity.visualscripting/Editor/VisualScripting.Flow/Framework/Codebase/CreateStructDescriptor.cs - Importer: ScriptedImporter/UnityEditor.QuickSearchModule:UnityEditor.Search:ASIAI0B' with importer (ScriptedImporter : UnityEditor.QuickSearchModule:UnityEditor.Search:ASIAI0B)
Imported 'GUID: 4eda0cc90c769438e8a22e872e15bf9a' -> (Import Result ID: '6a2c9fb5e0173611016be7076206c398') in 0.004 seconds [static and dynamic dependencies]. Details - ImportResultOutputID=27d8240d578dda95630d3e37446a6c61 DependenciesID=2d723a48acd8292f84aacdbfd2e6f29a StaticDependenciesID=97641c8c7ffec066b26dc201d7792b3f 
Number of updated asset objects reloaded before import = 0
Number of asset objects unloaded after import = 0
========================================================================
Received Import Request.
  Time of request: 2026-08-11T15:50:20.9417574Z
  Time since last request: 0.0003776 seconds.
  importAddress: GUID: 251904176641146fbb7d16cbe72dbe9f - Path: Packages/com.unity.visualscripting/Editor/VisualScripting.Flow/Framework/Nesting/GraphInputDescriptor.cs - Importer: ScriptedImporter/UnityEditor.QuickSearchModule:UnityEditor.Search:ASIAI0B
Importing 'GUID: 251904176641146fbb7d16cbe72dbe9f - Path: Packages/com.unity.visualscripting/Editor/VisualScripting.Flow/Framework/Nesting/GraphInputDescriptor.cs - Importer: ScriptedImporter/UnityEditor.QuickSearchModule:UnityEditor.Search:ASIAI0B' with importer (ScriptedImporter : UnityEditor.QuickSearchModule:UnityEditor.Search:ASIAI0B)
Imported 'GUID: 251904176641146fbb7d16cbe72dbe9f' -> (Import Result ID: 'd4622493a3bcfead15e3c1a8e86b9cd6') in 0.003 seconds [static and dynamic dependencies]. Details - ImportResultOutputID=edf44023d6e4ea3849ca3eb7b51ac4a0 DependenciesID=cac05edb7220399ae399203c857eed9f StaticDependenciesID=517a74a67f24059622b5edec1ba2952c 
Number of updated asset objects reloaded before import = 0
Number of asset objects unloaded after import = 0
========================================================================
Received Import Request.
  Time of request: 2026-08-11T15:50:20.9556768Z
  Time since last request: 0.0006871 seconds.
  importAddress: GUID: 430f66f37f2454fe5988a7e2d6fa9d62 - Path: Packages/com.unity.visualscripting/Editor/VisualScripting.Flow/Framework/Codebase/MemberUnitOption.cs - Importer: ScriptedImporter/UnityEditor.QuickSearchModule:UnityEditor.Search:ASIAI0B
Importing 'GUID: 430f66f37f2454fe5988a7e2d6fa9d62 - Path: Packages/com.unity.visualscripting/Editor/VisualScripting.Flow/Framework/Codebase/MemberUnitOption.cs - Importer: ScriptedImporter/UnityEditor.QuickSearchModule:UnityEditor.Search:ASIAI0B' with importer (ScriptedImporter : UnityEditor.QuickSearchModule:UnityEditor.Search:ASIAI0B)
Imported 'GUID: 430f66f37f2454fe5988a7e2d6fa9d62' -> (Import Result ID: '480dac3ac44ccd0ea41cfdd3b7c5fb41') in 0.003 seconds [static and dynamic dependencies]. Details - ImportResultOutputID=e8a720de202946ebf19010ba360b84db DependenciesID=8fad2d2023a80554a8b0e96c419c2178 StaticDependenciesID=dc6a74b7d61f4338ecc2e9d877b7a02e 
Number of updated asset objects reloaded before import = 0
Number of asset objects unloaded after import = 0
========================================================================
Received Import Request.
  Time of request: 2026-08-11T15:50:20.9678544Z
  Time since last request: 0.0002631 seconds.
  importAddress: GUID: 61620174ad6604a7cbe0f211462830eb - Path: Packages/com.unity.visualscripting/Editor/VisualScripting.Flow/Framework/Nesting/GraphInputInspector.cs - Importer: ScriptedImporter/UnityEditor.QuickSearchModule:UnityEditor.Search:ASIAI0B
Importing 'GUID: 61620174ad6604a7cbe0f211462830eb - Path: Packages/com.unity.visualscripting/Editor/VisualScripting.Flow/Framework/Nesting/GraphInputInspector.cs - Importer: ScriptedImporter/UnityEditor.QuickSearchModule:UnityEditor.Search:ASIAI0B' with importer (ScriptedImporter : UnityEditor.QuickSearchModule:UnityEditor.Search:ASIAI0B)
Imported 'GUID: 61620174ad6604a7cbe0f211462830eb' -> (Import Result ID: 'dcb7322448fda4fe83ab15c5ce4c981d') in 0.003 seconds [static and dynamic dependencies]. Details - ImportResultOutputID=4a732a28736e71fa22ac9a7c0ffe1227 DependenciesID=4c72ab435e0ab611172fa705c20b1b79 StaticDependenciesID=c526895ab5fdb56918d31c5a95d7004a 
Number of updated asset objects reloaded before import = 0
Number of asset objects unloaded after import = 0
========================================================================
Received Import Request.
  Time of request: 2026-08-11T15:50:20.9783588Z
  Time since last request: 0.0002742 seconds.
  importAddress: GUID: cd2f617869e234f6cb53a5cd2a097fc3 - Path: Packages/com.unity.visualscripting/Editor/VisualScripting.Flow/Framework/Variables/SetVariableOption.cs - Importer: ScriptedImporter/UnityEditor.QuickSearchModule:UnityEditor.Search:ASIAI0B
Importing 'GUID: cd2f617869e234f6cb53a5cd2a097fc3 - Path: Packages/com.unity.visualscripting/Editor/VisualScripting.Flow/Framework/Variables/SetVariableOption.cs - Importer: ScriptedImporter/UnityEditor.QuickSearchModule:UnityEditor.Search:ASIAI0B' with importer (ScriptedImporter : UnityEditor.QuickSearchModule:UnityEditor.Search:ASIAI0B)
Imported 'GUID: cd2f617869e234f6cb53a5cd2a097fc3' -> (Import Result ID: '962a3d7cc5137661640b2829a7ba3153') in 0.003 seconds [static and dynamic dependencies]. Details - ImportResultOutputID=d91d602bdc2208874594973be53c6294 DependenciesID=69357d80c72a8c83e16864a721e8c1d4 StaticDependenciesID=02160a6553dc29b8a8e9938309bb251f 
Number of updated asset objects reloaded before import = 0
Number of asset objects unloaded after import = 0
========================================================================
Received Import Request.
  Time of request: 2026-08-11T15:50:20.9921926Z
  Time since last request: 0.0002968 seconds.
  importAddress: GUID: 0d1c94c4f2d57434e9cbca40368ff9b7 - Path: Packages/com.unity.visualscripting/Editor/VisualScripting.Flow/Framework/Nesting/GraphInputAnalyser.cs - Importer: ScriptedImporter/UnityEditor.QuickSearchModule:UnityEditor.Search:ASIAI0B
Importing 'GUID: 0d1c94c4f2d57434e9cbca40368ff9b7 - Path: Packages/com.unity.visualscripting/Editor/VisualScripting.Flow/Framework/Nesting/GraphInputAnalyser.cs - Importer: ScriptedImporter/UnityEditor.QuickSearchModule:UnityEditor.Search:ASIAI0B' with importer (ScriptedImporter : UnityEditor.QuickSearchModule:UnityEditor.Search:ASIAI0B)
Imported 'GUID: 0d1c94c4f2d57434e9cbca40368ff9b7' -> (Import Result ID: 'a21514e615b0e0367aaeb4268d2e62d1') in 0.003 seconds [static and dynamic dependencies]. Details - ImportResultOutputID=6e7b21ffe51957cccb7800b9d08e1492 DependenciesID=491e4d9fbb6228c74690a36c8fbba5ec StaticDependenciesID=1824acb53ac7251313dc148b8353af57 
Number of updated asset objects reloaded before import = 0
Number of asset objects unloaded after import = 0
========================================================================
Received Import Request.
  Time of request: 2026-08-11T15:50:21.0214578Z
  Time since last request: 0.0172524 seconds.
  importAddress: GUID: 7199fb71ac8b447d28bcc153d72b3147 - Path: Packages/com.unity.visualscripting/Editor/VisualScripting.State/Plugin/Changelogs/Changelog_1_3_0.cs - Importer: ScriptedImporter/UnityEditor.QuickSearchModule:UnityEditor.Search:ASIAI0B
Importing 'GUID: 7199fb71ac8b447d28bcc153d72b3147 - Path: Packages/com.unity.visualscripting/Editor/VisualScripting.State/Plugin/Changelogs/Changelog_1_3_0.cs - Importer: ScriptedImporter/UnityEditor.QuickSearchModule:UnityEditor.Search:ASIAI0B' with importer (ScriptedImporter : UnityEditor.QuickSearchModule:UnityEditor.Search:ASIAI0B)
Imported 'GUID: 7199fb71ac8b447d28bcc153d72b3147' -> (Import Result ID: '3a1aa34596ba7b3c57e42afbf5fb3118') in 0.003 seconds [static and dynamic dependencies]. Details - ImportResultOutputID=59194d82df5f358bd6398616354ae533 DependenciesID=521f398c10103948990dca5ffd2dda40 StaticDependenciesID=93271fecef6b6f3aba29978392ce2ee7 
Number of updated asset objects reloaded before import = 0
Number of asset objects unloaded after import = 0
========================================================================
Received Import Request.
  Time of request: 2026-08-11T15:50:21.0328143Z
  Time since last request: 0.0008233 seconds.
  importAddress: GUID: 7ce3ec6fc91e046a4a8911343aa505c7 - Path: Packages/com.unity.visualscripting/Editor/VisualScripting.State/Plugin/Changelogs/Changelog_1_0_0.cs - Importer: ScriptedImporter/UnityEditor.QuickSearchModule:UnityEditor.Search:ASIAI0B
Importing 'GUID: 7ce3ec6fc91e046a4a8911343aa505c7 - Path: Packages/com.unity.visualscripting/Editor/VisualScripting.State/Plugin/Changelogs/Changelog_1_0_0.cs - Importer: ScriptedImporter/UnityEditor.QuickSearchModule:UnityEditor.Search:ASIAI0B' with importer (ScriptedImporter : UnityEditor.QuickSearchModule:UnityEditor.Search:ASIAI0B)
Imported 'GUID: 7ce3ec6fc91e046a4a8911343aa505c7' -> (Import Result ID: '1d0856f5478e0647308749f0783bfd75') in 0.003 seconds [static and dynamic dependencies]. Details - ImportResultOutputID=1820da1a9423644bf492532fb7ff8ba9 DependenciesID=941a01ecc955ae11336edc62686dbd20 StaticDependenciesID=fe4cc1059a96b7864b109db1b7816303 
Number of updated asset objects reloaded before import = 0
Number of asset objects unloaded after import = 0
========================================================================
Received Import Request.
  Time of request: 2026-08-11T15:50:21.0441213Z
  Time since last request: 0.0003224 seconds.
  importAddress: GUID: f3a95ea3668ca49bba7f93586f8e08ce - Path: Packages/com.unity.visualscripting/Runtime/VisualScripting.Core/Cloning/Cloners/FieldsCloner.cs - Importer: ScriptedImporter/UnityEditor.QuickSearchModule:UnityEditor.Search:ASIAI0B
Importing 'GUID: f3a95ea3668ca49bba7f93586f8e08ce - Path: Packages/com.unity.visualscripting/Runtime/VisualScripting.Core/Cloning/Cloners/FieldsCloner.cs - Importer: ScriptedImporter/UnityEditor.QuickSearchModule:UnityEditor.Search:ASIAI0B' with importer (ScriptedImporter : UnityEditor.QuickSearchModule:UnityEditor.Search:ASIAI0B)
Imported 'GUID: f3a95ea3668ca49bba7f93586f8e08ce' -> (Import Result ID: 'fc16e1ce4d5ef939306f1d3ac0c012e5') in 0.003 seconds [static and dynamic dependencies]. Details - ImportResultOutputID=7eec226bfa250c0976e46480845df112 DependenciesID=5962a10bd433b7f29307f58798e7adb1 StaticDependenciesID=d28c2c7dc2422dc570535a1f47f449e5 
Number of updated asset objects reloaded before import = 0
Number of asset objects unloaded after import = 0
========================================================================
Received Import Request.
  Time of request: 2026-08-11T15:50:21.056923Z
  Time since last request: 0.0004026 seconds.
  importAddress: GUID: 0a7f87d6d28e64ed9b331c4d12c46937 - Path: Packages/com.unity.visualscripting/Runtime/VisualScripting.Core/Cloning/Cloners/ArrayCloner.cs - Importer: ScriptedImporter/UnityEditor.QuickSearchModule:UnityEditor.Search:ASIAI0B
Importing 'GUID: 0a7f87d6d28e64ed9b331c4d12c46937 - Path: Packages/com.unity.visualscripting/Runtime/VisualScripting.Core/Cloning/Cloners/ArrayCloner.cs - Importer: ScriptedImporter/UnityEditor.QuickSearchModule:UnityEditor.Search:ASIAI0B' with importer (ScriptedImporter : UnityEditor.QuickSearchModule:UnityEditor.Search:ASIAI0B)
Imported 'GUID: 0a7f87d6d28e64ed9b331c4d12c46937' -> (Import Result ID: 'ce0995974f527980cf3ebaacba4e90f9') in 0.003 seconds [static and dynamic dependencies]. Details - ImportResultOutputID=314c251eff6d7092705802646b68d9dd DependenciesID=46d08312893623c0dd7022da606e21f0 StaticDependenciesID=2d074f6ec840791dbd65a4612e279faa 
Number of updated asset objects reloaded before import = 0
Number of asset objects unloaded after import = 0
========================================================================
Received Import Request.
  Time of request: 2026-08-11T15:50:21.0702427Z
  Time since last request: 0.0003115 seconds.
  importAddress: GUID: b0c8cf2ada4fd4eb6b1a8960abf537f1 - Path: Packages/com.unity.visualscripting/Runtime/VisualScripting.Core/Dependencies/FullSerializer/fsJsonParser.cs - Importer: ScriptedImporter/UnityEditor.QuickSearchModule:UnityEditor.Search:ASIAI0B
Importing 'GUID: b0c8cf2ada4fd4eb6b1a8960abf537f1 - Path: Packages/com.unity.visualscripting/Runtime/VisualScripting.Core/Dependencies/FullSerializer/fsJsonParser.cs - Importer: ScriptedImporter/UnityEditor.QuickSearchModule:UnityEditor.Search:ASIAI0B' with importer (ScriptedImporter : UnityEditor.QuickSearchModule:UnityEditor.Search:ASIAI0B)
Imported 'GUID: b0c8cf2ada4fd4eb6b1a8960abf537f1' -> (Import Result ID: '2acb5e001dc68da83b2a8dd1db6149e8') in 0.003 seconds [static and dynamic dependencies]. Details - ImportResultOutputID=3fb4a3f36d50e1a8449e75883748c42a DependenciesID=d698b06f32af28a0faa621b36093ed96 StaticDependenciesID=60938155a4a68a52f6d182b38160fb6b 
Number of updated asset objects reloaded before import = 0
Number of asset objects unloaded after import = 0
========================================================================
Received Import Request.
  Time of request: 2026-08-11T15:50:21.0811219Z
  Time since last request: 0.000604 seconds.
  importAddress: GUID: 521bba425c159452e902b0b73f80e68c - Path: Packages/com.unity.visualscripting/Runtime/VisualScripting.Core/Dependencies/FullSerializer/fsExceptions.cs - Importer: ScriptedImporter/UnityEditor.QuickSearchModule:UnityEditor.Search:ASIAI0B
Importing 'GUID: 521bba425c159452e902b0b73f80e68c - Path: Packages/com.unity.visualscripting/Runtime/VisualScripting.Core/Dependencies/FullSerializer/fsExceptions.cs - Importer: ScriptedImporter/UnityEditor.QuickSearchModule:UnityEditor.Search:ASIAI0B' with importer (ScriptedImporter : UnityEditor.QuickSearchModule:UnityEditor.Search:ASIAI0B)
Imported 'GUID: 521bba425c159452e902b0b73f80e68c' -> (Import Result ID: '1bd87f0ea960ef166f38a9e4d28676dc') in 0.003 seconds [static and dynamic dependencies]. Details - ImportResultOutputID=203295152390489b1f1488828178a63a DependenciesID=dfffc996fc344cfcbdea4003de0539ea StaticDependenciesID=96a45444928005179f266bd9632cb3ac 
Number of updated asset objects reloaded before import = 0
Number of asset objects unloaded after import = 0
========================================================================
Received Import Request.
  Time of request: 2026-08-11T15:50:21.0918388Z
  Time since last request: 0.0004456 seconds.
  importAddress: GUID: b59c9165726434ecc96fc359de597099 - Path: Packages/com.unity.visualscripting/Editor/VisualScripting.State/Plugin/Changelogs/Changelog_1_1_2.cs - Importer: ScriptedImporter/UnityEditor.QuickSearchModule:UnityEditor.Search:ASIAI0B
Importing 'GUID: b59c9165726434ecc96fc359de597099 - Path: Packages/com.unity.visualscripting/Editor/VisualScripting.State/Plugin/Changelogs/Changelog_1_1_2.cs - Importer: ScriptedImporter/UnityEditor.QuickSearchModule:UnityEditor.Search:ASIAI0B' with importer (ScriptedImporter : UnityEditor.QuickSearchModule:UnityEditor.Search:ASIAI0B)
Imported 'GUID: b59c9165726434ecc96fc359de597099' -> (Import Result ID: '8ec348885e90625b2a385c82c28ed7db') in 0.003 seconds [static and dynamic dependencies]. Details - ImportResultOutputID=e51370bd1ef23a3804de4b574d4e5fd3 DependenciesID=e6ca04a0306f958a6cf64d2ad0c65a58 StaticDependenciesID=e554f1830b6683eb44743b388b880142 
Number of updated asset objects reloaded before import = 0
Number of asset objects unloaded after import = 0
========================================================================
Received Import Request.
  Time of request: 2026-08-11T15:50:21.1045117Z
  Time since last request: 0.0003694 seconds.
  importAddress: GUID: d112c25d2373f447a965ce5f734e2a67 - Path: Packages/com.unity.visualscripting/Runtime/VisualScripting.Core/Cloning/Cloners/FakeSerializationCloner.cs - Importer: ScriptedImporter/UnityEditor.QuickSearchModule:UnityEditor.Search:ASIAI0B
Importing 'GUID: d112c25d2373f447a965ce5f734e2a67 - Path: Packages/com.unity.visualscripting/Runtime/VisualScripting.Core/Cloning/Cloners/FakeSerializationCloner.cs - Importer: ScriptedImporter/UnityEditor.QuickSearchModule:UnityEditor.Search:ASIAI0B' with importer (ScriptedImporter : UnityEditor.QuickSearchModule:UnityEditor.Search:ASIAI0B)
Imported 'GUID: d112c25d2373f447a965ce5f734e2a67' -> (Import Result ID: '41ea199e47948eb0f6c133f2278bfc74') in 0.003 seconds [static and dynamic dependencies]. Details - ImportResultOutputID=748d99f0e3d4201bc35847b4a05835eb DependenciesID=0b21ea4ea2cdaae1eaf4bb40746ec295 StaticDependenciesID=19141201f7c4939af89ef9dcbc653531 
Number of updated asset objects reloaded before import = 0
Number of asset objects unloaded after import = 0
========================================================================
Received Import Request.
  Time of request: 2026-08-11T15:50:21.1236252Z
  Time since last request: 0.0060884 seconds.
  importAddress: GUID: df96669965cb4d29a0176903c854365a - Path: Packages/com.unity.visualscripting/Runtime/VisualScripting.Core/Listeners/MonoBehaviour/UnityOnCollisionEnterMessageListener.cs - Importer: ScriptedImporter/UnityEditor.QuickSearchModule:UnityEditor.Search:ASIAI0B
Importing 'GUID: df96669965cb4d29a0176903c854365a - Path: Packages/com.unity.visualscripting/Runtime/VisualScripting.Core/Listeners/MonoBehaviour/UnityOnCollisionEnterMessageListener.cs - Importer: ScriptedImporter/UnityEditor.QuickSearchModule:UnityEditor.Search:ASIAI0B' with importer (ScriptedImporter : UnityEditor.QuickSearchModule:UnityEditor.Search:ASIAI0B)
Imported 'GUID: df96669965cb4d29a0176903c854365a' -> (Import Result ID: 'af62fddffdb86f089faff2c18643195a') in 0.003 seconds [static and dynamic dependencies]. Details - ImportResultOutputID=e4eedd89e01e88a2c7c9dff224d5f62c DependenciesID=7014fed57ec57a7dc59ac1bfa2204378 StaticDependenciesID=e39bc5ea73bc9d0accb1e6d70d5cb2b1 
Number of updated asset objects reloaded before import = 0
Number of asset objects unloaded after import = 0
========================================================================
Received Import Request.
  Time of request: 2026-08-11T15:50:21.1359105Z
  Time since last request: 0.0013599 seconds.
  importAddress: GUID: 9bc69f9be4214506ad944fc53092b767 - Path: Packages/com.unity.visualscripting/Runtime/VisualScripting.Core/Listeners/MonoBehaviour/UnityOnCollisionExitMessageListener.cs - Importer: ScriptedImporter/UnityEditor.QuickSearchModule:UnityEditor.Search:ASIAI0B
Importing 'GUID: 9bc69f9be4214506ad944fc53092b767 - Path: Packages/com.unity.visualscripting/Runtime/VisualScripting.Core/Listeners/MonoBehaviour/UnityOnCollisionExitMessageListener.cs - Importer: ScriptedImporter/UnityEditor.QuickSearchModule:UnityEditor.Search:ASIAI0B' with importer (ScriptedImporter : UnityEditor.QuickSearchModule:UnityEditor.Search:ASIAI0B)
Imported 'GUID: 9bc69f9be4214506ad944fc53092b767' -> (Import Result ID: 'e3ec7f3ac7846d989da6902cd51f6eb5') in 0.004 seconds [static and dynamic dependencies]. Details - ImportResultOutputID=fc6a34720d8025a4bc75daa18ebc9054 DependenciesID=ef0634f8d6c0d361ad77e5eecb94a78c StaticDependenciesID=cabfa38cc2fef2b0b63502e215401fb6 
Number of updated asset objects reloaded before import = 0
Number of asset objects unloaded after import = 0
========================================================================
Received Import Request.
  Time of request: 2026-08-11T15:50:21.1477301Z
  Time since last request: 0.0010052 seconds.
  importAddress: GUID: 165f53350f404a29a091e26686c289fb - Path: Packages/com.unity.visualscripting/Runtime/VisualScripting.Core/Listeners/UI/UnityOnInputFieldValueChangedMessageListener.cs - Importer: ScriptedImporter/UnityEditor.QuickSearchModule:UnityEditor.Search:ASIAI0B
Importing 'GUID: 165f53350f404a29a091e26686c289fb - Path: Packages/com.unity.visualscripting/Runtime/VisualScripting.Core/Listeners/UI/UnityOnInputFieldValueChangedMessageListener.cs - Importer: ScriptedImporter/UnityEditor.QuickSearchModule:UnityEditor.Search:ASIAI0B' with importer (ScriptedImporter : UnityEditor.QuickSearchModule:UnityEditor.Search:ASIAI0B)
Imported 'GUID: 165f53350f404a29a091e26686c289fb' -> (Import Result ID: '4b1a176de37d81dec676a71d7e3e0f35') in 0.003 seconds [static and dynamic dependencies]. Details - ImportResultOutputID=3429d67dc3b753eacf8d4e2a19545a8d DependenciesID=934780c33cba8134cf7e2b8d847ecfe0 StaticDependenciesID=5ed3fbfbb6efa8fda726cb2ec89d6924 
Number of updated asset objects reloaded before import = 0
Number of asset objects unloaded after import = 0
========================================================================
Received Import Request.
  Time of request: 2026-08-11T15:50:21.1597298Z
  Time since last request: 0.0002435 seconds.
  importAddress: GUID: e41a8bc428b945c69ccc320c2f6b3e42 - Path: Packages/com.unity.visualscripting/Runtime/VisualScripting.Core/Listeners/UI/UnityOnToggleValueChangedMessageListener.cs - Importer: ScriptedImporter/UnityEditor.QuickSearchModule:UnityEditor.Search:ASIAI0B
Importing 'GUID: e41a8bc428b945c69ccc320c2f6b3e42 - Path: Packages/com.unity.visualscripting/Runtime/VisualScripting.Core/Listeners/UI/UnityOnToggleValueChangedMessageListener.cs - Importer: ScriptedImporter/UnityEditor.QuickSearchModule:UnityEditor.Search:ASIAI0B' with importer (ScriptedImporter : UnityEditor.QuickSearchModule:UnityEditor.Search:ASIAI0B)
Imported 'GUID: e41a8bc428b945c69ccc320c2f6b3e42' -> (Import Result ID: '1f5a267a08cc49fc538267aaa733f553') in 0.003 seconds [static and dynamic dependencies]. Details - ImportResultOutputID=2e2119d5099c150d670886eb41ce3e85 DependenciesID=e7830082f2c678718bbb39b32ca05df9 StaticDependenciesID=ceadd332610f6dfb8f04aec94450f52d 
Number of updated asset objects reloaded before import = 0
Number of asset objects unloaded after import = 0
========================================================================
Received Import Request.
  Time of request: 2026-08-11T15:50:21.1730151Z
  Time since last request: 0.0003386 seconds.
  importAddress: GUID: 1cf89df7a0654768859b26797d898f7d - Path: Packages/com.unity.visualscripting/Runtime/VisualScripting.Core/Listeners/MonoBehaviour/UnityOnBecameInvisibleMessageListener.cs - Importer: ScriptedImporter/UnityEditor.QuickSearchModule:UnityEditor.Search:ASIAI0B
Importing 'GUID: 1cf89df7a0654768859b26797d898f7d - Path: Packages/com.unity.visualscripting/Runtime/VisualScripting.Core/Listeners/MonoBehaviour/UnityOnBecameInvisibleMessageListener.cs - Importer: ScriptedImporter/UnityEditor.QuickSearchModule:UnityEditor.Search:ASIAI0B' with importer (ScriptedImporter : UnityEditor.QuickSearchModule:UnityEditor.Search:ASIAI0B)
Imported 'GUID: 1cf89df7a0654768859b26797d898f7d' -> (Import Result ID: '63669bc54a0404d576569f7d281bf8d4') in 0.004 seconds [static and dynamic dependencies]. Details - ImportResultOutputID=35047e90c1307b21ddc00aa04913004d DependenciesID=fb22c8b2b5752a8908707f9b98a8d1fa StaticDependenciesID=07bfbe1ebfc7e84cfe9a1b35e8d26070 
Number of updated asset objects reloaded before import = 0
Number of asset objects unloaded after import = 0
========================================================================
Received Import Request.
  Time of request: 2026-08-11T15:50:21.1861279Z
  Time since last request: 0.0003018 seconds.
  importAddress: GUID: 982b5d67d0e9746ebae3d2af855f181b - Path: Packages/com.unity.visualscripting/Runtime/VisualScripting.Core/Dependencies/FullSerializer/fsMemberSerialization.cs - Importer: ScriptedImporter/UnityEditor.QuickSearchModule:UnityEditor.Search:ASIAI0B
Importing 'GUID: 982b5d67d0e9746ebae3d2af855f181b - Path: Packages/com.unity.visualscripting/Runtime/VisualScripting.Core/Dependencies/FullSerializer/fsMemberSerialization.cs - Importer: ScriptedImporter/UnityEditor.QuickSearchModule:UnityEditor.Search:ASIAI0B' with importer (ScriptedImporter : UnityEditor.QuickSearchModule:UnityEditor.Search:ASIAI0B)
Imported 'GUID: 982b5d67d0e9746ebae3d2af855f181b' -> (Import Result ID: '0c2181d91809160140ceaf092cf67a4c') in 0.003 seconds [static and dynamic dependencies]. Details - ImportResultOutputID=0cb17bf0cd674170875c0e9e5d4e634d DependenciesID=01057dd2ad72d8c9f836470cd9881324 StaticDependenciesID=dde07f256e5b54dbc846f316d2e97838 
Number of updated asset objects reloaded before import = 0
Number of asset objects unloaded after import = 0
========================================================================
Received Import Request.
  Time of request: 2026-08-11T15:50:21.1988144Z
  Time since last request: 0.0005138 seconds.
  importAddress: GUID: 7c0a6b05f3744a02b6a011821cb7be1e - Path: Packages/com.unity.visualscripting/Runtime/VisualScripting.Core/Listeners/MonoBehaviour/UnityOnJointBreakMessageListener.cs - Importer: ScriptedImporter/UnityEditor.QuickSearchModule:UnityEditor.Search:ASIAI0B
Importing 'GUID: 7c0a6b05f3744a02b6a011821cb7be1e - Path: Packages/com.unity.visualscripting/Runtime/VisualScripting.Core/Listeners/MonoBehaviour/UnityOnJointBreakMessageListener.cs - Importer: ScriptedImporter/UnityEditor.QuickSearchModule:UnityEditor.Search:ASIAI0B' with importer (ScriptedImporter : UnityEditor.QuickSearchModule:UnityEditor.Search:ASIAI0B)
Imported 'GUID: 7c0a6b05f3744a02b6a011821cb7be1e' -> (Import Result ID: 'fa474dc06774b46035e102dfb5bea501') in 0.003 seconds [static and dynamic dependencies]. Details - ImportResultOutputID=2c2e42180af14c55f7954bd854ff4969 DependenciesID=438e7ea97be03ae184e1912b88958516 StaticDependenciesID=ec772d8476c7f4de4ea92629f5e7e563 
Number of updated asset objects reloaded before import = 0
Number of asset objects unloaded after import = 0
========================================================================
Received Import Request.
  Time of request: 2026-08-11T15:50:21.2114458Z
  Time since last request: 0.0002863 seconds.
  importAddress: GUID: 19124ba62bea429c8d1b6efb5e4650c7 - Path: Packages/com.unity.visualscripting/Runtime/VisualScripting.Core/Listeners/MonoBehaviour/UnityOnMouseOverMessageListener.cs - Importer: ScriptedImporter/UnityEditor.QuickSearchModule:UnityEditor.Search:ASIAI0B
Importing 'GUID: 19124ba62bea429c8d1b6efb5e4650c7 - Path: Packages/com.unity.visualscripting/Runtime/VisualScripting.Core/Listeners/MonoBehaviour/UnityOnMouseOverMessageListener.cs - Importer: ScriptedImporter/UnityEditor.QuickSearchModule:UnityEditor.Search:ASIAI0B' with importer (ScriptedImporter : UnityEditor.QuickSearchModule:UnityEditor.Search:ASIAI0B)
Imported 'GUID: 19124ba62bea429c8d1b6efb5e4650c7' -> (Import Result ID: 'c44b430f2b46ea700ab3aba5b6e7bf04') in 0.004 seconds [static and dynamic dependencies]. Details - ImportResultOutputID=c77d568d9dd1d0999d62d6959316a8b6 DependenciesID=5bfb7ad8c7905c8e7293913241b7203f StaticDependenciesID=f81fadfedd3c4538ffa534696d738208 
Number of updated asset objects reloaded before import = 0
Number of asset objects unloaded after import = 0
========================================================================
Received Import Request.
  Time of request: 2026-08-11T15:50:21.2403019Z
  Time since last request: 0.017082 seconds.
  importAddress: GUID: 683e53d1471354951b0723bdbae66000 - Path: Packages/com.unity.visualscripting/Runtime/VisualScripting.Core/Reflection/Optimization/InstanceActionInvokerBase.cs - Importer: ScriptedImporter/UnityEditor.QuickSearchModule:UnityEditor.Search:ASIAI0B
Importing 'GUID: 683e53d1471354951b0723bdbae66000 - Path: Packages/com.unity.visualscripting/Runtime/VisualScripting.Core/Reflection/Optimization/InstanceActionInvokerBase.cs - Importer: ScriptedImporter/UnityEditor.QuickSearchModule:UnityEditor.Search:ASIAI0B' with importer (ScriptedImporter : UnityEditor.QuickSearchModule:UnityEditor.Search:ASIAI0B)
Imported 'GUID: 683e53d1471354951b0723bdbae66000' -> (Import Result ID: '7cc3317087c388ebdc436faff137dba7') in 0.003 seconds [static and dynamic dependencies]. Details - ImportResultOutputID=1f23b6bb5b896217e360e0dabe5ba0c4 DependenciesID=014bfe95e487cf1652f39e0f2d85cd02 StaticDependenciesID=40cd27e8707dfdb44d5e1a5e219b373f 
Number of updated asset objects reloaded before import = 0
Number of asset objects unloaded after import = 0
========================================================================
Received Import Request.
  Time of request: 2026-08-11T15:50:21.2514523Z
  Time since last request: 0.0008869 seconds.
  importAddress: GUID: d605072279c64478ab714dca21521800 - Path: Packages/com.unity.visualscripting/Runtime/VisualScripting.Core/Reflection/Operators/ExclusiveOrHandler.cs - Importer: ScriptedImporter/UnityEditor.QuickSearchModule:UnityEditor.Search:ASIAI0B
Importing 'GUID: d605072279c64478ab714dca21521800 - Path: Packages/com.unity.visualscripting/Runtime/VisualScripting.Core/Reflection/Operators/ExclusiveOrHandler.cs - Importer: ScriptedImporter/UnityEditor.QuickSearchModule:UnityEditor.Search:ASIAI0B' with importer (ScriptedImporter : UnityEditor.QuickSearchModule:UnityEditor.Search:ASIAI0B)
Imported 'GUID: d605072279c64478ab714dca21521800' -> (Import Result ID: '0599531ce2a66dbb35b642cb5976fe7a') in 0.003 seconds [static and dynamic dependencies]. Details - ImportResultOutputID=c12494c3e3f497391cfcbd2a9b3a7048 DependenciesID=36a70daa2bc4f0dcf8e965530a9a1617 StaticDependenciesID=f6dec4841f4ba989f56b0aa189c31341 
Number of updated asset objects reloaded before import = 0
Number of asset objects unloaded after import = 0
========================================================================
Received Import Request.
  Time of request: 2026-08-11T15:50:21.2625318Z
  Time since last request: 0.0004007 seconds.
  importAddress: GUID: 1c5dbdbb09420438593bab3d6f0754f3 - Path: Packages/com.unity.visualscripting/Runtime/VisualScripting.Core/Reflection/Optimization/InstanceFunctionInvoker_0.cs - Importer: ScriptedImporter/UnityEditor.QuickSearchModule:UnityEditor.Search:ASIAI0B
Importing 'GUID: 1c5dbdbb09420438593bab3d6f0754f3 - Path: Packages/com.unity.visualscripting/Runtime/VisualScripting.Core/Reflection/Optimization/InstanceFunctionInvoker_0.cs - Importer: ScriptedImporter/UnityEditor.QuickSearchModule:UnityEditor.Search:ASIAI0B' with importer (ScriptedImporter : UnityEditor.QuickSearchModule:UnityEditor.Search:ASIAI0B)
Imported 'GUID: 1c5dbdbb09420438593bab3d6f0754f3' -> (Import Result ID: '5adb7a0ee0de7b8baf026512f432f787') in 0.003 seconds [static and dynamic dependencies]. Details - ImportResultOutputID=a1bc7a8168bacd272a01f5a67ddb3135 DependenciesID=4017eb7a4ccec3a0165255fd3d9f951a StaticDependenciesID=56b36f7c2b434b2ec365dbe44794ea91 
Number of updated asset objects reloaded before import = 0
Number of asset objects unloaded after import = 0
========================================================================
Received Import Request.
  Time of request: 2026-08-11T15:50:21.2751392Z
  Time since last request: 0.0006992 seconds.
  importAddress: GUID: 74765ebacef5c4d3796689d3fdbfb3ea - Path: Packages/com.unity.visualscripting/Runtime/VisualScripting.Core/Reflection/Operators/PlusHandler.cs - Importer: ScriptedImporter/UnityEditor.QuickSearchModule:UnityEditor.Search:ASIAI0B
Importing 'GUID: 74765ebacef5c4d3796689d3fdbfb3ea - Path: Packages/com.unity.visualscripting/Runtime/VisualScripting.Core/Reflection/Operators/PlusHandler.cs - Importer: ScriptedImporter/UnityEditor.QuickSearchModule:UnityEditor.Search:ASIAI0B' with importer (ScriptedImporter : UnityEditor.QuickSearchModule:UnityEditor.Search:ASIAI0B)
Imported 'GUID: 74765ebacef5c4d3796689d3fdbfb3ea' -> (Import Result ID: '0580fd8af7ac37403cc77ce61ea97049') in 0.004 seconds [static and dynamic dependencies]. Details - ImportResultOutputID=39f70ce5ade6c399932b3f74c08390ba DependenciesID=884b4ed5aea584b9c21c13d2b9cc0468 StaticDependenciesID=bfb5b2109df8dff53654d09bae604458 
Number of updated asset objects reloaded before import = 0
Number of asset objects unloaded after import = 0
========================================================================
Received Import Request.
  Time of request: 2026-08-11T15:50:21.2895082Z
  Time since last request: 0.0005015 seconds.
  importAddress: GUID: d0aa0da2ce60d44ceaeb7718d323010d - Path: Packages/com.unity.visualscripting/Runtime/VisualScripting.Core/Reflection/Operators/InequalityHandler.cs - Importer: ScriptedImporter/UnityEditor.QuickSearchModule:UnityEditor.Search:ASIAI0B
Importing 'GUID: d0aa0da2ce60d44ceaeb7718d323010d - Path: Packages/com.unity.visualscripting/Runtime/VisualScripting.Core/Reflection/Operators/InequalityHandler.cs - Importer: ScriptedImporter/UnityEditor.QuickSearchModule:UnityEditor.Search:ASIAI0B' with importer (ScriptedImporter : UnityEditor.QuickSearchModule:UnityEditor.Search:ASIAI0B)
Imported 'GUID: d0aa0da2ce60d44ceaeb7718d323010d' -> (Import Result ID: '797f2bae3bf9dc30f4043e1184b3a950') in 0.003 seconds [static and dynamic dependencies]. Details - ImportResultOutputID=f5034dd75f7fd6aa0d0f2c5e6056f113 DependenciesID=9bb3371a4e613b73653a9cc17ba8e5f0 StaticDependenciesID=3e67b1ecb9f169aae214ac3f1effa3cb 
Number of updated asset objects reloaded before import = 0
Number of asset objects unloaded after import = 0
========================================================================
Received Import Request.
  Time of request: 2026-08-11T15:50:21.3029585Z
  Time since last request: 0.0010437 seconds.
  importAddress: GUID: 4540bef2d25fb4d4c8c0e06f3ddf9ba3 - Path: Packages/com.unity.visualscripting/Runtime/VisualScripting.Core/Reflection/Optimization/StaticActionInvokerBase.cs - Importer: ScriptedImporter/UnityEditor.QuickSearchModule:UnityEditor.Search:ASIAI0B
Importing 'GUID: 4540bef2d25fb4d4c8c0e06f3ddf9ba3 - Path: Packages/com.unity.visualscripting/Runtime/VisualScripting.Core/Reflection/Optimization/StaticActionInvokerBase.cs - Importer: ScriptedImporter/UnityEditor.QuickSearchModule:UnityEditor.Search:ASIAI0B' with importer (ScriptedImporter : UnityEditor.QuickSearchModule:UnityEditor.Search:ASIAI0B)
Imported 'GUID: 4540bef2d25fb4d4c8c0e06f3ddf9ba3' -> (Import Result ID: '0486877782d2618e7d9df41cd1d602dd') in 0.003 seconds [static and dynamic dependencies]. Details - ImportResultOutputID=2ff9ce430a38cef8d61b022756fb6aba DependenciesID=7ddd3329a7830df76c6b31dd12eee3a2 StaticDependenciesID=c4130612851e5484d01c96f8a2dbc599 
Number of updated asset objects reloaded before import = 0
Number of asset objects unloaded after import = 0
========================================================================
Received Import Request.
  Time of request: 2026-08-11T15:50:21.3162226Z
  Time since last request: 0.0002364 seconds.
  importAddress: GUID: 6a2ec589df8304b07930d5319d9b5584 - Path: Packages/com.unity.visualscripting/Runtime/VisualScripting.Core/Reflection/Optimization/InstanceInvokerBase.cs - Importer: ScriptedImporter/UnityEditor.QuickSearchModule:UnityEditor.Search:ASIAI0B
Importing 'GUID: 6a2ec589df8304b07930d5319d9b5584 - Path: Packages/com.unity.visualscripting/Runtime/VisualScripting.Core/Reflection/Optimization/InstanceInvokerBase.cs - Importer: ScriptedImporter/UnityEditor.QuickSearchModule:UnityEditor.Search:ASIAI0B' with importer (ScriptedImporter : UnityEditor.QuickSearchModule:UnityEditor.Search:ASIAI0B)
Imported 'GUID: 6a2ec589df8304b07930d5319d9b5584' -> (Import Result ID: '2a6f94d03aeab120a9df041681deffac') in 0.003 seconds [static and dynamic dependencies]. Details - ImportResultOutputID=02465575ceeac233417d97af4cdc736d DependenciesID=fa5bfa318c8bc365beabf920cf7fd009 StaticDependenciesID=4b5cac6a1d22a9cba46a3c7ff504fb17 
Number of updated asset objects reloaded before import = 0
Number of asset objects unloaded after import = 0
========================================================================
Received Import Request.
  Time of request: 2026-08-11T15:50:21.3283689Z
  Time since last request: 0.0003001 seconds.
  importAddress: GUID: 893d8390fbd9c404e974184b2cb93bf9 - Path: Packages/com.unity.visualscripting/Runtime/VisualScripting.Core/Reflection/Operators/OperatorUtility.cs - Importer: ScriptedImporter/UnityEditor.QuickSearchModule:UnityEditor.Search:ASIAI0B
Importing 'GUID: 893d8390fbd9c404e974184b2cb93bf9 - Path: Packages/com.unity.visualscripting/Runtime/VisualScripting.Core/Reflection/Operators/OperatorUtility.cs - Importer: ScriptedImporter/UnityEditor.QuickSearchModule:UnityEditor.Search:ASIAI0B' with importer (ScriptedImporter : UnityEditor.QuickSearchModule:UnityEditor.Search:ASIAI0B)
Imported 'GUID: 893d8390fbd9c404e974184b2cb93bf9' -> (Import Result ID: '1e01fd6dfecbcbeabbec3b2ff31023c2') in 0.003 seconds [static and dynamic dependencies]. Details - ImportResultOutputID=f4c2fc6223489809ac547dbd2adfef84 DependenciesID=1c07d2f6557d9f84ebd3e0c8364ae178 StaticDependenciesID=e1d24854a8c17458085def843b6bcb2c 
Number of updated asset objects reloaded before import = 0
Number of asset objects unloaded after import = 0
========================================================================
Received Import Request.
  Time of request: 2026-08-11T15:50:21.369301Z
  Time since last request: 0.027529 seconds.
  importAddress: GUID: e87ca2fa4b3b04602936eaeec2e37316 - Path: Packages/com.unity.visualscripting/Runtime/VisualScripting.Core/Reflection/Optimization/StaticFunctionInvoker_1.cs - Importer: ScriptedImporter/UnityEditor.QuickSearchModule:UnityEditor.Search:ASIAI0B
Importing 'GUID: e87ca2fa4b3b04602936eaeec2e37316 - Path: Packages/com.unity.visualscripting/Runtime/VisualScripting.Core/Reflection/Optimization/StaticFunctionInvoker_1.cs - Importer: ScriptedImporter/UnityEditor.QuickSearchModule:UnityEditor.Search:ASIAI0B' with importer (ScriptedImporter : UnityEditor.QuickSearchModule:UnityEditor.Search:ASIAI0B)
Imported 'GUID: e87ca2fa4b3b04602936eaeec2e37316' -> (Import Result ID: 'a5cfd79bc464bb1fb61a933da4f5d7ec') in 0.003 seconds [static and dynamic dependencies]. Details - ImportResultOutputID=ed42806ce82cc7bc0a99854fe17517f8 DependenciesID=456565430526c4a0cbf04186167f91a7 StaticDependenciesID=86e095f2015760d3d4e710ec5a7ab9bd 
Number of updated asset objects reloaded before import = 0
Number of asset objects unloaded after import = 0
========================================================================
Received Import Request.
  Time of request: 2026-08-11T15:50:21.3804361Z
  Time since last request: 0.0007265 seconds.
  importAddress: GUID: 1b211073028ea4467ad1c7f48e0b3530 - Path: Packages/com.unity.visualscripting/Runtime/VisualScripting.Flow/Dependencies/NCalc/ParameterArgs.cs - Importer: ScriptedImporter/UnityEditor.QuickSearchModule:UnityEditor.Search:ASIAI0B
Importing 'GUID: 1b211073028ea4467ad1c7f48e0b3530 - Path: Packages/com.unity.visualscripting/Runtime/VisualScripting.Flow/Dependencies/NCalc/ParameterArgs.cs - Importer: ScriptedImporter/UnityEditor.QuickSearchModule:UnityEditor.Search:ASIAI0B' with importer (ScriptedImporter : UnityEditor.QuickSearchModule:UnityEditor.Search:ASIAI0B)
Imported 'GUID: 1b211073028ea4467ad1c7f48e0b3530' -> (Import Result ID: '51fd3fbb37a9e10f1c45cdd4e70315c5') in 0.003 seconds [static and dynamic dependencies]. Details - ImportResultOutputID=23be6576d39572a8b7573e7626acf9a4 DependenciesID=fac42eb2106eed7c206ac3977f357600 StaticDependenciesID=4a489e82cc7c3ad350b517a65de4a982 
Number of updated asset objects reloaded before import = 0
Number of asset objects unloaded after import = 0
========================================================================
Received Import Request.
  Time of request: 2026-08-11T15:50:21.3936828Z
  Time since last request: 0.0008126 seconds.
  importAddress: GUID: 89f8cd8ccb56d4a84b7f84d9819c7ca6 - Path: Packages/com.unity.visualscripting/Runtime/VisualScripting.Flow/Framework/Codebase/InvokeMember.cs - Importer: ScriptedImporter/UnityEditor.QuickSearchModule:UnityEditor.Search:ASIAI0B
Importing 'GUID: 89f8cd8ccb56d4a84b7f84d9819c7ca6 - Path: Packages/com.unity.visualscripting/Runtime/VisualScripting.Flow/Framework/Codebase/InvokeMember.cs - Importer: ScriptedImporter/UnityEditor.QuickSearchModule:UnityEditor.Search:ASIAI0B' with importer (ScriptedImporter : UnityEditor.QuickSearchModule:UnityEditor.Search:ASIAI0B)
Imported 'GUID: 89f8cd8ccb56d4a84b7f84d9819c7ca6' -> (Import Result ID: '3a75a71447385a2df199ac51be67dc2c') in 0.003 seconds [static and dynamic dependencies]. Details - ImportResultOutputID=a2c645584e0cfc89f260b5d7c8a9a9ec DependenciesID=e6749c23d32f0a380c1bca41924e26e5 StaticDependenciesID=e379d53c33c29de4b4859269295f13f2 
Number of updated asset objects reloaded before import = 0
Number of asset objects unloaded after import = 0
========================================================================
Received Import Request.
  Time of request: 2026-08-11T15:50:21.4055515Z
  Time since last request: 0.000636 seconds.
  importAddress: GUID: 7ba5f39821e844d3bb87e953543d2572 - Path: Packages/com.unity.visualscripting/Runtime/VisualScripting.Core/Reflection/Optimization/StaticFunctionInvoker_0.cs - Importer: ScriptedImporter/UnityEditor.QuickSearchModule:UnityEditor.Search:ASIAI0B
Importing 'GUID: 7ba5f39821e844d3bb87e953543d2572 - Path: Packages/com.unity.visualscripting/Runtime/VisualScripting.Core/Reflection/Optimization/StaticFunctionInvoker_0.cs - Importer: ScriptedImporter/UnityEditor.QuickSearchModule:UnityEditor.Search:ASIAI0B' with importer (ScriptedImporter : UnityEditor.QuickSearchModule:UnityEditor.Search:ASIAI0B)
Imported 'GUID: 7ba5f39821e844d3bb87e953543d2572' -> (Import Result ID: '1beb83090364cfb37bbadb1aa692a6d5') in 0.003 seconds [static and dynamic dependencies]. Details - ImportResultOutputID=121133e26576caf5d58c00b0db659de8 DependenciesID=d9ff6e53010dea376d133a12fca112d1 StaticDependenciesID=9cc85baa32eaa2db89679882387a03f0 
Number of updated asset objects reloaded before import = 0
Number of asset objects unloaded after import = 0
========================================================================
Received Import Request.
  Time of request: 2026-08-11T15:50:21.4192758Z
  Time since last request: 0.0006634 seconds.
  importAddress: GUID: 28353851bd6d5454b81b70b6720cd8f3 - Path: Packages/com.unity.visualscripting/Runtime/VisualScripting.Flow/Framework/Collections/LastItem.cs - Importer: ScriptedImporter/UnityEditor.QuickSearchModule:UnityEditor.Search:ASIAI0B
Importing 'GUID: 28353851bd6d5454b81b70b6720cd8f3 - Path: Packages/com.unity.visualscripting/Runtime/VisualScripting.Flow/Framework/Collections/LastItem.cs - Importer: ScriptedImporter/UnityEditor.QuickSearchModule:UnityEditor.Search:ASIAI0B' with importer (ScriptedImporter : UnityEditor.QuickSearchModule:UnityEditor.Search:ASIAI0B)
Imported 'GUID: 28353851bd6d5454b81b70b6720cd8f3' -> (Import Result ID: '54e61b5953727af1a44e3c66c66f872a') in 0.003 seconds [static and dynamic dependencies]. Details - ImportResultOutputID=d2e6f9000d240da0a42cf3ab8b616851 DependenciesID=d44378176554dd7017a8d3da8dd2afda StaticDependenciesID=2104de02e06e82abd816bd5be7b62162 
Number of updated asset objects reloaded before import = 0
Number of asset objects unloaded after import = 0
========================================================================
Received Import Request.
  Time of request: 2026-08-11T15:50:21.4328698Z
  Time since last request: 0.0005823 seconds.
  importAddress: GUID: 2151421cf8d4e4fe9a3eadc5c7e0f02c - Path: Packages/com.unity.visualscripting/Runtime/VisualScripting.Core/Reflection/Optimization/StaticActionInvoker_3.cs - Importer: ScriptedImporter/UnityEditor.QuickSearchModule:UnityEditor.Search:ASIAI0B
Importing 'GUID: 2151421cf8d4e4fe9a3eadc5c7e0f02c - Path: Packages/com.unity.visualscripting/Runtime/VisualScripting.Core/Reflection/Optimization/StaticActionInvoker_3.cs - Importer: ScriptedImporter/UnityEditor.QuickSearchModule:UnityEditor.Search:ASIAI0B' with importer (ScriptedImporter : UnityEditor.QuickSearchModule:UnityEditor.Search:ASIAI0B)
Imported 'GUID: 2151421cf8d4e4fe9a3eadc5c7e0f02c' -> (Import Result ID: 'aac4083b73551c16925c5920d8cd4fd7') in 0.003 seconds [static and dynamic dependencies]. Details - ImportResultOutputID=5dab4ce4d16b85a48e1feb065044709a DependenciesID=af79f0e60a2583a190eea66e0bdb9f4e StaticDependenciesID=57d9ba7717c88f1eb48e4578b1470734 
Number of updated asset objects reloaded before import = 0
Number of asset objects unloaded after import = 0
========================================================================
Received Import Request.
  Time of request: 2026-08-11T15:50:21.4442958Z
  Time since last request: 0.0004643 seconds.
  importAddress: GUID: f99d20d0d37dc4411a4b9303b7081cc6 - Path: Packages/com.unity.visualscripting/Runtime/VisualScripting.Core/Serialization/Converters/UnityObjectConverter.cs - Importer: ScriptedImporter/UnityEditor.QuickSearchModule:UnityEditor.Search:ASIAI0B
Importing 'GUID: f99d20d0d37dc4411a4b9303b7081cc6 - Path: Packages/com.unity.visualscripting/Runtime/VisualScripting.Core/Serialization/Converters/UnityObjectConverter.cs - Importer: ScriptedImporter/UnityEditor.QuickSearchModule:UnityEditor.Search:ASIAI0B' with importer (ScriptedImporter : UnityEditor.QuickSearchModule:UnityEditor.Search:ASIAI0B)
Imported 'GUID: f99d20d0d37dc4411a4b9303b7081cc6' -> (Import Result ID: '235e662774f8ba9818fba3409e6987b1') in 0.003 seconds [static and dynamic dependencies]. Details - ImportResultOutputID=f059af77963df42702f0c268182b34ef DependenciesID=e142fb5ef89bd04e2c337af7f8b74627 StaticDependenciesID=63ccbd28de911b762ff5b60d5aacc01e 
Number of updated asset objects reloaded before import = 0
Number of asset objects unloaded after import = 0
========================================================================
Received Import Request.
  Time of request: 2026-08-11T15:50:21.4557185Z
  Time since last request: 0.0004185 seconds.
  importAddress: GUID: d81baa29b4461445b815939d80f9c3ec - Path: Packages/com.unity.visualscripting/Runtime/VisualScripting.Flow/Framework/Codebase/Expose.cs - Importer: ScriptedImporter/UnityEditor.QuickSearchModule:UnityEditor.Search:ASIAI0B
Importing 'GUID: d81baa29b4461445b815939d80f9c3ec - Path: Packages/com.unity.visualscripting/Runtime/VisualScripting.Flow/Framework/Codebase/Expose.cs - Importer: ScriptedImporter/UnityEditor.QuickSearchModule:UnityEditor.Search:ASIAI0B' with importer (ScriptedImporter : UnityEditor.QuickSearchModule:UnityEditor.Search:ASIAI0B)
Imported 'GUID: d81baa29b4461445b815939d80f9c3ec' -> (Import Result ID: '55d6d789a3efad3adc826313b7a8f968') in 0.003 seconds [static and dynamic dependencies]. Details - ImportResultOutputID=9d261b9307ea39d906f3f931b79a2286 DependenciesID=5827bb9be45cc508a3b5c7cfacb1d565 StaticDependenciesID=d851dfe5e9702902865ffbaa0bfeaa93 
Number of updated asset objects reloaded before import = 0
Number of asset objects unloaded after import = 0
========================================================================
Received Import Request.
  Time of request: 2026-08-11T15:50:21.484614Z
  Time since last request: 0.0151302 seconds.
  importAddress: GUID: f1f5cc0ec16bb47f8bca4d860c0c1339 - Path: Packages/com.unity.visualscripting/Runtime/VisualScripting.Flow/Framework/Events/BoltUnityEvent.cs - Importer: ScriptedImporter/UnityEditor.QuickSearchModule:UnityEditor.Search:ASIAI0B
Importing 'GUID: f1f5cc0ec16bb47f8bca4d860c0c1339 - Path: Packages/com.unity.visualscripting/Runtime/VisualScripting.Flow/Framework/Events/BoltUnityEvent.cs - Importer: ScriptedImporter/UnityEditor.QuickSearchModule:UnityEditor.Search:ASIAI0B' with importer (ScriptedImporter : UnityEditor.QuickSearchModule:UnityEditor.Search:ASIAI0B)
Imported 'GUID: f1f5cc0ec16bb47f8bca4d860c0c1339' -> (Import Result ID: '60d190755c8f35768aafca70cb36d416') in 0.003 seconds [static and dynamic dependencies]. Details - ImportResultOutputID=066ad39bdd3b784255f541d1443eefbf DependenciesID=db2ae7a8e87c0d28314fb0ffc1da9b3b StaticDependenciesID=bc12c54783a2527841460cd020005050 
Number of updated asset objects reloaded before import = 0
Number of asset objects unloaded after import = 0
========================================================================
Received Import Request.
  Time of request: 2026-08-11T15:50:21.495458Z
  Time since last request: 0.0006767 seconds.
  importAddress: GUID: e93461aec6b434e33b8f3b1ce909f94f - Path: Packages/com.unity.visualscripting/Runtime/VisualScripting.Flow/Framework/Math/Lerp.cs - Importer: ScriptedImporter/UnityEditor.QuickSearchModule:UnityEditor.Search:ASIAI0B
Importing 'GUID: e93461aec6b434e33b8f3b1ce909f94f - Path: Packages/com.unity.visualscripting/Runtime/VisualScripting.Flow/Framework/Math/Lerp.cs - Importer: ScriptedImporter/UnityEditor.QuickSearchModule:UnityEditor.Search:ASIAI0B' with importer (ScriptedImporter : UnityEditor.QuickSearchModule:UnityEditor.Search:ASIAI0B)
Imported 'GUID: e93461aec6b434e33b8f3b1ce909f94f' -> (Import Result ID: 'a532fa49ddaaf5f2c1a35b43e14f3d60') in 0.003 seconds [static and dynamic dependencies]. Details - ImportResultOutputID=efe60acd0a7c807ae31569dd98c574a7 DependenciesID=17d65fe0ed115ea00015a70338fbaa75 StaticDependenciesID=7b16cf229d16011989176d428947486f 
Number of updated asset objects reloaded before import = 0
Number of asset objects unloaded after import = 0
========================================================================
Received Import Request.
  Time of request: 2026-08-11T15:50:21.5067711Z
  Time since last request: 0.0004661 seconds.
  importAddress: GUID: 9d0aa9041a7ab49c7a011932cbf111ac - Path: Packages/com.unity.visualscripting/Runtime/VisualScripting.Flow/Framework/Math/DotProduct.cs - Importer: ScriptedImporter/UnityEditor.QuickSearchModule:UnityEditor.Search:ASIAI0B
Importing 'GUID: 9d0aa9041a7ab49c7a011932cbf111ac - Path: Packages/com.unity.visualscripting/Runtime/VisualScripting.Flow/Framework/Math/DotProduct.cs - Importer: ScriptedImporter/UnityEditor.QuickSearchModule:UnityEditor.Search:ASIAI0B' with importer (ScriptedImporter : UnityEditor.QuickSearchModule:UnityEditor.Search:ASIAI0B)
Imported 'GUID: 9d0aa9041a7ab49c7a011932cbf111ac' -> (Import Result ID: '44e86e1b33b95148afbae66e8a482668') in 0.004 seconds [static and dynamic dependencies]. Details - ImportResultOutputID=cc885d06bff880683d871b4cc0fed45e DependenciesID=92999ca13745a0319f4498f2a74df2a8 StaticDependenciesID=65bd2bc8ef6634d8a3075a89c69a2173 
Number of updated asset objects reloaded before import = 0
Number of asset objects unloaded after import = 0
========================================================================
Received Import Request.
  Time of request: 2026-08-11T15:50:21.5209639Z
  Time since last request: 0.0004434 seconds.
  importAddress: GUID: 29c380f94a7fa4c689552cdcb68ba45e - Path: Packages/com.unity.visualscripting/Runtime/VisualScripting.Flow/Framework/Events/IEventUnit.cs - Importer: ScriptedImporter/UnityEditor.QuickSearchModule:UnityEditor.Search:ASIAI0B
Importing 'GUID: 29c380f94a7fa4c689552cdcb68ba45e - Path: Packages/com.unity.visualscripting/Runtime/VisualScripting.Flow/Framework/Events/IEventUnit.cs - Importer: ScriptedImporter/UnityEditor.QuickSearchModule:UnityEditor.Search:ASIAI0B' with importer (ScriptedImporter : UnityEditor.QuickSearchModule:UnityEditor.Search:ASIAI0B)
Imported 'GUID: 29c380f94a7fa4c689552cdcb68ba45e' -> (Import Result ID: '32ecef198c4afc49a78ade3768d37c18') in 0.003 seconds [static and dynamic dependencies]. Details - ImportResultOutputID=73232f6a35af545df47dd49598a835d3 DependenciesID=31fc549a462572642ad5537b78fc4042 StaticDependenciesID=816e848e1dc0fe313faf74467c821d49 
Number of updated asset objects reloaded before import = 0
Number of asset objects unloaded after import = 0
========================================================================
Received Import Request.
  Time of request: 2026-08-11T15:50:21.5326376Z
  Time since last request: 0.0002981 seconds.
  importAddress: GUID: 45e0b31244d22469f891e908230c5ef8 - Path: Packages/com.unity.visualscripting/Runtime/VisualScripting.Flow/Framework/Control/SwitchOnString.cs - Importer: ScriptedImporter/UnityEditor.QuickSearchModule:UnityEditor.Search:ASIAI0B
Importing 'GUID: 45e0b31244d22469f891e908230c5ef8 - Path: Packages/com.unity.visualscripting/Runtime/VisualScripting.Flow/Framework/Control/SwitchOnString.cs - Importer: ScriptedImporter/UnityEditor.QuickSearchModule:UnityEditor.Search:ASIAI0B' with importer (ScriptedImporter : UnityEditor.QuickSearchModule:UnityEditor.Search:ASIAI0B)
Imported 'GUID: 45e0b31244d22469f891e908230c5ef8' -> (Import Result ID: '7907fa143f459d546eb1488d232ac4c7') in 0.003 seconds [static and dynamic dependencies]. Details - ImportResultOutputID=3f42365cb683a7f8a1636703e455ec21 DependenciesID=1c5d3b4c13f10f2313c591c67e954083 StaticDependenciesID=98c825a52d992b9eb5228b1e12b9b25a 
Number of updated asset objects reloaded before import = 0
Number of asset objects unloaded after import = 0
========================================================================
Received Import Request.
  Time of request: 2026-08-11T15:50:21.5451147Z
  Time since last request: 0.0002841 seconds.
  importAddress: GUID: bd7208df7e06b49e19424ccc0a6cc140 - Path: Packages/com.unity.visualscripting/Runtime/VisualScripting.Flow/Framework/Events/EventUnit.cs - Importer: ScriptedImporter/UnityEditor.QuickSearchModule:UnityEditor.Search:ASIAI0B
Importing 'GUID: bd7208df7e06b49e19424ccc0a6cc140 - Path: Packages/com.unity.visualscripting/Runtime/VisualScripting.Flow/Framework/Events/EventUnit.cs - Importer: ScriptedImporter/UnityEditor.QuickSearchModule:UnityEditor.Search:ASIAI0B' with importer (ScriptedImporter : UnityEditor.QuickSearchModule:UnityEditor.Search:ASIAI0B)
Imported 'GUID: bd7208df7e06b49e19424ccc0a6cc140' -> (Import Result ID: '2baf424f85a386f6e80ead5c3f3447f9') in 0.003 seconds [static and dynamic dependencies]. Details - ImportResultOutputID=62315173c6eaa987f357fd99bf1dd433 DependenciesID=699684024120460fd4de0a85117c6962 StaticDependenciesID=bbc5c7f67cb06cf6183ce8ecb09e9086 
Number of updated asset objects reloaded before import = 0
Number of asset objects unloaded after import = 0
========================================================================
Received Import Request.
  Time of request: 2026-08-11T15:50:21.5559219Z
  Time since last request: 0.0004701 seconds.
  importAddress: GUID: c5c7fd959362a4408807ce2d67e93c31 - Path: Packages/com.unity.visualscripting/Runtime/VisualScripting.Flow/Framework/Logic/And.cs - Importer: ScriptedImporter/UnityEditor.QuickSearchModule:UnityEditor.Search:ASIAI0B
Importing 'GUID: c5c7fd959362a4408807ce2d67e93c31 - Path: Packages/com.unity.visualscripting/Runtime/VisualScripting.Flow/Framework/Logic/And.cs - Importer: ScriptedImporter/UnityEditor.QuickSearchModule:UnityEditor.Search:ASIAI0B' with importer (ScriptedImporter : UnityEditor.QuickSearchModule:UnityEditor.Search:ASIAI0B)
Imported 'GUID: c5c7fd959362a4408807ce2d67e93c31' -> (Import Result ID: '4aec6983ca6064b9f7661efc21f5b77f') in 0.003 seconds [static and dynamic dependencies]. Details - ImportResultOutputID=8008de5f2f318b265b8c4fd93dc86629 DependenciesID=c915378dea55a086c2d814e82a2cd067 StaticDependenciesID=f9dfa3de64e7e9ccc4a929535202a589 
Number of updated asset objects reloaded before import = 0
Number of asset objects unloaded after import = 0
========================================================================
Received Import Request.
  Time of request: 2026-08-11T15:50:21.5680975Z
  Time since last request: 0.000326 seconds.
  importAddress: GUID: fcec00bd340484d14b1623b0045c8b9a - Path: Packages/com.unity.visualscripting/Runtime/VisualScripting.Flow/Framework/Events/GlobalEventUnit.cs - Importer: ScriptedImporter/UnityEditor.QuickSearchModule:UnityEditor.Search:ASIAI0B
Importing 'GUID: fcec00bd340484d14b1623b0045c8b9a - Path: Packages/com.unity.visualscripting/Runtime/VisualScripting.Flow/Framework/Events/GlobalEventUnit.cs - Importer: ScriptedImporter/UnityEditor.QuickSearchModule:UnityEditor.Search:ASIAI0B' with importer (ScriptedImporter : UnityEditor.QuickSearchModule:UnityEditor.Search:ASIAI0B)
Imported 'GUID: fcec00bd340484d14b1623b0045c8b9a' -> (Import Result ID: '5c679a35761d1aa6582a1708f9027e90') in 0.003 seconds [static and dynamic dependencies]. Details - ImportResultOutputID=eaddad4b34d37ae0a068a25313e2d785 DependenciesID=5e9460c829f7d5af7e6813122b3d5ad6 StaticDependenciesID=fdf25cf6ddd262faec3f38b84892cb95 
Number of updated asset objects reloaded before import = 0
Number of asset objects unloaded after import = 0
========================================================================
Received Import Request.
  Time of request: 2026-08-11T15:50:21.6024652Z
  Time since last request: 0.0226423 seconds.
  importAddress: GUID: 7ae172004cdd6412d917b38e624846bd - Path: Packages/com.unity.visualscripting/Runtime/VisualScripting.Flow/Framework/Variables/UnifiedVariableUnit.cs - Importer: ScriptedImporter/UnityEditor.QuickSearchModule:UnityEditor.Search:ASIAI0B
Importing 'GUID: 7ae172004cdd6412d917b38e624846bd - Path: Packages/com.unity.visualscripting/Runtime/VisualScripting.Flow/Framework/Variables/UnifiedVariableUnit.cs - Importer: ScriptedImporter/UnityEditor.QuickSearchModule:UnityEditor.Search:ASIAI0B' with importer (ScriptedImporter : UnityEditor.QuickSearchModule:UnityEditor.Search:ASIAI0B)
Imported 'GUID: 7ae172004cdd6412d917b38e624846bd' -> (Import Result ID: 'cf97a53864038ff04fc2cc2bd5bf3714') in 0.003 seconds [static and dynamic dependencies]. Details - ImportResultOutputID=2654f29ec7c4808dee3e7c82745414f2 DependenciesID=2bd4ff3c2ebbdf455dfa48c0657c8900 StaticDependenciesID=83ed7cb150ddbd03458ed708305ce20f 
Number of updated asset objects reloaded before import = 0
Number of asset objects unloaded after import = 0
========================================================================
Received Import Request.
  Time of request: 2026-08-11T15:50:21.614095Z
  Time since last request: 0.0009199 seconds.
  importAddress: GUID: cd81366cc0bef48868ac1297ef8d00f6 - Path: Packages/com.unity.visualscripting/Runtime/VisualScripting.Flow/Framework/Variables/IUnifiedVariableUnit.cs - Importer: ScriptedImporter/UnityEditor.QuickSearchModule:UnityEditor.Search:ASIAI0B
Importing 'GUID: cd81366cc0bef48868ac1297ef8d00f6 - Path: Packages/com.unity.visualscripting/Runtime/VisualScripting.Flow/Framework/Variables/IUnifiedVariableUnit.cs - Importer: ScriptedImporter/UnityEditor.QuickSearchModule:UnityEditor.Search:ASIAI0B' with importer (ScriptedImporter : UnityEditor.QuickSearchModule:UnityEditor.Search:ASIAI0B)
Imported 'GUID: cd81366cc0bef48868ac1297ef8d00f6' -> (Import Result ID: 'f74171370b9eb4d3b6cb5605f2924832') in 0.004 seconds [static and dynamic dependencies]. Details - ImportResultOutputID=265e63f85cea70df876b41d01fe4e410 DependenciesID=c852fae8b8c5851696e8346632f6acfb StaticDependenciesID=2962d3091d63dad25e1e882c69a2fd07 
Number of updated asset objects reloaded before import = 0
Number of asset objects unloaded after import = 0
========================================================================
Received Import Request.
  Time of request: 2026-08-11T15:50:21.6269689Z
  Time since last request: 0.0012279 seconds.
  importAddress: GUID: edb411d5c9d5e4a40a66972455d3f334 - Path: Packages/com.unity.visualscripting/Runtime/VisualScripting.Flow/Framework/Time/WaitUntilUnit.cs - Importer: ScriptedImporter/UnityEditor.QuickSearchModule:UnityEditor.Search:ASIAI0B
Importing 'GUID: edb411d5c9d5e4a40a66972455d3f334 - Path: Packages/com.unity.visualscripting/Runtime/VisualScripting.Flow/Framework/Time/WaitUntilUnit.cs - Importer: ScriptedImporter/UnityEditor.QuickSearchModule:UnityEditor.Search:ASIAI0B' with importer (ScriptedImporter : UnityEditor.QuickSearchModule:UnityEditor.Search:ASIAI0B)
Imported 'GUID: edb411d5c9d5e4a40a66972455d3f334' -> (Import Result ID: '10404ac1031d4689941053225edfacd3') in 0.003 seconds [static and dynamic dependencies]. Details - ImportResultOutputID=0ab0d43f0fbdb48e74a0e7509cf7f3ab DependenciesID=7ecd906b85a709133208bedb2824bda7 StaticDependenciesID=c6531e83d0877205ce709235cc3bd2b6 
Number of updated asset objects reloaded before import = 0
Number of asset objects unloaded after import = 0
========================================================================
Received Import Request.
  Time of request: 2026-08-11T15:50:21.6402708Z
  Time since last request: 0.0003125 seconds.
  importAddress: GUID: bbbb56225190444f885cc3b5d37d8b32 - Path: Packages/com.unity.visualscripting/Editor/VisualScripting.Core/Plugin/Changelogs/LegacyLudiqCore/Changelog_1_4_2.cs - Importer: ScriptedImporter/UnityEditor.QuickSearchModule:UnityEditor.Search:ASIAI0B
Importing 'GUID: bbbb56225190444f885cc3b5d37d8b32 - Path: Packages/com.unity.visualscripting/Editor/VisualScripting.Core/Plugin/Changelogs/LegacyLudiqCore/Changelog_1_4_2.cs - Importer: ScriptedImporter/UnityEditor.QuickSearchModule:UnityEditor.Search:ASIAI0B' with importer (ScriptedImporter : UnityEditor.QuickSearchModule:UnityEditor.Search:ASIAI0B)
Imported 'GUID: bbbb56225190444f885cc3b5d37d8b32' -> (Import Result ID: 'febbd6590a3a3b11055be0a596028634') in 0.003 seconds [static and dynamic dependencies]. Details - ImportResultOutputID=4fc7d3f4d5f5c905819fc838c97b0c52 DependenciesID=9523ae93944079871eb97a2748f360e6 StaticDependenciesID=be8646bbe5307442ceb35ab7f42ac166 
Number of updated asset objects reloaded before import = 0
Number of asset objects unloaded after import = 0
========================================================================
Received Import Request.
  Time of request: 2026-08-11T15:50:21.6517791Z
  Time since last request: 0.00028 seconds.
  importAddress: GUID: 70176689297954e0e894c4e82a8c63df - Path: Packages/com.unity.visualscripting/Editor/VisualScripting.Core/Plugin/Changelogs/LegacyLudiqCore/Changelog_1_4_8.cs - Importer: ScriptedImporter/UnityEditor.QuickSearchModule:UnityEditor.Search:ASIAI0B
Importing 'GUID: 70176689297954e0e894c4e82a8c63df - Path: Packages/com.unity.visualscripting/Editor/VisualScripting.Core/Plugin/Changelogs/LegacyLudiqCore/Changelog_1_4_8.cs - Importer: ScriptedImporter/UnityEditor.QuickSearchModule:UnityEditor.Search:ASIAI0B' with importer (ScriptedImporter : UnityEditor.QuickSearchModule:UnityEditor.Search:ASIAI0B)
Imported 'GUID: 70176689297954e0e894c4e82a8c63df' -> (Import Result ID: 'c33154ac934b9c1e3836b6678193bd3d') in 0.003 seconds [static and dynamic dependencies]. Details - ImportResultOutputID=d7178de498f0655e010177b7b66c06a2 DependenciesID=e6ad899b48d690071b37181ef004294d StaticDependenciesID=42e4a66ddd29e7b00851aabb7b22ef68 
Number of updated asset objects reloaded before import = 0
Number of asset objects unloaded after import = 0
========================================================================
Received Import Request.
  Time of request: 2026-08-11T15:50:21.6631359Z
  Time since last request: 0.0005052 seconds.
  importAddress: GUID: cbce043494e0e44c19b7b72e0abfc875 - Path: Packages/com.unity.visualscripting/Editor/VisualScripting.Core/Plugin/Changelogs/LegacyLudiqCore/Changelog_1_2_4.cs - Importer: ScriptedImporter/UnityEditor.QuickSearchModule:UnityEditor.Search:ASIAI0B
Importing 'GUID: cbce043494e0e44c19b7b72e0abfc875 - Path: Packages/com.unity.visualscripting/Editor/VisualScripting.Core/Plugin/Changelogs/LegacyLudiqCore/Changelog_1_2_4.cs - Importer: ScriptedImporter/UnityEditor.QuickSearchModule:UnityEditor.Search:ASIAI0B' with importer (ScriptedImporter : UnityEditor.QuickSearchModule:UnityEditor.Search:ASIAI0B)
Imported 'GUID: cbce043494e0e44c19b7b72e0abfc875' -> (Import Result ID: '7d5864120fea3434cebb256a65f72d93') in 0.003 seconds [static and dynamic dependencies]. Details - ImportResultOutputID=5f6272c2165e64406e5be2437d5d0685 DependenciesID=06c2d19040ed9fab0cd15e1351acdc79 StaticDependenciesID=1048f7f7206405252973f9e31c60cf37 
Number of updated asset objects reloaded before import = 0
Number of asset objects unloaded after import = 0
========================================================================
Received Import Request.
  Time of request: 2026-08-11T15:50:21.6759724Z
  Time since last request: 0.0002244 seconds.
  importAddress: GUID: 962d2c1de100b4bee951cc5d53693b9f - Path: Packages/com.unity.visualscripting/Runtime/VisualScripting.Flow/Framework/Time/Cooldown.cs - Importer: ScriptedImporter/UnityEditor.QuickSearchModule:UnityEditor.Search:ASIAI0B
Importing 'GUID: 962d2c1de100b4bee951cc5d53693b9f - Path: Packages/com.unity.visualscripting/Runtime/VisualScripting.Flow/Framework/Time/Cooldown.cs - Importer: ScriptedImporter/UnityEditor.QuickSearchModule:UnityEditor.Search:ASIAI0B' with importer (ScriptedImporter : UnityEditor.QuickSearchModule:UnityEditor.Search:ASIAI0B)
Imported 'GUID: 962d2c1de100b4bee951cc5d53693b9f' -> (Import Result ID: 'aded1a07345c81e271e1a08b9c7df370') in 0.003 seconds [static and dynamic dependencies]. Details - ImportResultOutputID=5c9b40ae79f3c18c56a2bb41393bac09 DependenciesID=a5b8d4d232bcb069a5169ca1585c690a StaticDependenciesID=6421c9d04e660ec142a74f4ef03e31f6 
Number of updated asset objects reloaded before import = 0
Number of asset objects unloaded after import = 0
========================================================================
Received Import Request.
  Time of request: 2026-08-11T15:50:21.6864075Z
  Time since last request: 0.0001794 seconds.
  importAddress: GUID: e49254f4d20de43e3aeabce2138f05e0 - Path: Packages/com.unity.visualscripting/Runtime/VisualScripting.Flow/Framework/Variables/GetVariable.cs - Importer: ScriptedImporter/UnityEditor.QuickSearchModule:UnityEditor.Search:ASIAI0B
Importing 'GUID: e49254f4d20de43e3aeabce2138f05e0 - Path: Packages/com.unity.visualscripting/Runtime/VisualScripting.Flow/Framework/Variables/GetVariable.cs - Importer: ScriptedImporter/UnityEditor.QuickSearchModule:UnityEditor.Search:ASIAI0B' with importer (ScriptedImporter : UnityEditor.QuickSearchModule:UnityEditor.Search:ASIAI0B)
Imported 'GUID: e49254f4d20de43e3aeabce2138f05e0' -> (Import Result ID: '1d6710462dc059aea037d98d44a475b4') in 0.003 seconds [static and dynamic dependencies]. Details - ImportResultOutputID=1f9cb5db3b5e939768eae162fdcb022b DependenciesID=9e8e5ce6d38e5a151d9c537a938cbac8 StaticDependenciesID=a4e0369e44164cc0a63b8a2a028e6256 
Number of updated asset objects reloaded before import = 0
Number of asset objects unloaded after import = 0
========================================================================
Received Import Request.
  Time of request: 2026-08-11T15:50:21.7074285Z
  Time since last request: 0.010866 seconds.
  importAddress: GUID: b20bca1887a4a470897d494be7929520 - Path: Packages/com.unity.visualscripting/Runtime/VisualScripting.Core/Dependencies/FullSerializer/Internal/fsVersionManager.cs - Importer: ScriptedImporter/UnityEditor.QuickSearchModule:UnityEditor.Search:ASIAI0B
Importing 'GUID: b20bca1887a4a470897d494be7929520 - Path: Packages/com.unity.visualscripting/Runtime/VisualScripting.Core/Dependencies/FullSerializer/Internal/fsVersionManager.cs - Importer: ScriptedImporter/UnityEditor.QuickSearchModule:UnityEditor.Search:ASIAI0B' with importer (ScriptedImporter : UnityEditor.QuickSearchModule:UnityEditor.Search:ASIAI0B)
Imported 'GUID: b20bca1887a4a470897d494be7929520' -> (Import Result ID: '5bad4b35e4ff60922def92fa6a534e7c') in 0.003 seconds [static and dynamic dependencies]. Details - ImportResultOutputID=76d6f1daa296b176bcfde9c4ae4327e5 DependenciesID=6078e61cf946a554b1f296416aa6dcb5 StaticDependenciesID=98e827122ae1cecd269466ab0c2c4480 
Number of updated asset objects reloaded before import = 0
Number of asset objects unloaded after import = 0
========================================================================
Received Import Request.
  Time of request: 2026-08-11T15:50:21.7185251Z
  Time since last request: 0.0005794 seconds.
  importAddress: GUID: a28779cb0a23d45e99974cbfa752905c - Path: Packages/com.unity.visualscripting/Editor/VisualScripting.Core/Plugin/Changelogs/LegacyLudiqGraphs/Changelog_1_4_0.cs - Importer: ScriptedImporter/UnityEditor.QuickSearchModule:UnityEditor.Search:ASIAI0B
Importing 'GUID: a28779cb0a23d45e99974cbfa752905c - Path: Packages/com.unity.visualscripting/Editor/VisualScripting.Core/Plugin/Changelogs/LegacyLudiqGraphs/Changelog_1_4_0.cs - Importer: ScriptedImporter/UnityEditor.QuickSearchModule:UnityEditor.Search:ASIAI0B' with importer (ScriptedImporter : UnityEditor.QuickSearchModule:UnityEditor.Search:ASIAI0B)
Imported 'GUID: a28779cb0a23d45e99974cbfa752905c' -> (Import Result ID: 'e6a8492502b7b2dbf4c74f5637b70e86') in 0.003 seconds [static and dynamic dependencies]. Details - ImportResultOutputID=e80e7c35abf4ef3a3873428a8d44385c DependenciesID=428025cfeac92da885fd89be3ca0acdf StaticDependenciesID=01bea817db390b9c6397cdc3f53ad334 
Number of updated asset objects reloaded before import = 0
Number of asset objects unloaded after import = 0
========================================================================
Received Import Request.
  Time of request: 2026-08-11T15:50:21.7323001Z
  Time since last request: 0.0008842 seconds.
  importAddress: GUID: 558f1bd3630a14d2a8445d33219e5060 - Path: Packages/com.unity.visualscripting/Runtime/VisualScripting.Core/Dependencies/FullSerializer/Converters/fsPrimitiveConverter.cs - Importer: ScriptedImporter/UnityEditor.QuickSearchModule:UnityEditor.Search:ASIAI0B
Importing 'GUID: 558f1bd3630a14d2a8445d33219e5060 - Path: Packages/com.unity.visualscripting/Runtime/VisualScripting.Core/Dependencies/FullSerializer/Converters/fsPrimitiveConverter.cs - Importer: ScriptedImporter/UnityEditor.QuickSearchModule:UnityEditor.Search:ASIAI0B' with importer (ScriptedImporter : UnityEditor.QuickSearchModule:UnityEditor.Search:ASIAI0B)
Imported 'GUID: 558f1bd3630a14d2a8445d33219e5060' -> (Import Result ID: 'bb744a36e28c3c39e106569cc700d34f') in 0.003 seconds [static and dynamic dependencies]. Details - ImportResultOutputID=8f2280660f9dc9bc919b35dd2f60b109 DependenciesID=203acededc5866b40052177722e59e03 StaticDependenciesID=dad00424331a663eaff1db2576cb3fbd 
Number of updated asset objects reloaded before import = 0
Number of asset objects unloaded after import = 0
========================================================================
Received Import Request.
  Time of request: 2026-08-11T15:50:21.7439081Z
  Time since last request: 0.0002602 seconds.
  importAddress: GUID: a92931672c51943ebb6d1c3da58ac6dc - Path: Packages/com.unity.visualscripting/Editor/VisualScripting.Core/Plugin/Changelogs/LegacyLudiqGraphs/Changelog_1_4_6.cs - Importer: ScriptedImporter/UnityEditor.QuickSearchModule:UnityEditor.Search:ASIAI0B
Importing 'GUID: a92931672c51943ebb6d1c3da58ac6dc - Path: Packages/com.unity.visualscripting/Editor/VisualScripting.Core/Plugin/Changelogs/LegacyLudiqGraphs/Changelog_1_4_6.cs - Importer: ScriptedImporter/UnityEditor.QuickSearchModule:UnityEditor.Search:ASIAI0B' with importer (ScriptedImporter : UnityEditor.QuickSearchModule:UnityEditor.Search:ASIAI0B)
Imported 'GUID: a92931672c51943ebb6d1c3da58ac6dc' -> (Import Result ID: 'a7a64d42a1f7032723bf385bb740dbb4') in 0.003 seconds [static and dynamic dependencies]. Details - ImportResultOutputID=fa5b458a6569d2b20aebb3412518aafe DependenciesID=753b3a3e516d9ae134333b5aa307aea8 StaticDependenciesID=8b14a32032d70c17544a37e9e4057505 
Number of updated asset objects reloaded before import = 0
Number of asset objects unloaded after import = 0
========================================================================
Received Import Request.
  Time of request: 2026-08-11T15:50:21.7552252Z
  Time since last request: 0.0002795 seconds.
  importAddress: GUID: d6e7141fd42ed429fae7352c1b66a6f0 - Path: Packages/com.unity.visualscripting/Editor/VisualScripting.Core/Plugin/Changelogs/LegacyLudiqGraphs/Changelog_1_3_0.cs - Importer: ScriptedImporter/UnityEditor.QuickSearchModule:UnityEditor.Search:ASIAI0B
Importing 'GUID: d6e7141fd42ed429fae7352c1b66a6f0 - Path: Packages/com.unity.visualscripting/Editor/VisualScripting.Core/Plugin/Changelogs/LegacyLudiqGraphs/Changelog_1_3_0.cs - Importer: ScriptedImporter/UnityEditor.QuickSearchModule:UnityEditor.Search:ASIAI0B' with importer (ScriptedImporter : UnityEditor.QuickSearchModule:UnityEditor.Search:ASIAI0B)
Imported 'GUID: d6e7141fd42ed429fae7352c1b66a6f0' -> (Import Result ID: '8bb6a190751cb01fd5af6737b7e0fee8') in 0.003 seconds [static and dynamic dependencies]. Details - ImportResultOutputID=e5567fca80e560ad2e5081698c08364e DependenciesID=6c3737c29b0d403ab4a01774e7684920 StaticDependenciesID=71d584b57fa48b32d75816db158990d5 
Number of updated asset objects reloaded before import = 0
Number of asset objects unloaded after import = 0
========================================================================
Received Import Request.
  Time of request: 2026-08-11T15:50:21.7685107Z
  Time since last request: 0.0002904 seconds.
  importAddress: GUID: 670cb9b68b35445e6aa692ec176f75f3 - Path: Packages/com.unity.visualscripting/Editor/VisualScripting.Flow/Framework/Variables/Obsolete/GetVariableUnitOption.cs - Importer: ScriptedImporter/UnityEditor.QuickSearchModule:UnityEditor.Search:ASIAI0B
Importing 'GUID: 670cb9b68b35445e6aa692ec176f75f3 - Path: Packages/com.unity.visualscripting/Editor/VisualScripting.Flow/Framework/Variables/Obsolete/GetVariableUnitOption.cs - Importer: ScriptedImporter/UnityEditor.QuickSearchModule:UnityEditor.Search:ASIAI0B' with importer (ScriptedImporter : UnityEditor.QuickSearchModule:UnityEditor.Search:ASIAI0B)
Imported 'GUID: 670cb9b68b35445e6aa692ec176f75f3' -> (Import Result ID: 'e484a3b8f9e9c6dc7a12aa231b7d952e') in 0.003 seconds [static and dynamic dependencies]. Details - ImportResultOutputID=255467ea838ee4c77d363e595d31f4d2 DependenciesID=0b681ca50a7cfab718933764219d2286 StaticDependenciesID=1c7e24204f9c0e26df6e3056de67627c 
Number of updated asset objects reloaded before import = 0
Number of asset objects unloaded after import = 0
========================================================================
Received Import Request.
  Time of request: 2026-08-11T15:50:21.7796386Z
  Time since last request: 0.0003039 seconds.
  importAddress: GUID: 8cacd6b711f9c44b2bcaeee005d77210 - Path: Packages/com.unity.visualscripting/Runtime/VisualScripting.Core/Dependencies/FullSerializer/Reflection/fsMetaType.cs - Importer: ScriptedImporter/UnityEditor.QuickSearchModule:UnityEditor.Search:ASIAI0B
Importing 'GUID: 8cacd6b711f9c44b2bcaeee005d77210 - Path: Packages/com.unity.visualscripting/Runtime/VisualScripting.Core/Dependencies/FullSerializer/Reflection/fsMetaType.cs - Importer: ScriptedImporter/UnityEditor.QuickSearchModule:UnityEditor.Search:ASIAI0B' with importer (ScriptedImporter : UnityEditor.QuickSearchModule:UnityEditor.Search:ASIAI0B)
Imported 'GUID: 8cacd6b711f9c44b2bcaeee005d77210' -> (Import Result ID: 'e5be13a265a5bfe2f2a979cd6e153032') in 0.003 seconds [static and dynamic dependencies]. Details - ImportResultOutputID=c856addb805991353e5836183c1ffbee DependenciesID=a688c3418be36dbdb7b938873c2f944a StaticDependenciesID=3efa29d72cf93f19046bef156dca1994 
Number of updated asset objects reloaded before import = 0
Number of asset objects unloaded after import = 0
========================================================================
Received Import Request.
  Time of request: 2026-08-11T15:50:21.7912536Z
  Time since last request: 0.0003675 seconds.
  importAddress: GUID: b9426860637f5474eb0c52493cdd32d6 - Path: Packages/com.unity.visualscripting/Runtime/VisualScripting.Flow/Framework/Collections/Dictionaries/CreateDictionary.cs - Importer: ScriptedImporter/UnityEditor.QuickSearchModule:UnityEditor.Search:ASIAI0B
Importing 'GUID: b9426860637f5474eb0c52493cdd32d6 - Path: Packages/com.unity.visualscripting/Runtime/VisualScripting.Flow/Framework/Collections/Dictionaries/CreateDictionary.cs - Importer: ScriptedImporter/UnityEditor.QuickSearchModule:UnityEditor.Search:ASIAI0B' with importer (ScriptedImporter : UnityEditor.QuickSearchModule:UnityEditor.Search:ASIAI0B)
Imported 'GUID: b9426860637f5474eb0c52493cdd32d6' -> (Import Result ID: '0c13abdfdbd0f3be3470c05a2d75c4d6') in 0.003 seconds [static and dynamic dependencies]. Details - ImportResultOutputID=c8eacae7eb3ee1ceda336c7e80474ddb DependenciesID=207af198e50041f05c312099677d4d08 StaticDependenciesID=de517603d0db8d62883e6b846eee177a 
Number of updated asset objects reloaded before import = 0
Number of asset objects unloaded after import = 0
========================================================================
Received Import Request.
  Time of request: 2026-08-11T15:50:21.8245465Z
  Time since last request: 0.0217708 seconds.
  importAddress: GUID: 845c21f63a3264ef1b3405aa9ab7ca34 - Path: Packages/com.unity.visualscripting/Runtime/VisualScripting.Flow/Framework/Events/Application/OnApplicationPause.cs - Importer: ScriptedImporter/UnityEditor.QuickSearchModule:UnityEditor.Search:ASIAI0B
Importing 'GUID: 845c21f63a3264ef1b3405aa9ab7ca34 - Path: Packages/com.unity.visualscripting/Runtime/VisualScripting.Flow/Framework/Events/Application/OnApplicationPause.cs - Importer: ScriptedImporter/UnityEditor.QuickSearchModule:UnityEditor.Search:ASIAI0B' with importer (ScriptedImporter : UnityEditor.QuickSearchModule:UnityEditor.Search:ASIAI0B)
Imported 'GUID: 845c21f63a3264ef1b3405aa9ab7ca34' -> (Import Result ID: 'bea86861d635db2b0e6168e7dcdf68c6') in 0.003 seconds [static and dynamic dependencies]. Details - ImportResultOutputID=b55b8a2b3316ba724edbccf400627f5e DependenciesID=416525223f7f366e181143215bb25c9a StaticDependenciesID=a162c3aa9a66a18a70e5b1fedd844914 
Number of updated asset objects reloaded before import = 0
Number of asset objects unloaded after import = 0
========================================================================
Received Import Request.
  Time of request: 2026-08-11T15:50:21.8364247Z
  Time since last request: 0.0011141 seconds.
  importAddress: GUID: 2a27e2d609de84c398a54131860c6a4c - Path: Packages/com.unity.visualscripting/Runtime/VisualScripting.Flow/Framework/Events/GUI/OnMove.cs - Importer: ScriptedImporter/UnityEditor.QuickSearchModule:UnityEditor.Search:ASIAI0B
Importing 'GUID: 2a27e2d609de84c398a54131860c6a4c - Path: Packages/com.unity.visualscripting/Runtime/VisualScripting.Flow/Framework/Events/GUI/OnMove.cs - Importer: ScriptedImporter/UnityEditor.QuickSearchModule:UnityEditor.Search:ASIAI0B' with importer (ScriptedImporter : UnityEditor.QuickSearchModule:UnityEditor.Search:ASIAI0B)
Imported 'GUID: 2a27e2d609de84c398a54131860c6a4c' -> (Import Result ID: '5c2c92d2a060f092e08f19ba6c76592d') in 0.003 seconds [static and dynamic dependencies]. Details - ImportResultOutputID=33630e0ed9602691b23e4c2c7d1459e2 DependenciesID=7231ce7948c0ebc102991381a8137e5e StaticDependenciesID=24ac531d75766050493fc1ebfecf79d2 
Number of updated asset objects reloaded before import = 0
Number of asset objects unloaded after import = 0
========================================================================
Received Import Request.
  Time of request: 2026-08-11T15:50:21.8496088Z
  Time since last request: 0.000346 seconds.
  importAddress: GUID: 6cd0cea553003493886d72e9be8e23dc - Path: Packages/com.unity.visualscripting/Runtime/VisualScripting.Flow/Framework/Events/Animation/OnAnimatorIK.cs - Importer: ScriptedImporter/UnityEditor.QuickSearchModule:UnityEditor.Search:ASIAI0B
Importing 'GUID: 6cd0cea553003493886d72e9be8e23dc - Path: Packages/com.unity.visualscripting/Runtime/VisualScripting.Flow/Framework/Events/Animation/OnAnimatorIK.cs - Importer: ScriptedImporter/UnityEditor.QuickSearchModule:UnityEditor.Search:ASIAI0B' with importer (ScriptedImporter : UnityEditor.QuickSearchModule:UnityEditor.Search:ASIAI0B)
Imported 'GUID: 6cd0cea553003493886d72e9be8e23dc' -> (Import Result ID: '54b4a5f36003648b0ccdc16c2d73eac3') in 0.003 seconds [static and dynamic dependencies]. Details - ImportResultOutputID=accc8b28cf5922fc281306fe41610a12 DependenciesID=40c77aa5898b81da46ef7109d8ae9f19 StaticDependenciesID=2e14554c57db8ef614c54b15725cff42 
Number of updated asset objects reloaded before import = 0
Number of asset objects unloaded after import = 0
========================================================================
Received Import Request.
  Time of request: 2026-08-11T15:50:21.861031Z
  Time since last request: 0.0006487 seconds.
  importAddress: GUID: 0f0cfc99f3fe74ed1907db1119a5e976 - Path: Packages/com.unity.visualscripting/Runtime/VisualScripting.Flow/Framework/Events/Lifecycle/OnDisable.cs - Importer: ScriptedImporter/UnityEditor.QuickSearchModule:UnityEditor.Search:ASIAI0B
Importing 'GUID: 0f0cfc99f3fe74ed1907db1119a5e976 - Path: Packages/com.unity.visualscripting/Runtime/VisualScripting.Flow/Framework/Events/Lifecycle/OnDisable.cs - Importer: ScriptedImporter/UnityEditor.QuickSearchModule:UnityEditor.Search:ASIAI0B' with importer (ScriptedImporter : UnityEditor.QuickSearchModule:UnityEditor.Search:ASIAI0B)
Imported 'GUID: 0f0cfc99f3fe74ed1907db1119a5e976' -> (Import Result ID: '31776bdea3a425cfc102602b695e4289') in 0.003 seconds [static and dynamic dependencies]. Details - ImportResultOutputID=c6b0fcdbd159b54979229783f4a07d28 DependenciesID=9349217eb1774d51fbe0f68d0ab57b3e StaticDependenciesID=7d61317adf28f426fc347ae8965e1865 
Number of updated asset objects reloaded before import = 0
Number of asset objects unloaded after import = 0
========================================================================
Received Import Request.
  Time of request: 2026-08-11T15:50:21.8726213Z
  Time since last request: 0.0006028 seconds.
  importAddress: GUID: cbd776ebe9edf4b5ea0af4c0cf57fbe8 - Path: Packages/com.unity.visualscripting/Runtime/VisualScripting.Flow/Framework/Events/Input/OnKeyboardInput.cs - Importer: ScriptedImporter/UnityEditor.QuickSearchModule:UnityEditor.Search:ASIAI0B
Importing 'GUID: cbd776ebe9edf4b5ea0af4c0cf57fbe8 - Path: Packages/com.unity.visualscripting/Runtime/VisualScripting.Flow/Framework/Events/Input/OnKeyboardInput.cs - Importer: ScriptedImporter/UnityEditor.QuickSearchModule:UnityEditor.Search:ASIAI0B' with importer (ScriptedImporter : UnityEditor.QuickSearchModule:UnityEditor.Search:ASIAI0B)
Imported 'GUID: cbd776ebe9edf4b5ea0af4c0cf57fbe8' -> (Import Result ID: '2e8837b32ebfc1a4505b1bb67bb59647') in 0.004 seconds [static and dynamic dependencies]. Details - ImportResultOutputID=93ec683e38508cab6390423c853b3eac DependenciesID=ce1d5fc5020e0cc113907deba13ef7ac StaticDependenciesID=135fd77beee708bed43f81142e6d59af 
Number of updated asset objects reloaded before import = 0
Number of asset objects unloaded after import = 0
========================================================================
Received Import Request.
  Time of request: 2026-08-11T15:50:21.8864756Z
  Time since last request: 0.0002457 seconds.
  importAddress: GUID: 3470c88e1e3734ff48ef9626e5ee4f40 - Path: Packages/com.unity.visualscripting/Runtime/VisualScripting.Flow/Framework/Events/Lifecycle/FixedUpdate.cs - Importer: ScriptedImporter/UnityEditor.QuickSearchModule:UnityEditor.Search:ASIAI0B
Importing 'GUID: 3470c88e1e3734ff48ef9626e5ee4f40 - Path: Packages/com.unity.visualscripting/Runtime/VisualScripting.Flow/Framework/Events/Lifecycle/FixedUpdate.cs - Importer: ScriptedImporter/UnityEditor.QuickSearchModule:UnityEditor.Search:ASIAI0B' with importer (ScriptedImporter : UnityEditor.QuickSearchModule:UnityEditor.Search:ASIAI0B)
Imported 'GUID: 3470c88e1e3734ff48ef9626e5ee4f40' -> (Import Result ID: '6272f60ccedb62dc4967b4f5d41a1341') in 0.003 seconds [static and dynamic dependencies]. Details - ImportResultOutputID=12926fe5e85ad92436221e42097663f9 DependenciesID=b01b1d1a4736d7d0159baab2a88898dd StaticDependenciesID=d7f85ff86f3e23487a56bce4db432d24 
Number of updated asset objects reloaded before import = 0
Number of asset objects unloaded after import = 0
========================================================================
Received Import Request.
  Time of request: 2026-08-11T15:50:21.8971244Z
  Time since last request: 0.0002951 seconds.
  importAddress: GUID: 4540a76c964184c6885d7ff930a19d72 - Path: Packages/com.unity.visualscripting/Runtime/VisualScripting.Flow/Framework/Events/GUI/OnSelect.cs - Importer: ScriptedImporter/UnityEditor.QuickSearchModule:UnityEditor.Search:ASIAI0B
Importing 'GUID: 4540a76c964184c6885d7ff930a19d72 - Path: Packages/com.unity.visualscripting/Runtime/VisualScripting.Flow/Framework/Events/GUI/OnSelect.cs - Importer: ScriptedImporter/UnityEditor.QuickSearchModule:UnityEditor.Search:ASIAI0B' with importer (ScriptedImporter : UnityEditor.QuickSearchModule:UnityEditor.Search:ASIAI0B)
Imported 'GUID: 4540a76c964184c6885d7ff930a19d72' -> (Import Result ID: '574f660758857ddfe4f14187b61fa08f') in 0.003 seconds [static and dynamic dependencies]. Details - ImportResultOutputID=edbc8e31aa279d47bf229f65b0db893f DependenciesID=a0e2121bb2dbced4a5594f8002c6d2a9 StaticDependenciesID=9d0bd575de8213a8b3eb70d0fef08080 
Number of updated asset objects reloaded before import = 0
Number of asset objects unloaded after import = 0
========================================================================
Received Import Request.
  Time of request: 2026-08-11T15:50:21.9094617Z
  Time since last request: 0.0003103 seconds.
  importAddress: GUID: 0c820b13261c044f2b847e5f8f454400 - Path: Packages/com.unity.visualscripting/Runtime/VisualScripting.Flow/Framework/Events/Application/OnApplicationLostFocus.cs - Importer: ScriptedImporter/UnityEditor.QuickSearchModule:UnityEditor.Search:ASIAI0B
Importing 'GUID: 0c820b13261c044f2b847e5f8f454400 - Path: Packages/com.unity.visualscripting/Runtime/VisualScripting.Flow/Framework/Events/Application/OnApplicationLostFocus.cs - Importer: ScriptedImporter/UnityEditor.QuickSearchModule:UnityEditor.Search:ASIAI0B' with importer (ScriptedImporter : UnityEditor.QuickSearchModule:UnityEditor.Search:ASIAI0B)
Imported 'GUID: 0c820b13261c044f2b847e5f8f454400' -> (Import Result ID: '70ecf157f7387574a1cdf294e1569b01') in 0.003 seconds [static and dynamic dependencies]. Details - ImportResultOutputID=2c5dc29c55cb8522f5ea53a57bbd1f07 DependenciesID=615be141498415c6835fa0cd27f35ea5 StaticDependenciesID=53c1fe835206c687f5e8a1da90b97556 
Number of updated asset objects reloaded before import = 0
Number of asset objects unloaded after import = 0
========================================================================
Received Import Request.
  Time of request: 2026-08-11T15:50:21.9678515Z
  Time since last request: 0.0471159 seconds.
  importAddress: GUID: 29de1fc267e004ed4bee9066b133258e - Path: Packages/com.unity.visualscripting/Runtime/VisualScripting.Flow/Framework/Events/Physics/OnParticleCollision.cs - Importer: ScriptedImporter/UnityEditor.QuickSearchModule:UnityEditor.Search:ASIAI0B
Importing 'GUID: 29de1fc267e004ed4bee9066b133258e - Path: Packages/com.unity.visualscripting/Runtime/VisualScripting.Flow/Framework/Events/Physics/OnParticleCollision.cs - Importer: ScriptedImporter/UnityEditor.QuickSearchModule:UnityEditor.Search:ASIAI0B' with importer (ScriptedImporter : UnityEditor.QuickSearchModule:UnityEditor.Search:ASIAI0B)
Imported 'GUID: 29de1fc267e004ed4bee9066b133258e' -> (Import Result ID: '8211cbe22db05758a9d713f3431bf111') in 0.003 seconds [static and dynamic dependencies]. Details - ImportResultOutputID=31d50458a2556be1a170fd596ac458af DependenciesID=00447e466b0fe9a09f935e164b8e81cc StaticDependenciesID=dad435674f4f894da85d04e700720434 
Number of updated asset objects reloaded before import = 0
Number of asset objects unloaded after import = 0
========================================================================
Received Import Request.
  Time of request: 2026-08-11T15:50:21.9794893Z
  Time since last request: 0.0008646 seconds.
  importAddress: GUID: e0c6067d02e96482bb3220423798537c - Path: Packages/com.unity.visualscripting/Runtime/VisualScripting.Flow/Framework/Math/Generic/GenericModulo.cs - Importer: ScriptedImporter/UnityEditor.QuickSearchModule:UnityEditor.Search:ASIAI0B
Importing 'GUID: e0c6067d02e96482bb3220423798537c - Path: Packages/com.unity.visualscripting/Runtime/VisualScripting.Flow/Framework/Math/Generic/GenericModulo.cs - Importer: ScriptedImporter/UnityEditor.QuickSearchModule:UnityEditor.Search:ASIAI0B' with importer (ScriptedImporter : UnityEditor.QuickSearchModule:UnityEditor.Search:ASIAI0B)
Imported 'GUID: e0c6067d02e96482bb3220423798537c' -> (Import Result ID: '630679af9cae5d20b2c82a9817233d4b') in 0.003 seconds [static and dynamic dependencies]. Details - ImportResultOutputID=7d90956d90b62336490bb5cc25de5df2 DependenciesID=f7076c7a2ff4096dcb53191b00f24415 StaticDependenciesID=80fbd281e5647f22675456490358e0a0 
Number of updated asset objects reloaded before import = 0
Number of asset objects unloaded after import = 0
========================================================================
Received Import Request.
  Time of request: 2026-08-11T15:50:21.9911524Z
  Time since last request: 0.0002695 seconds.
  importAddress: GUID: 5dfc14c2e992e43ab996bc6415e0c134 - Path: Packages/com.unity.visualscripting/Runtime/VisualScripting.Flow/Framework/Math/Scalar/DeprecatedScalarAdd.cs - Importer: ScriptedImporter/UnityEditor.QuickSearchModule:UnityEditor.Search:ASIAI0B
Importing 'GUID: 5dfc14c2e992e43ab996bc6415e0c134 - Path: Packages/com.unity.visualscripting/Runtime/VisualScripting.Flow/Framework/Math/Scalar/DeprecatedScalarAdd.cs - Importer: ScriptedImporter/UnityEditor.QuickSearchModule:UnityEditor.Search:ASIAI0B' with importer (ScriptedImporter : UnityEditor.QuickSearchModule:UnityEditor.Search:ASIAI0B)
Imported 'GUID: 5dfc14c2e992e43ab996bc6415e0c134' -> (Import Result ID: '17876d8211ba87338b6431082b65338f') in 0.004 seconds [static and dynamic dependencies]. Details - ImportResultOutputID=0023de8db920deb2c3cf8b8521e333b8 DependenciesID=25443e8d9efa5de8181780b58a92c4d0 StaticDependenciesID=a697ccbf9533ad24a3ecd8fc1e05f1aa 
Number of updated asset objects reloaded before import = 0
Number of asset objects unloaded after import = 0
========================================================================
Received Import Request.
  Time of request: 2026-08-11T15:50:22.0057136Z
  Time since last request: 0.0003586 seconds.
  importAddress: GUID: 1295b2f73900d49faa55b8f4392a7bef - Path: Packages/com.unity.visualscripting/Runtime/VisualScripting.Flow/Framework/Math/Vector2/Vector2Round.cs - Importer: ScriptedImporter/UnityEditor.QuickSearchModule:UnityEditor.Search:ASIAI0B
Importing 'GUID: 1295b2f73900d49faa55b8f4392a7bef - Path: Packages/com.unity.visualscripting/Runtime/VisualScripting.Flow/Framework/Math/Vector2/Vector2Round.cs - Importer: ScriptedImporter/UnityEditor.QuickSearchModule:UnityEditor.Search:ASIAI0B' with importer (ScriptedImporter : UnityEditor.QuickSearchModule:UnityEditor.Search:ASIAI0B)
Imported 'GUID: 1295b2f73900d49faa55b8f4392a7bef' -> (Import Result ID: '30c4cd3c53dfbbfb74483c3c96a77081') in 0.003 seconds [static and dynamic dependencies]. Details - ImportResultOutputID=767c6e4c926fe9217dc00c3de129acfb DependenciesID=66ecfa341f12d026aed778dc0862bcb6 StaticDependenciesID=748096242cf616000885bfc930636132 
Number of updated asset objects reloaded before import = 0
Number of asset objects unloaded after import = 0
========================================================================
Received Import Request.
  Time of request: 2026-08-11T15:50:22.0174651Z
  Time since last request: 0.000613 seconds.
  importAddress: GUID: e8fa77bac4a174c31ad18ee8dc95f026 - Path: Packages/com.unity.visualscripting/Runtime/VisualScripting.Flow/Framework/Math/Vector3/Vector3Absolute.cs - Importer: ScriptedImporter/UnityEditor.QuickSearchModule:UnityEditor.Search:ASIAI0B
Importing 'GUID: e8fa77bac4a174c31ad18ee8dc95f026 - Path: Packages/com.unity.visualscripting/Runtime/VisualScripting.Flow/Framework/Math/Vector3/Vector3Absolute.cs - Importer: ScriptedImporter/UnityEditor.QuickSearchModule:UnityEditor.Search:ASIAI0B' with importer (ScriptedImporter : UnityEditor.QuickSearchModule:UnityEditor.Search:ASIAI0B)
Imported 'GUID: e8fa77bac4a174c31ad18ee8dc95f026' -> (Import Result ID: '2e7056b99a985e67399580f61e23657d') in 0.004 seconds [static and dynamic dependencies]. Details - ImportResultOutputID=caaa18579137f0c21b753b1077b7aaa1 DependenciesID=c488aba50c2d3c613234ca18a216c230 StaticDependenciesID=a0e5054ae7375586926d8a666eaec2e5 
Number of updated asset objects reloaded before import = 0
Number of asset objects unloaded after import = 0
========================================================================
Received Import Request.
  Time of request: 2026-08-11T15:50:22.0306281Z
  Time since last request: 0.0003467 seconds.
  importAddress: GUID: 089121cc9f7ea42359753ca5889e821b - Path: Packages/com.unity.visualscripting/Runtime/VisualScripting.Flow/Framework/Math/Vector2/DeprecatedVector2Add.cs - Importer: ScriptedImporter/UnityEditor.QuickSearchModule:UnityEditor.Search:ASIAI0B
Importing 'GUID: 089121cc9f7ea42359753ca5889e821b - Path: Packages/com.unity.visualscripting/Runtime/VisualScripting.Flow/Framework/Math/Vector2/DeprecatedVector2Add.cs - Importer: ScriptedImporter/UnityEditor.QuickSearchModule:UnityEditor.Search:ASIAI0B' with importer (ScriptedImporter : UnityEditor.QuickSearchModule:UnityEditor.Search:ASIAI0B)
Imported 'GUID: 089121cc9f7ea42359753ca5889e821b' -> (Import Result ID: 'abd340abca21572c32f358a6bf7db1c9') in 0.003 seconds [static and dynamic dependencies]. Details - ImportResultOutputID=866a6deae82e2e015be07df26a30c1ed DependenciesID=95c1fdb1a754527d65ddb2644a465490 StaticDependenciesID=c926168ba9ceb7a45c9573b632a87dcb 
Number of updated asset objects reloaded before import = 0
Number of asset objects unloaded after import = 0
========================================================================
Received Import Request.
  Time of request: 2026-08-11T15:50:22.0430029Z
  Time since last request: 0.0012449 seconds.
  importAddress: GUID: fe6d0df2486084697962131451743478 - Path: Packages/com.unity.visualscripting/Runtime/VisualScripting.Flow/Framework/Events/Physics2D/OnJointBreak2D.cs - Importer: ScriptedImporter/UnityEditor.QuickSearchModule:UnityEditor.Search:ASIAI0B
Importing 'GUID: fe6d0df2486084697962131451743478 - Path: Packages/com.unity.visualscripting/Runtime/VisualScripting.Flow/Framework/Events/Physics2D/OnJointBreak2D.cs - Importer: ScriptedImporter/UnityEditor.QuickSearchModule:UnityEditor.Search:ASIAI0B' with importer (ScriptedImporter : UnityEditor.QuickSearchModule:UnityEditor.Search:ASIAI0B)
Imported 'GUID: fe6d0df2486084697962131451743478' -> (Import Result ID: '9585601f252be9383d94e7771cdd2774') in 0.003 seconds [static and dynamic dependencies]. Details - ImportResultOutputID=96969b84199e653e782f2f245ad8b6d7 DependenciesID=a1184bffb8dde375f380c701b9d2280d StaticDependenciesID=7e6df487666f8641e1b6d8a15de95eaa 
Number of updated asset objects reloaded before import = 0
Number of asset objects unloaded after import = 0
========================================================================
Received Import Request.
  Time of request: 2026-08-11T15:50:22.0538278Z
  Time since last request: 0.0004547 seconds.
  importAddress: GUID: b5d5f9e8680d6443aac1b8208ecb58c7 - Path: Packages/com.unity.visualscripting/Runtime/VisualScripting.Flow/Framework/Math/Vector2/Vector2MoveTowards.cs - Importer: ScriptedImporter/UnityEditor.QuickSearchModule:UnityEditor.Search:ASIAI0B
Importing 'GUID: b5d5f9e8680d6443aac1b8208ecb58c7 - Path: Packages/com.unity.visualscripting/Runtime/VisualScripting.Flow/Framework/Math/Vector2/Vector2MoveTowards.cs - Importer: ScriptedImporter/UnityEditor.QuickSearchModule:UnityEditor.Search:ASIAI0B' with importer (ScriptedImporter : UnityEditor.QuickSearchModule:UnityEditor.Search:ASIAI0B)
Imported 'GUID: b5d5f9e8680d6443aac1b8208ecb58c7' -> (Import Result ID: '95ec83bd410b27139382b6c977520d18') in 0.003 seconds [static and dynamic dependencies]. Details - ImportResultOutputID=8a3e582f3ef02b501d9f171bf4d850be DependenciesID=8638c9d8211b22a40aef668b705953b2 StaticDependenciesID=82d5c8b95665d4b9d1dd403269bfd0da 
Number of updated asset objects reloaded before import = 0
Number of asset objects unloaded after import = 0
========================================================================
Received Import Request.
  Time of request: 2026-08-11T15:50:22.0752967Z
  Time since last request: 0.0086617 seconds.
  importAddress: GUID: 3679dba2230a148fba63628cfe35a761 - Path: Packages/com.unity.visualscripting/Runtime/VisualScripting.Flow/Framework/Variables/Obsolete/IsApplicationVariableDefined.cs - Importer: ScriptedImporter/UnityEditor.QuickSearchModule:UnityEditor.Search:ASIAI0B
Importing 'GUID: 3679dba2230a148fba63628cfe35a761 - Path: Packages/com.unity.visualscripting/Runtime/VisualScripting.Flow/Framework/Variables/Obsolete/IsApplicationVariableDefined.cs - Importer: ScriptedImporter/UnityEditor.QuickSearchModule:UnityEditor.Search:ASIAI0B' with importer (ScriptedImporter : UnityEditor.QuickSearchModule:UnityEditor.Search:ASIAI0B)
Imported 'GUID: 3679dba2230a148fba63628cfe35a761' -> (Import Result ID: '0cc57fdc5693a02b8af61395fbacb449') in 0.003 seconds [static and dynamic dependencies]. Details - ImportResultOutputID=fa7b0504f5679725445b5a866878ebf4 DependenciesID=cdf164cee7740265dc43bcdf5fc318be StaticDependenciesID=cd47ea1e9e1e8af668f7beda8d7d4880 
Number of updated asset objects reloaded before import = 0
Number of asset objects unloaded after import = 0
========================================================================
Received Import Request.
  Time of request: 2026-08-11T15:50:22.0870477Z
  Time since last request: 0.0009267 seconds.
  importAddress: GUID: 8ac28fde6331642239c0d8fc317211bf - Path: Packages/com.unity.visualscripting/Runtime/VisualScripting.Flow/Framework/Math/Vector4/Vector4Absolute.cs - Importer: ScriptedImporter/UnityEditor.QuickSearchModule:UnityEditor.Search:ASIAI0B
Importing 'GUID: 8ac28fde6331642239c0d8fc317211bf - Path: Packages/com.unity.visualscripting/Runtime/VisualScripting.Flow/Framework/Math/Vector4/Vector4Absolute.cs - Importer: ScriptedImporter/UnityEditor.QuickSearchModule:UnityEditor.Search:ASIAI0B' with importer (ScriptedImporter : UnityEditor.QuickSearchModule:UnityEditor.Search:ASIAI0B)
Imported 'GUID: 8ac28fde6331642239c0d8fc317211bf' -> (Import Result ID: 'a37417a52827d9f0715d121e59aad8d2') in 0.003 seconds [static and dynamic dependencies]. Details - ImportResultOutputID=29760d3330b73652678bfee51ab616ae DependenciesID=c8403b1bd93ab061534684ce55332ff8 StaticDependenciesID=89da6be4a5181e59ce4357f2d283ee85 
Number of updated asset objects reloaded before import = 0
Number of asset objects unloaded after import = 0
========================================================================
Received Import Request.
  Time of request: 2026-08-11T15:50:22.0991628Z
  Time since last request: 0.0002705 seconds.
  importAddress: GUID: 48cab1cdae50344fca86c4146c0d734a - Path: Packages/com.unity.visualscripting/Runtime/VisualScripting.Flow/Framework/Variables/Obsolete/IsSceneVariableDefined.cs - Importer: ScriptedImporter/UnityEditor.QuickSearchModule:UnityEditor.Search:ASIAI0B
Importing 'GUID: 48cab1cdae50344fca86c4146c0d734a - Path: Packages/com.unity.visualscripting/Runtime/VisualScripting.Flow/Framework/Variables/Obsolete/IsSceneVariableDefined.cs - Importer: ScriptedImporter/UnityEditor.QuickSearchModule:UnityEditor.Search:ASIAI0B' with importer (ScriptedImporter : UnityEditor.QuickSearchModule:UnityEditor.Search:ASIAI0B)
Imported 'GUID: 48cab1cdae50344fca86c4146c0d734a' -> (Import Result ID: 'd8e405694c28ec2630648c0bfa1bd692') in 0.003 seconds [static and dynamic dependencies]. Details - ImportResultOutputID=9b0a6639e0fa19b67e8d2a7c9aa68389 DependenciesID=2b2b045366083d9902ecd39baafd2750 StaticDependenciesID=7d3126e69eb290292d0ceff29e0a9753 
Number of updated asset objects reloaded before import = 0
Number of asset objects unloaded after import = 0
========================================================================
Received Import Request.
  Time of request: 2026-08-11T15:50:22.1110708Z
  Time since last request: 0.0002956 seconds.
  importAddress: GUID: 15d3a609022674400b5e72b897a265de - Path: Packages/com.unity.visualscripting/Runtime/VisualScripting.Flow/Framework/Math/Vector3/Vector3Divide.cs - Importer: ScriptedImporter/UnityEditor.QuickSearchModule:UnityEditor.Search:ASIAI0B
Importing 'GUID: 15d3a609022674400b5e72b897a265de - Path: Packages/com.unity.visualscripting/Runtime/VisualScripting.Flow/Framework/Math/Vector3/Vector3Divide.cs - Importer: ScriptedImporter/UnityEditor.QuickSearchModule:UnityEditor.Search:ASIAI0B' with importer (ScriptedImporter : UnityEditor.QuickSearchModule:UnityEditor.Search:ASIAI0B)
Imported 'GUID: 15d3a609022674400b5e72b897a265de' -> (Import Result ID: '186e18626634d3e5be84b0b875f0baf0') in 0.003 seconds [static and dynamic dependencies]. Details - ImportResultOutputID=4317cb16b0062c1ec5a6a9e667fd0d6e DependenciesID=1d2bd2f7bd57360f530f86ae15b8fd76 StaticDependenciesID=dfc6a82dfb9a0b5ed99b8f73d9c355fb 
Number of updated asset objects reloaded before import = 0
Number of asset objects unloaded after import = 0
========================================================================
Received Import Request.
  Time of request: 2026-08-11T15:50:22.1233185Z
  Time since last request: 0.0004655 seconds.
  importAddress: GUID: 0f845efaf9d7b40589c25fcd49898bce - Path: Packages/com.unity.visualscripting/Runtime/VisualScripting.Flow/Framework/Math/Vector4/Vector4Divide.cs - Importer: ScriptedImporter/UnityEditor.QuickSearchModule:UnityEditor.Search:ASIAI0B
Importing 'GUID: 0f845efaf9d7b40589c25fcd49898bce - Path: Packages/com.unity.visualscripting/Runtime/VisualScripting.Flow/Framework/Math/Vector4/Vector4Divide.cs - Importer: ScriptedImporter/UnityEditor.QuickSearchModule:UnityEditor.Search:ASIAI0B' with importer (ScriptedImporter : UnityEditor.QuickSearchModule:UnityEditor.Search:ASIAI0B)
Imported 'GUID: 0f845efaf9d7b40589c25fcd49898bce' -> (Import Result ID: '3d0ab295e6fb7960378c66f54ebf3452') in 0.003 seconds [static and dynamic dependencies]. Details - ImportResultOutputID=8ca2f19161952d397aa9860fcd5a08cb DependenciesID=c87aee495e6efb1721cf887ac14a1349 StaticDependenciesID=37dedcbd5e6cc95c46e603c3765766d4 
Number of updated asset objects reloaded before import = 0
Number of asset objects unloaded after import = 0
========================================================================
Received Import Request.
  Time of request: 2026-08-11T15:50:22.1354325Z
  Time since last request: 0.0003624 seconds.
  importAddress: GUID: b447bbe2cf703451c93ce54b5554590d - Path: Packages/com.unity.visualscripting/Runtime/VisualScripting.Flow/Framework/Math/Vector4/Vector4Minimum.cs - Importer: ScriptedImporter/UnityEditor.QuickSearchModule:UnityEditor.Search:ASIAI0B
Importing 'GUID: b447bbe2cf703451c93ce54b5554590d - Path: Packages/com.unity.visualscripting/Runtime/VisualScripting.Flow/Framework/Math/Vector4/Vector4Minimum.cs - Importer: ScriptedImporter/UnityEditor.QuickSearchModule:UnityEditor.Search:ASIAI0B' with importer (ScriptedImporter : UnityEditor.QuickSearchModule:UnityEditor.Search:ASIAI0B)
Imported 'GUID: b447bbe2cf703451c93ce54b5554590d' -> (Import Result ID: '2291d82fab0737f41593ea7a504c5c51') in 0.003 seconds [static and dynamic dependencies]. Details - ImportResultOutputID=5f3a4a6b47fd911224f06cc198da9c8c DependenciesID=81292776a0a3700c8bab6dcc9cba1cb6 StaticDependenciesID=a99de88290d50d613856950cab915000 
Number of updated asset objects reloaded before import = 0
Number of asset objects unloaded after import = 0
========================================================================
Received Import Request.
  Time of request: 2026-08-11T15:50:22.1465535Z
  Time since last request: 0.000215 seconds.
  importAddress: GUID: c375abf85cf9e42a0b84b8a8449cdeae - Path: Packages/com.unity.visualscripting/Runtime/VisualScripting.Core/Dependencies/FullSerializer/Converters/Unity/Gradient_DirectConverter.cs - Importer: ScriptedImporter/UnityEditor.QuickSearchModule:UnityEditor.Search:ASIAI0B
Importing 'GUID: c375abf85cf9e42a0b84b8a8449cdeae - Path: Packages/com.unity.visualscripting/Runtime/VisualScripting.Core/Dependencies/FullSerializer/Converters/Unity/Gradient_DirectConverter.cs - Importer: ScriptedImporter/UnityEditor.QuickSearchModule:UnityEditor.Search:ASIAI0B' with importer (ScriptedImporter : UnityEditor.QuickSearchModule:UnityEditor.Search:ASIAI0B)
Imported 'GUID: c375abf85cf9e42a0b84b8a8449cdeae' -> (Import Result ID: '9ddff43fb876476e735b2dd3c8413d8d') in 0.003 seconds [static and dynamic dependencies]. Details - ImportResultOutputID=c67995fdfe45c456b159ca02d1457692 DependenciesID=3314430340a1cff0cd793d9049ebb91e StaticDependenciesID=b8ce8bf1e9a83c394d614e099032369c 
Number of updated asset objects reloaded before import = 0
Number of asset objects unloaded after import = 0
========================================================================
Received Import Request.
  Time of request: 2026-08-11T15:50:22.1585993Z
  Time since last request: 0.0003661 seconds.
  importAddress: GUID: 6c8baf67a14784077be24b77996cc717 - Path: Packages/com.unity.visualscripting/Runtime/VisualScripting.Core/Dependencies/FullSerializer/Converters/Unity/Bounds_DirectConverter.cs - Importer: ScriptedImporter/UnityEditor.QuickSearchModule:UnityEditor.Search:ASIAI0B
Importing 'GUID: 6c8baf67a14784077be24b77996cc717 - Path: Packages/com.unity.visualscripting/Runtime/VisualScripting.Core/Dependencies/FullSerializer/Converters/Unity/Bounds_DirectConverter.cs - Importer: ScriptedImporter/UnityEditor.QuickSearchModule:UnityEditor.Search:ASIAI0B' with importer (ScriptedImporter : UnityEditor.QuickSearchModule:UnityEditor.Search:ASIAI0B)
Imported 'GUID: 6c8baf67a14784077be24b77996cc717' -> (Import Result ID: '3048ca7ed42637461921170a9490ada1') in 0.003 seconds [static and dynamic dependencies]. Details - ImportResultOutputID=c5b5ce10ef42c003b613a37dc1c9f221 DependenciesID=2b2ad3d1a574879bcc76cbb359e50742 StaticDependenciesID=83210f23637666f74b01025d3cf9ef20 
Number of updated asset objects reloaded before import = 0
Number of asset objects unloaded after import = 0
========================================================================
Received Import Request.
  Time of request: 2026-08-11T15:50:22.1933409Z
  Time since last request: 0.0203797 seconds.
  importAddress: GUID: f06555f75b070af458a003d92f9efb00 - Path: Packages/com.unity.timeline/Runtime/Unity.Timeline.asmdef - Importer: ScriptedImporter/UnityEditor.QuickSearchModule:UnityEditor.Search:ASIAI0B
Importing 'GUID: f06555f75b070af458a003d92f9efb00 - Path: Packages/com.unity.timeline/Runtime/Unity.Timeline.asmdef - Importer: ScriptedImporter/UnityEditor.QuickSearchModule:UnityEditor.Search:ASIAI0B' with importer (ScriptedImporter : UnityEditor.QuickSearchModule:UnityEditor.Search:ASIAI0B)
Imported 'GUID: f06555f75b070af458a003d92f9efb00' -> (Import Result ID: '878114ceb4f1b6406aac25d75350b58d') in 0.003 seconds [static and dynamic dependencies]. Details - ImportResultOutputID=f93787b5209b5a1fda16c82110b329a1 DependenciesID=833a4e08dc8e030d9f78a3255b09050e StaticDependenciesID=7f7effa8c7c2449f4d9b8bcde382039d 
Number of updated asset objects reloaded before import = 0
Number of asset objects unloaded after import = 1
========================================================================
Received Import Request.
  Time of request: 2026-08-11T15:50:22.205042Z
  Time since last request: 0.0009466 seconds.
  importAddress: GUID: eb95e19e2b194be89dd90d8532f0ad89 - Path: Packages/com.unity.timeline/Editor/ObjectIdExtension.cs - Importer: ScriptedImporter/UnityEditor.QuickSearchModule:UnityEditor.Search:ASIAI0B
Importing 'GUID: eb95e19e2b194be89dd90d8532f0ad89 - Path: Packages/com.unity.timeline/Editor/ObjectIdExtension.cs - Importer: ScriptedImporter/UnityEditor.QuickSearchModule:UnityEditor.Search:ASIAI0B' with importer (ScriptedImporter : UnityEditor.QuickSearchModule:UnityEditor.Search:ASIAI0B)
Imported 'GUID: eb95e19e2b194be89dd90d8532f0ad89' -> (Import Result ID: 'eb7273b0faacec867b938c6116051a6b') in 0.003 seconds [static and dynamic dependencies]. Details - ImportResultOutputID=2027ff6bd4ed43bdd019eca4f2ecf6d1 DependenciesID=31ad6f5e661ed90ee0498ac2d54dac04 StaticDependenciesID=3eaeeb241ba4a40386f70a30098ddefa 
Number of updated asset objects reloaded before import = 0
Number of asset objects unloaded after import = 0
========================================================================
Received Import Request.
  Time of request: 2026-08-11T15:50:22.215452Z
  Time since last request: 0.0003001 seconds.
  importAddress: GUID: 03d19e545aea1b446b1c56530a4438ae - Path: Packages/com.unity.timeline/Editor/Actions/MarkerAction.cs - Importer: ScriptedImporter/UnityEditor.QuickSearchModule:UnityEditor.Search:ASIAI0B
Importing 'GUID: 03d19e545aea1b446b1c56530a4438ae - Path: Packages/com.unity.timeline/Editor/Actions/MarkerAction.cs - Importer: ScriptedImporter/UnityEditor.QuickSearchModule:UnityEditor.Search:ASIAI0B' with importer (ScriptedImporter : UnityEditor.QuickSearchModule:UnityEditor.Search:ASIAI0B)
Imported 'GUID: 03d19e545aea1b446b1c56530a4438ae' -> (Import Result ID: 'da440b278afa3c4d8704231c0264d8ca') in 0.003 seconds [static and dynamic dependencies]. Details - ImportResultOutputID=0e494371652b67b542a13efe6ee2c08f DependenciesID=3691d1aed4b7a84b613527cf87935e26 StaticDependenciesID=d78864425e300d9c041f476e5a4572c6 
Number of updated asset objects reloaded before import = 0
Number of asset objects unloaded after import = 0
========================================================================
Received Import Request.
  Time of request: 2026-08-11T15:50:22.2299071Z
  Time since last request: 0.0003372 seconds.
  importAddress: GUID: f9045505a91f4aee87d5768fffc7de5c - Path: Packages/com.unity.timeline/Editor/UnityEditorInternals.cs - Importer: ScriptedImporter/UnityEditor.QuickSearchModule:UnityEditor.Search:ASIAI0B
Importing 'GUID: f9045505a91f4aee87d5768fffc7de5c - Path: Packages/com.unity.timeline/Editor/UnityEditorInternals.cs - Importer: ScriptedImporter/UnityEditor.QuickSearchModule:UnityEditor.Search:ASIAI0B' with importer (ScriptedImporter : UnityEditor.QuickSearchModule:UnityEditor.Search:ASIAI0B)
Imported 'GUID: f9045505a91f4aee87d5768fffc7de5c' -> (Import Result ID: 'ea708ec3cea9fd9ad3099c93a4aa2bf7') in 0.003 seconds [static and dynamic dependencies]. Details - ImportResultOutputID=f0f0a35a06dfd4ba7affabe2b69f6623 DependenciesID=ad4f39bd207cd289f6ca4f6e06c3ebdf StaticDependenciesID=37381de24247259cc16c525a53c779a3 
Number of updated asset objects reloaded before import = 0
Number of asset objects unloaded after import = 0
========================================================================
Received Import Request.
  Time of request: 2026-08-11T15:50:22.2422856Z
  Time since last request: 0.0002652 seconds.
  importAddress: GUID: 8baf6181321244e55ae38cb2427d1f31 - Path: Packages/com.unity.visualscripting/Runtime/VisualScripting.Core/Dependencies/FullSerializer/Converters/Unity/GUIStyle_DirectConverter.cs - Importer: ScriptedImporter/UnityEditor.QuickSearchModule:UnityEditor.Search:ASIAI0B
Importing 'GUID: 8baf6181321244e55ae38cb2427d1f31 - Path: Packages/com.unity.visualscripting/Runtime/VisualScripting.Core/Dependencies/FullSerializer/Converters/Unity/GUIStyle_DirectConverter.cs - Importer: ScriptedImporter/UnityEditor.QuickSearchModule:UnityEditor.Search:ASIAI0B' with importer (ScriptedImporter : UnityEditor.QuickSearchModule:UnityEditor.Search:ASIAI0B)
Imported 'GUID: 8baf6181321244e55ae38cb2427d1f31' -> (Import Result ID: '23e6756f79aa9ea0c14cdd617c78d517') in 0.003 seconds [static and dynamic dependencies]. Details - ImportResultOutputID=db7974eacf25388c10c31417acc1e3ba DependenciesID=531e6531734de9cfc0b78f8dc948ffe4 StaticDependenciesID=409b65986d8f31513e465bbd270cb816 
Number of updated asset objects reloaded before import = 0
Number of asset objects unloaded after import = 0
========================================================================
Received Import Request.
  Time of request: 2026-08-11T15:50:22.2537359Z
  Time since last request: 0.0004018 seconds.
  importAddress: GUID: e2fcd03f719148d192d0c26cfff47b3c - Path: Packages/com.unity.timeline/Runtime/CurveEditUtility.cs - Importer: ScriptedImporter/UnityEditor.QuickSearchModule:UnityEditor.Search:ASIAI0B
Importing 'GUID: e2fcd03f719148d192d0c26cfff47b3c - Path: Packages/com.unity.timeline/Runtime/CurveEditUtility.cs - Importer: ScriptedImporter/UnityEditor.QuickSearchModule:UnityEditor.Search:ASIAI0B' with importer (ScriptedImporter : UnityEditor.QuickSearchModule:UnityEditor.Search:ASIAI0B)
Imported 'GUID: e2fcd03f719148d192d0c26cfff47b3c' -> (Import Result ID: '48bf1400dd7eb527365373e976cae6ec') in 0.003 seconds [static and dynamic dependencies]. Details - ImportResultOutputID=4a17ae30ead03b740938700e6a58417c DependenciesID=727bd17f5680a3116c9fbb2015e05503 StaticDependenciesID=8b116a4dcfa4f77ccbfe549e3224a276 
Number of updated asset objects reloaded before import = 0
Number of asset objects unloaded after import = 0
========================================================================
Received Import Request.
  Time of request: 2026-08-11T15:50:22.2666068Z
  Time since last request: 0.0003273 seconds.
  importAddress: GUID: e751b86c173aa4faeb9b50cd8051ccfd - Path: Packages/com.unity.visualscripting/Runtime/VisualScripting.Core/Dependencies/FullSerializer/Converters/Unity/LayerMask_DirectConverter.cs - Importer: ScriptedImporter/UnityEditor.QuickSearchModule:UnityEditor.Search:ASIAI0B
Importing 'GUID: e751b86c173aa4faeb9b50cd8051ccfd - Path: Packages/com.unity.visualscripting/Runtime/VisualScripting.Core/Dependencies/FullSerializer/Converters/Unity/LayerMask_DirectConverter.cs - Importer: ScriptedImporter/UnityEditor.QuickSearchModule:UnityEditor.Search:ASIAI0B' with importer (ScriptedImporter : UnityEditor.QuickSearchModule:UnityEditor.Search:ASIAI0B)
Imported 'GUID: e751b86c173aa4faeb9b50cd8051ccfd' -> (Import Result ID: '11e6a7920b357be4f6d40e42444923e4') in 0.003 seconds [static and dynamic dependencies]. Details - ImportResultOutputID=764298a28fec115c4b5d67cc19568333 DependenciesID=eba398ee9d23ae6dfab501a9f9065322 StaticDependenciesID=b7462d4ff2def29d1596808022880f36 
Number of updated asset objects reloaded before import = 0
Number of asset objects unloaded after import = 0
========================================================================
Received Import Request.
  Time of request: 2026-08-11T15:50:22.2776474Z
  Time since last request: 0.0002884 seconds.
  importAddress: GUID: c9f0489deaf04d0fbcbe45fd50a018f6 - Path: Packages/com.unity.timeline/DocCodeExamples/TrackAssetExamples.cs - Importer: ScriptedImporter/UnityEditor.QuickSearchModule:UnityEditor.Search:ASIAI0B
Importing 'GUID: c9f0489deaf04d0fbcbe45fd50a018f6 - Path: Packages/com.unity.timeline/DocCodeExamples/TrackAssetExamples.cs - Importer: ScriptedImporter/UnityEditor.QuickSearchModule:UnityEditor.Search:ASIAI0B' with importer (ScriptedImporter : UnityEditor.QuickSearchModule:UnityEditor.Search:ASIAI0B)
Imported 'GUID: c9f0489deaf04d0fbcbe45fd50a018f6' -> (Import Result ID: '077e9387bbc48ac0687e0eff847819c6') in 0.003 seconds [static and dynamic dependencies]. Details - ImportResultOutputID=a0b3c0eccfafc737f70bdfca89168973 DependenciesID=068d901bcadc842ce1d90c144d723c89 StaticDependenciesID=17fa00c7930dfe8ce80ce5d3fa4655d3 
Number of updated asset objects reloaded before import = 0
Number of asset objects unloaded after import = 0
========================================================================
Received Import Request.
  Time of request: 2026-08-11T15:50:22.3048031Z
  Time since last request: 0.0167574 seconds.
  importAddress: GUID: edc553b1b3c8a25438b62783410b26ae - Path: Packages/com.unity.timeline/Editor/inspectors/AnimationTrackInspector.cs - Importer: ScriptedImporter/UnityEditor.QuickSearchModule:UnityEditor.Search:ASIAI0B
Importing 'GUID: edc553b1b3c8a25438b62783410b26ae - Path: Packages/com.unity.timeline/Editor/inspectors/AnimationTrackInspector.cs - Importer: ScriptedImporter/UnityEditor.QuickSearchModule:UnityEditor.Search:ASIAI0B' with importer (ScriptedImporter : UnityEditor.QuickSearchModule:UnityEditor.Search:ASIAI0B)
Imported 'GUID: edc553b1b3c8a25438b62783410b26ae' -> (Import Result ID: 'da0781416dc74020668d1728fd49de1b') in 0.003 seconds [static and dynamic dependencies]. Details - ImportResultOutputID=b63434dc25c4adb15e4919cb11b198ac DependenciesID=1d77116e5f59db44bca8a211a64b171d StaticDependenciesID=92de7aca40e5687a8d25e23dba1c280f 
Number of updated asset objects reloaded before import = 0
Number of asset objects unloaded after import = 0
========================================================================
Received Import Request.
  Time of request: 2026-08-11T15:50:22.3159649Z
  Time since last request: 0.0007447 seconds.
  importAddress: GUID: 35cb34351b19cf44ba78afbd58746610 - Path: Packages/com.unity.timeline/Editor/CustomEditors/TrackEditor.cs - Importer: ScriptedImporter/UnityEditor.QuickSearchModule:UnityEditor.Search:ASIAI0B
Importing 'GUID: 35cb34351b19cf44ba78afbd58746610 - Path: Packages/com.unity.timeline/Editor/CustomEditors/TrackEditor.cs - Importer: ScriptedImporter/UnityEditor.QuickSearchModule:UnityEditor.Search:ASIAI0B' with importer (ScriptedImporter : UnityEditor.QuickSearchModule:UnityEditor.Search:ASIAI0B)
Imported 'GUID: 35cb34351b19cf44ba78afbd58746610' -> (Import Result ID: '17dd99988851776a5ce178fea59c73e8') in 0.003 seconds [static and dynamic dependencies]. Details - ImportResultOutputID=6535158244e630804bcb08d576ebd095 DependenciesID=4c5850efcadf079a82ef7d901655e277 StaticDependenciesID=6cf3654fd6b24b4161cbd605996c5f50 
Number of updated asset objects reloaded before import = 0
Number of asset objects unloaded after import = 0
========================================================================
Received Import Request.
  Time of request: 2026-08-11T15:50:22.3281939Z
  Time since last request: 0.0010428 seconds.
  importAddress: GUID: 2537ddddebaa455409dec422eb08fd7e - Path: Packages/com.unity.timeline/Editor/CustomEditors/ClipEditor.cs - Importer: ScriptedImporter/UnityEditor.QuickSearchModule:UnityEditor.Search:ASIAI0B
Importing 'GUID: 2537ddddebaa455409dec422eb08fd7e - Path: Packages/com.unity.timeline/Editor/CustomEditors/ClipEditor.cs - Importer: ScriptedImporter/UnityEditor.QuickSearchModule:UnityEditor.Search:ASIAI0B' with importer (ScriptedImporter : UnityEditor.QuickSearchModule:UnityEditor.Search:ASIAI0B)
Imported 'GUID: 2537ddddebaa455409dec422eb08fd7e' -> (Import Result ID: 'eb23e28b7875fffd61760af13d048102') in 0.003 seconds [static and dynamic dependencies]. Details - ImportResultOutputID=f1bb8a1ec368ea94197ce2e37a00b277 DependenciesID=55f6d7eaca9bb0365dab21c3f0675ef3 StaticDependenciesID=745b2324629e5c159263e34b5e4e0a31 
Number of updated asset objects reloaded before import = 0
Number of asset objects unloaded after import = 0
========================================================================
Received Import Request.
  Time of request: 2026-08-11T15:50:22.3409023Z
  Time since last request: 0.0005145 seconds.
  importAddress: GUID: e086b15460c228c4f9b116f0e3e2f175 - Path: Packages/com.unity.timeline/Editor/inspectors/BasicAssetInspector.cs - Importer: ScriptedImporter/UnityEditor.QuickSearchModule:UnityEditor.Search:ASIAI0B
Importing 'GUID: e086b15460c228c4f9b116f0e3e2f175 - Path: Packages/com.unity.timeline/Editor/inspectors/BasicAssetInspector.cs - Importer: ScriptedImporter/UnityEditor.QuickSearchModule:UnityEditor.Search:ASIAI0B' with importer (ScriptedImporter : UnityEditor.QuickSearchModule:UnityEditor.Search:ASIAI0B)
Imported 'GUID: e086b15460c228c4f9b116f0e3e2f175' -> (Import Result ID: 'c22062203baa594b53d20bc8adcadd2c') in 0.003 seconds [static and dynamic dependencies]. Details - ImportResultOutputID=ca6bfb21d21b8ff436cce28feab75b42 DependenciesID=a3ea9f99f49daacfdd9d6b34e4121f6e StaticDependenciesID=36fdeb7a73db4bc054ec3868e84f36f1 
Number of updated asset objects reloaded before import = 0
Number of asset objects unloaded after import = 0
========================================================================
Received Import Request.
  Time of request: 2026-08-11T15:50:22.351911Z
  Time since last request: 0.000446 seconds.
  importAddress: GUID: 38eaad816666dfb428c3f123a09413c6 - Path: Packages/com.unity.timeline/Editor/Actions/TimelineAction.cs - Importer: ScriptedImporter/UnityEditor.QuickSearchModule:UnityEditor.Search:ASIAI0B
Importing 'GUID: 38eaad816666dfb428c3f123a09413c6 - Path: Packages/com.unity.timeline/Editor/Actions/TimelineAction.cs - Importer: ScriptedImporter/UnityEditor.QuickSearchModule:UnityEditor.Search:ASIAI0B' with importer (ScriptedImporter : UnityEditor.QuickSearchModule:UnityEditor.Search:ASIAI0B)
Imported 'GUID: 38eaad816666dfb428c3f123a09413c6' -> (Import Result ID: '72eff747ed2e3e841ef549e4f62969d0') in 0.003 seconds [static and dynamic dependencies]. Details - ImportResultOutputID=42ca93aca31db76f56707a2c3bb27fb5 DependenciesID=58761af47d83a85bdb6ca6e6ae028824 StaticDependenciesID=f82228a4e1a514f06d958b335f0e59fd 
Number of updated asset objects reloaded before import = 0
Number of asset objects unloaded after import = 0
========================================================================
Received Import Request.
  Time of request: 2026-08-11T15:50:22.3636917Z
  Time since last request: 0.0004449 seconds.
  importAddress: GUID: 3a784fb721704576b3b4c3a7f3324264 - Path: Packages/com.unity.timeline/Editor/Attributes/ActiveInModeAttribute.cs - Importer: ScriptedImporter/UnityEditor.QuickSearchModule:UnityEditor.Search:ASIAI0B
Importing 'GUID: 3a784fb721704576b3b4c3a7f3324264 - Path: Packages/com.unity.timeline/Editor/Attributes/ActiveInModeAttribute.cs - Importer: ScriptedImporter/UnityEditor.QuickSearchModule:UnityEditor.Search:ASIAI0B' with importer (ScriptedImporter : UnityEditor.QuickSearchModule:UnityEditor.Search:ASIAI0B)
Imported 'GUID: 3a784fb721704576b3b4c3a7f3324264' -> (Import Result ID: 'cee8ccf2741193572fdb05a17cde28b1') in 0.003 seconds [static and dynamic dependencies]. Details - ImportResultOutputID=b67b07472e650606cdd990687e518070 DependenciesID=72e2d6ed817e4f31ef28fbdc9d559d1e StaticDependenciesID=fa0b468d7064d8b0db770e718d8425c8 
Number of updated asset objects reloaded before import = 0
Number of asset objects unloaded after import = 0
========================================================================
Received Import Request.
  Time of request: 2026-08-11T15:50:22.3754992Z
  Time since last request: 0.0003503 seconds.
  importAddress: GUID: 1ec4b8ec4b34f4344bac53c19288eaa2 - Path: Packages/com.unity.timeline/Editor/Items/ItemsGroup.cs - Importer: ScriptedImporter/UnityEditor.QuickSearchModule:UnityEditor.Search:ASIAI0B
Importing 'GUID: 1ec4b8ec4b34f4344bac53c19288eaa2 - Path: Packages/com.unity.timeline/Editor/Items/ItemsGroup.cs - Importer: ScriptedImporter/UnityEditor.QuickSearchModule:UnityEditor.Search:ASIAI0B' with importer (ScriptedImporter : UnityEditor.QuickSearchModule:UnityEditor.Search:ASIAI0B)
Imported 'GUID: 1ec4b8ec4b34f4344bac53c19288eaa2' -> (Import Result ID: '09068b068ca6ebb32ce4c629e86f39a4') in 0.004 seconds [static and dynamic dependencies]. Details - ImportResultOutputID=00fb6ee2424c1f185acf1ce172051d4a DependenciesID=1392248d39217477e25757e21789dec0 StaticDependenciesID=d1bb1c8d98337babbb74d2e877913279 
Number of updated asset objects reloaded before import = 0
Number of asset objects unloaded after import = 0
========================================================================
Received Import Request.
  Time of request: 2026-08-11T15:50:22.3885753Z
  Time since last request: 0.0004698 seconds.
  importAddress: GUID: 5653477a5039f674da8f856adcf47172 - Path: Packages/com.unity.timeline/Editor/Items/ItemsUtils.cs - Importer: ScriptedImporter/UnityEditor.QuickSearchModule:UnityEditor.Search:ASIAI0B
Importing 'GUID: 5653477a5039f674da8f856adcf47172 - Path: Packages/com.unity.timeline/Editor/Items/ItemsUtils.cs - Importer: ScriptedImporter/UnityEditor.QuickSearchModule:UnityEditor.Search:ASIAI0B' with importer (ScriptedImporter : UnityEditor.QuickSearchModule:UnityEditor.Search:ASIAI0B)
Imported 'GUID: 5653477a5039f674da8f856adcf47172' -> (Import Result ID: 'db48913a47fe868f5bf0791f13ba4c2e') in 0.003 seconds [static and dynamic dependencies]. Details - ImportResultOutputID=db47d02418f956a4ffaff5d8a9aeaee4 DependenciesID=3dcbfb2b67f37c002c81d007dc721ab9 StaticDependenciesID=6dd01c826afdbf380cf6e0941d34b386 
Number of updated asset objects reloaded before import = 0
Number of asset objects unloaded after import = 0
========================================================================
Received Import Request.
  Time of request: 2026-08-11T15:50:22.4205139Z
  Time since last request: 0.0176708 seconds.
  importAddress: GUID: 6ba7805325c426c43b8e85b5be4eae36 - Path: Packages/com.unity.timeline/Editor/Signals/SignalEventDrawer.cs - Importer: ScriptedImporter/UnityEditor.QuickSearchModule:UnityEditor.Search:ASIAI0B
Importing 'GUID: 6ba7805325c426c43b8e85b5be4eae36 - Path: Packages/com.unity.timeline/Editor/Signals/SignalEventDrawer.cs - Importer: ScriptedImporter/UnityEditor.QuickSearchModule:UnityEditor.Search:ASIAI0B' with importer (ScriptedImporter : UnityEditor.QuickSearchModule:UnityEditor.Search:ASIAI0B)
Imported 'GUID: 6ba7805325c426c43b8e85b5be4eae36' -> (Import Result ID: '434deb40dd1b3bef4e3f60327038c9e3') in 0.003 seconds [static and dynamic dependencies]. Details - ImportResultOutputID=dadfc0bb6e246091f390209e513bcd15 DependenciesID=da606e47b932eec3768c876ce85e3e7f StaticDependenciesID=9c7d17f13ce7e8f3f3c30ae5cc729b8a 
Number of updated asset objects reloaded before import = 0
Number of asset objects unloaded after import = 0
========================================================================
Received Import Request.
  Time of request: 2026-08-11T15:50:22.4311734Z
  Time since last request: 0.0004828 seconds.
  importAddress: GUID: df8df80bb65e9ec4280229a9921c4f3c - Path: Packages/com.unity.timeline/Editor/State/WindowState.cs - Importer: ScriptedImporter/UnityEditor.QuickSearchModule:UnityEditor.Search:ASIAI0B
Importing 'GUID: df8df80bb65e9ec4280229a9921c4f3c - Path: Packages/com.unity.timeline/Editor/State/WindowState.cs - Importer: ScriptedImporter/UnityEditor.QuickSearchModule:UnityEditor.Search:ASIAI0B' with importer (ScriptedImporter : UnityEditor.QuickSearchModule:UnityEditor.Search:ASIAI0B)
Imported 'GUID: df8df80bb65e9ec4280229a9921c4f3c' -> (Import Result ID: '0fab2b28f7fb250be7860d2fd0184ec0') in 0.003 seconds [static and dynamic dependencies]. Details - ImportResultOutputID=27abc71405b77399511cfaa7851974b6 DependenciesID=d9a7905eea3fd0456d72090e6f6b3cda StaticDependenciesID=46fb244bf8093e46d08cddade032a3ee 
Number of updated asset objects reloaded before import = 0
Number of asset objects unloaded after import = 0
========================================================================
Received Import Request.
  Time of request: 2026-08-11T15:50:22.4417442Z
  Time since last request: 0.000275 seconds.
  importAddress: GUID: b46a1ab31b3043b88cc57df2167383ac - Path: Packages/com.unity.timeline/Editor/Undo/ApplyDefaultUndoAttribute.cs - Importer: ScriptedImporter/UnityEditor.QuickSearchModule:UnityEditor.Search:ASIAI0B
Importing 'GUID: b46a1ab31b3043b88cc57df2167383ac - Path: Packages/com.unity.timeline/Editor/Undo/ApplyDefaultUndoAttribute.cs - Importer: ScriptedImporter/UnityEditor.QuickSearchModule:UnityEditor.Search:ASIAI0B' with importer (ScriptedImporter : UnityEditor.QuickSearchModule:UnityEditor.Search:ASIAI0B)
Imported 'GUID: b46a1ab31b3043b88cc57df2167383ac' -> (Import Result ID: '95ac12ad82f09753e018ee936d2047b8') in 0.003 seconds [static and dynamic dependencies]. Details - ImportResultOutputID=0d6e70632cf73dd1132159918cf23a89 DependenciesID=7b701ba003e0c8d363fcea68211d6f65 StaticDependenciesID=68ed13a2ddffb7219ce011969ea01b90 
Number of updated asset objects reloaded before import = 0
Number of asset objects unloaded after import = 0
========================================================================
Received Import Request.
  Time of request: 2026-08-11T15:50:22.4554846Z
  Time since last request: 0.0003985 seconds.
  importAddress: GUID: 82a8ce43816925d4b971951094cb755c - Path: Packages/com.unity.timeline/Editor/treeview/TimelineTreeView.cs - Importer: ScriptedImporter/UnityEditor.QuickSearchModule:UnityEditor.Search:ASIAI0B
Importing 'GUID: 82a8ce43816925d4b971951094cb755c - Path: Packages/com.unity.timeline/Editor/treeview/TimelineTreeView.cs - Importer: ScriptedImporter/UnityEditor.QuickSearchModule:UnityEditor.Search:ASIAI0B' with importer (ScriptedImporter : UnityEditor.QuickSearchModule:UnityEditor.Search:ASIAI0B)
Imported 'GUID: 82a8ce43816925d4b971951094cb755c' -> (Import Result ID: 'e565fcedc1171e5b1a7bfc3e3ee18b8b') in 0.003 seconds [static and dynamic dependencies]. Details - ImportResultOutputID=97898870c7cfd912099b14cb13e15eef DependenciesID=5a0f9eecc3ab06facec54ace144da985 StaticDependenciesID=f614c87b27fcddd045a2cc3aae408b38 
Number of updated asset objects reloaded before import = 0
Number of asset objects unloaded after import = 0
========================================================================
Received Import Request.
  Time of request: 2026-08-11T15:50:22.4671022Z
  Time since last request: 0.0003649 seconds.
  importAddress: GUID: a48cf3df437ebff49a373111669364c0 - Path: Packages/com.unity.timeline/Editor/Utilities/EndNameEditAction.cs - Importer: ScriptedImporter/UnityEditor.QuickSearchModule:UnityEditor.Search:ASIAI0B
Importing 'GUID: a48cf3df437ebff49a373111669364c0 - Path: Packages/com.unity.timeline/Editor/Utilities/EndNameEditAction.cs - Importer: ScriptedImporter/UnityEditor.QuickSearchModule:UnityEditor.Search:ASIAI0B' with importer (ScriptedImporter : UnityEditor.QuickSearchModule:UnityEditor.Search:ASIAI0B)
Imported 'GUID: a48cf3df437ebff49a373111669364c0' -> (Import Result ID: '582e01c6a32f08918031c9eea544cb1b') in 0.003 seconds [static and dynamic dependencies]. Details - ImportResultOutputID=9e0d4866bee6bbd83acaac3b73c10a39 DependenciesID=a1fe016e3da309e0944b1c878556ca2b StaticDependenciesID=17a33d2338dbfecf596a3b2bab6aafae 
Number of updated asset objects reloaded before import = 0
Number of asset objects unloaded after import = 0
========================================================================
Received Import Request.
  Time of request: 2026-08-11T15:50:22.4797096Z
  Time since last request: 0.0002929 seconds.
  importAddress: GUID: 9805855c8e379ed4cad77f639aaddb73 - Path: Packages/com.unity.timeline/Editor/Recording/TimelineRecording_Monobehaviour.cs - Importer: ScriptedImporter/UnityEditor.QuickSearchModule:UnityEditor.Search:ASIAI0B
Importing 'GUID: 9805855c8e379ed4cad77f639aaddb73 - Path: Packages/com.unity.timeline/Editor/Recording/TimelineRecording_Monobehaviour.cs - Importer: ScriptedImporter/UnityEditor.QuickSearchModule:UnityEditor.Search:ASIAI0B' with importer (ScriptedImporter : UnityEditor.QuickSearchModule:UnityEditor.Search:ASIAI0B)
Imported 'GUID: 9805855c8e379ed4cad77f639aaddb73' -> (Import Result ID: 'b5faddf763966b3cc222a8c72aec2ef9') in 0.003 seconds [static and dynamic dependencies]. Details - ImportResultOutputID=e41c08c2e1e682f07dc869cd65b5368d DependenciesID=ce757f7f04c7ff0db043be077512b410 StaticDependenciesID=13caf1551f227585342f51a08ed08ba9 
Number of updated asset objects reloaded before import = 0
Number of asset objects unloaded after import = 0
========================================================================
Received Import Request.
  Time of request: 2026-08-11T15:50:22.4913596Z
  Time since last request: 0.0004359 seconds.
  importAddress: GUID: 2bf68308f6cdff141ab98cd34174e4f1 - Path: Packages/com.unity.timeline/Editor/treeview/Manipulator.cs - Importer: ScriptedImporter/UnityEditor.QuickSearchModule:UnityEditor.Search:ASIAI0B
Importing 'GUID: 2bf68308f6cdff141ab98cd34174e4f1 - Path: Packages/com.unity.timeline/Editor/treeview/Manipulator.cs - Importer: ScriptedImporter/UnityEditor.QuickSearchModule:UnityEditor.Search:ASIAI0B' with importer (ScriptedImporter : UnityEditor.QuickSearchModule:UnityEditor.Search:ASIAI0B)
Imported 'GUID: 2bf68308f6cdff141ab98cd34174e4f1' -> (Import Result ID: 'c1ebca580c8284ff8e26e9786336a0ed') in 0.003 seconds [static and dynamic dependencies]. Details - ImportResultOutputID=14ec5592b679262abe76d54528aa7ac9 DependenciesID=22dc25e56c503f4386c2dbad6b858c6a StaticDependenciesID=da808acc668981769ccc11af7f08efdc 
Number of updated asset objects reloaded before import = 0
Number of asset objects unloaded after import = 0
========================================================================
Received Import Request.
  Time of request: 2026-08-11T15:50:22.5034792Z
  Time since last request: 0.0004312 seconds.
  importAddress: GUID: 7341c0cd0aad4994e8fa461cb443aa7d - Path: Packages/com.unity.timeline/Editor/Recording/TimelineRecording_PlayableAsset.cs - Importer: ScriptedImporter/UnityEditor.QuickSearchModule:UnityEditor.Search:ASIAI0B
Importing 'GUID: 7341c0cd0aad4994e8fa461cb443aa7d - Path: Packages/com.unity.timeline/Editor/Recording/TimelineRecording_PlayableAsset.cs - Importer: ScriptedImporter/UnityEditor.QuickSearchModule:UnityEditor.Search:ASIAI0B' with importer (ScriptedImporter : UnityEditor.QuickSearchModule:UnityEditor.Search:ASIAI0B)
Imported 'GUID: 7341c0cd0aad4994e8fa461cb443aa7d' -> (Import Result ID: 'a5d388575bb527d2dccc50b81bffbdc1') in 0.003 seconds [static and dynamic dependencies]. Details - ImportResultOutputID=a7e8899f636a2f589e3f2f3b7513d73a DependenciesID=91f269563fae536610a04ba6641da462 StaticDependenciesID=a915b2e10219a5255fde75ae17ffc8a3 
Number of updated asset objects reloaded before import = 0
Number of asset objects unloaded after import = 0
========================================================================
Received Import Request.
  Time of request: 2026-08-11T15:50:22.5225037Z
  Time since last request: 0.0076697 seconds.
  importAddress: GUID: 14d748c963c7b3549bed45457cc92c4f - Path: Packages/com.unity.timeline/Editor/Window/TimelineWindow_PlayRange.cs - Importer: ScriptedImporter/UnityEditor.QuickSearchModule:UnityEditor.Search:ASIAI0B
Importing 'GUID: 14d748c963c7b3549bed45457cc92c4f - Path: Packages/com.unity.timeline/Editor/Window/TimelineWindow_PlayRange.cs - Importer: ScriptedImporter/UnityEditor.QuickSearchModule:UnityEditor.Search:ASIAI0B' with importer (ScriptedImporter : UnityEditor.QuickSearchModule:UnityEditor.Search:ASIAI0B)
Imported 'GUID: 14d748c963c7b3549bed45457cc92c4f' -> (Import Result ID: '7e26454dc36f25bfb90745aca001baef') in 0.004 seconds [static and dynamic dependencies]. Details - ImportResultOutputID=fbec71e4bd9c701787e08c785a5ed87d DependenciesID=6a1abffad9a25bc5077bc7645c6f5559 StaticDependenciesID=ca13fd5a35006a504f2bcceea9cc0e8e 
Number of updated asset objects reloaded before import = 0
Number of asset objects unloaded after import = 0
========================================================================
Received Import Request.
  Time of request: 2026-08-11T15:50:22.5345922Z
  Time since last request: 0.0007992 seconds.
  importAddress: GUID: c756627eb1aed7a40bd8ba981a07ede5 - Path: Packages/com.unity.timeline/Editor/Window/TimelineNavigator.cs - Importer: ScriptedImporter/UnityEditor.QuickSearchModule:UnityEditor.Search:ASIAI0B
Importing 'GUID: c756627eb1aed7a40bd8ba981a07ede5 - Path: Packages/com.unity.timeline/Editor/Window/TimelineNavigator.cs - Importer: ScriptedImporter/UnityEditor.QuickSearchModule:UnityEditor.Search:ASIAI0B' with importer (ScriptedImporter : UnityEditor.QuickSearchModule:UnityEditor.Search:ASIAI0B)
Imported 'GUID: c756627eb1aed7a40bd8ba981a07ede5' -> (Import Result ID: '919c79173c1abb7eda4049e2b80a4ee4') in 0.003 seconds [static and dynamic dependencies]. Details - ImportResultOutputID=730c72d45b31b418f9765b7e874c7041 DependenciesID=3cc49e3fefdad67ccd5a902c4b3750cb StaticDependenciesID=78b4872b360db1cf7e72e16952b54444 
Number of updated asset objects reloaded before import = 0
Number of asset objects unloaded after import = 0
========================================================================
Received Import Request.
  Time of request: 2026-08-11T15:50:22.545384Z
  Time since last request: 0.0005402 seconds.
  importAddress: GUID: 2d4de78ba9fbd472a884ea157f740743 - Path: Packages/com.unity.timeline/Editor/Window/TimelineWindowAnalytics.cs - Importer: ScriptedImporter/UnityEditor.QuickSearchModule:UnityEditor.Search:ASIAI0B
Importing 'GUID: 2d4de78ba9fbd472a884ea157f740743 - Path: Packages/com.unity.timeline/Editor/Window/TimelineWindowAnalytics.cs - Importer: ScriptedImporter/UnityEditor.QuickSearchModule:UnityEditor.Search:ASIAI0B' with importer (ScriptedImporter : UnityEditor.QuickSearchModule:UnityEditor.Search:ASIAI0B)
Imported 'GUID: 2d4de78ba9fbd472a884ea157f740743' -> (Import Result ID: '240f87b5130befd80c61daad686cf94c') in 0.003 seconds [static and dynamic dependencies]. Details - ImportResultOutputID=cef4a2418859d8eab5503e11243a5882 DependenciesID=bb36894831981b1b8b7d011e088da473 StaticDependenciesID=3a7a3aa51a1c887844dc70806506df17 
Number of updated asset objects reloaded before import = 0
Number of asset objects unloaded after import = 0
========================================================================
Received Import Request.
  Time of request: 2026-08-11T15:50:22.5573139Z
  Time since last request: 0.0003441 seconds.
  importAddress: GUID: a956e5803e95df349bd35832492d4014 - Path: Packages/com.unity.timeline/Editor/Window/TimelineWindow_Gui.cs - Importer: ScriptedImporter/UnityEditor.QuickSearchModule:UnityEditor.Search:ASIAI0B
Importing 'GUID: a956e5803e95df349bd35832492d4014 - Path: Packages/com.unity.timeline/Editor/Window/TimelineWindow_Gui.cs - Importer: ScriptedImporter/UnityEditor.QuickSearchModule:UnityEditor.Search:ASIAI0B' with importer (ScriptedImporter : UnityEditor.QuickSearchModule:UnityEditor.Search:ASIAI0B)
Imported 'GUID: a956e5803e95df349bd35832492d4014' -> (Import Result ID: '89a95315d255d8e87978d63d93d56936') in 0.003 seconds [static and dynamic dependencies]. Details - ImportResultOutputID=fb81a3ad32c9d0a025ce98ed6cbc1973 DependenciesID=899810f19ab25091636806b03237c7c2 StaticDependenciesID=6815a72a49c0617689cd5ddec26ab220 
Number of updated asset objects reloaded before import = 0
Number of asset objects unloaded after import = 0
========================================================================
Received Import Request.
  Time of request: 2026-08-11T15:50:22.5695077Z
  Time since last request: 0.0002736 seconds.
  importAddress: GUID: 1f3a562675833b4448299e4f627b0cec - Path: Packages/com.unity.timeline/Editor/Utilities/PropertyCollector.cs - Importer: ScriptedImporter/UnityEditor.QuickSearchModule:UnityEditor.Search:ASIAI0B
Importing 'GUID: 1f3a562675833b4448299e4f627b0cec - Path: Packages/com.unity.timeline/Editor/Utilities/PropertyCollector.cs - Importer: ScriptedImporter/UnityEditor.QuickSearchModule:UnityEditor.Search:ASIAI0B' with importer (ScriptedImporter : UnityEditor.QuickSearchModule:UnityEditor.Search:ASIAI0B)
Imported 'GUID: 1f3a562675833b4448299e4f627b0cec' -> (Import Result ID: 'd8693bbff11092d957db1ec620dcc5aa') in 0.003 seconds [static and dynamic dependencies]. Details - ImportResultOutputID=cc18e32d6b4fefc7f4c1065f24066384 DependenciesID=8eba21edcba9a2af3049f9f30e75b267 StaticDependenciesID=62ca1549c5b2edea0545097791134d9e 
Number of updated asset objects reloaded before import = 0
Number of asset objects unloaded after import = 0
========================================================================
Received Import Request.
  Time of request: 2026-08-11T15:50:22.5798324Z
  Time since last request: 0.0003458 seconds.
  importAddress: GUID: eb2f3c5bf79e22046b2e3866dc3acb99 - Path: Packages/com.unity.timeline/Editor/Window/TimelineWindow_PlaybackControls.cs - Importer: ScriptedImporter/UnityEditor.QuickSearchModule:UnityEditor.Search:ASIAI0B
Importing 'GUID: eb2f3c5bf79e22046b2e3866dc3acb99 - Path: Packages/com.unity.timeline/Editor/Window/TimelineWindow_PlaybackControls.cs - Importer: ScriptedImporter/UnityEditor.QuickSearchModule:UnityEditor.Search:ASIAI0B' with importer (ScriptedImporter : UnityEditor.QuickSearchModule:UnityEditor.Search:ASIAI0B)
Imported 'GUID: eb2f3c5bf79e22046b2e3866dc3acb99' -> (Import Result ID: 'a4dd212001b63ec18f8dd3f480587047') in 0.004 seconds [static and dynamic dependencies]. Details - ImportResultOutputID=84449bb105cc8168db2298da63948db7 DependenciesID=a57afd32dc0902ce4ec4e3a64c363873 StaticDependenciesID=3556b4266fb3513ff787026e7c7ac633 
Number of updated asset objects reloaded before import = 0
Number of asset objects unloaded after import = 0
========================================================================
Received Import Request.
  Time of request: 2026-08-11T15:50:22.594636Z
  Time since last request: 0.000311 seconds.
  importAddress: GUID: d21dcc2386d650c4597f3633c75a1f98 - Path: Packages/com.unity.timeline/Runtime/Animation/AnimationTrack.cs - Importer: ScriptedImporter/UnityEditor.QuickSearchModule:UnityEditor.Search:ASIAI0B
Importing 'GUID: d21dcc2386d650c4597f3633c75a1f98 - Path: Packages/com.unity.timeline/Runtime/Animation/AnimationTrack.cs - Importer: ScriptedImporter/UnityEditor.QuickSearchModule:UnityEditor.Search:ASIAI0B' with importer (ScriptedImporter : UnityEditor.QuickSearchModule:UnityEditor.Search:ASIAI0B)
Imported 'GUID: d21dcc2386d650c4597f3633c75a1f98' -> (Import Result ID: '771fe6d3a716f10ae986fb021ffbe4eb') in 0.003 seconds [static and dynamic dependencies]. Details - ImportResultOutputID=9b40810d9ea5952605c1f1e20fdc0502 DependenciesID=e80849715b62b44be92c51b40081b416 StaticDependenciesID=ef537cfc4ea82fa0fcdeeaf5e152f1a8 
Number of updated asset objects reloaded before import = 0
Number of asset objects unloaded after import = 0
========================================================================
Received Import Request.
  Time of request: 2026-08-11T15:50:22.6075699Z
  Time since last request: 0.0002211 seconds.
  importAddress: GUID: 4c1821c1816c6fa44967b8ecb79ea7e4 - Path: Packages/com.unity.timeline/Editor/Utilities/TypeUtility.cs - Importer: ScriptedImporter/UnityEditor.QuickSearchModule:UnityEditor.Search:ASIAI0B
Importing 'GUID: 4c1821c1816c6fa44967b8ecb79ea7e4 - Path: Packages/com.unity.timeline/Editor/Utilities/TypeUtility.cs - Importer: ScriptedImporter/UnityEditor.QuickSearchModule:UnityEditor.Search:ASIAI0B' with importer (ScriptedImporter : UnityEditor.QuickSearchModule:UnityEditor.Search:ASIAI0B)
Imported 'GUID: 4c1821c1816c6fa44967b8ecb79ea7e4' -> (Import Result ID: '74160f056b0a4a6d873de6f8a2b5b6de') in 0.003 seconds [static and dynamic dependencies]. Details - ImportResultOutputID=c1adbaeedf18b7ffcdd1b5eae6d2e511 DependenciesID=348690c251a528213fe6d6be503dcf6a StaticDependenciesID=586116d5ab8a896f2adaa7ed60991fc9 
Number of updated asset objects reloaded before import = 0
Number of asset objects unloaded after import = 0
========================================================================
Received Import Request.
  Time of request: 2026-08-11T15:50:22.6293216Z
  Time since last request: 0.0113819 seconds.
  importAddress: GUID: fe03a7b0ba57a4d488b6c327ae16c335 - Path: Packages/com.unity.timeline/Runtime/Playables/BasicScriptPlayable.cs - Importer: ScriptedImporter/UnityEditor.QuickSearchModule:UnityEditor.Search:ASIAI0B
Importing 'GUID: fe03a7b0ba57a4d488b6c327ae16c335 - Path: Packages/com.unity.timeline/Runtime/Playables/BasicScriptPlayable.cs - Importer: ScriptedImporter/UnityEditor.QuickSearchModule:UnityEditor.Search:ASIAI0B' with importer (ScriptedImporter : UnityEditor.QuickSearchModule:UnityEditor.Search:ASIAI0B)
Imported 'GUID: fe03a7b0ba57a4d488b6c327ae16c335' -> (Import Result ID: '02c94ffc0d4c4a999a893fcf5e4b76bc') in 0.003 seconds [static and dynamic dependencies]. Details - ImportResultOutputID=9570103a7ec6bcadba268640827fe23e DependenciesID=5b38a40599830fc187a649085e170df3 StaticDependenciesID=c60af583f148476a48fadb6e19a3312f 
Number of updated asset objects reloaded before import = 0
Number of asset objects unloaded after import = 0
========================================================================
Received Import Request.
  Time of request: 2026-08-11T15:50:22.6412287Z
  Time since last request: 0.0012047 seconds.
  importAddress: GUID: d3d14fa8f6934e14d92e37279e40e89b - Path: Packages/com.unity.timeline/Editor/inspectors/ClipInspector/ClipInspectorCurveEditor.cs - Importer: ScriptedImporter/UnityEditor.QuickSearchModule:UnityEditor.Search:ASIAI0B
Importing 'GUID: d3d14fa8f6934e14d92e37279e40e89b - Path: Packages/com.unity.timeline/Editor/inspectors/ClipInspector/ClipInspectorCurveEditor.cs - Importer: ScriptedImporter/UnityEditor.QuickSearchModule:UnityEditor.Search:ASIAI0B' with importer (ScriptedImporter : UnityEditor.QuickSearchModule:UnityEditor.Search:ASIAI0B)
Imported 'GUID: d3d14fa8f6934e14d92e37279e40e89b' -> (Import Result ID: 'd48302c3bc475c4dc24d3fbe7f76dcaa') in 0.003 seconds [static and dynamic dependencies]. Details - ImportResultOutputID=4c6eeac9401c80335a4d43337886c580 DependenciesID=887ba632965d4f4f1fea7722e8e53577 StaticDependenciesID=147e6de172e6394ca5227426760d6453 
Number of updated asset objects reloaded before import = 0
Number of asset objects unloaded after import = 0
========================================================================
Received Import Request.
  Time of request: 2026-08-11T15:50:22.652531Z
  Time since last request: 0.000484 seconds.
  importAddress: GUID: e74ddf4132f3401409c824bed60280ee - Path: Packages/com.unity.timeline/Editor/Manipulators/Sequence/MarkerHeaderTrackManipulator.cs - Importer: ScriptedImporter/UnityEditor.QuickSearchModule:UnityEditor.Search:ASIAI0B
Importing 'GUID: e74ddf4132f3401409c824bed60280ee - Path: Packages/com.unity.timeline/Editor/Manipulators/Sequence/MarkerHeaderTrackManipulator.cs - Importer: ScriptedImporter/UnityEditor.QuickSearchModule:UnityEditor.Search:ASIAI0B' with importer (ScriptedImporter : UnityEditor.QuickSearchModule:UnityEditor.Search:ASIAI0B)
Imported 'GUID: e74ddf4132f3401409c824bed60280ee' -> (Import Result ID: 'c5f90241a81a1a9136fd4cc434f3124d') in 0.003 seconds [static and dynamic dependencies]. Details - ImportResultOutputID=c57b999b0464083ec8dad98bea701fef DependenciesID=d085bd710ee6d96ba86b3d0ca38804c9 StaticDependenciesID=832d50eb3973d72fc5341a3c546755e6 
Number of updated asset objects reloaded before import = 0
Number of asset objects unloaded after import = 0
========================================================================
Received Import Request.
  Time of request: 2026-08-11T15:50:22.6638044Z
  Time since last request: 0.0005399 seconds.
  importAddress: GUID: 70f955bbb437a494888ef54d97abb474 - Path: Packages/com.unity.timeline/Runtime/Evaluation/RuntimeClipBase.cs - Importer: ScriptedImporter/UnityEditor.QuickSearchModule:UnityEditor.Search:ASIAI0B
Importing 'GUID: 70f955bbb437a494888ef54d97abb474 - Path: Packages/com.unity.timeline/Runtime/Evaluation/RuntimeClipBase.cs - Importer: ScriptedImporter/UnityEditor.QuickSearchModule:UnityEditor.Search:ASIAI0B' with importer (ScriptedImporter : UnityEditor.QuickSearchModule:UnityEditor.Search:ASIAI0B)
Imported 'GUID: 70f955bbb437a494888ef54d97abb474' -> (Import Result ID: '933277dff3bb781a1280309d3841757a') in 0.003 seconds [static and dynamic dependencies]. Details - ImportResultOutputID=d0a5c4ecd00754aa487b2728c714ec9a DependenciesID=9c17585766bbd11b86e01effd03ee2df StaticDependenciesID=aa9d2b221255339c5ac51f82e577b341 
Number of updated asset objects reloaded before import = 0
Number of asset objects unloaded after import = 0
========================================================================
Received Import Request.
  Time of request: 2026-08-11T15:50:22.6763852Z
  Time since last request: 0.0004799 seconds.
  importAddress: GUID: 1f2a7e0d1b6bbba408a41e206945c23c - Path: Packages/com.unity.timeline/Runtime/Utilities/TimelineUndo.cs - Importer: ScriptedImporter/UnityEditor.QuickSearchModule:UnityEditor.Search:ASIAI0B
Importing 'GUID: 1f2a7e0d1b6bbba408a41e206945c23c - Path: Packages/com.unity.timeline/Runtime/Utilities/TimelineUndo.cs - Importer: ScriptedImporter/UnityEditor.QuickSearchModule:UnityEditor.Search:ASIAI0B' with importer (ScriptedImporter : UnityEditor.QuickSearchModule:UnityEditor.Search:ASIAI0B)
Imported 'GUID: 1f2a7e0d1b6bbba408a41e206945c23c' -> (Import Result ID: '37fc40655a89324083c67a0ac77f41ba') in 0.003 seconds [static and dynamic dependencies]. Details - ImportResultOutputID=2ce88eb1010dcc3ef3b5e974acbd5199 DependenciesID=95e564aed9c545c3c08f99e3b0a96cce StaticDependenciesID=a77ce37b30e3042d6f1c06888ede6b10 
Number of updated asset objects reloaded before import = 0
Number of asset objects unloaded after import = 0
========================================================================
Received Import Request.
  Time of request: 2026-08-11T15:50:22.689487Z
  Time since last request: 0.0003475 seconds.
  importAddress: GUID: 4db13e1060deaae48b30246ed63b7c9b - Path: Packages/com.unity.timeline/Editor/Manipulators/AddDelete/IAddDeleteItemMode.cs - Importer: ScriptedImporter/UnityEditor.QuickSearchModule:UnityEditor.Search:ASIAI0B
Importing 'GUID: 4db13e1060deaae48b30246ed63b7c9b - Path: Packages/com.unity.timeline/Editor/Manipulators/AddDelete/IAddDeleteItemMode.cs - Importer: ScriptedImporter/UnityEditor.QuickSearchModule:UnityEditor.Search:ASIAI0B' with importer (ScriptedImporter : UnityEditor.QuickSearchModule:UnityEditor.Search:ASIAI0B)
Imported 'GUID: 4db13e1060deaae48b30246ed63b7c9b' -> (Import Result ID: '34e4c468f0bb47332586e78c23ba69de') in 0.003 seconds [static and dynamic dependencies]. Details - ImportResultOutputID=43ab58e9035e98c1772a3b6cb59e002e DependenciesID=ff0dc1fdb0a1aae6dee4af8c930720f0 StaticDependenciesID=87d83418326dc43e989216fd4341ed48 
Number of updated asset objects reloaded before import = 0
Number of asset objects unloaded after import = 0
========================================================================
Received Import Request.
  Time of request: 2026-08-11T15:50:22.7013614Z
  Time since last request: 0.0003814 seconds.
  importAddress: GUID: d0080567f62c3f94cb75b2927a349e22 - Path: Packages/com.unity.timeline/Runtime/Utilities/AnimatorBindingCache.cs - Importer: ScriptedImporter/UnityEditor.QuickSearchModule:UnityEditor.Search:ASIAI0B
Importing 'GUID: d0080567f62c3f94cb75b2927a349e22 - Path: Packages/com.unity.timeline/Runtime/Utilities/AnimatorBindingCache.cs - Importer: ScriptedImporter/UnityEditor.QuickSearchModule:UnityEditor.Search:ASIAI0B' with importer (ScriptedImporter : UnityEditor.QuickSearchModule:UnityEditor.Search:ASIAI0B)
Imported 'GUID: d0080567f62c3f94cb75b2927a349e22' -> (Import Result ID: '918a607fc3bd3b8b9a89d5f28db3e576') in 0.003 seconds [static and dynamic dependencies]. Details - ImportResultOutputID=55d0d963747a0db5684106e308e2f203 DependenciesID=f590d0f9e545c8c125eda9f6cfe6691b StaticDependenciesID=9a05e1ad966d5310afce868191abde62 
Number of updated asset objects reloaded before import = 0
Number of asset objects unloaded after import = 0
========================================================================
Received Import Request.
  Time of request: 2026-08-11T15:50:22.7152616Z
  Time since last request: 0.0003317 seconds.
  importAddress: GUID: b90311a8f07b00f4bbeb2fff3b128d25 - Path: Packages/com.unity.timeline/Runtime/Utilities/NotificationUtilities.cs - Importer: ScriptedImporter/UnityEditor.QuickSearchModule:UnityEditor.Search:ASIAI0B
Importing 'GUID: b90311a8f07b00f4bbeb2fff3b128d25 - Path: Packages/com.unity.timeline/Runtime/Utilities/NotificationUtilities.cs - Importer: ScriptedImporter/UnityEditor.QuickSearchModule:UnityEditor.Search:ASIAI0B' with importer (ScriptedImporter : UnityEditor.QuickSearchModule:UnityEditor.Search:ASIAI0B)
Imported 'GUID: b90311a8f07b00f4bbeb2fff3b128d25' -> (Import Result ID: '3b9d20c98b1a7564f957c0026447726b') in 0.003 seconds [static and dynamic dependencies]. Details - ImportResultOutputID=05ae2ae55dfd157e9e0bc57e029950b1 DependenciesID=e583f59440c39d3b2af8a96d6ff411d2 StaticDependenciesID=048520174547124d2d2532f70920c53e 
Number of updated asset objects reloaded before import = 0
Number of asset objects unloaded after import = 0
========================================================================
Received Import Request.
  Time of request: 2026-08-11T15:50:22.7443903Z
  Time since last request: 0.0185173 seconds.
  importAddress: GUID: c7137daaeb11e8647bf1ade9b7e9aa97 - Path: Packages/com.unity.timeline/Editor/treeview/Drawers/TrackItemsDrawer.cs - Importer: ScriptedImporter/UnityEditor.QuickSearchModule:UnityEditor.Search:ASIAI0B
Importing 'GUID: c7137daaeb11e8647bf1ade9b7e9aa97 - Path: Packages/com.unity.timeline/Editor/treeview/Drawers/TrackItemsDrawer.cs - Importer: ScriptedImporter/UnityEditor.QuickSearchModule:UnityEditor.Search:ASIAI0B' with importer (ScriptedImporter : UnityEditor.QuickSearchModule:UnityEditor.Search:ASIAI0B)
Imported 'GUID: c7137daaeb11e8647bf1ade9b7e9aa97' -> (Import Result ID: '519f11a850e1d9363082b05dcb6d3ecd') in 0.003 seconds [static and dynamic dependencies]. Details - ImportResultOutputID=fc606b8e5042f68bb232ff47dcb67b6a DependenciesID=2c622fa3d4e87154934addde78d1fdb2 StaticDependenciesID=5d565af8bd863a509f98ca54554c37c0 
Number of updated asset objects reloaded before import = 0
Number of asset objects unloaded after import = 0
========================================================================
Received Import Request.
  Time of request: 2026-08-11T15:50:22.7563828Z
  Time since last request: 0.001133 seconds.
  importAddress: GUID: 0bee8aba5e8a40446b7098666c5314d9 - Path: Packages/com.unity.timeline/Editor/Utilities/Scopes/GUIGroupScope.cs - Importer: ScriptedImporter/UnityEditor.QuickSearchModule:UnityEditor.Search:ASIAI0B
Importing 'GUID: 0bee8aba5e8a40446b7098666c5314d9 - Path: Packages/com.unity.timeline/Editor/Utilities/Scopes/GUIGroupScope.cs - Importer: ScriptedImporter/UnityEditor.QuickSearchModule:UnityEditor.Search:ASIAI0B' with importer (ScriptedImporter : UnityEditor.QuickSearchModule:UnityEditor.Search:ASIAI0B)
Imported 'GUID: 0bee8aba5e8a40446b7098666c5314d9' -> (Import Result ID: '468e412d7980b51095b851c04c7dbb22') in 0.003 seconds [static and dynamic dependencies]. Details - ImportResultOutputID=bf46e6f6f889327c9a8fabf7286861f1 DependenciesID=e9cb9b79b852efb6109f81f2721236a3 StaticDependenciesID=5cae97000bf8ac48716e5b672fb7a08e 
Number of updated asset objects reloaded before import = 0
Number of asset objects unloaded after import = 0
========================================================================
Received Import Request.
  Time of request: 2026-08-11T15:50:22.7672868Z
  Time since last request: 0.0003441 seconds.
  importAddress: GUID: e42e3f559ace4a5dbae7d6d3d2e5e7b0 - Path: Packages/com.unity.timeline/Editor/Utilities/Scopes/IndentLevelScope.cs - Importer: ScriptedImporter/UnityEditor.QuickSearchModule:UnityEditor.Search:ASIAI0B
Importing 'GUID: e42e3f559ace4a5dbae7d6d3d2e5e7b0 - Path: Packages/com.unity.timeline/Editor/Utilities/Scopes/IndentLevelScope.cs - Importer: ScriptedImporter/UnityEditor.QuickSearchModule:UnityEditor.Search:ASIAI0B' with importer (ScriptedImporter : UnityEditor.QuickSearchModule:UnityEditor.Search:ASIAI0B)
Imported 'GUID: e42e3f559ace4a5dbae7d6d3d2e5e7b0' -> (Import Result ID: '0bceb5b1cdcaa9b56ee1e6aa26228f5e') in 0.003 seconds [static and dynamic dependencies]. Details - ImportResultOutputID=55faa29403c8d0a8b62c3eebd2a53bb3 DependenciesID=993ddd5da8ebb58df31056947ee4350d StaticDependenciesID=f55cf171d65ad0e744cdbb063c46a98f 
Number of updated asset objects reloaded before import = 0
Number of asset objects unloaded after import = 0
========================================================================
Received Import Request.
  Time of request: 2026-08-11T15:50:22.7799577Z
  Time since last request: 0.000229 seconds.
  importAddress: GUID: 3c01b61b3a6887c49a15276fd38be918 - Path: Packages/com.unity.timeline/Editor/treeview/ItemGui/TimelineClipGUI.cs - Importer: ScriptedImporter/UnityEditor.QuickSearchModule:UnityEditor.Search:ASIAI0B
Importing 'GUID: 3c01b61b3a6887c49a15276fd38be918 - Path: Packages/com.unity.timeline/Editor/treeview/ItemGui/TimelineClipGUI.cs - Importer: ScriptedImporter/UnityEditor.QuickSearchModule:UnityEditor.Search:ASIAI0B' with importer (ScriptedImporter : UnityEditor.QuickSearchModule:UnityEditor.Search:ASIAI0B)
Imported 'GUID: 3c01b61b3a6887c49a15276fd38be918' -> (Import Result ID: 'eea1b8cb4b43c1312d0b6b6a8fe57ad2') in 0.003 seconds [static and dynamic dependencies]. Details - ImportResultOutputID=2361f039616adb4a43c15c945ea38223 DependenciesID=39d2893bae333b44325ba96311490db1 StaticDependenciesID=b20ef64a1ab7983d5fca95a3fafaf802 
Number of updated asset objects reloaded before import = 0
Number of asset objects unloaded after import = 0
========================================================================
Received Import Request.
  Time of request: 2026-08-11T15:50:22.7913295Z
  Time since last request: 0.0002655 seconds.
  importAddress: GUID: 1e96b886242ab404db69df796f7cd9b0 - Path: Packages/com.unity.timeline/Editor/treeview/TrackGui/InlineCurveEditor.cs - Importer: ScriptedImporter/UnityEditor.QuickSearchModule:UnityEditor.Search:ASIAI0B
Importing 'GUID: 1e96b886242ab404db69df796f7cd9b0 - Path: Packages/com.unity.timeline/Editor/treeview/TrackGui/InlineCurveEditor.cs - Importer: ScriptedImporter/UnityEditor.QuickSearchModule:UnityEditor.Search:ASIAI0B' with importer (ScriptedImporter : UnityEditor.QuickSearchModule:UnityEditor.Search:ASIAI0B)
Imported 'GUID: 1e96b886242ab404db69df796f7cd9b0' -> (Import Result ID: '8dba4a71e389c03da0520f95e31a1ccd') in 0.003 seconds [static and dynamic dependencies]. Details - ImportResultOutputID=fb263f0d1908616202f319ca0e0084a1 DependenciesID=f6ea8653d1e4c373af3a84aee6e4f307 StaticDependenciesID=f7b788ee9ea856917566a911d153ea90 
Number of updated asset objects reloaded before import = 0
Number of asset objects unloaded after import = 0
========================================================================
Received Import Request.
  Time of request: 2026-08-11T15:50:22.8039848Z
  Time since last request: 0.0009083 seconds.
  importAddress: GUID: 105515c1653548242b4fe973c0f375f7 - Path: Packages/com.unity.timeline/Editor/Window/ViewModel/TimelineWindowViewPrefs.cs - Importer: ScriptedImporter/UnityEditor.QuickSearchModule:UnityEditor.Search:ASIAI0B
Importing 'GUID: 105515c1653548242b4fe973c0f375f7 - Path: Packages/com.unity.timeline/Editor/Window/ViewModel/TimelineWindowViewPrefs.cs - Importer: ScriptedImporter/UnityEditor.QuickSearchModule:UnityEditor.Search:ASIAI0B' with importer (ScriptedImporter : UnityEditor.QuickSearchModule:UnityEditor.Search:ASIAI0B)
Imported 'GUID: 105515c1653548242b4fe973c0f375f7' -> (Import Result ID: '5489ac3b8be08f05aa13086168bbbc39') in 0.003 seconds [static and dynamic dependencies]. Details - ImportResultOutputID=98620e916298b80de0c3b801fc93a330 DependenciesID=d27bdba2886e67db0898db75afbb9aa2 StaticDependenciesID=69c84aefdee8f149d985a55ddda3f458 
Number of updated asset objects reloaded before import = 0
Number of asset objects unloaded after import = 0
========================================================================
Received Import Request.
  Time of request: 2026-08-11T15:50:22.8164689Z
  Time since last request: 0.0003145 seconds.
  importAddress: GUID: 9bc2b69915879416f8df18971dc98e2e - Path: Packages/com.unity.timeline/Editor/Signals/TreeView/SignalReceiverItem.cs - Importer: ScriptedImporter/UnityEditor.QuickSearchModule:UnityEditor.Search:ASIAI0B
Importing 'GUID: 9bc2b69915879416f8df18971dc98e2e - Path: Packages/com.unity.timeline/Editor/Signals/TreeView/SignalReceiverItem.cs - Importer: ScriptedImporter/UnityEditor.QuickSearchModule:UnityEditor.Search:ASIAI0B' with importer (ScriptedImporter : UnityEditor.QuickSearchModule:UnityEditor.Search:ASIAI0B)
Imported 'GUID: 9bc2b69915879416f8df18971dc98e2e' -> (Import Result ID: '998e48b7c4127eb24d1f255186589167') in 0.004 seconds [static and dynamic dependencies]. Details - ImportResultOutputID=04538ff45fef29b1a92fb5d6719b33cd DependenciesID=a6ed4936f01c9ecf3c3931fceebea483 StaticDependenciesID=3a818945077f7ba0023fd2a2cf92a40b 
Number of updated asset objects reloaded before import = 0
Number of asset objects unloaded after import = 0
========================================================================
Received Import Request.
  Time of request: 2026-08-11T15:50:22.8307521Z
  Time since last request: 0.00029 seconds.
  importAddress: GUID: 5393cdb70614ab24f94f78bfcf5d1455 - Path: Packages/com.unity.timeline/Editor/StyleSheets/Extensions/dark.uss - Importer: ScriptedImporter/UnityEditor.QuickSearchModule:UnityEditor.Search:ASIAI0B
Importing 'GUID: 5393cdb70614ab24f94f78bfcf5d1455 - Path: Packages/com.unity.timeline/Editor/StyleSheets/Extensions/dark.uss - Importer: ScriptedImporter/UnityEditor.QuickSearchModule:UnityEditor.Search:ASIAI0B' with importer (ScriptedImporter : UnityEditor.QuickSearchModule:UnityEditor.Search:ASIAI0B)
Imported 'GUID: 5393cdb70614ab24f94f78bfcf5d1455' -> (Import Result ID: '38ce4c4da34d0cd418562998fc5cf3e3') in 0.018 seconds [static and dynamic dependencies]. Details - ImportResultOutputID=7ad13922650840d885f4249d3620be3b DependenciesID=62069a1921ad5c3468137c8dacb774c8 StaticDependenciesID=54916a67c8660c45fe4f766ad0055167 
Number of updated asset objects reloaded before import = 0
Number of asset objects unloaded after import = 1
========================================================================
Received Import Request.
  Time of request: 2026-08-11T15:50:22.8898736Z
  Time since last request: 0.031495 seconds.
  importAddress: GUID: 6192986415256ca47a97a97507406f5e - Path: Packages/com.unity.timeline/Editor/StyleSheets/Images/Icons/d_TrackMarkerButtonEnabled@2x.png - Importer: ScriptedImporter/UnityEditor.QuickSearchModule:UnityEditor.Search:ASIAI0B
Importing 'GUID: 6192986415256ca47a97a97507406f5e - Path: Packages/com.unity.timeline/Editor/StyleSheets/Images/Icons/d_TrackMarkerButtonEnabled@2x.png - Importer: ScriptedImporter/UnityEditor.QuickSearchModule:UnityEditor.Search:ASIAI0B' with importer (ScriptedImporter : UnityEditor.QuickSearchModule:UnityEditor.Search:ASIAI0B)
Imported 'GUID: 6192986415256ca47a97a97507406f5e' -> (Import Result ID: 'b1916094f5fde429176f56fd1c6ddead') in 0.006 seconds [static and dynamic dependencies]. Details - ImportResultOutputID=ad4a5bb0b921776930dab196d3bcd927 DependenciesID=2ea06f4ac00216d639c9653124584e1e StaticDependenciesID=45d0f8a789ce7cf98faf93a7aef49d0e 
Number of updated asset objects reloaded before import = 0
Number of asset objects unloaded after import = 1
========================================================================
Received Import Request.
  Time of request: 2026-08-11T15:50:22.9042936Z
  Time since last request: 0.0013552 seconds.
  importAddress: GUID: e54e20c7a9730fe4c822d63228527ae4 - Path: Packages/com.unity.timeline/Editor/StyleSheets/Images/Icons/d_TrackMuteButtonEnabled@2x.png - Importer: ScriptedImporter/UnityEditor.QuickSearchModule:UnityEditor.Search:ASIAI0B
Importing 'GUID: e54e20c7a9730fe4c822d63228527ae4 - Path: Packages/com.unity.timeline/Editor/StyleSheets/Images/Icons/d_TrackMuteButtonEnabled@2x.png - Importer: ScriptedImporter/UnityEditor.QuickSearchModule:UnityEditor.Search:ASIAI0B' with importer (ScriptedImporter : UnityEditor.QuickSearchModule:UnityEditor.Search:ASIAI0B)
Imported 'GUID: e54e20c7a9730fe4c822d63228527ae4' -> (Import Result ID: 'a803a57f6f9229687b3ccf1f45031002') in 0.007 seconds [static and dynamic dependencies]. Details - ImportResultOutputID=e741d606060e209e53c7aa18aa263d79 DependenciesID=6643345c01bcd83641a9bf5ee808e6a6 StaticDependenciesID=6822aa8d8587f57eeb7e4d0ffd688962 
Number of updated asset objects reloaded before import = 0
Number of asset objects unloaded after import = 1
========================================================================
Received Import Request.
  Time of request: 2026-08-11T15:50:22.9211324Z
  Time since last request: 0.0004303 seconds.
  importAddress: GUID: c207dcd389fb689489f5266468cd4609 - Path: Packages/com.unity.timeline/Editor/StyleSheets/Images/Icons/d_TrackAvatarButtonEnabled.png - Importer: ScriptedImporter/UnityEditor.QuickSearchModule:UnityEditor.Search:ASIAI0B
Importing 'GUID: c207dcd389fb689489f5266468cd4609 - Path: Packages/com.unity.timeline/Editor/StyleSheets/Images/Icons/d_TrackAvatarButtonEnabled.png - Importer: ScriptedImporter/UnityEditor.QuickSearchModule:UnityEditor.Search:ASIAI0B' with importer (ScriptedImporter : UnityEditor.QuickSearchModule:UnityEditor.Search:ASIAI0B)
Imported 'GUID: c207dcd389fb689489f5266468cd4609' -> (Import Result ID: 'fbf5b13a893b3d4a704140294ca1dda5') in 0.006 seconds [static and dynamic dependencies]. Details - ImportResultOutputID=213af7c61ca8febca71d3691984c376c DependenciesID=3eb0a61024e5a2fd5a15bb620b953e85 StaticDependenciesID=aa97253e31df7d27d1c2205e9fcc4fe7 
Number of updated asset objects reloaded before import = 0
Number of asset objects unloaded after import = 1
========================================================================
Received Import Request.
  Time of request: 2026-08-11T15:50:22.9354234Z
  Time since last request: 0.0005282 seconds.
  importAddress: GUID: 52ee3ba2abc3da14a95cdf64d32ae0ae - Path: Packages/com.unity.timeline/Editor/StyleSheets/Images/Icons/d_TrackLockButtonDisabled.png - Importer: ScriptedImporter/UnityEditor.QuickSearchModule:UnityEditor.Search:ASIAI0B
Importing 'GUID: 52ee3ba2abc3da14a95cdf64d32ae0ae - Path: Packages/com.unity.timeline/Editor/StyleSheets/Images/Icons/d_TrackLockButtonDisabled.png - Importer: ScriptedImporter/UnityEditor.QuickSearchModule:UnityEditor.Search:ASIAI0B' with importer (ScriptedImporter : UnityEditor.QuickSearchModule:UnityEditor.Search:ASIAI0B)
Imported 'GUID: 52ee3ba2abc3da14a95cdf64d32ae0ae' -> (Import Result ID: '57cb3db1163d3f8c544919ba27de1b58') in 0.005 seconds [static and dynamic dependencies]. Details - ImportResultOutputID=d9e9227b5f8a60636955e374fb40d252 DependenciesID=d9a0ff9e98fab453b5cee1a1b6c13505 StaticDependenciesID=5a5dfa496d8474dbea1d374207c1d333 
Number of updated asset objects reloaded before import = 0
Number of asset objects unloaded after import = 1
========================================================================
Received Import Request.
  Time of request: 2026-08-11T15:50:22.9505308Z
  Time since last request: 0.0002311 seconds.
  importAddress: GUID: 411e6f19c19fa0546af83aeb59c2ed4b - Path: Packages/com.unity.timeline/Editor/StyleSheets/Images/Icons/d_TimelineEditModeRippleOFF.png - Importer: ScriptedImporter/UnityEditor.QuickSearchModule:UnityEditor.Search:ASIAI0B
Importing 'GUID: 411e6f19c19fa0546af83aeb59c2ed4b - Path: Packages/com.unity.timeline/Editor/StyleSheets/Images/Icons/d_TimelineEditModeRippleOFF.png - Importer: ScriptedImporter/UnityEditor.QuickSearchModule:UnityEditor.Search:ASIAI0B' with importer (ScriptedImporter : UnityEditor.QuickSearchModule:UnityEditor.Search:ASIAI0B)
Imported 'GUID: 411e6f19c19fa0546af83aeb59c2ed4b' -> (Import Result ID: 'b9f8496ef65d1bdb2a3bb2accba0a497') in 0.005 seconds [static and dynamic dependencies]. Details - ImportResultOutputID=c9e7833aa816d3f543f0a5b52d336f99 DependenciesID=3dab64620f926ef4a893b06578f5477c StaticDependenciesID=b527a687c4ec73a1f961f2b83b9b6ab6 
Number of updated asset objects reloaded before import = 0
Number of asset objects unloaded after import = 1
========================================================================
Received Import Request.
  Time of request: 2026-08-11T15:50:22.9654159Z
  Time since last request: 0.0004055 seconds.
  importAddress: GUID: 359cf58d5969d1a4aad29b095c7fc338 - Path: Packages/com.unity.timeline/Editor/StyleSheets/Images/DarkSkin/TimelineActivation.png - Importer: ScriptedImporter/UnityEditor.QuickSearchModule:UnityEditor.Search:ASIAI0B
Importing 'GUID: 359cf58d5969d1a4aad29b095c7fc338 - Path: Packages/com.unity.timeline/Editor/StyleSheets/Images/DarkSkin/TimelineActivation.png - Importer: ScriptedImporter/UnityEditor.QuickSearchModule:UnityEditor.Search:ASIAI0B' with importer (ScriptedImporter : UnityEditor.QuickSearchModule:UnityEditor.Search:ASIAI0B)
Imported 'GUID: 359cf58d5969d1a4aad29b095c7fc338' -> (Import Result ID: 'fe2e13f704160a86c0f35af1ce7c4407') in 0.006 seconds [static and dynamic dependencies]. Details - ImportResultOutputID=bcd9ee80da91b9f37330f1717a16ce22 DependenciesID=ff462bbf8d7f46394fbc38b0cb933375 StaticDependenciesID=e0902fc7d2e0a7673ba20c0357f9023a 
Number of updated asset objects reloaded before import = 0
Number of asset objects unloaded after import = 1
========================================================================
Received Import Request.
  Time of request: 2026-08-11T15:50:22.9810554Z
  Time since last request: 0.0003021 seconds.
  importAddress: GUID: ad2e3e92b00839c4e991ca602ef19822 - Path: Packages/com.unity.timeline/Editor/StyleSheets/Images/Icons/d_TimelineSignal.png - Importer: ScriptedImporter/UnityEditor.QuickSearchModule:UnityEditor.Search:ASIAI0B
Importing 'GUID: ad2e3e92b00839c4e991ca602ef19822 - Path: Packages/com.unity.timeline/Editor/StyleSheets/Images/Icons/d_TimelineSignal.png - Importer: ScriptedImporter/UnityEditor.QuickSearchModule:UnityEditor.Search:ASIAI0B' with importer (ScriptedImporter : UnityEditor.QuickSearchModule:UnityEditor.Search:ASIAI0B)
Imported 'GUID: ad2e3e92b00839c4e991ca602ef19822' -> (Import Result ID: '41e61fd68e4d8f00d647a5f26733bc65') in 0.008 seconds [static and dynamic dependencies]. Details - ImportResultOutputID=ae7b04a783c049b65d8d2fc1356c7f23 DependenciesID=85e731933b084d1fd24020c66ed09c40 StaticDependenciesID=1e7c6edd24e47e6e7ef922972b777f3d 
Number of updated asset objects reloaded before import = 0
Number of asset objects unloaded after import = 1
========================================================================
Received Import Request.
  Time of request: 2026-08-11T15:50:23.0226714Z
  Time since last request: 0.0257106 seconds.
  importAddress: GUID: d44fc8b11425e0043aa7c20a301ce707 - Path: Packages/com.unity.timeline/Editor/StyleSheets/Images/Icons/TimelineClipBG.png - Importer: ScriptedImporter/UnityEditor.QuickSearchModule:UnityEditor.Search:ASIAI0B
Importing 'GUID: d44fc8b11425e0043aa7c20a301ce707 - Path: Packages/com.unity.timeline/Editor/StyleSheets/Images/Icons/TimelineClipBG.png - Importer: ScriptedImporter/UnityEditor.QuickSearchModule:UnityEditor.Search:ASIAI0B' with importer (ScriptedImporter : UnityEditor.QuickSearchModule:UnityEditor.Search:ASIAI0B)
Imported 'GUID: d44fc8b11425e0043aa7c20a301ce707' -> (Import Result ID: 'b6ab892904165619bc13f1dd72342202') in 0.006 seconds [static and dynamic dependencies]. Details - ImportResultOutputID=b1fa0f77cac92c002c92ee4464f886d7 DependenciesID=556f8a3440b1f33ca75ca59e72c9ffec StaticDependenciesID=04c700ba8318b0fd53ea4f400c785df2 
Number of updated asset objects reloaded before import = 0
Number of asset objects unloaded after import = 1
========================================================================
Received Import Request.
  Time of request: 2026-08-11T15:50:23.0362429Z
  Time since last request: 0.0006016 seconds.
  importAddress: GUID: 73f5ebb64da7b2a40ab6bffac80f1a61 - Path: Packages/com.unity.timeline/Editor/StyleSheets/Images/Icons/TimelineSelector.png - Importer: ScriptedImporter/UnityEditor.QuickSearchModule:UnityEditor.Search:ASIAI0B
Importing 'GUID: 73f5ebb64da7b2a40ab6bffac80f1a61 - Path: Packages/com.unity.timeline/Editor/StyleSheets/Images/Icons/TimelineSelector.png - Importer: ScriptedImporter/UnityEditor.QuickSearchModule:UnityEditor.Search:ASIAI0B' with importer (ScriptedImporter : UnityEditor.QuickSearchModule:UnityEditor.Search:ASIAI0B)
Imported 'GUID: 73f5ebb64da7b2a40ab6bffac80f1a61' -> (Import Result ID: '785998a1c2b41df34e53e21fd80446d8') in 0.007 seconds [static and dynamic dependencies]. Details - ImportResultOutputID=55af351e03d9ea714629b708cac7d204 DependenciesID=de324653d71c9d4c3bb51b06044efd99 StaticDependenciesID=1f5928282ad8d9609a4de8f3013b2b05 
Number of updated asset objects reloaded before import = 0
Number of asset objects unloaded after import = 1
========================================================================
Received Import Request.
  Time of request: 2026-08-11T15:50:23.0521677Z
  Time since last request: 0.0009965 seconds.
  importAddress: GUID: 33a52b41b4de5874ca7da1da32067e39 - Path: Packages/com.unity.timeline/Editor/StyleSheets/Images/Icons/TrackMarkerButtonDisabled.png - Importer: ScriptedImporter/UnityEditor.QuickSearchModule:UnityEditor.Search:ASIAI0B
Importing 'GUID: 33a52b41b4de5874ca7da1da32067e39 - Path: Packages/com.unity.timeline/Editor/StyleSheets/Images/Icons/TrackMarkerButtonDisabled.png - Importer: ScriptedImporter/UnityEditor.QuickSearchModule:UnityEditor.Search:ASIAI0B' with importer (ScriptedImporter : UnityEditor.QuickSearchModule:UnityEditor.Search:ASIAI0B)
Imported 'GUID: 33a52b41b4de5874ca7da1da32067e39' -> (Import Result ID: '131297b8dd8231dc3a8d8fce05e51639') in 0.005 seconds [static and dynamic dependencies]. Details - ImportResultOutputID=712b88a1f69eba8802131b62e527f23d DependenciesID=211d6f421b963f8ea004e0b213f9364a StaticDependenciesID=6b5d58a9aa84ca49a4b7ceaf4ea0852a 
Number of updated asset objects reloaded before import = 0
Number of asset objects unloaded after import = 1
========================================================================
Received Import Request.
  Time of request: 2026-08-11T15:50:23.0668903Z
  Time since last request: 0.0003286 seconds.
  importAddress: GUID: 8fdae4ac756ed6047b01021ff0cc3ebb - Path: Packages/com.unity.timeline/Editor/StyleSheets/Images/Icons/TrackRecordButtonEnabled@2x.png - Importer: ScriptedImporter/UnityEditor.QuickSearchModule:UnityEditor.Search:ASIAI0B
Importing 'GUID: 8fdae4ac756ed6047b01021ff0cc3ebb - Path: Packages/com.unity.timeline/Editor/StyleSheets/Images/Icons/TrackRecordButtonEnabled@2x.png - Importer: ScriptedImporter/UnityEditor.QuickSearchModule:UnityEditor.Search:ASIAI0B' with importer (ScriptedImporter : UnityEditor.QuickSearchModule:UnityEditor.Search:ASIAI0B)
Imported 'GUID: 8fdae4ac756ed6047b01021ff0cc3ebb' -> (Import Result ID: '2598fa42b0892ac570efea87c7a5c33b') in 0.006 seconds [static and dynamic dependencies]. Details - ImportResultOutputID=e24e3024848118f77befaceb52cc1859 DependenciesID=f6353fd4d92e76f08c1388b0f1ca525a StaticDependenciesID=f25cd35e6c339b50655902d0c787bcdd 
Number of updated asset objects reloaded before import = 0
Number of asset objects unloaded after import = 1
========================================================================
Received Import Request.
  Time of request: 2026-08-11T15:50:23.0814216Z
  Time since last request: 0.0003467 seconds.
  importAddress: GUID: c7df1e797b21c774f9b859d17f674737 - Path: Packages/com.unity.timeline/Editor/StyleSheets/Images/LightSkin/TimelineLoop.png - Importer: ScriptedImporter/UnityEditor.QuickSearchModule:UnityEditor.Search:ASIAI0B
Importing 'GUID: c7df1e797b21c774f9b859d17f674737 - Path: Packages/com.unity.timeline/Editor/StyleSheets/Images/LightSkin/TimelineLoop.png - Importer: ScriptedImporter/UnityEditor.QuickSearchModule:UnityEditor.Search:ASIAI0B' with importer (ScriptedImporter : UnityEditor.QuickSearchModule:UnityEditor.Search:ASIAI0B)
Imported 'GUID: c7df1e797b21c774f9b859d17f674737' -> (Import Result ID: '7c9c10bd2087a460c9367c37149ebca2') in 0.005 seconds [static and dynamic dependencies]. Details - ImportResultOutputID=3cf456abbef25f8c5c0cd353e5e6072d DependenciesID=db2b313a68de3e012623b886f559bdfd StaticDependenciesID=5ddebe57d5ed73211e2fc16d84d04d9a 
Number of updated asset objects reloaded before import = 0
Number of asset objects unloaded after import = 1
========================================================================
Received Import Request.
  Time of request: 2026-08-11T15:50:23.0953631Z
  Time since last request: 0.0003266 seconds.
  importAddress: GUID: 33b1871a2d09cfa459a93f4e8feb5c41 - Path: Packages/com.unity.timeline/Editor/StyleSheets/Images/Icons/TimelineClipFG.png - Importer: ScriptedImporter/UnityEditor.QuickSearchModule:UnityEditor.Search:ASIAI0B
Importing 'GUID: 33b1871a2d09cfa459a93f4e8feb5c41 - Path: Packages/com.unity.timeline/Editor/StyleSheets/Images/Icons/TimelineClipFG.png - Importer: ScriptedImporter/UnityEditor.QuickSearchModule:UnityEditor.Search:ASIAI0B' with importer (ScriptedImporter : UnityEditor.QuickSearchModule:UnityEditor.Search:ASIAI0B)
Imported 'GUID: 33b1871a2d09cfa459a93f4e8feb5c41' -> (Import Result ID: '262f91b3ebec5c1e5956cd835da1c970') in 0.006 seconds [static and dynamic dependencies]. Details - ImportResultOutputID=034851f95260b1946af745646a9f5818 DependenciesID=6199d131f8ff47fcefc758a5c0ec2a39 StaticDependenciesID=3a64d76eff248e47dbad4a6d795f0bc4 
Number of updated asset objects reloaded before import = 0
Number of asset objects unloaded after import = 1
========================================================================
Received Import Request.
  Time of request: 2026-08-11T15:50:23.1104788Z
  Time since last request: 0.0003124 seconds.
  importAddress: GUID: a82846d41464fcf4b962ebdc815963f5 - Path: Packages/com.unity.timeline/Editor/StyleSheets/Images/Icons/TimelineEditModeMixON.png - Importer: ScriptedImporter/UnityEditor.QuickSearchModule:UnityEditor.Search:ASIAI0B
Importing 'GUID: a82846d41464fcf4b962ebdc815963f5 - Path: Packages/com.unity.timeline/Editor/StyleSheets/Images/Icons/TimelineEditModeMixON.png - Importer: ScriptedImporter/UnityEditor.QuickSearchModule:UnityEditor.Search:ASIAI0B' with importer (ScriptedImporter : UnityEditor.QuickSearchModule:UnityEditor.Search:ASIAI0B)
Imported 'GUID: a82846d41464fcf4b962ebdc815963f5' -> (Import Result ID: '90cc62ee6b18f93e1f539cbc927c4e9d') in 0.008 seconds [static and dynamic dependencies]. Details - ImportResultOutputID=61bc488d95ccb2d953f9c8531d6842d5 DependenciesID=3bd61c796baa415776dc387ff396efe2 StaticDependenciesID=aef59037a3e5a356931fe3aa25fc28e6 
Number of updated asset objects reloaded before import = 0
Number of asset objects unloaded after import = 1
========================================================================
Received Import Request.
  Time of request: 2026-08-11T15:50:23.1274404Z
  Time since last request: 0.0003065 seconds.
  importAddress: GUID: cf3fbf98d5c3f1941bd9c0256918a4c8 - Path: Packages/com.unity.timeline/Editor/StyleSheets/Images/LightSkin/TimelineAutokey@2x.png - Importer: ScriptedImporter/UnityEditor.QuickSearchModule:UnityEditor.Search:ASIAI0B
Importing 'GUID: cf3fbf98d5c3f1941bd9c0256918a4c8 - Path: Packages/com.unity.timeline/Editor/StyleSheets/Images/LightSkin/TimelineAutokey@2x.png - Importer: ScriptedImporter/UnityEditor.QuickSearchModule:UnityEditor.Search:ASIAI0B' with importer (ScriptedImporter : UnityEditor.QuickSearchModule:UnityEditor.Search:ASIAI0B)
Imported 'GUID: cf3fbf98d5c3f1941bd9c0256918a4c8' -> (Import Result ID: '14672358c3b9697b159c6e30974cc84a') in 0.006 seconds [static and dynamic dependencies]. Details - ImportResultOutputID=d289752ff754e0a944910f3c5a5ed49e DependenciesID=c0e074768040567c17cc7295387e220c StaticDependenciesID=9ea7ef6a8f52a82f7c99d1827feece08 
Number of updated asset objects reloaded before import = 0
Number of asset objects unloaded after import = 1
========================================================================
Received Import Request.
  Time of request: 2026-08-11T15:50:23.1547712Z
  Time since last request: 0.0135555 seconds.
  importAddress: GUID: a809a4b50addbf44b9023b5e7f9fd4d2 - Path: Packages/com.unity.timeline/Editor/treeview/Drawers/Layers/ClipsLayer.cs - Importer: ScriptedImporter/UnityEditor.QuickSearchModule:UnityEditor.Search:ASIAI0B
Importing 'GUID: a809a4b50addbf44b9023b5e7f9fd4d2 - Path: Packages/com.unity.timeline/Editor/treeview/Drawers/Layers/ClipsLayer.cs - Importer: ScriptedImporter/UnityEditor.QuickSearchModule:UnityEditor.Search:ASIAI0B' with importer (ScriptedImporter : UnityEditor.QuickSearchModule:UnityEditor.Search:ASIAI0B)
Imported 'GUID: a809a4b50addbf44b9023b5e7f9fd4d2' -> (Import Result ID: '6a8b42c711d4e38e6907f01bd8d70ecc') in 0.003 seconds [static and dynamic dependencies]. Details - ImportResultOutputID=0aed73d751b3d3235a58d62f66859915 DependenciesID=1259490b978be6da0217f524f31a3d09 StaticDependenciesID=596d7e8e54a8291c3bc415bbe189c758 
Number of updated asset objects reloaded before import = 0
Number of asset objects unloaded after import = 0
========================================================================
Received Import Request.
  Time of request: 2026-08-11T15:50:23.1667625Z
  Time since last request: 0.0006093 seconds.
  importAddress: GUID: 6ca5daa3415451940921fa7e2c3db9e8 - Path: Packages/com.unity.timeline/Editor/StyleSheets/Images/Shared/TimelineGroupBackground.png - Importer: ScriptedImporter/UnityEditor.QuickSearchModule:UnityEditor.Search:ASIAI0B
Importing 'GUID: 6ca5daa3415451940921fa7e2c3db9e8 - Path: Packages/com.unity.timeline/Editor/StyleSheets/Images/Shared/TimelineGroupBackground.png - Importer: ScriptedImporter/UnityEditor.QuickSearchModule:UnityEditor.Search:ASIAI0B' with importer (ScriptedImporter : UnityEditor.QuickSearchModule:UnityEditor.Search:ASIAI0B)
Imported 'GUID: 6ca5daa3415451940921fa7e2c3db9e8' -> (Import Result ID: '08d2622975cd4a15bf0090525965ab0b') in 0.005 seconds [static and dynamic dependencies]. Details - ImportResultOutputID=9183af02aca61cfc0d0b23daa3969842 DependenciesID=a07ed178fc5d308418edcdb2c0c02f28 StaticDependenciesID=0cd93499021356a5415b4cd71dc9bc07 
Number of updated asset objects reloaded before import = 0
Number of asset objects unloaded after import = 1
========================================================================
Received Import Request.
  Time of request: 2026-08-11T15:50:23.1963207Z
  Time since last request: 0.0149623 seconds.
  importAddress: GUID: df6a6289992d3406cb4cad0c522e4adf - Path: Packages/com.unity.ai.navigation/EditorResources/d_NavigationWindowIcon.asset - Importer: ScriptedImporter/UnityEditor.QuickSearchModule:UnityEditor.Search:ASIAI0B
Importing 'GUID: df6a6289992d3406cb4cad0c522e4adf - Path: Packages/com.unity.ai.navigation/EditorResources/d_NavigationWindowIcon.asset - Importer: ScriptedImporter/UnityEditor.QuickSearchModule:UnityEditor.Search:ASIAI0B' with importer (ScriptedImporter : UnityEditor.QuickSearchModule:UnityEditor.Search:ASIAI0B)
Imported 'GUID: df6a6289992d3406cb4cad0c522e4adf' -> (Import Result ID: 'e0135902af6f3273f5fed60028121a41') in 0.005 seconds [static and dynamic dependencies]. Details - ImportResultOutputID=3027f93767727d8c0c1333dbd2b1c335 DependenciesID=9d60655781e7c962cac6af0f0c47e87c StaticDependenciesID=7992df53bbb5bc922b318e2c997372be 
Number of updated asset objects reloaded before import = 0
Number of asset objects unloaded after import = 1
========================================================================
Received Import Request.
  Time of request: 2026-08-11T15:50:23.2086676Z
  Time since last request: 0.0002655 seconds.
  importAddress: GUID: c660403886dc4a449f55327665b10bbb - Path: Packages/com.unity.ai.navigation/Editor/NavigationOverlay.cs - Importer: ScriptedImporter/UnityEditor.QuickSearchModule:UnityEditor.Search:ASIAI0B
Importing 'GUID: c660403886dc4a449f55327665b10bbb - Path: Packages/com.unity.ai.navigation/Editor/NavigationOverlay.cs - Importer: ScriptedImporter/UnityEditor.QuickSearchModule:UnityEditor.Search:ASIAI0B' with importer (ScriptedImporter : UnityEditor.QuickSearchModule:UnityEditor.Search:ASIAI0B)
Imported 'GUID: c660403886dc4a449f55327665b10bbb' -> (Import Result ID: '81e65440ffc5498845c65d0b3c1b470f') in 0.003 seconds [static and dynamic dependencies]. Details - ImportResultOutputID=7b838109518e3f7fb43c13723d015273 DependenciesID=ca8081b435433a2a191520e71908cea4 StaticDependenciesID=f5cf5f105a42938b6abf13c062c21373 
Number of updated asset objects reloaded before import = 0
Number of asset objects unloaded after import = 0
========================================================================
Received Import Request.
  Time of request: 2026-08-11T15:50:23.2195161Z
  Time since last request: 0.0002532 seconds.
  importAddress: GUID: 030df50ef7a3d40deaa58109d30100c4 - Path: Packages/com.unity.ai.navigation/Editor/ConversionSystem/SystemConvertersEditor.cs - Importer: ScriptedImporter/UnityEditor.QuickSearchModule:UnityEditor.Search:ASIAI0B
Importing 'GUID: 030df50ef7a3d40deaa58109d30100c4 - Path: Packages/com.unity.ai.navigation/Editor/ConversionSystem/SystemConvertersEditor.cs - Importer: ScriptedImporter/UnityEditor.QuickSearchModule:UnityEditor.Search:ASIAI0B' with importer (ScriptedImporter : UnityEditor.QuickSearchModule:UnityEditor.Search:ASIAI0B)
Imported 'GUID: 030df50ef7a3d40deaa58109d30100c4' -> (Import Result ID: '7900f831a1c64b4c638c64d369a29125') in 0.003 seconds [static and dynamic dependencies]. Details - ImportResultOutputID=959c3e949399c9dd80817d4b5f59b3cf DependenciesID=ae613858a33cbacb9714488d27ef3ced StaticDependenciesID=4e1413c6f7971d8f8baa071caee08b60 
Number of updated asset objects reloaded before import = 0
Number of asset objects unloaded after import = 0
========================================================================
Received Import Request.
  Time of request: 2026-08-11T15:50:23.2307248Z
  Time since last request: 0.0003151 seconds.
  importAddress: GUID: 77fba670b979046f18d52d751e0d4659 - Path: Packages/com.unity.ai.navigation/Editor/NavMeshComponentsGUIUtility.cs - Importer: ScriptedImporter/UnityEditor.QuickSearchModule:UnityEditor.Search:ASIAI0B
Importing 'GUID: 77fba670b979046f18d52d751e0d4659 - Path: Packages/com.unity.ai.navigation/Editor/NavMeshComponentsGUIUtility.cs - Importer: ScriptedImporter/UnityEditor.QuickSearchModule:UnityEditor.Search:ASIAI0B' with importer (ScriptedImporter : UnityEditor.QuickSearchModule:UnityEditor.Search:ASIAI0B)
Imported 'GUID: 77fba670b979046f18d52d751e0d4659' -> (Import Result ID: '8074ae8dc2b2b5c88f01a1b47137dd0e') in 0.003 seconds [static and dynamic dependencies]. Details - ImportResultOutputID=255d0d84fb6101e2cae5ba0e94525434 DependenciesID=4cdd462314837b8236bd1c6176701533 StaticDependenciesID=c4fe09a1b354916841860aa1dd1d7b28 
Number of updated asset objects reloaded before import = 0
Number of asset objects unloaded after import = 0
========================================================================
Received Import Request.
  Time of request: 2026-08-11T15:50:23.2432626Z
  Time since last request: 0.0003362 seconds.
  importAddress: GUID: 1e3fdca004f2d45fe8abbed571a8abd5 - Path: Packages/com.unity.ai.navigation/Runtime/NavMeshModifier.cs - Importer: ScriptedImporter/UnityEditor.QuickSearchModule:UnityEditor.Search:ASIAI0B
Importing 'GUID: 1e3fdca004f2d45fe8abbed571a8abd5 - Path: Packages/com.unity.ai.navigation/Runtime/NavMeshModifier.cs - Importer: ScriptedImporter/UnityEditor.QuickSearchModule:UnityEditor.Search:ASIAI0B' with importer (ScriptedImporter : UnityEditor.QuickSearchModule:UnityEditor.Search:ASIAI0B)
Imported 'GUID: 1e3fdca004f2d45fe8abbed571a8abd5' -> (Import Result ID: '6a78a753db4bdb52356284dc060d766f') in 0.004 seconds [static and dynamic dependencies]. Details - ImportResultOutputID=e9e1aa4b573c92f66573c2b9ebabec18 DependenciesID=9a64cade46ab8bdb2bc2a9ca5489b40b StaticDependenciesID=de7811b1dc877a2e704cc17a03b161fd 
Number of updated asset objects reloaded before import = 0
Number of asset objects unloaded after import = 1
========================================================================
Received Import Request.
  Time of request: 2026-08-11T15:50:23.2584644Z
  Time since last request: 0.0002933 seconds.
  importAddress: GUID: 1c32167dbf3314852b6006a288eb449b - Path: Packages/com.unity.ai.navigation/Editor/NavMeshSurfaceEditor.cs - Importer: ScriptedImporter/UnityEditor.QuickSearchModule:UnityEditor.Search:ASIAI0B
Importing 'GUID: 1c32167dbf3314852b6006a288eb449b - Path: Packages/com.unity.ai.navigation/Editor/NavMeshSurfaceEditor.cs - Importer: ScriptedImporter/UnityEditor.QuickSearchModule:UnityEditor.Search:ASIAI0B' with importer (ScriptedImporter : UnityEditor.QuickSearchModule:UnityEditor.Search:ASIAI0B)
Imported 'GUID: 1c32167dbf3314852b6006a288eb449b' -> (Import Result ID: 'e2ee48db04870657f8ffe356749d9a8e') in 0.003 seconds [static and dynamic dependencies]. Details - ImportResultOutputID=39f2afac4199b249f132c5c05ab17fd5 DependenciesID=82b728ee39dacbb62a9e686237762004 StaticDependenciesID=7f4e282c428d1dcd64349449e4815166 
Number of updated asset objects reloaded before import = 0
Number of asset objects unloaded after import = 0
========================================================================
Received Import Request.
  Time of request: 2026-08-11T15:50:23.2696662Z
  Time since last request: 0.000308 seconds.
  importAddress: GUID: e8c8febe35b734f4eb15f23d12e5faed - Path: Packages/com.unity.ai.navigation/Editor/NavigationPreferences.cs - Importer: ScriptedImporter/UnityEditor.QuickSearchModule:UnityEditor.Search:ASIAI0B
Importing 'GUID: e8c8febe35b734f4eb15f23d12e5faed - Path: Packages/com.unity.ai.navigation/Editor/NavigationPreferences.cs - Importer: ScriptedImporter/UnityEditor.QuickSearchModule:UnityEditor.Search:ASIAI0B' with importer (ScriptedImporter : UnityEditor.QuickSearchModule:UnityEditor.Search:ASIAI0B)
Imported 'GUID: e8c8febe35b734f4eb15f23d12e5faed' -> (Import Result ID: 'e1c7aaa06b3b416518deac0ac95257fd') in 0.003 seconds [static and dynamic dependencies]. Details - ImportResultOutputID=951ac6c1ffe1b35577ed76e1988033c2 DependenciesID=f0495b02b134a81627405b4c449f8983 StaticDependenciesID=92466dfa8b90410814bcd162071e350a 
Number of updated asset objects reloaded before import = 0
Number of asset objects unloaded after import = 0
========================================================================
Received Import Request.
  Time of request: 2026-08-11T15:50:23.2956844Z
  Time since last request: 0.0112926 seconds.
  importAddress: GUID: 1c89fbe185cd30b4584ab3d5476807eb - Path: Packages/com.unity.ai.navigation/EditorResources/Overlay/NavigationOverlay On@16.png - Importer: ScriptedImporter/UnityEditor.QuickSearchModule:UnityEditor.Search:ASIAI0B
Importing 'GUID: 1c89fbe185cd30b4584ab3d5476807eb - Path: Packages/com.unity.ai.navigation/EditorResources/Overlay/NavigationOverlay On@16.png - Importer: ScriptedImporter/UnityEditor.QuickSearchModule:UnityEditor.Search:ASIAI0B' with importer (ScriptedImporter : UnityEditor.QuickSearchModule:UnityEditor.Search:ASIAI0B)
Imported 'GUID: 1c89fbe185cd30b4584ab3d5476807eb' -> (Import Result ID: 'de194c9ce26ce4f202994cc8bddfcbe9') in 0.010 seconds [static and dynamic dependencies]. Details - ImportResultOutputID=202befe1a897df0f4a1c29518442bb79 DependenciesID=fb951fe748950e9ad72cf7bf475fa053 StaticDependenciesID=8817422cfc02f3f078f9e8abeafcfb1d 
Number of updated asset objects reloaded before import = 0
Number of asset objects unloaded after import = 1
========================================================================
Received Import Request.
  Time of request: 2026-08-11T15:50:23.3139312Z
  Time since last request: 0.0002999 seconds.
  importAddress: GUID: 7d5867654fa2bf448b06f384143ceca7 - Path: Packages/com.unity.ai.navigation/EditorResources/Overlay/d_NavigationOverlay@2x.png - Importer: ScriptedImporter/UnityEditor.QuickSearchModule:UnityEditor.Search:ASIAI0B
Importing 'GUID: 7d5867654fa2bf448b06f384143ceca7 - Path: Packages/com.unity.ai.navigation/EditorResources/Overlay/d_NavigationOverlay@2x.png - Importer: ScriptedImporter/UnityEditor.QuickSearchModule:UnityEditor.Search:ASIAI0B' with importer (ScriptedImporter : UnityEditor.QuickSearchModule:UnityEditor.Search:ASIAI0B)
Imported 'GUID: 7d5867654fa2bf448b06f384143ceca7' -> (Import Result ID: 'bac803daf97250dc4bb7513b1b092ebf') in 0.007 seconds [static and dynamic dependencies]. Details - ImportResultOutputID=ed8e5ab35fc8461f5592d12baedc78f1 DependenciesID=7393571acfb5066fff06f77ba7866648 StaticDependenciesID=bf7f1e97c7b7a58cd4842a00aea57f2f 
Number of updated asset objects reloaded before import = 0
Number of asset objects unloaded after import = 1
========================================================================
Received Import Request.
  Time of request: 2026-08-11T15:50:23.3287647Z
  Time since last request: 0.0002439 seconds.
  importAddress: GUID: 9d244ceb235342e4c8f308aa1f71be7e - Path: Packages/com.unity.ai.navigation/EditorResources/Overlay/NavigationOverlay@2x.png - Importer: ScriptedImporter/UnityEditor.QuickSearchModule:UnityEditor.Search:ASIAI0B
Importing 'GUID: 9d244ceb235342e4c8f308aa1f71be7e - Path: Packages/com.unity.ai.navigation/EditorResources/Overlay/NavigationOverlay@2x.png - Importer: ScriptedImporter/UnityEditor.QuickSearchModule:UnityEditor.Search:ASIAI0B' with importer (ScriptedImporter : UnityEditor.QuickSearchModule:UnityEditor.Search:ASIAI0B)
Imported 'GUID: 9d244ceb235342e4c8f308aa1f71be7e' -> (Import Result ID: 'f9f16263adfa6d27c7635cfd846f5efc') in 0.007 seconds [static and dynamic dependencies]. Details - ImportResultOutputID=7c8f21d82796d41f7df37d9f4229bbd4 DependenciesID=0a81e841dc2a471629c2b68b8f6421f4 StaticDependenciesID=7d42d149954e10dbf84277adbefc5134 
Number of updated asset objects reloaded before import = 0
Number of asset objects unloaded after import = 1
========================================================================
Received Import Request.
  Time of request: 2026-08-11T15:50:23.3840124Z
  Time since last request: 0.0391842 seconds.
  importAddress: GUID: 72e350503c76f40baac54cde32e52f97 - Path: Packages/com.unity.shadergraph/Editor/Extensions/FieldExtensions.cs - Importer: ScriptedImporter/UnityEditor.QuickSearchModule:UnityEditor.Search:ASIAI0B
Importing 'GUID: 72e350503c76f40baac54cde32e52f97 - Path: Packages/com.unity.shadergraph/Editor/Extensions/FieldExtensions.cs - Importer: ScriptedImporter/UnityEditor.QuickSearchModule:UnityEditor.Search:ASIAI0B' with importer (ScriptedImporter : UnityEditor.QuickSearchModule:UnityEditor.Search:ASIAI0B)
Imported 'GUID: 72e350503c76f40baac54cde32e52f97' -> (Import Result ID: '904d7b1207012765c9551461df6cf7e5') in 0.003 seconds [static and dynamic dependencies]. Details - ImportResultOutputID=4decf060f07b96d89a61b22b0360b017 DependenciesID=e7720043ad5ba8a9abc17ef147cbc4a3 StaticDependenciesID=c0f16c86c087e85180072c1a6e1bb503 
Number of updated asset objects reloaded before import = 0
Number of asset objects unloaded after import = 0
========================================================================
Received Import Request.
  Time of request: 2026-08-11T15:50:23.3959133Z
  Time since last request: 0.0003074 seconds.
  importAddress: GUID: c5c6fed447622d14cabac1b6abcdd8a9 - Path: Packages/com.unity.shadergraph/Editor/DefaultShaderIncludes.cs - Importer: ScriptedImporter/UnityEditor.QuickSearchModule:UnityEditor.Search:ASIAI0B
Importing 'GUID: c5c6fed447622d14cabac1b6abcdd8a9 - Path: Packages/com.unity.shadergraph/Editor/DefaultShaderIncludes.cs - Importer: ScriptedImporter/UnityEditor.QuickSearchModule:UnityEditor.Search:ASIAI0B' with importer (ScriptedImporter : UnityEditor.QuickSearchModule:UnityEditor.Search:ASIAI0B)
Imported 'GUID: c5c6fed447622d14cabac1b6abcdd8a9' -> (Import Result ID: '25cfc4efe4e3a916d19d4ee31d11539a') in 0.003 seconds [static and dynamic dependencies]. Details - ImportResultOutputID=6ac7f8d42bc97d9ccd5564c9c1a79bc0 DependenciesID=52ede53a25ea46421c0f53b279bbe4a8 StaticDependenciesID=f44e41ac2e4427492625892b72b10643 
Number of updated asset objects reloaded before import = 0
Number of asset objects unloaded after import = 0
========================================================================
Received Import Request.
  Time of request: 2026-08-11T15:50:23.4085803Z
  Time since last request: 0.0003024 seconds.
  importAddress: GUID: 0af4d75d577ec0c48baf9e2648f36bdd - Path: Packages/com.unity.shadergraph/Editor/Generation/Target.cs - Importer: ScriptedImporter/UnityEditor.QuickSearchModule:UnityEditor.Search:ASIAI0B
Importing 'GUID: 0af4d75d577ec0c48baf9e2648f36bdd - Path: Packages/com.unity.shadergraph/Editor/Generation/Target.cs - Importer: ScriptedImporter/UnityEditor.QuickSearchModule:UnityEditor.Search:ASIAI0B' with importer (ScriptedImporter : UnityEditor.QuickSearchModule:UnityEditor.Search:ASIAI0B)
Imported 'GUID: 0af4d75d577ec0c48baf9e2648f36bdd' -> (Import Result ID: '27b45b86f58637be7283c9ea91e7158c') in 0.003 seconds [static and dynamic dependencies]. Details - ImportResultOutputID=ecf20cb3a573aee6e044af46e485dc36 DependenciesID=87687749317acf63822af2fe01e2ed33 StaticDependenciesID=aa545756048a9d713a2422b0671eb84b 
Number of updated asset objects reloaded before import = 0
Number of asset objects unloaded after import = 0
========================================================================
Received Import Request.
  Time of request: 2026-08-11T15:50:23.4203342Z
  Time since last request: 0.0003845 seconds.
  importAddress: GUID: 1634e4cba986f4a4aabc82c280e09d13 - Path: Packages/com.unity.shadergraph/ShaderGraphLibrary/PreviewVaryings.hlsl - Importer: ScriptedImporter/UnityEditor.QuickSearchModule:UnityEditor.Search:ASIAI0B
Importing 'GUID: 1634e4cba986f4a4aabc82c280e09d13 - Path: Packages/com.unity.shadergraph/ShaderGraphLibrary/PreviewVaryings.hlsl - Importer: ScriptedImporter/UnityEditor.QuickSearchModule:UnityEditor.Search:ASIAI0B' with importer (ScriptedImporter : UnityEditor.QuickSearchModule:UnityEditor.Search:ASIAI0B)
Imported 'GUID: 1634e4cba986f4a4aabc82c280e09d13' -> (Import Result ID: '785f04c5e45d24b331c69ab9fcf65049') in 0.003 seconds [static and dynamic dependencies]. Details - ImportResultOutputID=2cfbc1804212035d72e0e82d4693abd1 DependenciesID=0aa38ae9e8b84d4c328d54e36a11431a StaticDependenciesID=841c01a7debf80d7eee93e09a0673d1d 
Number of updated asset objects reloaded before import = 0
Number of asset objects unloaded after import = 1
========================================================================
Received Import Request.
  Time of request: 2026-08-11T15:50:23.4338484Z
  Time since last request: 0.0004523 seconds.
  importAddress: GUID: 08534868baca5cc4092711da8c94e981 - Path: Packages/com.unity.shadergraph/README.md - Importer: ScriptedImporter/UnityEditor.QuickSearchModule:UnityEditor.Search:ASIAI0B
Importing 'GUID: 08534868baca5cc4092711da8c94e981 - Path: Packages/com.unity.shadergraph/README.md - Importer: ScriptedImporter/UnityEditor.QuickSearchModule:UnityEditor.Search:ASIAI0B' with importer (ScriptedImporter : UnityEditor.QuickSearchModule:UnityEditor.Search:ASIAI0B)
Imported 'GUID: 08534868baca5cc4092711da8c94e981' -> (Import Result ID: 'e02caf7b6687e095cbafeb26422cbdeb') in 0.003 seconds [static and dynamic dependencies]. Details - ImportResultOutputID=373e3c671ea492be904bff90fd0e5cb9 DependenciesID=3e1ea2e6af285efa8b2f957e719a894c StaticDependenciesID=da31bc7d2cd3e3f1bc557aae97e60dfd 
Number of updated asset objects reloaded before import = 0
Number of asset objects unloaded after import = 1
========================================================================
Received Import Request.
  Time of request: 2026-08-11T15:50:23.446842Z
  Time since last request: 0.0002426 seconds.
  importAddress: GUID: 1a22b696fd5d94fa4bd8972d644e4b97 - Path: Packages/com.unity.shadergraph/Editor/Extensions/IConditionalExtensions.cs - Importer: ScriptedImporter/UnityEditor.QuickSearchModule:UnityEditor.Search:ASIAI0B
Importing 'GUID: 1a22b696fd5d94fa4bd8972d644e4b97 - Path: Packages/com.unity.shadergraph/Editor/Extensions/IConditionalExtensions.cs - Importer: ScriptedImporter/UnityEditor.QuickSearchModule:UnityEditor.Search:ASIAI0B' with importer (ScriptedImporter : UnityEditor.QuickSearchModule:UnityEditor.Search:ASIAI0B)
Imported 'GUID: 1a22b696fd5d94fa4bd8972d644e4b97' -> (Import Result ID: '0d1ed8a717795526deae99ef8c726d48') in 0.003 seconds [static and dynamic dependencies]. Details - ImportResultOutputID=28dd161842fa6580b8ec4353d507dd86 DependenciesID=625d109b8c1835d850da68336bed2a9e StaticDependenciesID=f5b858d19672ceda5eb5d744622d55c8 
Number of updated asset objects reloaded before import = 0
Number of asset objects unloaded after import = 0
========================================================================
Received Import Request.
  Time of request: 2026-08-11T15:50:23.4588743Z
  Time since last request: 0.0004157 seconds.
  importAddress: GUID: 788b35e8fa5154559af342abaf8be483 - Path: Packages/com.unity.shadergraph/GraphTemplates/default_vfx_msk.png - Importer: ScriptedImporter/UnityEditor.QuickSearchModule:UnityEditor.Search:ASIAI0B
Importing 'GUID: 788b35e8fa5154559af342abaf8be483 - Path: Packages/com.unity.shadergraph/GraphTemplates/default_vfx_msk.png - Importer: ScriptedImporter/UnityEditor.QuickSearchModule:UnityEditor.Search:ASIAI0B' with importer (ScriptedImporter : UnityEditor.QuickSearchModule:UnityEditor.Search:ASIAI0B)
Imported 'GUID: 788b35e8fa5154559af342abaf8be483' -> (Import Result ID: '0cf8597f5f4ccdadb325aba104243410') in 0.007 seconds [static and dynamic dependencies]. Details - ImportResultOutputID=8bc820e7be1407d238af74e466d337d5 DependenciesID=246d87485ab4e8fbf75b912641ce4b9f StaticDependenciesID=06a5f713400f657467186c8e7aef93b5 
Number of updated asset objects reloaded before import = 0
Number of asset objects unloaded after import = 1
========================================================================
Received Import Request.
  Time of request: 2026-08-11T15:50:23.4734088Z
  Time since last request: 0.0002982 seconds.
  importAddress: GUID: 37cdee768bffc4e49b528c0ddbb20e6d - Path: Packages/com.unity.shadergraph/Editor/Importers/RenderPipelineChangedCallback.cs - Importer: ScriptedImporter/UnityEditor.QuickSearchModule:UnityEditor.Search:ASIAI0B
Importing 'GUID: 37cdee768bffc4e49b528c0ddbb20e6d - Path: Packages/com.unity.shadergraph/Editor/Importers/RenderPipelineChangedCallback.cs - Importer: ScriptedImporter/UnityEditor.QuickSearchModule:UnityEditor.Search:ASIAI0B' with importer (ScriptedImporter : UnityEditor.QuickSearchModule:UnityEditor.Search:ASIAI0B)
Imported 'GUID: 37cdee768bffc4e49b528c0ddbb20e6d' -> (Import Result ID: 'f3b18e4b4b57feec10de45a9b220cc0c') in 0.003 seconds [static and dynamic dependencies]. Details - ImportResultOutputID=0ddd9049dbc7e7f2db283bd813ca621c DependenciesID=f534fe40a8c49d0c125366b2e8feb8a4 StaticDependenciesID=bc950ba48b3fd21328826343ab2a516c 
Number of updated asset objects reloaded before import = 0
Number of asset objects unloaded after import = 0
========================================================================
Received Import Request.
  Time of request: 2026-08-11T15:50:23.5406685Z
  Time since last request: 0.0572137 seconds.
  importAddress: GUID: 3536b8f2543044f72bb45c2e5dd889e9 - Path: Packages/com.unity.shadergraph/Editor/Util/MessageManager.cs - Importer: ScriptedImporter/UnityEditor.QuickSearchModule:UnityEditor.Search:ASIAI0B
Importing 'GUID: 3536b8f2543044f72bb45c2e5dd889e9 - Path: Packages/com.unity.shadergraph/Editor/Util/MessageManager.cs - Importer: ScriptedImporter/UnityEditor.QuickSearchModule:UnityEditor.Search:ASIAI0B' with importer (ScriptedImporter : UnityEditor.QuickSearchModule:UnityEditor.Search:ASIAI0B)
Imported 'GUID: 3536b8f2543044f72bb45c2e5dd889e9' -> (Import Result ID: '612f3882e6573b40e6523bb42df7013b') in 0.003 seconds [static and dynamic dependencies]. Details - ImportResultOutputID=071639884badcd2f0334efc3675ca4c4 DependenciesID=0eb8b6a91f4f7ff51941c5a6415a5edd StaticDependenciesID=82bdcac74c6f2772efc13d902e022853 
Number of updated asset objects reloaded before import = 0
Number of asset objects unloaded after import = 0
========================================================================
Received Import Request.
  Time of request: 2026-08-11T15:50:23.5522927Z
  Time since last request: 0.0012604 seconds.
  importAddress: GUID: 41ba38f685080e84082aa51986c2c973 - Path: Packages/com.unity.shadergraph/Editor/ProviderSystem/ProviderLibrary.cs - Importer: ScriptedImporter/UnityEditor.QuickSearchModule:UnityEditor.Search:ASIAI0B
Importing 'GUID: 41ba38f685080e84082aa51986c2c973 - Path: Packages/com.unity.shadergraph/Editor/ProviderSystem/ProviderLibrary.cs - Importer: ScriptedImporter/UnityEditor.QuickSearchModule:UnityEditor.Search:ASIAI0B' with importer (ScriptedImporter : UnityEditor.QuickSearchModule:UnityEditor.Search:ASIAI0B)
Imported 'GUID: 41ba38f685080e84082aa51986c2c973' -> (Import Result ID: '44bf0a0668ac62fb69c416517f9baf86') in 0.003 seconds [static and dynamic dependencies]. Details - ImportResultOutputID=26f26e165b7da9e57343bc062a7919f8 DependenciesID=d0284da519c6420289e81b9e6edb258f StaticDependenciesID=2c2174853491240f9f73b91e396010c6 
Number of updated asset objects reloaded before import = 0
Number of asset objects unloaded after import = 0
========================================================================
Received Import Request.
  Time of request: 2026-08-11T15:50:23.5634305Z
  Time since last request: 0.0005436 seconds.
  importAddress: GUID: a6e816750db52e34e8e463c3377a974e - Path: Packages/com.unity.shadergraph/Editor/InternalBridge/ObjectSelector.cs - Importer: ScriptedImporter/UnityEditor.QuickSearchModule:UnityEditor.Search:ASIAI0B
Importing 'GUID: a6e816750db52e34e8e463c3377a974e - Path: Packages/com.unity.shadergraph/Editor/InternalBridge/ObjectSelector.cs - Importer: ScriptedImporter/UnityEditor.QuickSearchModule:UnityEditor.Search:ASIAI0B' with importer (ScriptedImporter : UnityEditor.QuickSearchModule:UnityEditor.Search:ASIAI0B)
Imported 'GUID: a6e816750db52e34e8e463c3377a974e' -> (Import Result ID: '6ed7ac45f72f6ffc9a211bd7921649df') in 0.003 seconds [static and dynamic dependencies]. Details - ImportResultOutputID=8fd64fbf52e587cc5ee939d0869935a0 DependenciesID=0a0559e0c792bf0e0677f13470acd1cc StaticDependenciesID=b7b05b3f9e91e6d5c1c4f78076e97304 
Number of updated asset objects reloaded before import = 0
Number of asset objects unloaded after import = 0
========================================================================
Received Import Request.
  Time of request: 2026-08-11T15:50:23.5757701Z
  Time since last request: 0.0005851 seconds.
  importAddress: GUID: f6158a8f15f443948dffa7b689fcf586 - Path: Packages/com.unity.shadergraph/Editor/Serialization/JsonObject.cs - Importer: ScriptedImporter/UnityEditor.QuickSearchModule:UnityEditor.Search:ASIAI0B
Importing 'GUID: f6158a8f15f443948dffa7b689fcf586 - Path: Packages/com.unity.shadergraph/Editor/Serialization/JsonObject.cs - Importer: ScriptedImporter/UnityEditor.QuickSearchModule:UnityEditor.Search:ASIAI0B' with importer (ScriptedImporter : UnityEditor.QuickSearchModule:UnityEditor.Search:ASIAI0B)
Imported 'GUID: f6158a8f15f443948dffa7b689fcf586' -> (Import Result ID: 'cab7ca02736ef4e2a404685e755ecfa2') in 0.004 seconds [static and dynamic dependencies]. Details - ImportResultOutputID=e2ce18e3b6c73daa3557c0f2c0c088bb DependenciesID=ccf1c9fad0541b2343bc6d0b8b6a63d2 StaticDependenciesID=e9c4b039fdf12a3e4ecd5e759878d3a6 
Number of updated asset objects reloaded before import = 0
Number of asset objects unloaded after import = 0
========================================================================
Received Import Request.
  Time of request: 2026-08-11T15:50:23.5878945Z
  Time since last request: 0.0005185 seconds.
  importAddress: GUID: f4edc0353630446093713b6b40464e5f - Path: Packages/com.unity.shadergraph/Editor/Serialization/MultiJsonEntry.cs - Importer: ScriptedImporter/UnityEditor.QuickSearchModule:UnityEditor.Search:ASIAI0B
Importing 'GUID: f4edc0353630446093713b6b40464e5f - Path: Packages/com.unity.shadergraph/Editor/Serialization/MultiJsonEntry.cs - Importer: ScriptedImporter/UnityEditor.QuickSearchModule:UnityEditor.Search:ASIAI0B' with importer (ScriptedImporter : UnityEditor.QuickSearchModule:UnityEditor.Search:ASIAI0B)
Imported 'GUID: f4edc0353630446093713b6b40464e5f' -> (Import Result ID: '8a9e307e0bc3deb781356393a2178df1') in 0.003 seconds [static and dynamic dependencies]. Details - ImportResultOutputID=7a238496cdc6ef12c3b186202645b4d3 DependenciesID=bfeaedd6a08f4a10577a23a293296269 StaticDependenciesID=ca53d1c83a40e453ab1beffbb53c01e7 
Number of updated asset objects reloaded before import = 0
Number of asset objects unloaded after import = 0
========================================================================
Received Import Request.
  Time of request: 2026-08-11T15:50:23.5984346Z
  Time since last request: 0.0002964 seconds.
  importAddress: GUID: 8c48f9c41990b0242bcf63d2db521237 - Path: Packages/com.unity.shadergraph/Editor/Util/ListUtilities.cs - Importer: ScriptedImporter/UnityEditor.QuickSearchModule:UnityEditor.Search:ASIAI0B
Importing 'GUID: 8c48f9c41990b0242bcf63d2db521237 - Path: Packages/com.unity.shadergraph/Editor/Util/ListUtilities.cs - Importer: ScriptedImporter/UnityEditor.QuickSearchModule:UnityEditor.Search:ASIAI0B' with importer (ScriptedImporter : UnityEditor.QuickSearchModule:UnityEditor.Search:ASIAI0B)
Imported 'GUID: 8c48f9c41990b0242bcf63d2db521237' -> (Import Result ID: '0f58f5821594bcc5ef39a8736b51864a') in 0.003 seconds [static and dynamic dependencies]. Details - ImportResultOutputID=3fc393926fa9a563a9c4094885f1fc34 DependenciesID=9bf25f3089b5ed32521665682f1391d1 StaticDependenciesID=9a8e7b8b8bb1fb092d97ccd76fc4f3a8 
Number of updated asset objects reloaded before import = 0
Number of asset objects unloaded after import = 0
========================================================================
Received Import Request.
  Time of request: 2026-08-11T15:50:23.6110946Z
  Time since last request: 0.0003065 seconds.
  importAddress: GUID: 6affc0753ed9408fa908d4a2285010ef - Path: Packages/com.unity.shadergraph/Editor/Serialization/RefValueEnumerable.cs - Importer: ScriptedImporter/UnityEditor.QuickSearchModule:UnityEditor.Search:ASIAI0B
Importing 'GUID: 6affc0753ed9408fa908d4a2285010ef - Path: Packages/com.unity.shadergraph/Editor/Serialization/RefValueEnumerable.cs - Importer: ScriptedImporter/UnityEditor.QuickSearchModule:UnityEditor.Search:ASIAI0B' with importer (ScriptedImporter : UnityEditor.QuickSearchModule:UnityEditor.Search:ASIAI0B)
Imported 'GUID: 6affc0753ed9408fa908d4a2285010ef' -> (Import Result ID: '532fb119598b0767e53a8fed11fd2fa2') in 0.004 seconds [static and dynamic dependencies]. Details - ImportResultOutputID=7367ada339079c44e3d670923939bf61 DependenciesID=c7f723608645191c309c06f3c8b8ec10 StaticDependenciesID=3d4e059e0a611df376ab8a1c90f85a81 
Number of updated asset objects reloaded before import = 0
Number of asset objects unloaded after import = 0
========================================================================
Received Import Request.
  Time of request: 2026-08-11T15:50:23.6229703Z
  Time since last request: 0.0007202 seconds.
  importAddress: GUID: 53ba6b433697da6468377c205573f728 - Path: Packages/com.unity.shadergraph/Editor/Util/TypeMapping.cs - Importer: ScriptedImporter/UnityEditor.QuickSearchModule:UnityEditor.Search:ASIAI0B
Importing 'GUID: 53ba6b433697da6468377c205573f728 - Path: Packages/com.unity.shadergraph/Editor/Util/TypeMapping.cs - Importer: ScriptedImporter/UnityEditor.QuickSearchModule:UnityEditor.Search:ASIAI0B' with importer (ScriptedImporter : UnityEditor.QuickSearchModule:UnityEditor.Search:ASIAI0B)
Imported 'GUID: 53ba6b433697da6468377c205573f728' -> (Import Result ID: 'a163eec6f52de237db0a42059ced9321') in 0.007 seconds [static and dynamic dependencies]. Details - ImportResultOutputID=a7f916018051ad065d61530b35c36280 DependenciesID=a731edcb0e438ea0fdc6ec8c56c24113 StaticDependenciesID=9455548371a1d9be30324f880e055323 
Number of updated asset objects reloaded before import = 0
Number of asset objects unloaded after import = 0
========================================================================
Received Import Request.
  Time of request: 2026-08-11T15:50:23.6378999Z
  Time since last request: 0.0004928 seconds.
  importAddress: GUID: ade7125e800904674ba0c115208f7ed5 - Path: Packages/com.unity.shadergraph/Editor/Utilities/Unity.ShaderGraph.Utilities.asmdef - Importer: ScriptedImporter/UnityEditor.QuickSearchModule:UnityEditor.Search:ASIAI0B
Importing 'GUID: ade7125e800904674ba0c115208f7ed5 - Path: Packages/com.unity.shadergraph/Editor/Utilities/Unity.ShaderGraph.Utilities.asmdef - Importer: ScriptedImporter/UnityEditor.QuickSearchModule:UnityEditor.Search:ASIAI0B' with importer (ScriptedImporter : UnityEditor.QuickSearchModule:UnityEditor.Search:ASIAI0B)
Imported 'GUID: ade7125e800904674ba0c115208f7ed5' -> (Import Result ID: 'ad85ab7bccb08c7c6793ff8326eef8d8') in 0.003 seconds [static and dynamic dependencies]. Details - ImportResultOutputID=06fd5ec987a59fed76df76e1f78db0fd DependenciesID=7242dfa4a936028637dfcde3e4425060 StaticDependenciesID=27b1d45f57e86b7f10373c12e062ecc9 
Number of updated asset objects reloaded before import = 0
Number of asset objects unloaded after import = 1
========================================================================
Received Import Request.
  Time of request: 2026-08-11T15:50:23.6514529Z
  Time since last request: 0.0002636 seconds.
  importAddress: GUID: 9d4e8ca8c5046914c87ca6ccef140dac - Path: Packages/com.unity.shadergraph/GraphTemplates/Cross Pipeline/UGUI Canvas Meter.shadergraph - Importer: ScriptedImporter/UnityEditor.QuickSearchModule:UnityEditor.Search:ASIAI0B
Importing 'GUID: 9d4e8ca8c5046914c87ca6ccef140dac - Path: Packages/com.unity.shadergraph/GraphTemplates/Cross Pipeline/UGUI Canvas Meter.shadergraph - Importer: ScriptedImporter/UnityEditor.QuickSearchModule:UnityEditor.Search:ASIAI0B' with importer (ScriptedImporter : UnityEditor.QuickSearchModule:UnityEditor.Search:ASIAI0B)
Imported 'GUID: 9d4e8ca8c5046914c87ca6ccef140dac' -> (Import Result ID: '928e3eea3aae674d5cafa4cddfb84967') in 0.026 seconds [static and dynamic dependencies]. Details - ImportResultOutputID=4acad82b1ccbe009411f4c10debf3882 DependenciesID=b96a0865d943b3b03674de6dcbcf1504 StaticDependenciesID=4c5c318226dcd0fb08021a98ba072581 
Number of updated asset objects reloaded before import = 0
Number of asset objects unloaded after import = 5
========================================================================
Received Import Request.
  Time of request: 2026-08-11T15:50:23.8422315Z
  Time since last request: 0.1550147 seconds.
  importAddress: GUID: 1b4ecad27a9bc714e8d3af3ffb8a368c - Path: Packages/com.unity.shadergraph/ShaderGraphLibrary/Nature/SpeedTree8ColorAlpha.shadersubgraph - Importer: ScriptedImporter/UnityEditor.QuickSearchModule:UnityEditor.Search:ASIAI0B
Importing 'GUID: 1b4ecad27a9bc714e8d3af3ffb8a368c - Path: Packages/com.unity.shadergraph/ShaderGraphLibrary/Nature/SpeedTree8ColorAlpha.shadersubgraph - Importer: ScriptedImporter/UnityEditor.QuickSearchModule:UnityEditor.Search:ASIAI0B' with importer (ScriptedImporter : UnityEditor.QuickSearchModule:UnityEditor.Search:ASIAI0B)
Imported 'GUID: 1b4ecad27a9bc714e8d3af3ffb8a368c' -> (Import Result ID: '8ed5fd74b160f035df95654a5e9e862c') in 0.010 seconds [static and dynamic dependencies]. Details - ImportResultOutputID=b1d192942fb85159a923a3f59d86bf99 DependenciesID=352e617df1aae03552bf38c3019f5029 StaticDependenciesID=ed44807232f536be472e844f6f4923dd 
Number of updated asset objects reloaded before import = 0
Number of asset objects unloaded after import = 1
========================================================================
Received Import Request.
  Time of request: 2026-08-11T15:50:23.8604076Z
  Time since last request: 0.000838 seconds.
  importAddress: GUID: dbd0aaccbcc575f468323e8991e68e98 - Path: Packages/com.unity.shadergraph/ShaderGraphLibrary/Nature/SpeedTree9Wind.hlsl - Importer: ScriptedImporter/UnityEditor.QuickSearchModule:UnityEditor.Search:ASIAI0B
Importing 'GUID: dbd0aaccbcc575f468323e8991e68e98 - Path: Packages/com.unity.shadergraph/ShaderGraphLibrary/Nature/SpeedTree9Wind.hlsl - Importer: ScriptedImporter/UnityEditor.QuickSearchModule:UnityEditor.Search:ASIAI0B' with importer (ScriptedImporter : UnityEditor.QuickSearchModule:UnityEditor.Search:ASIAI0B)
Imported 'GUID: dbd0aaccbcc575f468323e8991e68e98' -> (Import Result ID: 'c1dc33c92efacd7df1ff4be71db4b2fd') in 0.003 seconds [static and dynamic dependencies]. Details - ImportResultOutputID=85dae36b8ffe29d551f42e400b99c0dc DependenciesID=ce427704c6175e96d68421854fecef4d StaticDependenciesID=38e382b3e1f94b7da131753ff2a1b7af 
Number of updated asset objects reloaded before import = 0
Number of asset objects unloaded after import = 1
========================================================================
Received Import Request.
  Time of request: 2026-08-11T15:50:23.8716722Z
  Time since last request: 0.0003146 seconds.
  importAddress: GUID: ea87914f38f4183408f6ec6cb547ed94 - Path: Packages/com.unity.shadergraph/GraphTemplates/Subgraphs/ParticleFlipbookBlending.shadersubgraph - Importer: ScriptedImporter/UnityEditor.QuickSearchModule:UnityEditor.Search:ASIAI0B
Importing 'GUID: ea87914f38f4183408f6ec6cb547ed94 - Path: Packages/com.unity.shadergraph/GraphTemplates/Subgraphs/ParticleFlipbookBlending.shadersubgraph - Importer: ScriptedImporter/UnityEditor.QuickSearchModule:UnityEditor.Search:ASIAI0B' with importer (ScriptedImporter : UnityEditor.QuickSearchModule:UnityEditor.Search:ASIAI0B)
Imported 'GUID: ea87914f38f4183408f6ec6cb547ed94' -> (Import Result ID: '2520e650955019e7fcf6764265af68f9') in 0.007 seconds [static and dynamic dependencies]. Details - ImportResultOutputID=1d8387ee3720e8c2b53ed3fac989e3cf DependenciesID=b59a8fe8bacf8dc8e43752ef571ea3be StaticDependenciesID=dcdb4555e8ea0ddd21364f8f70fb7c82 
Number of updated asset objects reloaded before import = 0
Number of asset objects unloaded after import = 1
========================================================================
Received Import Request.
  Time of request: 2026-08-11T15:50:23.8905266Z
  Time since last request: 0.0002552 seconds.
  importAddress: GUID: 153b138ddd88e7b42a0c29bde1e7142c - Path: Packages/com.unity.shadergraph/ShaderGraphLibrary/Nature/SpeedTree9CameraFacingLeafEffect.shadersubgraph - Importer: ScriptedImporter/UnityEditor.QuickSearchModule:UnityEditor.Search:ASIAI0B
Importing 'GUID: 153b138ddd88e7b42a0c29bde1e7142c - Path: Packages/com.unity.shadergraph/ShaderGraphLibrary/Nature/SpeedTree9CameraFacingLeafEffect.shadersubgraph - Importer: ScriptedImporter/UnityEditor.QuickSearchModule:UnityEditor.Search:ASIAI0B' with importer (ScriptedImporter : UnityEditor.QuickSearchModule:UnityEditor.Search:ASIAI0B)
Imported 'GUID: 153b138ddd88e7b42a0c29bde1e7142c' -> (Import Result ID: 'a314e66726a7637ae433afb954c7e10a') in 0.006 seconds [static and dynamic dependencies]. Details - ImportResultOutputID=ae8095e1d2ab986785abf2227cd81b5a DependenciesID=9d0d8d10c4dbffb96229cf80ca1016a2 StaticDependenciesID=0ba95816b44d5fa9235a742e806edf2b 
Number of updated asset objects reloaded before import = 0
Number of asset objects unloaded after import = 1
========================================================================
Received Import Request.
  Time of request: 2026-08-11T15:50:23.9038177Z
  Time since last request: 0.0002589 seconds.
  importAddress: GUID: e1ea40df0c5f7d14a96e0bac1ae79489 - Path: Packages/com.unity.shadergraph/GraphTemplates/Subgraphs/Particle Distortion.shadersubgraph - Importer: ScriptedImporter/UnityEditor.QuickSearchModule:UnityEditor.Search:ASIAI0B
Importing 'GUID: e1ea40df0c5f7d14a96e0bac1ae79489 - Path: Packages/com.unity.shadergraph/GraphTemplates/Subgraphs/Particle Distortion.shadersubgraph - Importer: ScriptedImporter/UnityEditor.QuickSearchModule:UnityEditor.Search:ASIAI0B' with importer (ScriptedImporter : UnityEditor.QuickSearchModule:UnityEditor.Search:ASIAI0B)
Imported 'GUID: e1ea40df0c5f7d14a96e0bac1ae79489' -> (Import Result ID: '94e6d2bd87bcd98f5d4529f10450f7aa') in 0.004 seconds [static and dynamic dependencies]. Details - ImportResultOutputID=e587b0df31cfe579760121ab7e552f53 DependenciesID=a76d9fcdc7ac30d4c151e8d95eee9e4b StaticDependenciesID=6af8649a9b55f7009ce7da1c2a7bee95 
Number of updated asset objects reloaded before import = 0
Number of asset objects unloaded after import = 1
========================================================================
Received Import Request.
  Time of request: 2026-08-11T15:50:23.9255133Z
  Time since last request: 0.0093249 seconds.
  importAddress: GUID: 6b4148bd86961c24c8ccbdb3462dfd80 - Path: Packages/com.unity.shadergraph/Editor/Data/Graphs/GraphSetup.cs - Importer: ScriptedImporter/UnityEditor.QuickSearchModule:UnityEditor.Search:ASIAI0B
Importing 'GUID: 6b4148bd86961c24c8ccbdb3462dfd80 - Path: Packages/com.unity.shadergraph/Editor/Data/Graphs/GraphSetup.cs - Importer: ScriptedImporter/UnityEditor.QuickSearchModule:UnityEditor.Search:ASIAI0B' with importer (ScriptedImporter : UnityEditor.QuickSearchModule:UnityEditor.Search:ASIAI0B)
Imported 'GUID: 6b4148bd86961c24c8ccbdb3462dfd80' -> (Import Result ID: 'b61c6376098790a760d8ceea5d7ef9af') in 0.003 seconds [static and dynamic dependencies]. Details - ImportResultOutputID=6794cd424f7b1a3a3b3da2ef81eaff76 DependenciesID=d4eb5ee54e1b20475b791c5b74b035a1 StaticDependenciesID=d2c1f8eb5abb13b954ca035e532de27e 
Number of updated asset objects reloaded before import = 0
Number of asset objects unloaded after import = 0
========================================================================
Received Import Request.
  Time of request: 2026-08-11T15:50:23.9372485Z
  Time since last request: 0.001216 seconds.
  importAddress: GUID: ca5ddce766d5ae24f8be282b4f7a21bd - Path: Packages/com.unity.shadergraph/Editor/Data/Graphs/CubemapShaderProperty.cs - Importer: ScriptedImporter/UnityEditor.QuickSearchModule:UnityEditor.Search:ASIAI0B
Importing 'GUID: ca5ddce766d5ae24f8be282b4f7a21bd - Path: Packages/com.unity.shadergraph/Editor/Data/Graphs/CubemapShaderProperty.cs - Importer: ScriptedImporter/UnityEditor.QuickSearchModule:UnityEditor.Search:ASIAI0B' with importer (ScriptedImporter : UnityEditor.QuickSearchModule:UnityEditor.Search:ASIAI0B)
Imported 'GUID: ca5ddce766d5ae24f8be282b4f7a21bd' -> (Import Result ID: '3b24a19af467bc571fe5bee25c903852') in 0.004 seconds [static and dynamic dependencies]. Details - ImportResultOutputID=32a8d93de2e74e5217754cdf9b49f3b2 DependenciesID=b5f45609a42402511b5124a5d8a79d5c StaticDependenciesID=84a46fccd4d90f61c6242cf2a569beef 
Number of updated asset objects reloaded before import = 0
Number of asset objects unloaded after import = 0
========================================================================
Received Import Request.
  Time of request: 2026-08-11T15:50:23.9510895Z
  Time since last request: 0.0007998 seconds.
  importAddress: GUID: 944c4fc9d004e7845adb3f86843ab742 - Path: Packages/com.unity.shadergraph/Editor/Data/Graphs/SerializableMesh.cs - Importer: ScriptedImporter/UnityEditor.QuickSearchModule:UnityEditor.Search:ASIAI0B
Importing 'GUID: 944c4fc9d004e7845adb3f86843ab742 - Path: Packages/com.unity.shadergraph/Editor/Data/Graphs/SerializableMesh.cs - Importer: ScriptedImporter/UnityEditor.QuickSearchModule:UnityEditor.Search:ASIAI0B' with importer (ScriptedImporter : UnityEditor.QuickSearchModule:UnityEditor.Search:ASIAI0B)
Imported 'GUID: 944c4fc9d004e7845adb3f86843ab742' -> (Import Result ID: '4b7d223a2ae04aee44f3afdce0fa1d40') in 0.003 seconds [static and dynamic dependencies]. Details - ImportResultOutputID=ea8e8bd6b805d3dc4298f9db17201809 DependenciesID=9a31aab496d25864007256f9c09011c3 StaticDependenciesID=fb1e3d540fe85bd3330a5b22cb8ca1ae 
Number of updated asset objects reloaded before import = 0
Number of asset objects unloaded after import = 0
========================================================================
Received Import Request.
  Time of request: 2026-08-11T15:50:23.961715Z
  Time since last request: 0.0003083 seconds.
  importAddress: GUID: 79075442664faac49b00b4c93d28e08b - Path: Packages/com.unity.shadergraph/Editor/Data/Graphs/MatrixShaderProperty.cs - Importer: ScriptedImporter/UnityEditor.QuickSearchModule:UnityEditor.Search:ASIAI0B
Importing 'GUID: 79075442664faac49b00b4c93d28e08b - Path: Packages/com.unity.shadergraph/Editor/Data/Graphs/MatrixShaderProperty.cs - Importer: ScriptedImporter/UnityEditor.QuickSearchModule:UnityEditor.Search:ASIAI0B' with importer (ScriptedImporter : UnityEditor.QuickSearchModule:UnityEditor.Search:ASIAI0B)
Imported 'GUID: 79075442664faac49b00b4c93d28e08b' -> (Import Result ID: 'bc10f9e831b5714ca97c8ca53ba90b89') in 0.003 seconds [static and dynamic dependencies]. Details - ImportResultOutputID=6577ea3dfa744ef5a0460022dfbb6c75 DependenciesID=85055f94a8dd74432e18dfc520a572a1 StaticDependenciesID=39ceb491f2ca5f1dbdff8696744d6c3c 
Number of updated asset objects reloaded before import = 0
Number of asset objects unloaded after import = 0
========================================================================
Received Import Request.
  Time of request: 2026-08-11T15:50:23.9742526Z
  Time since last request: 0.0007257 seconds.
  importAddress: GUID: 67f66fefcaac3e04388ec470163bf127 - Path: Packages/com.unity.shadergraph/Editor/Data/Graphs/BitangentMaterialSlot.cs - Importer: ScriptedImporter/UnityEditor.QuickSearchModule:UnityEditor.Search:ASIAI0B
Importing 'GUID: 67f66fefcaac3e04388ec470163bf127 - Path: Packages/com.unity.shadergraph/Editor/Data/Graphs/BitangentMaterialSlot.cs - Importer: ScriptedImporter/UnityEditor.QuickSearchModule:UnityEditor.Search:ASIAI0B' with importer (ScriptedImporter : UnityEditor.QuickSearchModule:UnityEditor.Search:ASIAI0B)
Imported 'GUID: 67f66fefcaac3e04388ec470163bf127' -> (Import Result ID: '00b88f8715eae0d941154d8455aa796d') in 0.003 seconds [static and dynamic dependencies]. Details - ImportResultOutputID=878ac0d1a2d476ed5b9fc1658088b1ad DependenciesID=edbce2d6a0f02a18996ab2526b816bc0 StaticDependenciesID=5f68d48c0fa9a00fc544ed61adef5bf7 
Number of updated asset objects reloaded before import = 0
Number of asset objects unloaded after import = 0
========================================================================
Received Import Request.
  Time of request: 2026-08-11T15:50:23.9868916Z
  Time since last request: 0.0002757 seconds.
  importAddress: GUID: aca882b159c67ee488d0f3ce6b7f9494 - Path: Packages/com.unity.shadergraph/Editor/Data/Graphs/PropertyConnectionStateMaterialSlot.cs - Importer: ScriptedImporter/UnityEditor.QuickSearchModule:UnityEditor.Search:ASIAI0B
Importing 'GUID: aca882b159c67ee488d0f3ce6b7f9494 - Path: Packages/com.unity.shadergraph/Editor/Data/Graphs/PropertyConnectionStateMaterialSlot.cs - Importer: ScriptedImporter/UnityEditor.QuickSearchModule:UnityEditor.Search:ASIAI0B' with importer (ScriptedImporter : UnityEditor.QuickSearchModule:UnityEditor.Search:ASIAI0B)
Imported 'GUID: aca882b159c67ee488d0f3ce6b7f9494' -> (Import Result ID: '87b22acf66410a47c1b0377952e4fb77') in 0.003 seconds [static and dynamic dependencies]. Details - ImportResultOutputID=2ba7aac52db011f8c0d26c27015a9e59 DependenciesID=f3c07c55733a1c959341d2f485841b17 StaticDependenciesID=071f37cf783e900a80219f0a898aac0e 
Number of updated asset objects reloaded before import = 0
Number of asset objects unloaded after import = 0
========================================================================
Received Import Request.
  Time of request: 2026-08-11T15:50:23.9993551Z
  Time since last request: 0.0002954 seconds.
  importAddress: GUID: fb9a23efd2bc46e9a5e34bf5ff0c9768 - Path: Packages/com.unity.shadergraph/Editor/Data/Graphs/SerializableGuid.cs - Importer: ScriptedImporter/UnityEditor.QuickSearchModule:UnityEditor.Search:ASIAI0B
Importing 'GUID: fb9a23efd2bc46e9a5e34bf5ff0c9768 - Path: Packages/com.unity.shadergraph/Editor/Data/Graphs/SerializableGuid.cs - Importer: ScriptedImporter/UnityEditor.QuickSearchModule:UnityEditor.Search:ASIAI0B' with importer (ScriptedImporter : UnityEditor.QuickSearchModule:UnityEditor.Search:ASIAI0B)
Imported 'GUID: fb9a23efd2bc46e9a5e34bf5ff0c9768' -> (Import Result ID: 'c4a11667ceab854d65ed8b57bbe62814') in 0.004 seconds [static and dynamic dependencies]. Details - ImportResultOutputID=37d0a716018abb3e120d0d6341bbc3c3 DependenciesID=ec1466e19de8ff0246eaec10377c7b5e StaticDependenciesID=78c2cbdd304c525131702ae1f01cb8f3 
Number of updated asset objects reloaded before import = 0
Number of asset objects unloaded after import = 0
========================================================================
Received Import Request.
  Time of request: 2026-08-11T15:50:24.0139889Z
  Time since last request: 0.0004379 seconds.
  importAddress: GUID: 38b2d4645340d4274a793e2e12ec097c - Path: Packages/com.unity.shadergraph/Editor/Data/Graphs/DynamicValueMaterialSlot.cs - Importer: ScriptedImporter/UnityEditor.QuickSearchModule:UnityEditor.Search:ASIAI0B
Importing 'GUID: 38b2d4645340d4274a793e2e12ec097c - Path: Packages/com.unity.shadergraph/Editor/Data/Graphs/DynamicValueMaterialSlot.cs - Importer: ScriptedImporter/UnityEditor.QuickSearchModule:UnityEditor.Search:ASIAI0B' with importer (ScriptedImporter : UnityEditor.QuickSearchModule:UnityEditor.Search:ASIAI0B)
Imported 'GUID: 38b2d4645340d4274a793e2e12ec097c' -> (Import Result ID: 'b4d4310f7a7134923205e3ceeaaf073f') in 0.003 seconds [static and dynamic dependencies]. Details - ImportResultOutputID=d09e5979f62b25954740693ba117ac69 DependenciesID=6b5ca463c79b654f6915d81cca5ec4b4 StaticDependenciesID=d693cb5e54b7ba0785409e58aadef007 
Number of updated asset objects reloaded before import = 0
Number of asset objects unloaded after import = 0
========================================================================
Received Import Request.
  Time of request: 2026-08-11T15:50:24.0425608Z
  Time since last request: 0.0166992 seconds.
  importAddress: GUID: 82af0e247bcd4dc47b7050e51d1bbd97 - Path: Packages/com.unity.shadergraph/Editor/Data/Interfaces/IMayObsolete.cs - Importer: ScriptedImporter/UnityEditor.QuickSearchModule:UnityEditor.Search:ASIAI0B
Importing 'GUID: 82af0e247bcd4dc47b7050e51d1bbd97 - Path: Packages/com.unity.shadergraph/Editor/Data/Interfaces/IMayObsolete.cs - Importer: ScriptedImporter/UnityEditor.QuickSearchModule:UnityEditor.Search:ASIAI0B' with importer (ScriptedImporter : UnityEditor.QuickSearchModule:UnityEditor.Search:ASIAI0B)
Imported 'GUID: 82af0e247bcd4dc47b7050e51d1bbd97' -> (Import Result ID: '8089a7c1959df641c4e9b9c2b68cd615') in 0.003 seconds [static and dynamic dependencies]. Details - ImportResultOutputID=7fb6385ed31736bfd6c06bf64c6b9854 DependenciesID=a30794abae43a3734c1e4fc1911d0618 StaticDependenciesID=d1784039cab0a51b546d234e0fe90f1f 
Number of updated asset objects reloaded before import = 0
Number of asset objects unloaded after import = 0
========================================================================
Received Import Request.
  Time of request: 2026-08-11T15:50:24.0546898Z
  Time since last request: 0.0012092 seconds.
  importAddress: GUID: 55b79ff3831685f4eb272ac0a2cc2238 - Path: Packages/com.unity.shadergraph/Editor/Data/Graphs/Vector1MaterialIntegerSlot.cs - Importer: ScriptedImporter/UnityEditor.QuickSearchModule:UnityEditor.Search:ASIAI0B
Importing 'GUID: 55b79ff3831685f4eb272ac0a2cc2238 - Path: Packages/com.unity.shadergraph/Editor/Data/Graphs/Vector1MaterialIntegerSlot.cs - Importer: ScriptedImporter/UnityEditor.QuickSearchModule:UnityEditor.Search:ASIAI0B' with importer (ScriptedImporter : UnityEditor.QuickSearchModule:UnityEditor.Search:ASIAI0B)
Imported 'GUID: 55b79ff3831685f4eb272ac0a2cc2238' -> (Import Result ID: 'cceadcddf1c8b11f54bdd1182512dc78') in 0.003 seconds [static and dynamic dependencies]. Details - ImportResultOutputID=86f5ad863e91f009cb407882c8693c7f DependenciesID=ab864aa03f19870adbf871cd9bda2d95 StaticDependenciesID=2ce2170066661b2dcdcdf523577887ed 
Number of updated asset objects reloaded before import = 0
Number of asset objects unloaded after import = 0
========================================================================
Received Import Request.
  Time of request: 2026-08-11T15:50:24.0661931Z
  Time since last request: 0.0006166 seconds.
  importAddress: GUID: eb19b5420cdd2894c92c1683993bee49 - Path: Packages/com.unity.shadergraph/Editor/Data/Graphs/Vector3MaterialSlot.cs - Importer: ScriptedImporter/UnityEditor.QuickSearchModule:UnityEditor.Search:ASIAI0B
Importing 'GUID: eb19b5420cdd2894c92c1683993bee49 - Path: Packages/com.unity.shadergraph/Editor/Data/Graphs/Vector3MaterialSlot.cs - Importer: ScriptedImporter/UnityEditor.QuickSearchModule:UnityEditor.Search:ASIAI0B' with importer (ScriptedImporter : UnityEditor.QuickSearchModule:UnityEditor.Search:ASIAI0B)
Imported 'GUID: eb19b5420cdd2894c92c1683993bee49' -> (Import Result ID: '6107fb1f2c43d820000b3f03bb11ef12') in 0.003 seconds [static and dynamic dependencies]. Details - ImportResultOutputID=13f4e31ab9eb1f69c8a51f387427a2cb DependenciesID=c27db69dd06d63592804ba3c29369573 StaticDependenciesID=98edad0e57a7f790f09a87d414b31eeb 
Number of updated asset objects reloaded before import = 0
Number of asset objects unloaded after import = 0
========================================================================
Received Import Request.
  Time of request: 2026-08-11T15:50:24.0788622Z
  Time since last request: 0.0002546 seconds.
  importAddress: GUID: 23f5d9c2f1ec442a7b8c59e893a6724d - Path: Packages/com.unity.shadergraph/Editor/Data/Interfaces/IMayRequireFaceSign.cs - Importer: ScriptedImporter/UnityEditor.QuickSearchModule:UnityEditor.Search:ASIAI0B
Importing 'GUID: 23f5d9c2f1ec442a7b8c59e893a6724d - Path: Packages/com.unity.shadergraph/Editor/Data/Interfaces/IMayRequireFaceSign.cs - Importer: ScriptedImporter/UnityEditor.QuickSearchModule:UnityEditor.Search:ASIAI0B' with importer (ScriptedImporter : UnityEditor.QuickSearchModule:UnityEditor.Search:ASIAI0B)
Imported 'GUID: 23f5d9c2f1ec442a7b8c59e893a6724d' -> (Import Result ID: '92c85dc48a898be973c76ab53a8b6601') in 0.003 seconds [static and dynamic dependencies]. Details - ImportResultOutputID=46cb7976a5ad4540f509ab5ae16bef83 DependenciesID=9b68e13c6b196e6d4ab8db24838afbfd StaticDependenciesID=ac5034220ecb352e1d0c052204db143b 
Number of updated asset objects reloaded before import = 0
Number of asset objects unloaded after import = 0
========================================================================
Received Import Request.
  Time of request: 2026-08-11T15:50:24.0921913Z
  Time since last request: 0.0003099 seconds.
  importAddress: GUID: f7223ad4b07146cc98966aad000f017d - Path: Packages/com.unity.shadergraph/Editor/Data/Interfaces/IMayRequireScreenPosition.cs - Importer: ScriptedImporter/UnityEditor.QuickSearchModule:UnityEditor.Search:ASIAI0B
Importing 'GUID: f7223ad4b07146cc98966aad000f017d - Path: Packages/com.unity.shadergraph/Editor/Data/Interfaces/IMayRequireScreenPosition.cs - Importer: ScriptedImporter/UnityEditor.QuickSearchModule:UnityEditor.Search:ASIAI0B' with importer (ScriptedImporter : UnityEditor.QuickSearchModule:UnityEditor.Search:ASIAI0B)
Imported 'GUID: f7223ad4b07146cc98966aad000f017d' -> (Import Result ID: 'fe5aea4b922eeb7471363e93178b1b34') in 0.003 seconds [static and dynamic dependencies]. Details - ImportResultOutputID=280f768de0cd8c4b8fddb34ce83d0cce DependenciesID=9b77474896c6cd51c1422f955e2ae415 StaticDependenciesID=3264aa97f580d84fbc8e3e772917582a 
Number of updated asset objects reloaded before import = 0
Number of asset objects unloaded after import = 0
========================================================================
Received Import Request.
  Time of request: 2026-08-11T15:50:24.1043629Z
  Time since last request: 0.0003978 seconds.
  importAddress: GUID: e66d88e09e6cd6648944e3ee0e997f62 - Path: Packages/com.unity.shadergraph/Editor/Data/Implementation/IHasDependencies.cs - Importer: ScriptedImporter/UnityEditor.QuickSearchModule:UnityEditor.Search:ASIAI0B
Importing 'GUID: e66d88e09e6cd6648944e3ee0e997f62 - Path: Packages/com.unity.shadergraph/Editor/Data/Implementation/IHasDependencies.cs - Importer: ScriptedImporter/UnityEditor.QuickSearchModule:UnityEditor.Search:ASIAI0B' with importer (ScriptedImporter : UnityEditor.QuickSearchModule:UnityEditor.Search:ASIAI0B)
Imported 'GUID: e66d88e09e6cd6648944e3ee0e997f62' -> (Import Result ID: '9cf1a8e33fa71836bc7d30c88c42b258') in 0.004 seconds [static and dynamic dependencies]. Details - ImportResultOutputID=1ee57f3bc03c9850e3f182da4067887d DependenciesID=a0a8ea7fe91484206d095f9ee4b7f746 StaticDependenciesID=f84f80fcbc0532124461dc6da98b6ed5 
Number of updated asset objects reloaded before import = 0
Number of asset objects unloaded after import = 0
========================================================================
Received Import Request.
  Time of request: 2026-08-11T15:50:24.1176489Z
  Time since last request: 0.0004832 seconds.
  importAddress: GUID: c465ac18d51260d41999717f8c47770f - Path: Packages/com.unity.shadergraph/Editor/Data/Implementation/SlotType.cs - Importer: ScriptedImporter/UnityEditor.QuickSearchModule:UnityEditor.Search:ASIAI0B
Importing 'GUID: c465ac18d51260d41999717f8c47770f - Path: Packages/com.unity.shadergraph/Editor/Data/Implementation/SlotType.cs - Importer: ScriptedImporter/UnityEditor.QuickSearchModule:UnityEditor.Search:ASIAI0B' with importer (ScriptedImporter : UnityEditor.QuickSearchModule:UnityEditor.Search:ASIAI0B)
Imported 'GUID: c465ac18d51260d41999717f8c47770f' -> (Import Result ID: '447c8e262847514f34a38327dc74dd42') in 0.003 seconds [static and dynamic dependencies]. Details - ImportResultOutputID=cf2cf5c42ca552796ad0d0ca0522dc70 DependenciesID=bbd046c30aa5be087d624390371cb798 StaticDependenciesID=a09f0c3019cd6d6f1588924894e2b8b9 
Number of updated asset objects reloaded before import = 0
Number of asset objects unloaded after import = 0
========================================================================
Received Import Request.
  Time of request: 2026-08-11T15:50:24.1281786Z
  Time since last request: 0.0002556 seconds.
  importAddress: GUID: 082e978a9662664438ab8eefff588598 - Path: Packages/com.unity.shadergraph/Editor/Data/Graphs/VirtualTextureInputMaterialSlot.cs - Importer: ScriptedImporter/UnityEditor.QuickSearchModule:UnityEditor.Search:ASIAI0B
Importing 'GUID: 082e978a9662664438ab8eefff588598 - Path: Packages/com.unity.shadergraph/Editor/Data/Graphs/VirtualTextureInputMaterialSlot.cs - Importer: ScriptedImporter/UnityEditor.QuickSearchModule:UnityEditor.Search:ASIAI0B' with importer (ScriptedImporter : UnityEditor.QuickSearchModule:UnityEditor.Search:ASIAI0B)
Imported 'GUID: 082e978a9662664438ab8eefff588598' -> (Import Result ID: '32d3788dd18f793ef7f00a80e02a2af1') in 0.003 seconds [static and dynamic dependencies]. Details - ImportResultOutputID=598d3b906f8601cea427545f70d41f1b DependenciesID=91c642346e8ea92229f047c6c89798d3 StaticDependenciesID=c2462e8adfd4e3461e6b327b8b92f626 
Number of updated asset objects reloaded before import = 0
Number of asset objects unloaded after import = 0
========================================================================
Received Import Request.
  Time of request: 2026-08-11T15:50:24.1495817Z
  Time since last request: 0.0104073 seconds.
  importAddress: GUID: 7d59a0bb237356a4f8f2284efb092c15 - Path: Packages/com.unity.shadergraph/Editor/Data/Util/ShaderGraphRequirementsPerKeyword.cs - Importer: ScriptedImporter/UnityEditor.QuickSearchModule:UnityEditor.Search:ASIAI0B
Importing 'GUID: 7d59a0bb237356a4f8f2284efb092c15 - Path: Packages/com.unity.shadergraph/Editor/Data/Util/ShaderGraphRequirementsPerKeyword.cs - Importer: ScriptedImporter/UnityEditor.QuickSearchModule:UnityEditor.Search:ASIAI0B' with importer (ScriptedImporter : UnityEditor.QuickSearchModule:UnityEditor.Search:ASIAI0B)
Imported 'GUID: 7d59a0bb237356a4f8f2284efb092c15' -> (Import Result ID: 'dcd7f415ad05f4e27a3f62373c44ea81') in 0.003 seconds [static and dynamic dependencies]. Details - ImportResultOutputID=702cfe0438fd47bea40c9f6d1297973b DependenciesID=0f9107032941018bc205c1f76d4663b3 StaticDependenciesID=615479f514ede907098bbaf16a84110d 
Number of updated asset objects reloaded before import = 0
Number of asset objects unloaded after import = 0
========================================================================
Received Import Request.
  Time of request: 2026-08-11T15:50:24.1611615Z
  Time since last request: 0.0010848 seconds.
  importAddress: GUID: 55caa2b37c207664c8eec20cd2f2ff45 - Path: Packages/com.unity.shadergraph/Editor/Data/Util/RGBANodeOutput.cs - Importer: ScriptedImporter/UnityEditor.QuickSearchModule:UnityEditor.Search:ASIAI0B
Importing 'GUID: 55caa2b37c207664c8eec20cd2f2ff45 - Path: Packages/com.unity.shadergraph/Editor/Data/Util/RGBANodeOutput.cs - Importer: ScriptedImporter/UnityEditor.QuickSearchModule:UnityEditor.Search:ASIAI0B' with importer (ScriptedImporter : UnityEditor.QuickSearchModule:UnityEditor.Search:ASIAI0B)
Imported 'GUID: 55caa2b37c207664c8eec20cd2f2ff45' -> (Import Result ID: '4f010a05703460e8210e694dee3c7407') in 0.003 seconds [static and dynamic dependencies]. Details - ImportResultOutputID=e5d02b0c47d0236d2bacd1b0544e1835 DependenciesID=b969a7be93530f9bdb73ec5cf3295d33 StaticDependenciesID=a44266bd5f3f2c53667d2138e7a606e2 
Number of updated asset objects reloaded before import = 0
Number of asset objects unloaded after import = 0
========================================================================
Received Import Request.
  Time of request: 2026-08-11T15:50:24.1721379Z
  Time since last request: 0.0005026 seconds.
  importAddress: GUID: 275b56f32a48a0f4ab244ca9aa3884c9 - Path: Packages/com.unity.shadergraph/Editor/Data/Interfaces/IMayRequireTime.cs - Importer: ScriptedImporter/UnityEditor.QuickSearchModule:UnityEditor.Search:ASIAI0B
Importing 'GUID: 275b56f32a48a0f4ab244ca9aa3884c9 - Path: Packages/com.unity.shadergraph/Editor/Data/Interfaces/IMayRequireTime.cs - Importer: ScriptedImporter/UnityEditor.QuickSearchModule:UnityEditor.Search:ASIAI0B' with importer (ScriptedImporter : UnityEditor.QuickSearchModule:UnityEditor.Search:ASIAI0B)
Imported 'GUID: 275b56f32a48a0f4ab244ca9aa3884c9' -> (Import Result ID: 'cd1955616da4ecb564717e93c002a50e') in 0.003 seconds [static and dynamic dependencies]. Details - ImportResultOutputID=a2ac473a3abed71991dcb007fc18213b DependenciesID=37b12d5566739ea4325efedfef645231 StaticDependenciesID=3676b89cf745b9b5c1abbd2277e583e3 
Number of updated asset objects reloaded before import = 0
Number of asset objects unloaded after import = 0
========================================================================
Received Import Request.
  Time of request: 2026-08-11T15:50:24.1848063Z
  Time since last request: 0.0008593 seconds.
  importAddress: GUID: 3ed144f424a684a25971321011ebb096 - Path: Packages/com.unity.shadergraph/Editor/Data/Nodes/CodeFunctionNode.cs - Importer: ScriptedImporter/UnityEditor.QuickSearchModule:UnityEditor.Search:ASIAI0B
Importing 'GUID: 3ed144f424a684a25971321011ebb096 - Path: Packages/com.unity.shadergraph/Editor/Data/Nodes/CodeFunctionNode.cs - Importer: ScriptedImporter/UnityEditor.QuickSearchModule:UnityEditor.Search:ASIAI0B' with importer (ScriptedImporter : UnityEditor.QuickSearchModule:UnityEditor.Search:ASIAI0B)
Imported 'GUID: 3ed144f424a684a25971321011ebb096' -> (Import Result ID: 'af83fb7998e97994232cc33b052caea1') in 0.003 seconds [static and dynamic dependencies]. Details - ImportResultOutputID=e8971254880dbef6e8c39d5f75751e85 DependenciesID=9fbc6443f3e11b0fc16b48aa17e58ea6 StaticDependenciesID=fe440b6eafab5856f335e138de6c5d10 
Number of updated asset objects reloaded before import = 0
Number of asset objects unloaded after import = 0
========================================================================
Received Import Request.
  Time of request: 2026-08-11T15:50:24.1969922Z
  Time since last request: 0.0006528 seconds.
  importAddress: GUID: 8d9d2a94c350c0d4791c2220a26a54b0 - Path: Packages/com.unity.shadergraph/Editor/Data/Interfaces/IMayRequireViewDirection.cs - Importer: ScriptedImporter/UnityEditor.QuickSearchModule:UnityEditor.Search:ASIAI0B
Importing 'GUID: 8d9d2a94c350c0d4791c2220a26a54b0 - Path: Packages/com.unity.shadergraph/Editor/Data/Interfaces/IMayRequireViewDirection.cs - Importer: ScriptedImporter/UnityEditor.QuickSearchModule:UnityEditor.Search:ASIAI0B' with importer (ScriptedImporter : UnityEditor.QuickSearchModule:UnityEditor.Search:ASIAI0B)
Imported 'GUID: 8d9d2a94c350c0d4791c2220a26a54b0' -> (Import Result ID: '18a319566ff95d82c97ef85de101adcf') in 0.003 seconds [static and dynamic dependencies]. Details - ImportResultOutputID=7a36d3c6284cf97a897edb28ef472b85 DependenciesID=bcb41ceec548f82f4ce13c8e5b418cfb StaticDependenciesID=be959db9217fdc073f72240aaba6895e 
Number of updated asset objects reloaded before import = 0
Number of asset objects unloaded after import = 0
========================================================================
Received Import Request.
  Time of request: 2026-08-11T15:50:24.2076644Z
  Time since last request: 0.000284 seconds.
  importAddress: GUID: 226fc3c1379acec4b921a0ac0f986089 - Path: Packages/com.unity.shadergraph/Editor/Data/Nodes/SlotValue.cs - Importer: ScriptedImporter/UnityEditor.QuickSearchModule:UnityEditor.Search:ASIAI0B
Importing 'GUID: 226fc3c1379acec4b921a0ac0f986089 - Path: Packages/com.unity.shadergraph/Editor/Data/Nodes/SlotValue.cs - Importer: ScriptedImporter/UnityEditor.QuickSearchModule:UnityEditor.Search:ASIAI0B' with importer (ScriptedImporter : UnityEditor.QuickSearchModule:UnityEditor.Search:ASIAI0B)
Imported 'GUID: 226fc3c1379acec4b921a0ac0f986089' -> (Import Result ID: 'a1b1152bf81686142a2b951618e3dea6') in 0.003 seconds [static and dynamic dependencies]. Details - ImportResultOutputID=2071c181b134649041f16002cef7e70f DependenciesID=c670121ff589fe3996919ffab9cb98fa StaticDependenciesID=d0617f8826ef178434a3fa6973a14f35 
Number of updated asset objects reloaded before import = 0
Number of asset objects unloaded after import = 0
========================================================================
Received Import Request.
  Time of request: 2026-08-11T15:50:24.2206704Z
  Time since last request: 0.0003623 seconds.
  importAddress: GUID: e370946d202a43edaabc0940f13932cd - Path: Packages/com.unity.shadergraph/Editor/Data/Interfaces/IPropertyDrawer.cs - Importer: ScriptedImporter/UnityEditor.QuickSearchModule:UnityEditor.Search:ASIAI0B
Importing 'GUID: e370946d202a43edaabc0940f13932cd - Path: Packages/com.unity.shadergraph/Editor/Data/Interfaces/IPropertyDrawer.cs - Importer: ScriptedImporter/UnityEditor.QuickSearchModule:UnityEditor.Search:ASIAI0B' with importer (ScriptedImporter : UnityEditor.QuickSearchModule:UnityEditor.Search:ASIAI0B)
Imported 'GUID: e370946d202a43edaabc0940f13932cd' -> (Import Result ID: 'af71870453da3cc1f6b6f940070442c8') in 0.003 seconds [static and dynamic dependencies]. Details - ImportResultOutputID=2fb8918cf12c71bc1a518f001fd14548 DependenciesID=5cac6500f133cfae7df31d4bc097fadd StaticDependenciesID=7f96dececf4b9c2c0bd5dd8e3f225380 
Number of updated asset objects reloaded before import = 0
Number of asset objects unloaded after import = 0
========================================================================
Received Import Request.
  Time of request: 2026-08-11T15:50:24.2325625Z
  Time since last request: 0.0003207 seconds.
  importAddress: GUID: 8ad845bb8ef34e4589bcf630a8a8a31a - Path: Packages/com.unity.shadergraph/Editor/Data/Interfaces/NeededCoordinateSpace.cs - Importer: ScriptedImporter/UnityEditor.QuickSearchModule:UnityEditor.Search:ASIAI0B
Importing 'GUID: 8ad845bb8ef34e4589bcf630a8a8a31a - Path: Packages/com.unity.shadergraph/Editor/Data/Interfaces/NeededCoordinateSpace.cs - Importer: ScriptedImporter/UnityEditor.QuickSearchModule:UnityEditor.Search:ASIAI0B' with importer (ScriptedImporter : UnityEditor.QuickSearchModule:UnityEditor.Search:ASIAI0B)
Imported 'GUID: 8ad845bb8ef34e4589bcf630a8a8a31a' -> (Import Result ID: 'c25cb4b634d45bf8566405726d055819') in 0.003 seconds [static and dynamic dependencies]. Details - ImportResultOutputID=68d3be406d3d6f1709a79236dce327e7 DependenciesID=fa57c85b673983f2b92edfc19b6f979c StaticDependenciesID=67ac5e11689bac1c2cb5b6abfcce513a 
Number of updated asset objects reloaded before import = 0
Number of asset objects unloaded after import = 0
========================================================================
Received Import Request.
  Time of request: 2026-08-11T15:50:24.2694059Z
  Time since last request: 0.0255947 seconds.
  importAddress: GUID: fd84c20068e34fd1988393f51b9ef723 - Path: Packages/com.unity.shadergraph/Editor/Drawing/Interfaces/ISGControlledElement.cs - Importer: ScriptedImporter/UnityEditor.QuickSearchModule:UnityEditor.Search:ASIAI0B
Importing 'GUID: fd84c20068e34fd1988393f51b9ef723 - Path: Packages/com.unity.shadergraph/Editor/Drawing/Interfaces/ISGControlledElement.cs - Importer: ScriptedImporter/UnityEditor.QuickSearchModule:UnityEditor.Search:ASIAI0B' with importer (ScriptedImporter : UnityEditor.QuickSearchModule:UnityEditor.Search:ASIAI0B)
Imported 'GUID: fd84c20068e34fd1988393f51b9ef723' -> (Import Result ID: 'b6c215bbb8cf0915cb165a34ef02444d') in 0.004 seconds [static and dynamic dependencies]. Details - ImportResultOutputID=3ac93338b6cd243473f0d3802bc96455 DependenciesID=d4b61dc67aefcde6c368728ef3803799 StaticDependenciesID=fd3b1b0203c74c453c5e18fc88d3358e 
Number of updated asset objects reloaded before import = 0
Number of asset objects unloaded after import = 0
========================================================================
Received Import Request.
  Time of request: 2026-08-11T15:50:24.2816946Z
  Time since last request: 0.0012019 seconds.
  importAddress: GUID: a0e142b8abd53a243b029b58247caacc - Path: Packages/com.unity.shadergraph/Editor/Drawing/Controls/IdentifierControl.cs - Importer: ScriptedImporter/UnityEditor.QuickSearchModule:UnityEditor.Search:ASIAI0B
Importing 'GUID: a0e142b8abd53a243b029b58247caacc - Path: Packages/com.unity.shadergraph/Editor/Drawing/Controls/IdentifierControl.cs - Importer: ScriptedImporter/UnityEditor.QuickSearchModule:UnityEditor.Search:ASIAI0B' with importer (ScriptedImporter : UnityEditor.QuickSearchModule:UnityEditor.Search:ASIAI0B)
Imported 'GUID: a0e142b8abd53a243b029b58247caacc' -> (Import Result ID: '6a214788ad84f00092d221f9baa6c403') in 0.004 seconds [static and dynamic dependencies]. Details - ImportResultOutputID=5bbf9e66ee99fce229901ca63801b966 DependenciesID=88de946629a2aa3915dcbd6158cc6cde StaticDependenciesID=fe921454d5e4ef4846a460983d0f2539 
Number of updated asset objects reloaded before import = 0
Number of asset objects unloaded after import = 0
========================================================================
Received Import Request.
  Time of request: 2026-08-11T15:50:24.2942498Z
  Time since last request: 0.0011995 seconds.
  importAddress: GUID: c32d860c6f767f14fa889dffac527bc5 - Path: Packages/com.unity.shadergraph/Editor/Drawing/Controls/ChannelEnumMaskControl.cs - Importer: ScriptedImporter/UnityEditor.QuickSearchModule:UnityEditor.Search:ASIAI0B
Importing 'GUID: c32d860c6f767f14fa889dffac527bc5 - Path: Packages/com.unity.shadergraph/Editor/Drawing/Controls/ChannelEnumMaskControl.cs - Importer: ScriptedImporter/UnityEditor.QuickSearchModule:UnityEditor.Search:ASIAI0B' with importer (ScriptedImporter : UnityEditor.QuickSearchModule:UnityEditor.Search:ASIAI0B)
Imported 'GUID: c32d860c6f767f14fa889dffac527bc5' -> (Import Result ID: 'e169b0213e8516460e8d5a43df2d96ff') in 0.003 seconds [static and dynamic dependencies]. Details - ImportResultOutputID=8757640131ea2a02f42347f74479028b DependenciesID=d690e12313223bde16c9b0d893902f53 StaticDependenciesID=88e098fe8363d0f76b186b98c8ef2a26 
Number of updated asset objects reloaded before import = 0
Number of asset objects unloaded after import = 0
========================================================================
Received Import Request.
  Time of request: 2026-08-11T15:50:24.3078394Z
  Time since last request: 0.0004 seconds.
  importAddress: GUID: 7481cf2e22074dbdb915ebd086bd0652 - Path: Packages/com.unity.shadergraph/Editor/Drawing/Blackboard/SGBlackboardRow.cs - Importer: ScriptedImporter/UnityEditor.QuickSearchModule:UnityEditor.Search:ASIAI0B
Importing 'GUID: 7481cf2e22074dbdb915ebd086bd0652 - Path: Packages/com.unity.shadergraph/Editor/Drawing/Blackboard/SGBlackboardRow.cs - Importer: ScriptedImporter/UnityEditor.QuickSearchModule:UnityEditor.Search:ASIAI0B' with importer (ScriptedImporter : UnityEditor.QuickSearchModule:UnityEditor.Search:ASIAI0B)
Imported 'GUID: 7481cf2e22074dbdb915ebd086bd0652' -> (Import Result ID: '80d77a79cc3532fc52fb74f8e8a31d43') in 0.005 seconds [static and dynamic dependencies]. Details - ImportResultOutputID=d3043c509272e451278a0b38ccabe404 DependenciesID=117a689dc1cd6c65ba9b2822ec8e300e StaticDependenciesID=3fe9bb99c972ca01c27369b38db6c935 
Number of updated asset objects reloaded before import = 0
Number of asset objects unloaded after import = 0
========================================================================
Received Import Request.
  Time of request: 2026-08-11T15:50:24.322851Z
  Time since last request: 0.0003652 seconds.
  importAddress: GUID: 3a1e13c5e67541d7ad7ae18ea5a834e4 - Path: Packages/com.unity.shadergraph/Editor/Drawing/Controls/EnumControl.cs - Importer: ScriptedImporter/UnityEditor.QuickSearchModule:UnityEditor.Search:ASIAI0B
Importing 'GUID: 3a1e13c5e67541d7ad7ae18ea5a834e4 - Path: Packages/com.unity.shadergraph/Editor/Drawing/Controls/EnumControl.cs - Importer: ScriptedImporter/UnityEditor.QuickSearchModule:UnityEditor.Search:ASIAI0B' with importer (ScriptedImporter : UnityEditor.QuickSearchModule:UnityEditor.Search:ASIAI0B)
Imported 'GUID: 3a1e13c5e67541d7ad7ae18ea5a834e4' -> (Import Result ID: '6cf52d366f4eb07328e882553c35ffbc') in 0.003 seconds [static and dynamic dependencies]. Details - ImportResultOutputID=729d2842aa42ee596e62f5a8f6072e3c DependenciesID=1480e981ee2cde753d45486a3e9894f3 StaticDependenciesID=f63e44ac7ce92640f1c85796d74db012 
Number of updated asset objects reloaded before import = 0
Number of asset objects unloaded after import = 0
========================================================================
Received Import Request.
  Time of request: 2026-08-11T15:50:24.33568Z
  Time since last request: 0.0003551 seconds.
  importAddress: GUID: 9ea23c5e75fdbea49824261efe5fc133 - Path: Packages/com.unity.shadergraph/Editor/Drawing/Manipulators/Scrollable.cs - Importer: ScriptedImporter/UnityEditor.QuickSearchModule:UnityEditor.Search:ASIAI0B
Importing 'GUID: 9ea23c5e75fdbea49824261efe5fc133 - Path: Packages/com.unity.shadergraph/Editor/Drawing/Manipulators/Scrollable.cs - Importer: ScriptedImporter/UnityEditor.QuickSearchModule:UnityEditor.Search:ASIAI0B' with importer (ScriptedImporter : UnityEditor.QuickSearchModule:UnityEditor.Search:ASIAI0B)
Imported 'GUID: 9ea23c5e75fdbea49824261efe5fc133' -> (Import Result ID: '30e52dca7cc03b107b586a9755b62ae0') in 0.003 seconds [static and dynamic dependencies]. Details - ImportResultOutputID=eaea595c301bbbb6fad3c0d79f8843de DependenciesID=53784ddaf92df0e8a700546b52e84673 StaticDependenciesID=4952cfc557219a84ab04f00b2095920a 
Number of updated asset objects reloaded before import = 0
Number of asset objects unloaded after import = 0
========================================================================
Received Import Request.
  Time of request: 2026-08-11T15:50:24.3471409Z
  Time since last request: 0.0004372 seconds.
  importAddress: GUID: 739266dbe5679492f90aba99b9265731 - Path: Packages/com.unity.shadergraph/Editor/Drawing/Colors/ColorManager.cs - Importer: ScriptedImporter/UnityEditor.QuickSearchModule:UnityEditor.Search:ASIAI0B
Importing 'GUID: 739266dbe5679492f90aba99b9265731 - Path: Packages/com.unity.shadergraph/Editor/Drawing/Colors/ColorManager.cs - Importer: ScriptedImporter/UnityEditor.QuickSearchModule:UnityEditor.Search:ASIAI0B' with importer (ScriptedImporter : UnityEditor.QuickSearchModule:UnityEditor.Search:ASIAI0B)
Imported 'GUID: 739266dbe5679492f90aba99b9265731' -> (Import Result ID: 'adf49cb4f97954231b1c30fdf4346836') in 0.003 seconds [static and dynamic dependencies]. Details - ImportResultOutputID=d7f477be949ea3fe91b1ba2121b30ace DependenciesID=537cd158a3a26e22752568a4cbc2883b StaticDependenciesID=60b0ac35e29730e85818db7417124591 
Number of updated asset objects reloaded before import = 0
Number of asset objects unloaded after import = 0
========================================================================
Received Import Request.
  Time of request: 2026-08-11T15:50:24.3581444Z
  Time since last request: 0.0003545 seconds.
  importAddress: GUID: 8b25321bfcc6454b9c673c127a84bb0c - Path: Packages/com.unity.shadergraph/Editor/Drawing/Controllers/BlackboardController.cs - Importer: ScriptedImporter/UnityEditor.QuickSearchModule:UnityEditor.Search:ASIAI0B
Importing 'GUID: 8b25321bfcc6454b9c673c127a84bb0c - Path: Packages/com.unity.shadergraph/Editor/Drawing/Controllers/BlackboardController.cs - Importer: ScriptedImporter/UnityEditor.QuickSearchModule:UnityEditor.Search:ASIAI0B' with importer (ScriptedImporter : UnityEditor.QuickSearchModule:UnityEditor.Search:ASIAI0B)
Imported 'GUID: 8b25321bfcc6454b9c673c127a84bb0c' -> (Import Result ID: 'bd689f6c7c4b0e0ccf543d1cc59ac010') in 0.004 seconds [static and dynamic dependencies]. Details - ImportResultOutputID=c6a7ba52110f0094415461afb72edbe9 DependenciesID=c85d1bdcba255e207b2e573dcade0c6f StaticDependenciesID=8f1fb24b2200ce5a1e98526308355715 
Number of updated asset objects reloaded before import = 0
Number of asset objects unloaded after import = 0
========================================================================
Received Import Request.
  Time of request: 2026-08-11T15:50:24.3876387Z
  Time since last request: 0.0178198 seconds.
  importAddress: GUID: 657c4c9b7ac7f46f8931f7d44835ed37 - Path: Packages/com.unity.shadergraph/Editor/Generation/Collections/KeywordCollection.cs - Importer: ScriptedImporter/UnityEditor.QuickSearchModule:UnityEditor.Search:ASIAI0B
Importing 'GUID: 657c4c9b7ac7f46f8931f7d44835ed37 - Path: Packages/com.unity.shadergraph/Editor/Generation/Collections/KeywordCollection.cs - Importer: ScriptedImporter/UnityEditor.QuickSearchModule:UnityEditor.Search:ASIAI0B' with importer (ScriptedImporter : UnityEditor.QuickSearchModule:UnityEditor.Search:ASIAI0B)
Imported 'GUID: 657c4c9b7ac7f46f8931f7d44835ed37' -> (Import Result ID: '23c9b2ebdf68c3d0baa65035a3099394') in 0.003 seconds [static and dynamic dependencies]. Details - ImportResultOutputID=5753bfc53a6abb4b883f231e98517bfc DependenciesID=b62e622e19a49676cea26fa4e65d816b StaticDependenciesID=412be94f3304d214415b49e0f107af66 
Number of updated asset objects reloaded before import = 0
Number of asset objects unloaded after import = 0
========================================================================
Received Import Request.
  Time of request: 2026-08-11T15:50:24.3998307Z
  Time since last request: 0.0012435 seconds.
  importAddress: GUID: 591446816a0b4e5b86e822af5b931bc5 - Path: Packages/com.unity.shadergraph/Editor/Generation/Descriptors/KernelDescriptor.cs - Importer: ScriptedImporter/UnityEditor.QuickSearchModule:UnityEditor.Search:ASIAI0B
Importing 'GUID: 591446816a0b4e5b86e822af5b931bc5 - Path: Packages/com.unity.shadergraph/Editor/Generation/Descriptors/KernelDescriptor.cs - Importer: ScriptedImporter/UnityEditor.QuickSearchModule:UnityEditor.Search:ASIAI0B' with importer (ScriptedImporter : UnityEditor.QuickSearchModule:UnityEditor.Search:ASIAI0B)
Imported 'GUID: 591446816a0b4e5b86e822af5b931bc5' -> (Import Result ID: '44f5e720accaa82a75d9baa815688b57') in 0.003 seconds [static and dynamic dependencies]. Details - ImportResultOutputID=b68a57a485238dc11c89ec68012be121 DependenciesID=12df17f0939ff9ecbab4e1182e348715 StaticDependenciesID=4f86ee08a20424158fa7ac92291ca5ab 
Number of updated asset objects reloaded before import = 0
Number of asset objects unloaded after import = 0
========================================================================
Received Import Request.
  Time of request: 2026-08-11T15:50:24.4120986Z
  Time since last request: 0.0004611 seconds.
  importAddress: GUID: 5b0e9f1f7df8dc34a984c30b56cf998b - Path: Packages/com.unity.shadergraph/Editor/Generation/Contexts/TargetPropertyGUIContext.cs - Importer: ScriptedImporter/UnityEditor.QuickSearchModule:UnityEditor.Search:ASIAI0B
Importing 'GUID: 5b0e9f1f7df8dc34a984c30b56cf998b - Path: Packages/com.unity.shadergraph/Editor/Generation/Contexts/TargetPropertyGUIContext.cs - Importer: ScriptedImporter/UnityEditor.QuickSearchModule:UnityEditor.Search:ASIAI0B' with importer (ScriptedImporter : UnityEditor.QuickSearchModule:UnityEditor.Search:ASIAI0B)
Imported 'GUID: 5b0e9f1f7df8dc34a984c30b56cf998b' -> (Import Result ID: '6a5f6fe0577f9811d00eb53285b8c202') in 0.004 seconds [static and dynamic dependencies]. Details - ImportResultOutputID=566ece724dd29aac9eee605cfd3660b4 DependenciesID=8f14b3b4cdf66657376c3933d37ad01c StaticDependenciesID=09e6a444ec8210c1ec1810663cb6af7d 
Number of updated asset objects reloaded before import = 0
Number of asset objects unloaded after import = 0
========================================================================
Received Import Request.
  Time of request: 2026-08-11T15:50:24.4258208Z
  Time since last request: 0.0002576 seconds.
  importAddress: GUID: c68ce9e6274103943b0a6bfd15f48618 - Path: Packages/com.unity.shadergraph/Editor/Generation/Data/FieldCondition.cs - Importer: ScriptedImporter/UnityEditor.QuickSearchModule:UnityEditor.Search:ASIAI0B
Importing 'GUID: c68ce9e6274103943b0a6bfd15f48618 - Path: Packages/com.unity.shadergraph/Editor/Generation/Data/FieldCondition.cs - Importer: ScriptedImporter/UnityEditor.QuickSearchModule:UnityEditor.Search:ASIAI0B' with importer (ScriptedImporter : UnityEditor.QuickSearchModule:UnityEditor.Search:ASIAI0B)
Imported 'GUID: c68ce9e6274103943b0a6bfd15f48618' -> (Import Result ID: '751f176dfd44f0ec88321c9f6722fae7') in 0.003 seconds [static and dynamic dependencies]. Details - ImportResultOutputID=7dd65c23e4bc0597e41b11a876906973 DependenciesID=99421e563d88a18061cd4eaa388f00ce StaticDependenciesID=2ef67894654b9c45647d138d73fe2c47 
Number of updated asset objects reloaded before import = 0
Number of asset objects unloaded after import = 0
========================================================================
Received Import Request.
  Time of request: 2026-08-11T15:50:24.4376825Z
  Time since last request: 0.0007492 seconds.
  importAddress: GUID: 490eb33c72bded5438bc8d55900ad68f - Path: Packages/com.unity.shadergraph/Editor/Generation/Descriptors/RenderStateDescriptor.cs - Importer: ScriptedImporter/UnityEditor.QuickSearchModule:UnityEditor.Search:ASIAI0B
Importing 'GUID: 490eb33c72bded5438bc8d55900ad68f - Path: Packages/com.unity.shadergraph/Editor/Generation/Descriptors/RenderStateDescriptor.cs - Importer: ScriptedImporter/UnityEditor.QuickSearchModule:UnityEditor.Search:ASIAI0B' with importer (ScriptedImporter : UnityEditor.QuickSearchModule:UnityEditor.Search:ASIAI0B)
Imported 'GUID: 490eb33c72bded5438bc8d55900ad68f' -> (Import Result ID: '00c7f4bf373c764b6bd5f9bdc4a8b58d') in 0.003 seconds [static and dynamic dependencies]. Details - ImportResultOutputID=f56404d3632376ffe90e0139d6956843 DependenciesID=d7f0a74b239d4b4a92c9372f93479cf0 StaticDependenciesID=a539b29bbf74d7ead9548dcdc2eb6fd0 
Number of updated asset objects reloaded before import = 0
Number of asset objects unloaded after import = 0
========================================================================
Received Import Request.
  Time of request: 2026-08-11T15:50:24.4499306Z
  Time since last request: 0.0002994 seconds.
  importAddress: GUID: f37bd1bb1cb123a409370c2cc1eefef4 - Path: Packages/com.unity.shadergraph/Editor/Generation/Enumerations/BlendOp.cs - Importer: ScriptedImporter/UnityEditor.QuickSearchModule:UnityEditor.Search:ASIAI0B
Importing 'GUID: f37bd1bb1cb123a409370c2cc1eefef4 - Path: Packages/com.unity.shadergraph/Editor/Generation/Enumerations/BlendOp.cs - Importer: ScriptedImporter/UnityEditor.QuickSearchModule:UnityEditor.Search:ASIAI0B' with importer (ScriptedImporter : UnityEditor.QuickSearchModule:UnityEditor.Search:ASIAI0B)
Imported 'GUID: f37bd1bb1cb123a409370c2cc1eefef4' -> (Import Result ID: 'aac8322dde6d741362e047aff37443ba') in 0.003 seconds [static and dynamic dependencies]. Details - ImportResultOutputID=45af5c2cddcc6cef32a088df45d59ebb DependenciesID=e98f6b791880cf3b505466e72d961013 StaticDependenciesID=9f053f4ff967f4c4261e8d7e8b0a6fc7 
Number of updated asset objects reloaded before import = 0
Number of asset objects unloaded after import = 0
========================================================================
Received Import Request.
  Time of request: 2026-08-11T15:50:24.4608392Z
  Time since last request: 0.0003125 seconds.
  importAddress: GUID: 4a4c68fff9ff9cf4f9e9cf4d4077485b - Path: Packages/com.unity.shadergraph/Editor/Generation/Data/FieldDependency.cs - Importer: ScriptedImporter/UnityEditor.QuickSearchModule:UnityEditor.Search:ASIAI0B
Importing 'GUID: 4a4c68fff9ff9cf4f9e9cf4d4077485b - Path: Packages/com.unity.shadergraph/Editor/Generation/Data/FieldDependency.cs - Importer: ScriptedImporter/UnityEditor.QuickSearchModule:UnityEditor.Search:ASIAI0B' with importer (ScriptedImporter : UnityEditor.QuickSearchModule:UnityEditor.Search:ASIAI0B)
Imported 'GUID: 4a4c68fff9ff9cf4f9e9cf4d4077485b' -> (Import Result ID: '9166c9f5d833011ece05399b08727391') in 0.003 seconds [static and dynamic dependencies]. Details - ImportResultOutputID=1c4e76618f924bb2e738c0e462b0503e DependenciesID=ac731feeb0d485a1e41b1993f429dbd4 StaticDependenciesID=9f4ab6594d5724fc23f9c39e5a5f4924 
Number of updated asset objects reloaded before import = 0
Number of asset objects unloaded after import = 0
========================================================================
Received Import Request.
  Time of request: 2026-08-11T15:50:24.4734467Z
  Time since last request: 0.0002718 seconds.
  importAddress: GUID: d292685fd85281e4c8227eede0e9f090 - Path: Packages/com.unity.shadergraph/Editor/Drawing/Views/StickyNote.cs - Importer: ScriptedImporter/UnityEditor.QuickSearchModule:UnityEditor.Search:ASIAI0B
Importing 'GUID: d292685fd85281e4c8227eede0e9f090 - Path: Packages/com.unity.shadergraph/Editor/Drawing/Views/StickyNote.cs - Importer: ScriptedImporter/UnityEditor.QuickSearchModule:UnityEditor.Search:ASIAI0B' with importer (ScriptedImporter : UnityEditor.QuickSearchModule:UnityEditor.Search:ASIAI0B)
Imported 'GUID: d292685fd85281e4c8227eede0e9f090' -> (Import Result ID: '88ad646df0028a095428528b6e7ec5b3') in 0.003 seconds [static and dynamic dependencies]. Details - ImportResultOutputID=1d2b7e0948cc2a69af4baa32564138d1 DependenciesID=59fd008b537724b774aa4a11dee25589 StaticDependenciesID=87d48650549bce618379a07a0869710c 
Number of updated asset objects reloaded before import = 0
Number of asset objects unloaded after import = 0
========================================================================
Received Import Request.
  Time of request: 2026-08-11T15:50:24.5203902Z
  Time since last request: 0.0358591 seconds.
  importAddress: GUID: 24ba7ffe7e34c774a8c8c76d67b6bf23 - Path: Packages/com.unity.shadergraph/Editor/Generation/Enumerations/KeywordScope.cs - Importer: ScriptedImporter/UnityEditor.QuickSearchModule:UnityEditor.Search:ASIAI0B
Importing 'GUID: 24ba7ffe7e34c774a8c8c76d67b6bf23 - Path: Packages/com.unity.shadergraph/Editor/Generation/Enumerations/KeywordScope.cs - Importer: ScriptedImporter/UnityEditor.QuickSearchModule:UnityEditor.Search:ASIAI0B' with importer (ScriptedImporter : UnityEditor.QuickSearchModule:UnityEditor.Search:ASIAI0B)
Imported 'GUID: 24ba7ffe7e34c774a8c8c76d67b6bf23' -> (Import Result ID: '65d6267130b565dd5d9b4ef9fae89119') in 0.003 seconds [static and dynamic dependencies]. Details - ImportResultOutputID=409717977634a4b36e762814eb8067c5 DependenciesID=7180d44865569d453e31c8ad13a0ab82 StaticDependenciesID=b58fe5a42b4b01ede80ed9596146c915 
Number of updated asset objects reloaded before import = 0
Number of asset objects unloaded after import = 0
========================================================================
Received Import Request.
  Time of request: 2026-08-11T15:50:24.5322717Z
  Time since last request: 0.000474 seconds.
  importAddress: GUID: 6fd001e2a845e514ebb19d4d11f3e0a9 - Path: Packages/com.unity.shadergraph/Editor/Generation/Enumerations/NormalDropOffSpace.cs - Importer: ScriptedImporter/UnityEditor.QuickSearchModule:UnityEditor.Search:ASIAI0B
Importing 'GUID: 6fd001e2a845e514ebb19d4d11f3e0a9 - Path: Packages/com.unity.shadergraph/Editor/Generation/Enumerations/NormalDropOffSpace.cs - Importer: ScriptedImporter/UnityEditor.QuickSearchModule:UnityEditor.Search:ASIAI0B' with importer (ScriptedImporter : UnityEditor.QuickSearchModule:UnityEditor.Search:ASIAI0B)
Imported 'GUID: 6fd001e2a845e514ebb19d4d11f3e0a9' -> (Import Result ID: '4d7e06be5572bdfbc0ffe9bf8b4eb9c1') in 0.003 seconds [static and dynamic dependencies]. Details - ImportResultOutputID=880c200f26403fe7aeb02e8c0d0799c8 DependenciesID=ffe8bc8c2013b2e7f4708ae8c70388c8 StaticDependenciesID=eb749d3f90a54ff807f0b7d367b86bc8 
Number of updated asset objects reloaded before import = 0
Number of asset objects unloaded after import = 0
========================================================================
Received Import Request.
  Time of request: 2026-08-11T15:50:24.5448062Z
  Time since last request: 0.0002363 seconds.
  importAddress: GUID: 8f2459b0837a8411dbfa2b61fdaca36e - Path: Packages/com.unity.shadergraph/Editor/Generation/TargetResources/BlockFields.cs - Importer: ScriptedImporter/UnityEditor.QuickSearchModule:UnityEditor.Search:ASIAI0B
Importing 'GUID: 8f2459b0837a8411dbfa2b61fdaca36e - Path: Packages/com.unity.shadergraph/Editor/Generation/TargetResources/BlockFields.cs - Importer: ScriptedImporter/UnityEditor.QuickSearchModule:UnityEditor.Search:ASIAI0B' with importer (ScriptedImporter : UnityEditor.QuickSearchModule:UnityEditor.Search:ASIAI0B)
Imported 'GUID: 8f2459b0837a8411dbfa2b61fdaca36e' -> (Import Result ID: '53da313c5f7912a833d7b41af2d7c8cd') in 0.003 seconds [static and dynamic dependencies]. Details - ImportResultOutputID=ecf6364e742bfd9e1d3e09ffdcdde9b3 DependenciesID=4e805b7717393670c9b2be7755ecad2e StaticDependenciesID=cb1026a11bae8c4fd1fdc6e7f07f8188 
Number of updated asset objects reloaded before import = 0
Number of asset objects unloaded after import = 0
========================================================================
Received Import Request.
  Time of request: 2026-08-11T15:50:24.5562427Z
  Time since last request: 0.0003239 seconds.
  importAddress: GUID: 899473813cd13ff4c9a8c057d1bae8a1 - Path: Packages/com.unity.shadergraph/Editor/Generation/Enumerations/PropertyType.cs - Importer: ScriptedImporter/UnityEditor.QuickSearchModule:UnityEditor.Search:ASIAI0B
Importing 'GUID: 899473813cd13ff4c9a8c057d1bae8a1 - Path: Packages/com.unity.shadergraph/Editor/Generation/Enumerations/PropertyType.cs - Importer: ScriptedImporter/UnityEditor.QuickSearchModule:UnityEditor.Search:ASIAI0B' with importer (ScriptedImporter : UnityEditor.QuickSearchModule:UnityEditor.Search:ASIAI0B)
Imported 'GUID: 899473813cd13ff4c9a8c057d1bae8a1' -> (Import Result ID: 'affaab0a4603919bf88bac910146a79e') in 0.003 seconds [static and dynamic dependencies]. Details - ImportResultOutputID=5afbef5f7caf874e5de2a64e69808aa9 DependenciesID=60d17e4e2371ef79261a21ddcdce5a3d StaticDependenciesID=70c6e72c38f0d08886261c8e2a9e1b80 
Number of updated asset objects reloaded before import = 0
Number of asset objects unloaded after import = 0
========================================================================
Received Import Request.
  Time of request: 2026-08-11T15:50:24.5669075Z
  Time since last request: 0.0003336 seconds.
  importAddress: GUID: d0630647cd1e14246b917addf61e7eec - Path: Packages/com.unity.shadergraph/Editor/Generation/Enumerations/ZWrite.cs - Importer: ScriptedImporter/UnityEditor.QuickSearchModule:UnityEditor.Search:ASIAI0B
Importing 'GUID: d0630647cd1e14246b917addf61e7eec - Path: Packages/com.unity.shadergraph/Editor/Generation/Enumerations/ZWrite.cs - Importer: ScriptedImporter/UnityEditor.QuickSearchModule:UnityEditor.Search:ASIAI0B' with importer (ScriptedImporter : UnityEditor.QuickSearchModule:UnityEditor.Search:ASIAI0B)
Imported 'GUID: d0630647cd1e14246b917addf61e7eec' -> (Import Result ID: 'e945d13fcc5b1162c3abc2caee811ea1') in 0.003 seconds [static and dynamic dependencies]. Details - ImportResultOutputID=e8ee9d88adb56341a350cae65d9e7bf3 DependenciesID=d3e75c73423e16a5fcefb127aaaa7d4d StaticDependenciesID=3d67e2374059a1382c06abcd08377aed 
Number of updated asset objects reloaded before import = 0
Number of asset objects unloaded after import = 0
========================================================================
Received Import Request.
  Time of request: 2026-08-11T15:50:24.5796117Z
  Time since last request: 0.0002972 seconds.
  importAddress: GUID: 1d356e56081caed46bb576bcdf392666 - Path: Packages/com.unity.shadergraph/Editor/Generation/Templates/PassMesh.template - Importer: ScriptedImporter/UnityEditor.QuickSearchModule:UnityEditor.Search:ASIAI0B
Importing 'GUID: 1d356e56081caed46bb576bcdf392666 - Path: Packages/com.unity.shadergraph/Editor/Generation/Templates/PassMesh.template - Importer: ScriptedImporter/UnityEditor.QuickSearchModule:UnityEditor.Search:ASIAI0B' with importer (ScriptedImporter : UnityEditor.QuickSearchModule:UnityEditor.Search:ASIAI0B)
Imported 'GUID: 1d356e56081caed46bb576bcdf392666' -> (Import Result ID: '1d7b5795495901bf86249dcce136e7c0') in 0.003 seconds [static and dynamic dependencies]. Details - ImportResultOutputID=174fc4c28726291c5d3465c839a3220f DependenciesID=d218b470df0ef8a2a5772be680c779ce StaticDependenciesID=19a73c0248bafae6849737fe2ba69345 
Number of updated asset objects reloaded before import = 0
Number of asset objects unloaded after import = 1
========================================================================
Received Import Request.
  Time of request: 2026-08-11T15:50:24.5913171Z
  Time since last request: 0.0003207 seconds.
  importAddress: GUID: 430a733c64a5c474787ac95203c2056b - Path: Packages/com.unity.shadergraph/Editor/Generation/Templates/BuildVertexDescriptionInputs.template.hlsl - Importer: ScriptedImporter/UnityEditor.QuickSearchModule:UnityEditor.Search:ASIAI0B
Importing 'GUID: 430a733c64a5c474787ac95203c2056b - Path: Packages/com.unity.shadergraph/Editor/Generation/Templates/BuildVertexDescriptionInputs.template.hlsl - Importer: ScriptedImporter/UnityEditor.QuickSearchModule:UnityEditor.Search:ASIAI0B' with importer (ScriptedImporter : UnityEditor.QuickSearchModule:UnityEditor.Search:ASIAI0B)
Imported 'GUID: 430a733c64a5c474787ac95203c2056b' -> (Import Result ID: '0e78f36c42b6015e56a993d8fdc9a8b4') in 0.004 seconds [static and dynamic dependencies]. Details - ImportResultOutputID=5ba465292f890355a416c3098e52af0d DependenciesID=efa9d37a91e3ecbf5860352cfd5bc58a StaticDependenciesID=19146b8cc4036aa12419f584fab03a0a 
Number of updated asset objects reloaded before import = 0
Number of asset objects unloaded after import = 1
========================================================================
Received Import Request.
  Time of request: 2026-08-11T15:50:24.6046024Z
  Time since last request: 0.0002733 seconds.
  importAddress: GUID: e64ba38b003f49bdb6ae4a2259be61c6 - Path: Packages/com.unity.shadergraph/Editor/Generation/Processors/ShaderStringBuilder.cs - Importer: ScriptedImporter/UnityEditor.QuickSearchModule:UnityEditor.Search:ASIAI0B
Importing 'GUID: e64ba38b003f49bdb6ae4a2259be61c6 - Path: Packages/com.unity.shadergraph/Editor/Generation/Processors/ShaderStringBuilder.cs - Importer: ScriptedImporter/UnityEditor.QuickSearchModule:UnityEditor.Search:ASIAI0B' with importer (ScriptedImporter : UnityEditor.QuickSearchModule:UnityEditor.Search:ASIAI0B)
Imported 'GUID: e64ba38b003f49bdb6ae4a2259be61c6' -> (Import Result ID: '1234a9dfc227e3b6d530adbae413b311') in 0.003 seconds [static and dynamic dependencies]. Details - ImportResultOutputID=eae64e94b915b10f4b3921093ca871a0 DependenciesID=07dcded016889b41fabc011d06ad9297 StaticDependenciesID=310797386e0f9165dee0ef2dbd8b91f5 
Number of updated asset objects reloaded before import = 0
Number of asset objects unloaded after import = 0
========================================================================
Received Import Request.
  Time of request: 2026-08-11T15:50:24.616096Z
  Time since last request: 0.0003803 seconds.
  importAddress: GUID: 33854ecfd53cd054a99d8cb17b260170 - Path: Packages/com.unity.shadergraph/Editor/Generation/Processors/ShaderGeneratorNames.cs - Importer: ScriptedImporter/UnityEditor.QuickSearchModule:UnityEditor.Search:ASIAI0B
Importing 'GUID: 33854ecfd53cd054a99d8cb17b260170 - Path: Packages/com.unity.shadergraph/Editor/Generation/Processors/ShaderGeneratorNames.cs - Importer: ScriptedImporter/UnityEditor.QuickSearchModule:UnityEditor.Search:ASIAI0B' with importer (ScriptedImporter : UnityEditor.QuickSearchModule:UnityEditor.Search:ASIAI0B)
Imported 'GUID: 33854ecfd53cd054a99d8cb17b260170' -> (Import Result ID: 'bf5a463e89f4486fbe20bfd9e93e24cc') in 0.003 seconds [static and dynamic dependencies]. Details - ImportResultOutputID=2eb48aebc3f25c9b79614e44ea2cf3db DependenciesID=c9a1225c684b3d2c26262d63468b3113 StaticDependenciesID=8c22418b751a085b94a9ce69ca9903da 
Number of updated asset objects reloaded before import = 0
Number of asset objects unloaded after import = 0
========================================================================
Received Import Request.
  Time of request: 2026-08-11T15:50:24.6359324Z
  Time since last request: 0.0080922 seconds.
  importAddress: GUID: 890b62dea83f90749a7d048c0e5c298b - Path: Packages/com.unity.shadergraph/Editor/Resources/Icons/sg_subgraph_icon@2x.png - Importer: ScriptedImporter/UnityEditor.QuickSearchModule:UnityEditor.Search:ASIAI0B
Importing 'GUID: 890b62dea83f90749a7d048c0e5c298b - Path: Packages/com.unity.shadergraph/Editor/Resources/Icons/sg_subgraph_icon@2x.png - Importer: ScriptedImporter/UnityEditor.QuickSearchModule:UnityEditor.Search:ASIAI0B' with importer (ScriptedImporter : UnityEditor.QuickSearchModule:UnityEditor.Search:ASIAI0B)
Imported 'GUID: 890b62dea83f90749a7d048c0e5c298b' -> (Import Result ID: 'cd4990c7575aee8072c409cf9e06bb24') in 0.007 seconds [static and dynamic dependencies]. Details - ImportResultOutputID=afef0a186388e693dada49a75e22532a DependenciesID=0aee6b24cc91c9257d0a9595baaaad4b StaticDependenciesID=07e068a90c14f85349011b3afd5c29fc 
Number of updated asset objects reloaded before import = 0
Number of asset objects unloaded after import = 1
========================================================================
Received Import Request.
  Time of request: 2026-08-11T15:50:24.6504151Z
  Time since last request: 0.0002003 seconds.
  importAddress: GUID: c95091ab1e1b926498a5938a7d0e1ef6 - Path: Packages/com.unity.shadergraph/Editor/Resources/Styles/MaterialGraphView.uss - Importer: ScriptedImporter/UnityEditor.QuickSearchModule:UnityEditor.Search:ASIAI0B
Importing 'GUID: c95091ab1e1b926498a5938a7d0e1ef6 - Path: Packages/com.unity.shadergraph/Editor/Resources/Styles/MaterialGraphView.uss - Importer: ScriptedImporter/UnityEditor.QuickSearchModule:UnityEditor.Search:ASIAI0B' with importer (ScriptedImporter : UnityEditor.QuickSearchModule:UnityEditor.Search:ASIAI0B)
Imported 'GUID: c95091ab1e1b926498a5938a7d0e1ef6' -> (Import Result ID: 'c370b839d24ef32d5a3f3b3e4862fa4f') in 0.003 seconds [static and dynamic dependencies]. Details - ImportResultOutputID=131d29493dd3f9564fbeeb6357087eda DependenciesID=d547c9bfd60d7414c5f8764c13c446ef StaticDependenciesID=5681619da0ee84e7b1e5d3f360f157b5 
Number of updated asset objects reloaded before import = 0
Number of asset objects unloaded after import = 1
========================================================================
Received Import Request.
  Time of request: 2026-08-11T15:50:24.663077Z
  Time since last request: 0.0002963 seconds.
  importAddress: GUID: 50b406436c6214c49aaaa6011b71dde8 - Path: Packages/com.unity.shadergraph/Editor/Resources/Shaders/BlitNoAlpha.shader - Importer: ScriptedImporter/UnityEditor.QuickSearchModule:UnityEditor.Search:ASIAI0B
Importing 'GUID: 50b406436c6214c49aaaa6011b71dde8 - Path: Packages/com.unity.shadergraph/Editor/Resources/Shaders/BlitNoAlpha.shader - Importer: ScriptedImporter/UnityEditor.QuickSearchModule:UnityEditor.Search:ASIAI0B' with importer (ScriptedImporter : UnityEditor.QuickSearchModule:UnityEditor.Search:ASIAI0B)
Imported 'GUID: 50b406436c6214c49aaaa6011b71dde8' -> (Import Result ID: 'ed154849403642822f6313e4a8bfc675') in 0.004 seconds [static and dynamic dependencies]. Details - ImportResultOutputID=5a21a57d745a4b609942b08a364a1cb4 DependenciesID=108b26dda5f9fa6e68fb21786185a542 StaticDependenciesID=b7827b1064b976ee9d2dc3bcb0a1e63f 
Number of updated asset objects reloaded before import = 0
Number of asset objects unloaded after import = 1
========================================================================
Received Import Request.
  Time of request: 2026-08-11T15:50:24.6766308Z
  Time since last request: 0.0002406 seconds.
  importAddress: GUID: 62cd44aa2d94fa442942547943d2b24a - Path: Packages/com.unity.shadergraph/GraphTemplates/Subgraphs/Terrain/Unpack Material.shadersubgraph - Importer: ScriptedImporter/UnityEditor.QuickSearchModule:UnityEditor.Search:ASIAI0B
Importing 'GUID: 62cd44aa2d94fa442942547943d2b24a - Path: Packages/com.unity.shadergraph/GraphTemplates/Subgraphs/Terrain/Unpack Material.shadersubgraph - Importer: ScriptedImporter/UnityEditor.QuickSearchModule:UnityEditor.Search:ASIAI0B' with importer (ScriptedImporter : UnityEditor.QuickSearchModule:UnityEditor.Search:ASIAI0B)
Imported 'GUID: 62cd44aa2d94fa442942547943d2b24a' -> (Import Result ID: 'e8f4213be918ca58610bd04098c39bfe') in 0.005 seconds [static and dynamic dependencies]. Details - ImportResultOutputID=de8112826613350d844821f3030cb6e3 DependenciesID=6c8c6f70a047e68c9032af2e99dfb2ed StaticDependenciesID=5d8d6ba6c180ea5ac8a488973036db56 
Number of updated asset objects reloaded before import = 0
Number of asset objects unloaded after import = 1
========================================================================
Received Import Request.
  Time of request: 2026-08-11T15:50:24.6908809Z
  Time since last request: 0.0003193 seconds.
  importAddress: GUID: 59bba4c88ab5f464d9a8f51088561c48 - Path: Packages/com.unity.shadergraph/Editor/Resources/Styles/NodeSettings.uss - Importer: ScriptedImporter/UnityEditor.QuickSearchModule:UnityEditor.Search:ASIAI0B
Importing 'GUID: 59bba4c88ab5f464d9a8f51088561c48 - Path: Packages/com.unity.shadergraph/Editor/Resources/Styles/NodeSettings.uss - Importer: ScriptedImporter/UnityEditor.QuickSearchModule:UnityEditor.Search:ASIAI0B' with importer (ScriptedImporter : UnityEditor.QuickSearchModule:UnityEditor.Search:ASIAI0B)
Imported 'GUID: 59bba4c88ab5f464d9a8f51088561c48' -> (Import Result ID: '89beac55bb6574c758701de4f3dc3e87') in 0.005 seconds [static and dynamic dependencies]. Details - ImportResultOutputID=d99f6333fdf7dd7385928696f539b00a DependenciesID=dcfb06709928a689e36eebce599a3e0c StaticDependenciesID=ec2f8f6362c7b34675bffb20790ac355 
Number of updated asset objects reloaded before import = 0
Number of asset objects unloaded after import = 1
========================================================================
Received Import Request.
  Time of request: 2026-08-11T15:50:24.7052005Z
  Time since last request: 0.0004439 seconds.
  importAddress: GUID: 466e6b269ff1900438e46c66af51cef8 - Path: Packages/com.unity.shadergraph/Editor/Resources/Styles/MaterialGraph.uss - Importer: ScriptedImporter/UnityEditor.QuickSearchModule:UnityEditor.Search:ASIAI0B
Importing 'GUID: 466e6b269ff1900438e46c66af51cef8 - Path: Packages/com.unity.shadergraph/Editor/Resources/Styles/MaterialGraph.uss - Importer: ScriptedImporter/UnityEditor.QuickSearchModule:UnityEditor.Search:ASIAI0B' with importer (ScriptedImporter : UnityEditor.QuickSearchModule:UnityEditor.Search:ASIAI0B)
Imported 'GUID: 466e6b269ff1900438e46c66af51cef8' -> (Import Result ID: '713d32ed6ed7e779e399c9e4a1ecb7cc') in 0.005 seconds [static and dynamic dependencies]. Details - ImportResultOutputID=ef2ea111dd0f125dc116d039d1836373 DependenciesID=80a9a54de17deb5cbaa9cb726c5682c4 StaticDependenciesID=5124ef194bbb007331f8e63e74a841e5 
Number of updated asset objects reloaded before import = 0
Number of asset objects unloaded after import = 1
========================================================================
Received Import Request.
  Time of request: 2026-08-11T15:50:24.7396292Z
  Time since last request: 0.0225425 seconds.
  importAddress: GUID: 06b7bb8c7ec14b8b96d1849adfa33493 - Path: Packages/com.unity.shadergraph/Tests/Editor/UnitTests/MessageManagerTests.cs - Importer: ScriptedImporter/UnityEditor.QuickSearchModule:UnityEditor.Search:ASIAI0B
Importing 'GUID: 06b7bb8c7ec14b8b96d1849adfa33493 - Path: Packages/com.unity.shadergraph/Tests/Editor/UnitTests/MessageManagerTests.cs - Importer: ScriptedImporter/UnityEditor.QuickSearchModule:UnityEditor.Search:ASIAI0B' with importer (ScriptedImporter : UnityEditor.QuickSearchModule:UnityEditor.Search:ASIAI0B)
Imported 'GUID: 06b7bb8c7ec14b8b96d1849adfa33493' -> (Import Result ID: '0e0d8812e37652b3f54004dc33f2bedc') in 0.003 seconds [static and dynamic dependencies]. Details - ImportResultOutputID=636b5c4f283f6fa69cbfd6b1fd173b89 DependenciesID=d8549c234909ee2ebfcc22ab3344b42c StaticDependenciesID=4bedb6ad9e74cbea2fe6db44cfb51a51 
Number of updated asset objects reloaded before import = 0
Number of asset objects unloaded after import = 0
========================================================================
Received Import Request.
  Time of request: 2026-08-11T15:50:24.7504431Z
  Time since last request: 0.0006163 seconds.
  importAddress: GUID: c85b5b63a005833438cd315d952735de - Path: Packages/com.unity.shadergraph/Editor/Data/Interfaces/Graph/DrawState.cs - Importer: ScriptedImporter/UnityEditor.QuickSearchModule:UnityEditor.Search:ASIAI0B
Importing 'GUID: c85b5b63a005833438cd315d952735de - Path: Packages/com.unity.shadergraph/Editor/Data/Interfaces/Graph/DrawState.cs - Importer: ScriptedImporter/UnityEditor.QuickSearchModule:UnityEditor.Search:ASIAI0B' with importer (ScriptedImporter : UnityEditor.QuickSearchModule:UnityEditor.Search:ASIAI0B)
Imported 'GUID: c85b5b63a005833438cd315d952735de' -> (Import Result ID: '1e64f70d62c926bb4ed62c5d7bdb56cf') in 0.006 seconds [static and dynamic dependencies]. Details - ImportResultOutputID=1e29d7a9dfacb00fde13af564df8e983 DependenciesID=f3286249430effd6ef35e7f8cbe5d250 StaticDependenciesID=463bec5c6b7760c14f15ae67c7f66d83 
Number of updated asset objects reloaded before import = 0
Number of asset objects unloaded after import = 0
========================================================================
Received Import Request.
  Time of request: 2026-08-11T15:50:24.7674396Z
  Time since last request: 0.000364 seconds.
  importAddress: GUID: a55bb4eb9ba26c846902a616c2ea29ff - Path: Packages/com.unity.shadergraph/Tests/Editor/UnitTests/MaterialSlotTests.cs - Importer: ScriptedImporter/UnityEditor.QuickSearchModule:UnityEditor.Search:ASIAI0B
Importing 'GUID: a55bb4eb9ba26c846902a616c2ea29ff - Path: Packages/com.unity.shadergraph/Tests/Editor/UnitTests/MaterialSlotTests.cs - Importer: ScriptedImporter/UnityEditor.QuickSearchModule:UnityEditor.Search:ASIAI0B' with importer (ScriptedImporter : UnityEditor.QuickSearchModule:UnityEditor.Search:ASIAI0B)
Imported 'GUID: a55bb4eb9ba26c846902a616c2ea29ff' -> (Import Result ID: '0e6cdc3ab8d412efd4d72f6d8ae7284c') in 0.003 seconds [static and dynamic dependencies]. Details - ImportResultOutputID=f84253c7efdb0ae0501d792e89299172 DependenciesID=f8bb6f30a82b523c2539198684079c19 StaticDependenciesID=f47ae35be50ab6130c53df7fd7563880 
Number of updated asset objects reloaded before import = 0
Number of asset objects unloaded after import = 0
========================================================================
Received Import Request.
  Time of request: 2026-08-11T15:50:24.778958Z
  Time since last request: 0.0002628 seconds.
  importAddress: GUID: 816037e003cccbc4b8a61ec1bf91ab0c - Path: Packages/com.unity.shadergraph/Tests/Editor/UnitTests/PropertyChunkTests.cs - Importer: ScriptedImporter/UnityEditor.QuickSearchModule:UnityEditor.Search:ASIAI0B
Importing 'GUID: 816037e003cccbc4b8a61ec1bf91ab0c - Path: Packages/com.unity.shadergraph/Tests/Editor/UnitTests/PropertyChunkTests.cs - Importer: ScriptedImporter/UnityEditor.QuickSearchModule:UnityEditor.Search:ASIAI0B' with importer (ScriptedImporter : UnityEditor.QuickSearchModule:UnityEditor.Search:ASIAI0B)
Imported 'GUID: 816037e003cccbc4b8a61ec1bf91ab0c' -> (Import Result ID: '7a18ad343a944531613a94b1aa6447f2') in 0.003 seconds [static and dynamic dependencies]. Details - ImportResultOutputID=12c8f92d39ef8104a9a3b015ffad12c3 DependenciesID=2ad0effcfcd4ceb94ba4de4305dfdc3a StaticDependenciesID=505c4ca65c1ef545df5da2cd7c69e8b1 
Number of updated asset objects reloaded before import = 0
Number of asset objects unloaded after import = 0
========================================================================
Received Import Request.
  Time of request: 2026-08-11T15:50:24.7912575Z
  Time since last request: 0.0003463 seconds.
  importAddress: GUID: 0675182a7c3e7464e977d09524877e2c - Path: Packages/com.unity.shadergraph/Tests/Editor/UnitTests/MaterialGraphTests.cs - Importer: ScriptedImporter/UnityEditor.QuickSearchModule:UnityEditor.Search:ASIAI0B
Importing 'GUID: 0675182a7c3e7464e977d09524877e2c - Path: Packages/com.unity.shadergraph/Tests/Editor/UnitTests/MaterialGraphTests.cs - Importer: ScriptedImporter/UnityEditor.QuickSearchModule:UnityEditor.Search:ASIAI0B' with importer (ScriptedImporter : UnityEditor.QuickSearchModule:UnityEditor.Search:ASIAI0B)
Imported 'GUID: 0675182a7c3e7464e977d09524877e2c' -> (Import Result ID: '4967a131bdd2ac13720636e17fbc0a55') in 0.003 seconds [static and dynamic dependencies]. Details - ImportResultOutputID=722b63f1f535bdda035234a8dfe192a2 DependenciesID=fc9f2b75fe33d769cc4fe45a5ab4e77c StaticDependenciesID=0c570d7c6d6db5364d87ca9bf837d04e 
Number of updated asset objects reloaded before import = 0
Number of asset objects unloaded after import = 0
========================================================================
Received Import Request.
  Time of request: 2026-08-11T15:50:24.8232648Z
  Time since last request: 0.0185435 seconds.
  importAddress: GUID: aa85af60c0d1444181e900d4406b8fab - Path: Packages/com.unity.shadergraph/Editor/Drawing/Inspector/PropertyDrawers/Vector2PropertyDrawer.cs - Importer: ScriptedImporter/UnityEditor.QuickSearchModule:UnityEditor.Search:ASIAI0B
Importing 'GUID: aa85af60c0d1444181e900d4406b8fab - Path: Packages/com.unity.shadergraph/Editor/Drawing/Inspector/PropertyDrawers/Vector2PropertyDrawer.cs - Importer: ScriptedImporter/UnityEditor.QuickSearchModule:UnityEditor.Search:ASIAI0B' with importer (ScriptedImporter : UnityEditor.QuickSearchModule:UnityEditor.Search:ASIAI0B)
Imported 'GUID: aa85af60c0d1444181e900d4406b8fab' -> (Import Result ID: '216ed98fa005fb6497239179d10472b4') in 0.004 seconds [static and dynamic dependencies]. Details - ImportResultOutputID=ead9122616fda0412e9c31605651e326 DependenciesID=b9dbb4f319c17f1718739016a7e0f7eb StaticDependenciesID=f6cfeb7bb63a557cfc57907ef94992fc 
Number of updated asset objects reloaded before import = 0
Number of asset objects unloaded after import = 0
========================================================================
Received Import Request.
  Time of request: 2026-08-11T15:50:24.8349315Z
  Time since last request: 0.0006063 seconds.
  importAddress: GUID: 568baa0401e6eee42a35609013ee8100 - Path: Packages/com.unity.shadergraph/Editor/Data/Nodes/UV/RadialShearNode.cs - Importer: ScriptedImporter/UnityEditor.QuickSearchModule:UnityEditor.Search:ASIAI0B
Importing 'GUID: 568baa0401e6eee42a35609013ee8100 - Path: Packages/com.unity.shadergraph/Editor/Data/Nodes/UV/RadialShearNode.cs - Importer: ScriptedImporter/UnityEditor.QuickSearchModule:UnityEditor.Search:ASIAI0B' with importer (ScriptedImporter : UnityEditor.QuickSearchModule:UnityEditor.Search:ASIAI0B)
Imported 'GUID: 568baa0401e6eee42a35609013ee8100' -> (Import Result ID: 'd80c7e4637a42000d6b503c794b133d6') in 0.003 seconds [static and dynamic dependencies]. Details - ImportResultOutputID=23b7e1d7dfc0f6a66e73f72d4c8b34aa DependenciesID=671056dd334d0bf8e0c467fc96f38989 StaticDependenciesID=9fb6252a0ab61f0014b9ac36263a39fa 
Number of updated asset objects reloaded before import = 0
Number of asset objects unloaded after import = 0
========================================================================
Received Import Request.
  Time of request: 2026-08-11T15:50:24.8475943Z
  Time since last request: 0.0007615 seconds.
  importAddress: GUID: ca8f1d7d5541490a942a6ff1ac54d223 - Path: Packages/com.unity.shadergraph/Editor/Data/Nodes/UI/DefaultSolidNode.cs - Importer: ScriptedImporter/UnityEditor.QuickSearchModule:UnityEditor.Search:ASIAI0B
Importing 'GUID: ca8f1d7d5541490a942a6ff1ac54d223 - Path: Packages/com.unity.shadergraph/Editor/Data/Nodes/UI/DefaultSolidNode.cs - Importer: ScriptedImporter/UnityEditor.QuickSearchModule:UnityEditor.Search:ASIAI0B' with importer (ScriptedImporter : UnityEditor.QuickSearchModule:UnityEditor.Search:ASIAI0B)
Imported 'GUID: ca8f1d7d5541490a942a6ff1ac54d223' -> (Import Result ID: '3fd19774a327e55e6772da396cae68d7') in 0.003 seconds [static and dynamic dependencies]. Details - ImportResultOutputID=5e6e373440b072cc9f8c7aad02ca5b1b DependenciesID=62eb546fe310c4b48dc268c1239d65ca StaticDependenciesID=d24938a8cc6313589df881224c4f14a4 
Number of updated asset objects reloaded before import = 0
Number of asset objects unloaded after import = 0
========================================================================
Received Import Request.
  Time of request: 2026-08-11T15:50:24.8585475Z
  Time since last request: 0.0004254 seconds.
  importAddress: GUID: e628cecc47c94d4da6cd8ac547e1a4ef - Path: Packages/com.unity.shadergraph/Editor/Drawing/Inspector/PropertyDrawers/SubGraphOutputNodePropertyDrawer.cs - Importer: ScriptedImporter/UnityEditor.QuickSearchModule:UnityEditor.Search:ASIAI0B
Importing 'GUID: e628cecc47c94d4da6cd8ac547e1a4ef - Path: Packages/com.unity.shadergraph/Editor/Drawing/Inspector/PropertyDrawers/SubGraphOutputNodePropertyDrawer.cs - Importer: ScriptedImporter/UnityEditor.QuickSearchModule:UnityEditor.Search:ASIAI0B' with importer (ScriptedImporter : UnityEditor.QuickSearchModule:UnityEditor.Search:ASIAI0B)
Imported 'GUID: e628cecc47c94d4da6cd8ac547e1a4ef' -> (Import Result ID: '5e0e80b1a36ee824b0f4989f468d4edd') in 0.004 seconds [static and dynamic dependencies]. Details - ImportResultOutputID=fa67e16eddeddb411bbba865121a82f9 DependenciesID=b705961b620fcfc02c1b7725b619c135 StaticDependenciesID=79f99e31717f5ab09b0d20dde40f42cf 
Number of updated asset objects reloaded before import = 0
Number of asset objects unloaded after import = 0
========================================================================
Received Import Request.
  Time of request: 2026-08-11T15:50:24.8719928Z
  Time since last request: 0.0004236 seconds.
  importAddress: GUID: 765e7483c0e20b7458fe66a1716a37a8 - Path: Packages/com.unity.shadergraph/Editor/Data/Nodes/UI/SampleElementTextureNode.cs - Importer: ScriptedImporter/UnityEditor.QuickSearchModule:UnityEditor.Search:ASIAI0B
Importing 'GUID: 765e7483c0e20b7458fe66a1716a37a8 - Path: Packages/com.unity.shadergraph/Editor/Data/Nodes/UI/SampleElementTextureNode.cs - Importer: ScriptedImporter/UnityEditor.QuickSearchModule:UnityEditor.Search:ASIAI0B' with importer (ScriptedImporter : UnityEditor.QuickSearchModule:UnityEditor.Search:ASIAI0B)
Imported 'GUID: 765e7483c0e20b7458fe66a1716a37a8' -> (Import Result ID: '95b889dc9ace12b96b1c536afd07e678') in 0.003 seconds [static and dynamic dependencies]. Details - ImportResultOutputID=fa51fbe1e4f096761019bd7ca1a8f598 DependenciesID=a2026ae19c8b01c8899a376ece6d22b7 StaticDependenciesID=095c8cd4cf600237ff85b486620dc369 
Number of updated asset objects reloaded before import = 0
Number of asset objects unloaded after import = 0
========================================================================
Received Import Request.
  Time of request: 2026-08-11T15:50:24.8851337Z
  Time since last request: 0.0003393 seconds.
  importAddress: GUID: 2d40dca50e4f4bd2ad13b8d9b7cf0242 - Path: Packages/com.unity.shadergraph/Editor/Drawing/Inspector/PropertyDrawers/Texture2DArrayPropertyDrawer.cs - Importer: ScriptedImporter/UnityEditor.QuickSearchModule:UnityEditor.Search:ASIAI0B
Importing 'GUID: 2d40dca50e4f4bd2ad13b8d9b7cf0242 - Path: Packages/com.unity.shadergraph/Editor/Drawing/Inspector/PropertyDrawers/Texture2DArrayPropertyDrawer.cs - Importer: ScriptedImporter/UnityEditor.QuickSearchModule:UnityEditor.Search:ASIAI0B' with importer (ScriptedImporter : UnityEditor.QuickSearchModule:UnityEditor.Search:ASIAI0B)
Imported 'GUID: 2d40dca50e4f4bd2ad13b8d9b7cf0242' -> (Import Result ID: '83ff5c6580464f8e59920ccb96197649') in 0.003 seconds [static and dynamic dependencies]. Details - ImportResultOutputID=6bd49daaaa18d6d2f2e30d8fef0dec1d DependenciesID=4bfddfd860684ba21318bc3e84563657 StaticDependenciesID=d74c7caf739158cbee8c48137ef05c73 
Number of updated asset objects reloaded before import = 0
Number of asset objects unloaded after import = 0
========================================================================
Received Import Request.
  Time of request: 2026-08-11T15:50:24.8981187Z
  Time since last request: 0.0002513 seconds.
  importAddress: GUID: 3552cc93742edec4196401f0c0ea5236 - Path: Packages/com.unity.shadergraph/Editor/Data/Nodes/UI/DefaultSDFTextNode.cs - Importer: ScriptedImporter/UnityEditor.QuickSearchModule:UnityEditor.Search:ASIAI0B
Importing 'GUID: 3552cc93742edec4196401f0c0ea5236 - Path: Packages/com.unity.shadergraph/Editor/Data/Nodes/UI/DefaultSDFTextNode.cs - Importer: ScriptedImporter/UnityEditor.QuickSearchModule:UnityEditor.Search:ASIAI0B' with importer (ScriptedImporter : UnityEditor.QuickSearchModule:UnityEditor.Search:ASIAI0B)
Imported 'GUID: 3552cc93742edec4196401f0c0ea5236' -> (Import Result ID: '46641f55ef571a643074a2727f1cbd4c') in 0.003 seconds [static and dynamic dependencies]. Details - ImportResultOutputID=231a095da9b3e4d58198d9d4723aa1eb DependenciesID=ecb6d256b824a9ef3388a967af68e492 StaticDependenciesID=ab5bbf4e9a7de3406e995798e7ee0e89 
Number of updated asset objects reloaded before import = 0
Number of asset objects unloaded after import = 0
========================================================================
Received Import Request.
  Time of request: 2026-08-11T15:50:24.9102452Z
  Time since last request: 0.0003573 seconds.
  importAddress: GUID: 55f775cc6637496c92d1b8df4030ada4 - Path: Packages/com.unity.shadergraph/Editor/Drawing/Inspector/PropertyDrawers/Vector4PropertyDrawer.cs - Importer: ScriptedImporter/UnityEditor.QuickSearchModule:UnityEditor.Search:ASIAI0B
Importing 'GUID: 55f775cc6637496c92d1b8df4030ada4 - Path: Packages/com.unity.shadergraph/Editor/Drawing/Inspector/PropertyDrawers/Vector4PropertyDrawer.cs - Importer: ScriptedImporter/UnityEditor.QuickSearchModule:UnityEditor.Search:ASIAI0B' with importer (ScriptedImporter : UnityEditor.QuickSearchModule:UnityEditor.Search:ASIAI0B)
Imported 'GUID: 55f775cc6637496c92d1b8df4030ada4' -> (Import Result ID: 'ee455b591822c13117adaa44ffe8ffa6') in 0.003 seconds [static and dynamic dependencies]. Details - ImportResultOutputID=0f0f7d74d7e59fe39203da7352e69415 DependenciesID=90b70ef347d51843d3d1a9404af5eedb StaticDependenciesID=b39838063e0980fe1b5da1d7fc275e8e 
Number of updated asset objects reloaded before import = 0
Number of asset objects unloaded after import = 0
========================================================================
Received Import Request.
  Time of request: 2026-08-11T15:50:24.9394473Z
  Time since last request: 0.017447 seconds.
  importAddress: GUID: 592fd794cdd703e4ca365fbf30d4ca8b - Path: Packages/com.unity.shadergraph/Editor/Generation/Targets/CustomRenderTexture/CreateCustomRenderTextureShaderGraph.cs - Importer: ScriptedImporter/UnityEditor.QuickSearchModule:UnityEditor.Search:ASIAI0B
Importing 'GUID: 592fd794cdd703e4ca365fbf30d4ca8b - Path: Packages/com.unity.shadergraph/Editor/Generation/Targets/CustomRenderTexture/CreateCustomRenderTextureShaderGraph.cs - Importer: ScriptedImporter/UnityEditor.QuickSearchModule:UnityEditor.Search:ASIAI0B' with importer (ScriptedImporter : UnityEditor.QuickSearchModule:UnityEditor.Search:ASIAI0B)
Imported 'GUID: 592fd794cdd703e4ca365fbf30d4ca8b' -> (Import Result ID: '759a7b3421c9daa3b97b338c7f10e969') in 0.003 seconds [static and dynamic dependencies]. Details - ImportResultOutputID=5e7ab1aa5305042bc9919eb3d0f038f3 DependenciesID=91cc24794aa3538145e5d81b97cfcaf1 StaticDependenciesID=e2fb3655fc6e4268fed4ee4839be114d 
Number of updated asset objects reloaded before import = 0
Number of asset objects unloaded after import = 0
========================================================================
Received Import Request.
  Time of request: 2026-08-11T15:50:24.9515299Z
  Time since last request: 0.0005501 seconds.
  importAddress: GUID: 8df757582ef08984bb6c3510e3a9fd1e - Path: Packages/com.unity.shadergraph/Editor/Resources/GraphView/Nodes/PreviewExpand.png - Importer: ScriptedImporter/UnityEditor.QuickSearchModule:UnityEditor.Search:ASIAI0B
Importing 'GUID: 8df757582ef08984bb6c3510e3a9fd1e - Path: Packages/com.unity.shadergraph/Editor/Resources/GraphView/Nodes/PreviewExpand.png - Importer: ScriptedImporter/UnityEditor.QuickSearchModule:UnityEditor.Search:ASIAI0B' with importer (ScriptedImporter : UnityEditor.QuickSearchModule:UnityEditor.Search:ASIAI0B)
Imported 'GUID: 8df757582ef08984bb6c3510e3a9fd1e' -> (Import Result ID: '4f0813a52bea030e9e4dc138ef6a29ac') in 0.007 seconds [static and dynamic dependencies]. Details - ImportResultOutputID=e2934bd3f1bbf20c607a6ae69ba910f9 DependenciesID=af98f922e53d1dc116ad8d6fc1105613 StaticDependenciesID=802b054e6e7416735b92328f099a4286 
Number of updated asset objects reloaded before import = 0
Number of asset objects unloaded after import = 1
========================================================================
Received Import Request.
  Time of request: 2026-08-11T15:50:24.9666077Z
  Time since last request: 0.0002917 seconds.
  importAddress: GUID: e6e2bf465150c49dcb38fd02cece3a88 - Path: Packages/com.unity.shadergraph/Editor/Generation/Targets/UITK/UIStructs.cs - Importer: ScriptedImporter/UnityEditor.QuickSearchModule:UnityEditor.Search:ASIAI0B
Importing 'GUID: e6e2bf465150c49dcb38fd02cece3a88 - Path: Packages/com.unity.shadergraph/Editor/Generation/Targets/UITK/UIStructs.cs - Importer: ScriptedImporter/UnityEditor.QuickSearchModule:UnityEditor.Search:ASIAI0B' with importer (ScriptedImporter : UnityEditor.QuickSearchModule:UnityEditor.Search:ASIAI0B)
Imported 'GUID: e6e2bf465150c49dcb38fd02cece3a88' -> (Import Result ID: '226fd1f67c7cbf2c51871aebc084fe00') in 0.004 seconds [static and dynamic dependencies]. Details - ImportResultOutputID=e0f5642d0b29636c56b99f981279fa9b DependenciesID=e465283ca5824b677dea7fcb5d403de7 StaticDependenciesID=3941f477aee1f568242d36f0d97a281b 
Number of updated asset objects reloaded before import = 0
Number of asset objects unloaded after import = 0
========================================================================
Received Import Request.
  Time of request: 2026-08-11T15:50:24.9798305Z
  Time since last request: 0.0003012 seconds.
  importAddress: GUID: b65e883d3170e4edca841ea6a8fca626 - Path: Packages/com.unity.shadergraph/Editor/Drawing/Views/Slots/TextureArraySlotControlView.cs - Importer: ScriptedImporter/UnityEditor.QuickSearchModule:UnityEditor.Search:ASIAI0B
Importing 'GUID: b65e883d3170e4edca841ea6a8fca626 - Path: Packages/com.unity.shadergraph/Editor/Drawing/Views/Slots/TextureArraySlotControlView.cs - Importer: ScriptedImporter/UnityEditor.QuickSearchModule:UnityEditor.Search:ASIAI0B' with importer (ScriptedImporter : UnityEditor.QuickSearchModule:UnityEditor.Search:ASIAI0B)
Imported 'GUID: b65e883d3170e4edca841ea6a8fca626' -> (Import Result ID: '63c17af47597895176c23c968927423f') in 0.003 seconds [static and dynamic dependencies]. Details - ImportResultOutputID=1440af5bdac970e04ec3c36f07f8c5bb DependenciesID=f4085b4b0b9b2a14da00b2add76e4495 StaticDependenciesID=c4754b9e5269cf59d9d35cb9b9cb7977 
Number of updated asset objects reloaded before import = 0
Number of asset objects unloaded after import = 0
========================================================================
Received Import Request.
  Time of request: 2026-08-11T15:50:24.9918102Z
  Time since last request: 0.0002439 seconds.
  importAddress: GUID: 5b2d4724a38a5485ba5e7dc2f7d86f1a - Path: Packages/com.unity.shadergraph/Editor/Generation/Targets/CustomRenderTexture/CustomTextureSubTarget.cs - Importer: ScriptedImporter/UnityEditor.QuickSearchModule:UnityEditor.Search:ASIAI0B
Importing 'GUID: 5b2d4724a38a5485ba5e7dc2f7d86f1a - Path: Packages/com.unity.shadergraph/Editor/Generation/Targets/CustomRenderTexture/CustomTextureSubTarget.cs - Importer: ScriptedImporter/UnityEditor.QuickSearchModule:UnityEditor.Search:ASIAI0B' with importer (ScriptedImporter : UnityEditor.QuickSearchModule:UnityEditor.Search:ASIAI0B)
Imported 'GUID: 5b2d4724a38a5485ba5e7dc2f7d86f1a' -> (Import Result ID: '4bceb2900697f2cb9f67bb57a4babdde') in 0.003 seconds [static and dynamic dependencies]. Details - ImportResultOutputID=80d832f28ea4257a8bd852d5a075cb44 DependenciesID=32107df10355a7106b5ad541ad3bed1e StaticDependenciesID=6e10ae6a855ecb7437fcf51b22b8c02b 
Number of updated asset objects reloaded before import = 0
Number of asset objects unloaded after import = 0
========================================================================
Received Import Request.
  Time of request: 2026-08-11T15:50:25.00376Z
  Time since last request: 0.0006896 seconds.
  importAddress: GUID: a8d7d25cc14c27f4e9257da19b888497 - Path: Packages/com.unity.shadergraph/Editor/Resources/GraphView/Nodes/UITKShaderPreview-Vector.svg - Importer: ScriptedImporter/UnityEditor.QuickSearchModule:UnityEditor.Search:ASIAI0B
Importing 'GUID: a8d7d25cc14c27f4e9257da19b888497 - Path: Packages/com.unity.shadergraph/Editor/Resources/GraphView/Nodes/UITKShaderPreview-Vector.svg - Importer: ScriptedImporter/UnityEditor.QuickSearchModule:UnityEditor.Search:ASIAI0B' with importer (ScriptedImporter : UnityEditor.QuickSearchModule:UnityEditor.Search:ASIAI0B)
Imported 'GUID: a8d7d25cc14c27f4e9257da19b888497' -> (Import Result ID: '81d07b718861e744df6e05b865ab9e25') in 0.013 seconds [static and dynamic dependencies]. Details - ImportResultOutputID=7a5b784da1436b12e4ae64dc89b88b17 DependenciesID=fb8c8b357b2a10e4532396c3aa506477 StaticDependenciesID=8c3a83a9a2f3fa445bf2b53f0097e24d 
Number of updated asset objects reloaded before import = 0
Number of asset objects unloaded after import = 2
========================================================================
Received Import Request.
  Time of request: 2026-08-11T15:50:25.0274122Z
  Time since last request: 0.0003027 seconds.
  importAddress: GUID: 49f18880b4854ccc8f383c55a7bc47b3 - Path: Packages/com.unity.shadergraph/Editor/Drawing/Views/Slots/TextureSlotControlView.cs - Importer: ScriptedImporter/UnityEditor.QuickSearchModule:UnityEditor.Search:ASIAI0B
Importing 'GUID: 49f18880b4854ccc8f383c55a7bc47b3 - Path: Packages/com.unity.shadergraph/Editor/Drawing/Views/Slots/TextureSlotControlView.cs - Importer: ScriptedImporter/UnityEditor.QuickSearchModule:UnityEditor.Search:ASIAI0B' with importer (ScriptedImporter : UnityEditor.QuickSearchModule:UnityEditor.Search:ASIAI0B)
Imported 'GUID: 49f18880b4854ccc8f383c55a7bc47b3' -> (Import Result ID: '02882987aa88cce211d21708fb37fba7') in 0.003 seconds [static and dynamic dependencies]. Details - ImportResultOutputID=df14538e82ec7f6176f215f2881661e2 DependenciesID=3b244d99e6676f9e2909c105438871d0 StaticDependenciesID=9b5fc7dca198a78c5a9c2e9b4f2fec28 
Number of updated asset objects reloaded before import = 0
Number of asset objects unloaded after import = 0
========================================================================
Received Import Request.
  Time of request: 2026-08-11T15:50:25.0383415Z
  Time since last request: 0.0003092 seconds.
  importAddress: GUID: 50cbcd05e61c4e54ea797ec88e91f1b0 - Path: Packages/com.unity.shadergraph/Editor/Resources/GraphView/Nodes/NodeChevronRight@2x.png - Importer: ScriptedImporter/UnityEditor.QuickSearchModule:UnityEditor.Search:ASIAI0B
Importing 'GUID: 50cbcd05e61c4e54ea797ec88e91f1b0 - Path: Packages/com.unity.shadergraph/Editor/Resources/GraphView/Nodes/NodeChevronRight@2x.png - Importer: ScriptedImporter/UnityEditor.QuickSearchModule:UnityEditor.Search:ASIAI0B' with importer (ScriptedImporter : UnityEditor.QuickSearchModule:UnityEditor.Search:ASIAI0B)
Imported 'GUID: 50cbcd05e61c4e54ea797ec88e91f1b0' -> (Import Result ID: '9e6f28ae4de63163204c3a47f2fb5708') in 0.005 seconds [static and dynamic dependencies]. Details - ImportResultOutputID=386f575860d04e7b15c5f071ecb1049d DependenciesID=87c71127e946747dad4df2047163bd9d StaticDependenciesID=23c0aa4ceec10a5c3fbe5e269ef4e4a9 
Number of updated asset objects reloaded before import = 0
Number of asset objects unloaded after import = 1
========================================================================
Received Import Request.
  Time of request: 2026-08-11T15:50:25.0640543Z
  Time since last request: 0.01139 seconds.
  importAddress: GUID: 600766c36ef866641959f10610a7ee4f - Path: Packages/com.unity.shadergraph/Editor/Resources/Styles/Controls/IntegerControlView.uss - Importer: ScriptedImporter/UnityEditor.QuickSearchModule:UnityEditor.Search:ASIAI0B
Importing 'GUID: 600766c36ef866641959f10610a7ee4f - Path: Packages/com.unity.shadergraph/Editor/Resources/Styles/Controls/IntegerControlView.uss - Importer: ScriptedImporter/UnityEditor.QuickSearchModule:UnityEditor.Search:ASIAI0B' with importer (ScriptedImporter : UnityEditor.QuickSearchModule:UnityEditor.Search:ASIAI0B)
Imported 'GUID: 600766c36ef866641959f10610a7ee4f' -> (Import Result ID: '44ba692524dc1bdab3b00f31181d39f0') in 0.004 seconds [static and dynamic dependencies]. Details - ImportResultOutputID=9f7acbd6ce9c1c05a20969c7c8493427 DependenciesID=89e8b562098768f271d035b81d34f0a0 StaticDependenciesID=b13f3b0a97c558fb75dafbf08bc7b365 
Number of updated asset objects reloaded before import = 0
Number of asset objects unloaded after import = 1
========================================================================
Received Import Request.
  Time of request: 2026-08-11T15:50:25.0765174Z
  Time since last request: 0.0013458 seconds.
  importAddress: GUID: e425c4562a777aa40a6daed5f97d03b7 - Path: Packages/com.unity.shadergraph/Editor/Resources/Styles/Controls/SliderControlView.uss - Importer: ScriptedImporter/UnityEditor.QuickSearchModule:UnityEditor.Search:ASIAI0B
Importing 'GUID: e425c4562a777aa40a6daed5f97d03b7 - Path: Packages/com.unity.shadergraph/Editor/Resources/Styles/Controls/SliderControlView.uss - Importer: ScriptedImporter/UnityEditor.QuickSearchModule:UnityEditor.Search:ASIAI0B' with importer (ScriptedImporter : UnityEditor.QuickSearchModule:UnityEditor.Search:ASIAI0B)
Imported 'GUID: e425c4562a777aa40a6daed5f97d03b7' -> (Import Result ID: 'ca23a2d5e72009d2505c41e2e1ac609e') in 0.005 seconds [static and dynamic dependencies]. Details - ImportResultOutputID=64eb736bb8bdeea7196c820222c524f5 DependenciesID=6db0c554cb0c4695b579385c55cf1c50 StaticDependenciesID=539b6187ea982e531846bdaf4db503af 
Number of updated asset objects reloaded before import = 0
Number of asset objects unloaded after import = 1
========================================================================
Received Import Request.
  Time of request: 2026-08-11T15:50:25.0917104Z
  Time since last request: 0.0002894 seconds.
  importAddress: GUID: b6e0d19d1d9f531419f20cd97c102ad5 - Path: Packages/com.unity.shadergraph/Editor/Resources/Styles/Controls/DielectricSpecularControlView.uss - Importer: ScriptedImporter/UnityEditor.QuickSearchModule:UnityEditor.Search:ASIAI0B
Importing 'GUID: b6e0d19d1d9f531419f20cd97c102ad5 - Path: Packages/com.unity.shadergraph/Editor/Resources/Styles/Controls/DielectricSpecularControlView.uss - Importer: ScriptedImporter/UnityEditor.QuickSearchModule:UnityEditor.Search:ASIAI0B' with importer (ScriptedImporter : UnityEditor.QuickSearchModule:UnityEditor.Search:ASIAI0B)
Imported 'GUID: b6e0d19d1d9f531419f20cd97c102ad5' -> (Import Result ID: '7518203cb0982c5560d1fbdad2d133d4') in 0.004 seconds [static and dynamic dependencies]. Details - ImportResultOutputID=00903df1e8b4387d0c115e98175f18d1 DependenciesID=052e606e421f36d659197a8d6dbe9798 StaticDependenciesID=26b9277b9a2ec6b9723b10477a6eb0a4 
Number of updated asset objects reloaded before import = 0
Number of asset objects unloaded after import = 1
========================================================================
Received Import Request.
  Time of request: 2026-08-11T15:50:25.1172413Z
  Time since last request: 0.01352 seconds.
  importAddress: GUID: 5b34601661908b3499c4c5e2ecd61f75 - Path: Packages/com.unity.shadergraph/Editor/Data/Nodes/Input/Geometry/NormalVectorNode.cs - Importer: ScriptedImporter/UnityEditor.QuickSearchModule:UnityEditor.Search:ASIAI0B
Importing 'GUID: 5b34601661908b3499c4c5e2ecd61f75 - Path: Packages/com.unity.shadergraph/Editor/Data/Nodes/Input/Geometry/NormalVectorNode.cs - Importer: ScriptedImporter/UnityEditor.QuickSearchModule:UnityEditor.Search:ASIAI0B' with importer (ScriptedImporter : UnityEditor.QuickSearchModule:UnityEditor.Search:ASIAI0B)
Imported 'GUID: 5b34601661908b3499c4c5e2ecd61f75' -> (Import Result ID: 'c83e158cffd9f16f3bb2f72f4821c5fd') in 0.004 seconds [static and dynamic dependencies]. Details - ImportResultOutputID=b4b17930d6997f2196b1db41b2044f08 DependenciesID=be5fe41bf5c80c24fd80ec140728f8d5 StaticDependenciesID=a564bc313801594fafbaf075bc605eeb 
Number of updated asset objects reloaded before import = 0
Number of asset objects unloaded after import = 0
========================================================================
Received Import Request.
  Time of request: 2026-08-11T15:50:25.1292635Z
  Time since last request: 0.0006213 seconds.
  importAddress: GUID: 8f3854e9ab30c854b93e88a2e560463e - Path: Packages/com.unity.shadergraph/Editor/Data/Nodes/Artistic/Adjustment/SaturationNode.cs - Importer: ScriptedImporter/UnityEditor.QuickSearchModule:UnityEditor.Search:ASIAI0B
Importing 'GUID: 8f3854e9ab30c854b93e88a2e560463e - Path: Packages/com.unity.shadergraph/Editor/Data/Nodes/Artistic/Adjustment/SaturationNode.cs - Importer: ScriptedImporter/UnityEditor.QuickSearchModule:UnityEditor.Search:ASIAI0B' with importer (ScriptedImporter : UnityEditor.QuickSearchModule:UnityEditor.Search:ASIAI0B)
Imported 'GUID: 8f3854e9ab30c854b93e88a2e560463e' -> (Import Result ID: '6663e4f3a9d2b465de53bebce7914891') in 0.003 seconds [static and dynamic dependencies]. Details - ImportResultOutputID=665938e36b2c5aa59cc32fbe2d84461f DependenciesID=95c2bde88ae373b3e853243928b6fd57 StaticDependenciesID=78c1b42281217f40c6dcf70352743ee9 
Number of updated asset objects reloaded before import = 0
Number of asset objects unloaded after import = 0
========================================================================
Received Import Request.
  Time of request: 2026-08-11T15:50:25.141764Z
  Time since last request: 0.0003657 seconds.
  importAddress: GUID: 94965bffe51535041a4f0a618263bf7d - Path: Packages/com.unity.shadergraph/Editor/Data/Nodes/Artistic/Adjustment/ContrastNode.cs - Importer: ScriptedImporter/UnityEditor.QuickSearchModule:UnityEditor.Search:ASIAI0B
Importing 'GUID: 94965bffe51535041a4f0a618263bf7d - Path: Packages/com.unity.shadergraph/Editor/Data/Nodes/Artistic/Adjustment/ContrastNode.cs - Importer: ScriptedImporter/UnityEditor.QuickSearchModule:UnityEditor.Search:ASIAI0B' with importer (ScriptedImporter : UnityEditor.QuickSearchModule:UnityEditor.Search:ASIAI0B)
Imported 'GUID: 94965bffe51535041a4f0a618263bf7d' -> (Import Result ID: '787d3ddc77f0ee1c34e4039a75e272c7') in 0.003 seconds [static and dynamic dependencies]. Details - ImportResultOutputID=5672902fa88cf9699c4a3f0f4e897305 DependenciesID=1a7f8e41c5a88e35dcb487d334ffb54e StaticDependenciesID=9d1ba7cd58b8593c1dc809e83ea12372 
Number of updated asset objects reloaded before import = 0
Number of asset objects unloaded after import = 0
========================================================================
Received Import Request.
  Time of request: 2026-08-11T15:50:25.1556796Z
  Time since last request: 0.0003147 seconds.
  importAddress: GUID: 1aa4fa75c826d8d409b5033a6ef686eb - Path: Packages/com.unity.shadergraph/Editor/Data/Nodes/Artistic/Blend/BlendNode.cs - Importer: ScriptedImporter/UnityEditor.QuickSearchModule:UnityEditor.Search:ASIAI0B
Importing 'GUID: 1aa4fa75c826d8d409b5033a6ef686eb - Path: Packages/com.unity.shadergraph/Editor/Data/Nodes/Artistic/Blend/BlendNode.cs - Importer: ScriptedImporter/UnityEditor.QuickSearchModule:UnityEditor.Search:ASIAI0B' with importer (ScriptedImporter : UnityEditor.QuickSearchModule:UnityEditor.Search:ASIAI0B)
Imported 'GUID: 1aa4fa75c826d8d409b5033a6ef686eb' -> (Import Result ID: '8dc62279fe8a62ce2f0dea0446768371') in 0.003 seconds [static and dynamic dependencies]. Details - ImportResultOutputID=d50205b956f18bb392ab6dbf6653597c DependenciesID=8da61b0df0b9bc32be44c664fa1cc8c4 StaticDependenciesID=7ea8589ea7397eb6b6c2bfe9d25992c6 
Number of updated asset objects reloaded before import = 0
Number of asset objects unloaded after import = 0
========================================================================
Received Import Request.
  Time of request: 2026-08-11T15:50:25.1675644Z
  Time since last request: 0.0003465 seconds.
  importAddress: GUID: 3bf617c1fe220684696e5bf3850bc423 - Path: Packages/com.unity.shadergraph/Editor/Data/Nodes/Artistic/Normal/NormalFromHeightNode.cs - Importer: ScriptedImporter/UnityEditor.QuickSearchModule:UnityEditor.Search:ASIAI0B
Importing 'GUID: 3bf617c1fe220684696e5bf3850bc423 - Path: Packages/com.unity.shadergraph/Editor/Data/Nodes/Artistic/Normal/NormalFromHeightNode.cs - Importer: ScriptedImporter/UnityEditor.QuickSearchModule:UnityEditor.Search:ASIAI0B' with importer (ScriptedImporter : UnityEditor.QuickSearchModule:UnityEditor.Search:ASIAI0B)
Imported 'GUID: 3bf617c1fe220684696e5bf3850bc423' -> (Import Result ID: 'c16fb3344311a4e904d56d21d81c3ec1') in 0.003 seconds [static and dynamic dependencies]. Details - ImportResultOutputID=186fae47318e39a19d76641a8592b51d DependenciesID=a59fc8862766ff0e146c92d355d5e850 StaticDependenciesID=9e7d1ef9c3dd4cba0bc69ce0c969787a 
Number of updated asset objects reloaded before import = 0
Number of asset objects unloaded after import = 0
========================================================================
Received Import Request.
  Time of request: 2026-08-11T15:50:25.179263Z
  Time since last request: 0.0004498 seconds.
  importAddress: GUID: 215e6221fbd6f9a4bbd14e951c9575d6 - Path: Packages/com.unity.shadergraph/Editor/Data/Nodes/Input/Geometry/InstanceIDNode.cs - Importer: ScriptedImporter/UnityEditor.QuickSearchModule:UnityEditor.Search:ASIAI0B
Importing 'GUID: 215e6221fbd6f9a4bbd14e951c9575d6 - Path: Packages/com.unity.shadergraph/Editor/Data/Nodes/Input/Geometry/InstanceIDNode.cs - Importer: ScriptedImporter/UnityEditor.QuickSearchModule:UnityEditor.Search:ASIAI0B' with importer (ScriptedImporter : UnityEditor.QuickSearchModule:UnityEditor.Search:ASIAI0B)
Imported 'GUID: 215e6221fbd6f9a4bbd14e951c9575d6' -> (Import Result ID: '11fcd9c06aea60a122f9f2c0c40e6374') in 0.003 seconds [static and dynamic dependencies]. Details - ImportResultOutputID=0a70a66e61548fde71cd7ec0861ce402 DependenciesID=70a80b0402c207f2eef6f3e02a177812 StaticDependenciesID=45532c25325a4ac51f5e8da711d8f897 
Number of updated asset objects reloaded before import = 0
Number of asset objects unloaded after import = 0
========================================================================
Received Import Request.
  Time of request: 2026-08-11T15:50:25.2007244Z
  Time since last request: 0.0090504 seconds.
  importAddress: GUID: 058897be65bcd42f6ba05a4918c46629 - Path: Packages/com.unity.shadergraph/Editor/Data/Nodes/Math/Advanced/ModuloNode.cs - Importer: ScriptedImporter/UnityEditor.QuickSearchModule:UnityEditor.Search:ASIAI0B
Importing 'GUID: 058897be65bcd42f6ba05a4918c46629 - Path: Packages/com.unity.shadergraph/Editor/Data/Nodes/Math/Advanced/ModuloNode.cs - Importer: ScriptedImporter/UnityEditor.QuickSearchModule:UnityEditor.Search:ASIAI0B' with importer (ScriptedImporter : UnityEditor.QuickSearchModule:UnityEditor.Search:ASIAI0B)
Imported 'GUID: 058897be65bcd42f6ba05a4918c46629' -> (Import Result ID: '3214d5abfeba223a5adadfa21b1d6861') in 0.003 seconds [static and dynamic dependencies]. Details - ImportResultOutputID=07cacd64f2caa4f3f7913e2a16814ba3 DependenciesID=1ecd8504a2105ac79e5c8bd8fe4ea5ef StaticDependenciesID=9462a7d6cfc9f67542b4338505d93297 
Number of updated asset objects reloaded before import = 0
Number of asset objects unloaded after import = 0
========================================================================
Received Import Request.
  Time of request: 2026-08-11T15:50:25.2121901Z
  Time since last request: 0.0007771 seconds.
  importAddress: GUID: 2b52706eb67bd8445b13f43ae287c679 - Path: Packages/com.unity.shadergraph/Editor/Data/Nodes/Math/Advanced/ReciprocalNode.cs - Importer: ScriptedImporter/UnityEditor.QuickSearchModule:UnityEditor.Search:ASIAI0B
Importing 'GUID: 2b52706eb67bd8445b13f43ae287c679 - Path: Packages/com.unity.shadergraph/Editor/Data/Nodes/Math/Advanced/ReciprocalNode.cs - Importer: ScriptedImporter/UnityEditor.QuickSearchModule:UnityEditor.Search:ASIAI0B' with importer (ScriptedImporter : UnityEditor.QuickSearchModule:UnityEditor.Search:ASIAI0B)
Imported 'GUID: 2b52706eb67bd8445b13f43ae287c679' -> (Import Result ID: 'dc4d3f1af3d041ff25cbd24a9acd9355') in 0.003 seconds [static and dynamic dependencies]. Details - ImportResultOutputID=f87c8d8d9da0a33aac7bb980fb968ff3 DependenciesID=b22c7f4d14979bc5ca0b9839a9aaf68a StaticDependenciesID=b48a7a1e4100b5066bf57c9f941aafcf 
Number of updated asset objects reloaded before import = 0
Number of asset objects unloaded after import = 0
========================================================================
Received Import Request.
  Time of request: 2026-08-11T15:50:25.2230565Z
  Time since last request: 0.0005768 seconds.
  importAddress: GUID: 94b2801c66359164e93dc371fc6762e2 - Path: Packages/com.unity.shadergraph/Editor/Data/Nodes/Input/Scene/ScreenNode.cs - Importer: ScriptedImporter/UnityEditor.QuickSearchModule:UnityEditor.Search:ASIAI0B
Importing 'GUID: 94b2801c66359164e93dc371fc6762e2 - Path: Packages/com.unity.shadergraph/Editor/Data/Nodes/Input/Scene/ScreenNode.cs - Importer: ScriptedImporter/UnityEditor.QuickSearchModule:UnityEditor.Search:ASIAI0B' with importer (ScriptedImporter : UnityEditor.QuickSearchModule:UnityEditor.Search:ASIAI0B)
Imported 'GUID: 94b2801c66359164e93dc371fc6762e2' -> (Import Result ID: '7d735baf00b9f0107ae958943a71c898') in 0.004 seconds [static and dynamic dependencies]. Details - ImportResultOutputID=133af6e3aa8a32dc863dc91a9647acb5 DependenciesID=d1b50c0e93bf1015626626df81638e54 StaticDependenciesID=0570ef51156f0d8b4127afe99c5cc4f8 
Number of updated asset objects reloaded before import = 0
Number of asset objects unloaded after import = 0
========================================================================
Received Import Request.
  Time of request: 2026-08-11T15:50:25.236221Z
  Time since last request: 0.0002689 seconds.
  importAddress: GUID: 52afae1b1271e864c9c6965dc738c2dd - Path: Packages/com.unity.shadergraph/Editor/Data/Nodes/Math/Advanced/LengthNode.cs - Importer: ScriptedImporter/UnityEditor.QuickSearchModule:UnityEditor.Search:ASIAI0B
Importing 'GUID: 52afae1b1271e864c9c6965dc738c2dd - Path: Packages/com.unity.shadergraph/Editor/Data/Nodes/Math/Advanced/LengthNode.cs - Importer: ScriptedImporter/UnityEditor.QuickSearchModule:UnityEditor.Search:ASIAI0B' with importer (ScriptedImporter : UnityEditor.QuickSearchModule:UnityEditor.Search:ASIAI0B)
Imported 'GUID: 52afae1b1271e864c9c6965dc738c2dd' -> (Import Result ID: '2e9d446843d6df211ddfc07ff2cd7f7d') in 0.003 seconds [static and dynamic dependencies]. Details - ImportResultOutputID=513099a91c52d4d8a199b9cc1d9a8e61 DependenciesID=cbfe72828693ca0ed8689b32523895bb StaticDependenciesID=032d05587570fa2f47e5e4b5cca888bc 
Number of updated asset objects reloaded before import = 0
Number of asset objects unloaded after import = 0
========================================================================
Received Import Request.
  Time of request: 2026-08-11T15:50:25.2487526Z
  Time since last request: 0.0004732 seconds.
  importAddress: GUID: 0c9bd58ae163e49acb187db417dbfd95 - Path: Packages/com.unity.shadergraph/Editor/Data/Nodes/Input/Texture/SampleTexture3DNode.cs - Importer: ScriptedImporter/UnityEditor.QuickSearchModule:UnityEditor.Search:ASIAI0B
Importing 'GUID: 0c9bd58ae163e49acb187db417dbfd95 - Path: Packages/com.unity.shadergraph/Editor/Data/Nodes/Input/Texture/SampleTexture3DNode.cs - Importer: ScriptedImporter/UnityEditor.QuickSearchModule:UnityEditor.Search:ASIAI0B' with importer (ScriptedImporter : UnityEditor.QuickSearchModule:UnityEditor.Search:ASIAI0B)
Imported 'GUID: 0c9bd58ae163e49acb187db417dbfd95' -> (Import Result ID: '71aaeb4d1a1ce70c0ea5f36de93413f2') in 0.003 seconds [static and dynamic dependencies]. Details - ImportResultOutputID=b571fe723680cf1a3e73007911d26cda DependenciesID=b149777c86f1fc95a4cfe377c3957d17 StaticDependenciesID=c56432ec3fd518cffe674c447b167b03 
Number of updated asset objects reloaded before import = 0
Number of asset objects unloaded after import = 0
========================================================================
Received Import Request.
  Time of request: 2026-08-11T15:50:25.2612294Z
  Time since last request: 0.0005884 seconds.
  importAddress: GUID: 27a3ba76eb1c9a54f8355034489b2e83 - Path: Packages/com.unity.shadergraph/Editor/Data/Nodes/Math/Advanced/NegateNode.cs - Importer: ScriptedImporter/UnityEditor.QuickSearchModule:UnityEditor.Search:ASIAI0B
Importing 'GUID: 27a3ba76eb1c9a54f8355034489b2e83 - Path: Packages/com.unity.shadergraph/Editor/Data/Nodes/Math/Advanced/NegateNode.cs - Importer: ScriptedImporter/UnityEditor.QuickSearchModule:UnityEditor.Search:ASIAI0B' with importer (ScriptedImporter : UnityEditor.QuickSearchModule:UnityEditor.Search:ASIAI0B)
Imported 'GUID: 27a3ba76eb1c9a54f8355034489b2e83' -> (Import Result ID: 'ec500961e81a66cf611418cbbb051b06') in 0.004 seconds [static and dynamic dependencies]. Details - ImportResultOutputID=06b5e4186defa8bd31cbc1bb37428d1e DependenciesID=b9d3acd8cdc383992884cb7098bab9fd StaticDependenciesID=b91817cb2a2f1e30270fa5f3f313efe7 
Number of updated asset objects reloaded before import = 0
Number of asset objects unloaded after import = 0
========================================================================
Received Import Request.
  Time of request: 2026-08-11T15:50:25.276268Z
  Time since last request: 0.00041 seconds.
  importAddress: GUID: b2957c4e08e061444a7444a1a03fb584 - Path: Packages/com.unity.shadergraph/Editor/Data/Nodes/Math/Basic/PowerNode.cs - Importer: ScriptedImporter/UnityEditor.QuickSearchModule:UnityEditor.Search:ASIAI0B
Importing 'GUID: b2957c4e08e061444a7444a1a03fb584 - Path: Packages/com.unity.shadergraph/Editor/Data/Nodes/Math/Basic/PowerNode.cs - Importer: ScriptedImporter/UnityEditor.QuickSearchModule:UnityEditor.Search:ASIAI0B' with importer (ScriptedImporter : UnityEditor.QuickSearchModule:UnityEditor.Search:ASIAI0B)
Imported 'GUID: b2957c4e08e061444a7444a1a03fb584' -> (Import Result ID: '341898ba6d9a4d4a01bc331048e7180c') in 0.003 seconds [static and dynamic dependencies]. Details - ImportResultOutputID=cb69cca10c7c9e3e45fb8319fef7777f DependenciesID=42a03fe830bf9022ffb9887d91400038 StaticDependenciesID=2e0ba56c4781acc7fb0518eb6fcbbd58 
Number of updated asset objects reloaded before import = 0
Number of asset objects unloaded after import = 0
========================================================================
Received Import Request.
  Time of request: 2026-08-11T15:50:25.2895361Z
  Time since last request: 0.0003848 seconds.
  importAddress: GUID: 03cdc5d395730c74ebabff3988c5110d - Path: Packages/com.unity.shadergraph/Editor/Data/Nodes/Input/Texture/CalculateLevelOfDetailTexture2DNode.cs - Importer: ScriptedImporter/UnityEditor.QuickSearchModule:UnityEditor.Search:ASIAI0B
Importing 'GUID: 03cdc5d395730c74ebabff3988c5110d - Path: Packages/com.unity.shadergraph/Editor/Data/Nodes/Input/Texture/CalculateLevelOfDetailTexture2DNode.cs - Importer: ScriptedImporter/UnityEditor.QuickSearchModule:UnityEditor.Search:ASIAI0B' with importer (ScriptedImporter : UnityEditor.QuickSearchModule:UnityEditor.Search:ASIAI0B)
Imported 'GUID: 03cdc5d395730c74ebabff3988c5110d' -> (Import Result ID: 'ef862e88c63fc6cca97bc39402c55b46') in 0.004 seconds [static and dynamic dependencies]. Details - ImportResultOutputID=87dbf6e8bc9174d65e27141d65c0bfc2 DependenciesID=16beec1460204d3ae0c326845a531681 StaticDependenciesID=5209c5b8f7f4c261cf42654f2cf8c2db 
Number of updated asset objects reloaded before import = 0
Number of asset objects unloaded after import = 0
========================================================================
Received Import Request.
  Time of request: 2026-08-11T15:50:25.3176786Z
  Time since last request: 0.0151437 seconds.
  importAddress: GUID: 3b0333da20fc0bf48a4d9b09a9d8d9db - Path: Packages/com.unity.shadergraph/Editor/Data/Nodes/Procedural/Noise/SimpleNoiseNode.cs - Importer: ScriptedImporter/UnityEditor.QuickSearchModule:UnityEditor.Search:ASIAI0B
Importing 'GUID: 3b0333da20fc0bf48a4d9b09a9d8d9db - Path: Packages/com.unity.shadergraph/Editor/Data/Nodes/Procedural/Noise/SimpleNoiseNode.cs - Importer: ScriptedImporter/UnityEditor.QuickSearchModule:UnityEditor.Search:ASIAI0B' with importer (ScriptedImporter : UnityEditor.QuickSearchModule:UnityEditor.Search:ASIAI0B)
Imported 'GUID: 3b0333da20fc0bf48a4d9b09a9d8d9db' -> (Import Result ID: '9a12c573e4cb7878193c6cc5a26bd033') in 0.003 seconds [static and dynamic dependencies]. Details - ImportResultOutputID=beff5ba64fc1cc6a0b60bb3c7e475634 DependenciesID=902cd6d659681073a589a726c9c97fdf StaticDependenciesID=d5a79561e46610bd4f401ad7f1902e91 
Number of updated asset objects reloaded before import = 0
Number of asset objects unloaded after import = 0
========================================================================
Received Import Request.
  Time of request: 2026-08-11T15:50:25.3289694Z
  Time since last request: 0.0005733 seconds.
  importAddress: GUID: 639247ca83abc874e893eb93af2b5e44 - Path: Packages/com.unity.shadergraph/Editor/Generation/Targets/BuiltIn/Editor/AssetVersion.cs - Importer: ScriptedImporter/UnityEditor.QuickSearchModule:UnityEditor.Search:ASIAI0B
Importing 'GUID: 639247ca83abc874e893eb93af2b5e44 - Path: Packages/com.unity.shadergraph/Editor/Generation/Targets/BuiltIn/Editor/AssetVersion.cs - Importer: ScriptedImporter/UnityEditor.QuickSearchModule:UnityEditor.Search:ASIAI0B' with importer (ScriptedImporter : UnityEditor.QuickSearchModule:UnityEditor.Search:ASIAI0B)
Imported 'GUID: 639247ca83abc874e893eb93af2b5e44' -> (Import Result ID: '192892231d6d2e4b90f408940231eeed') in 0.003 seconds [static and dynamic dependencies]. Details - ImportResultOutputID=b4b1268af2e31ddb699ec6eccb96c059 DependenciesID=042084b437e7177ddc296ab512ba8974 StaticDependenciesID=321f308700eedfa8d564cb12b02f535b 
Number of updated asset objects reloaded before import = 0
Number of asset objects unloaded after import = 0
========================================================================
Received Import Request.
  Time of request: 2026-08-11T15:50:25.3417999Z
  Time since last request: 0.0003026 seconds.
  importAddress: GUID: 0f6f860c0f1e24214b5d2974cc624227 - Path: Packages/com.unity.shadergraph/Editor/Data/Nodes/Utility/Logic/OrNode.cs - Importer: ScriptedImporter/UnityEditor.QuickSearchModule:UnityEditor.Search:ASIAI0B
Importing 'GUID: 0f6f860c0f1e24214b5d2974cc624227 - Path: Packages/com.unity.shadergraph/Editor/Data/Nodes/Utility/Logic/OrNode.cs - Importer: ScriptedImporter/UnityEditor.QuickSearchModule:UnityEditor.Search:ASIAI0B' with importer (ScriptedImporter : UnityEditor.QuickSearchModule:UnityEditor.Search:ASIAI0B)
Imported 'GUID: 0f6f860c0f1e24214b5d2974cc624227' -> (Import Result ID: '58baa1e1b876401bc37317a3005a830e') in 0.004 seconds [static and dynamic dependencies]. Details - ImportResultOutputID=853ed3ddc69847b5132fb9163b4d7bc7 DependenciesID=aa0c73ef97be4cc11517ad7cd41086c1 StaticDependenciesID=6c72027a581d98ee9fe82decf3e90c3c 
Number of updated asset objects reloaded before import = 0
Number of asset objects unloaded after import = 0
========================================================================
Received Import Request.
  Time of request: 2026-08-11T15:50:25.3552097Z
  Time since last request: 0.0003084 seconds.
  importAddress: GUID: be7845eb62257564492a5c3ba1d0d181 - Path: Packages/com.unity.shadergraph/Editor/Data/Nodes/Utility/Logic/BranchOnInputConnection.cs - Importer: ScriptedImporter/UnityEditor.QuickSearchModule:UnityEditor.Search:ASIAI0B
Importing 'GUID: be7845eb62257564492a5c3ba1d0d181 - Path: Packages/com.unity.shadergraph/Editor/Data/Nodes/Utility/Logic/BranchOnInputConnection.cs - Importer: ScriptedImporter/UnityEditor.QuickSearchModule:UnityEditor.Search:ASIAI0B' with importer (ScriptedImporter : UnityEditor.QuickSearchModule:UnityEditor.Search:ASIAI0B)
Imported 'GUID: be7845eb62257564492a5c3ba1d0d181' -> (Import Result ID: '5478b2ca29647e2db3eaebfc684ebca8') in 0.003 seconds [static and dynamic dependencies]. Details - ImportResultOutputID=14b267ffdd7ebd0409373fd9b25588bb DependenciesID=17b9442342c25cf5b9c70955414fffa1 StaticDependenciesID=231375cef66288c24562aa269fda8227 
Number of updated asset objects reloaded before import = 0
Number of asset objects unloaded after import = 0
========================================================================
Received Import Request.
  Time of request: 2026-08-11T15:50:25.3675009Z
  Time since last request: 0.0004801 seconds.
  importAddress: GUID: 34929a6d0bb40407fb00206ab0a10fa1 - Path: Packages/com.unity.shadergraph/Editor/Data/Nodes/Utility/Logic/AndNode.cs - Importer: ScriptedImporter/UnityEditor.QuickSearchModule:UnityEditor.Search:ASIAI0B
Importing 'GUID: 34929a6d0bb40407fb00206ab0a10fa1 - Path: Packages/com.unity.shadergraph/Editor/Data/Nodes/Utility/Logic/AndNode.cs - Importer: ScriptedImporter/UnityEditor.QuickSearchModule:UnityEditor.Search:ASIAI0B' with importer (ScriptedImporter : UnityEditor.QuickSearchModule:UnityEditor.Search:ASIAI0B)
Imported 'GUID: 34929a6d0bb40407fb00206ab0a10fa1' -> (Import Result ID: '72679a295095c5a2c19ba8189f399b8b') in 0.003 seconds [static and dynamic dependencies]. Details - ImportResultOutputID=721e02bc1afdf8fc57971bea72ae0174 DependenciesID=0cbb35cb25a3980d492689161ecc1dc0 StaticDependenciesID=f49575f0aa4774d99c5f20d49e59acc6 
Number of updated asset objects reloaded before import = 0
Number of asset objects unloaded after import = 0
========================================================================
Received Import Request.
  Time of request: 2026-08-11T15:50:25.381675Z
  Time since last request: 0.0002775 seconds.
  importAddress: GUID: 6eaf1bad910084b85ac9ead4319c7820 - Path: Packages/com.unity.shadergraph/Editor/Data/Nodes/Utility/Logic/IsInfiniteNode.cs - Importer: ScriptedImporter/UnityEditor.QuickSearchModule:UnityEditor.Search:ASIAI0B
Importing 'GUID: 6eaf1bad910084b85ac9ead4319c7820 - Path: Packages/com.unity.shadergraph/Editor/Data/Nodes/Utility/Logic/IsInfiniteNode.cs - Importer: ScriptedImporter/UnityEditor.QuickSearchModule:UnityEditor.Search:ASIAI0B' with importer (ScriptedImporter : UnityEditor.QuickSearchModule:UnityEditor.Search:ASIAI0B)
Imported 'GUID: 6eaf1bad910084b85ac9ead4319c7820' -> (Import Result ID: 'cffb79cf1bbe2bee3a6dde5a10f7edb8') in 0.003 seconds [static and dynamic dependencies]. Details - ImportResultOutputID=c029f11a71f404b05d5e46640c2106af DependenciesID=5691b85a2e960125eb0dca8e6a7e274b StaticDependenciesID=3cc031128bbf92d932ed59c2040259d8 
Number of updated asset objects reloaded before import = 0
Number of asset objects unloaded after import = 0
========================================================================
Received Import Request.
  Time of request: 2026-08-11T15:50:25.3932607Z
  Time since last request: 0.0002791 seconds.
  importAddress: GUID: 2b10d839969f5484cad9632519dc7324 - Path: Packages/com.unity.shadergraph/Editor/Data/Nodes/Math/Trigonometry/SineNode.cs - Importer: ScriptedImporter/UnityEditor.QuickSearchModule:UnityEditor.Search:ASIAI0B
Importing 'GUID: 2b10d839969f5484cad9632519dc7324 - Path: Packages/com.unity.shadergraph/Editor/Data/Nodes/Math/Trigonometry/SineNode.cs - Importer: ScriptedImporter/UnityEditor.QuickSearchModule:UnityEditor.Search:ASIAI0B' with importer (ScriptedImporter : UnityEditor.QuickSearchModule:UnityEditor.Search:ASIAI0B)
Imported 'GUID: 2b10d839969f5484cad9632519dc7324' -> (Import Result ID: '38147c4186e803dafc43943fa4158561') in 0.003 seconds [static and dynamic dependencies]. Details - ImportResultOutputID=de5b8edb99ee2c601bc4141ec3030623 DependenciesID=f45cb1e52c70cec311fb8ef36621dc80 StaticDependenciesID=ed42b617261aa8f918ed5d6491811252 
Number of updated asset objects reloaded before import = 0
Number of asset objects unloaded after import = 0
========================================================================
Received Import Request.
  Time of request: 2026-08-11T15:50:25.4061265Z
  Time since last request: 0.0004187 seconds.
  importAddress: GUID: fb36f8243cc0c1b4b862405cc67fa2d1 - Path: Packages/com.unity.shadergraph/Editor/Data/Nodes/Math/Range/SaturateNode.cs - Importer: ScriptedImporter/UnityEditor.QuickSearchModule:UnityEditor.Search:ASIAI0B
Importing 'GUID: fb36f8243cc0c1b4b862405cc67fa2d1 - Path: Packages/com.unity.shadergraph/Editor/Data/Nodes/Math/Range/SaturateNode.cs - Importer: ScriptedImporter/UnityEditor.QuickSearchModule:UnityEditor.Search:ASIAI0B' with importer (ScriptedImporter : UnityEditor.QuickSearchModule:UnityEditor.Search:ASIAI0B)
Imported 'GUID: fb36f8243cc0c1b4b862405cc67fa2d1' -> (Import Result ID: '81fc43cab9a252e7efd418c8b4383ab9') in 0.003 seconds [static and dynamic dependencies]. Details - ImportResultOutputID=a29f217163ec378e521561729da8401f DependenciesID=913497d0111904777404f110971a97b2 StaticDependenciesID=e2533a9b47611a187be973af870b7535 
Number of updated asset objects reloaded before import = 0
Number of asset objects unloaded after import = 0
========================================================================
Received Import Request.
  Time of request: 2026-08-11T15:50:25.4332504Z
  Time since last request: 0.0151346 seconds.
  importAddress: GUID: 9989d64681f299941b8d598b04007e82 - Path: Packages/com.unity.shadergraph/Editor/Generation/Targets/BuiltIn/ShaderLibrary/ParticlesInstancing.hlsl - Importer: ScriptedImporter/UnityEditor.QuickSearchModule:UnityEditor.Search:ASIAI0B
Importing 'GUID: 9989d64681f299941b8d598b04007e82 - Path: Packages/com.unity.shadergraph/Editor/Generation/Targets/BuiltIn/ShaderLibrary/ParticlesInstancing.hlsl - Importer: ScriptedImporter/UnityEditor.QuickSearchModule:UnityEditor.Search:ASIAI0B' with importer (ScriptedImporter : UnityEditor.QuickSearchModule:UnityEditor.Search:ASIAI0B)
Imported 'GUID: 9989d64681f299941b8d598b04007e82' -> (Import Result ID: '6ec9c6e3cc1b3fa6618f795ae54519ac') in 0.004 seconds [static and dynamic dependencies]. Details - ImportResultOutputID=dd9bc7ce3ef58524f004f7bb73b6da4e DependenciesID=ef22ba214824c7135956a33b4bb834e9 StaticDependenciesID=fa1efb21f0f2608ac60326f249753c47 
Number of updated asset objects reloaded before import = 0
Number of asset objects unloaded after import = 1
========================================================================
Received Import Request.
  Time of request: 2026-08-11T15:50:25.4458349Z
  Time since last request: 0.0006997 seconds.
  importAddress: GUID: 16201fed0715efa48a8908fedb361bf0 - Path: Packages/com.unity.shadergraph/Editor/Generation/Targets/Fullscreen/Templates/SharedCode.template.hlsl - Importer: ScriptedImporter/UnityEditor.QuickSearchModule:UnityEditor.Search:ASIAI0B
Importing 'GUID: 16201fed0715efa48a8908fedb361bf0 - Path: Packages/com.unity.shadergraph/Editor/Generation/Targets/Fullscreen/Templates/SharedCode.template.hlsl - Importer: ScriptedImporter/UnityEditor.QuickSearchModule:UnityEditor.Search:ASIAI0B' with importer (ScriptedImporter : UnityEditor.QuickSearchModule:UnityEditor.Search:ASIAI0B)
Imported 'GUID: 16201fed0715efa48a8908fedb361bf0' -> (Import Result ID: 'f547cc3b5b559642fa6c4ebdcc489132') in 0.003 seconds [static and dynamic dependencies]. Details - ImportResultOutputID=b24212e30adf518450a9aeccc00db64d DependenciesID=69b3acfac6af1dcf8b1757b21b5bc1fd StaticDependenciesID=b08141d58266e4c51d008e4b86a5a0af 
Number of updated asset objects reloaded before import = 0
Number of asset objects unloaded after import = 1
========================================================================
Received Import Request.
  Time of request: 2026-08-11T15:50:25.4563382Z
  Time since last request: 0.0002772 seconds.
  importAddress: GUID: 14bcae32932007341a82b552c24738fd - Path: Packages/com.unity.shadergraph/Editor/Generation/Targets/BuiltIn/ShaderLibrary/Lighting.hlsl - Importer: ScriptedImporter/UnityEditor.QuickSearchModule:UnityEditor.Search:ASIAI0B
Importing 'GUID: 14bcae32932007341a82b552c24738fd - Path: Packages/com.unity.shadergraph/Editor/Generation/Targets/BuiltIn/ShaderLibrary/Lighting.hlsl - Importer: ScriptedImporter/UnityEditor.QuickSearchModule:UnityEditor.Search:ASIAI0B' with importer (ScriptedImporter : UnityEditor.QuickSearchModule:UnityEditor.Search:ASIAI0B)
Imported 'GUID: 14bcae32932007341a82b552c24738fd' -> (Import Result ID: 'ebf29a1862605651f27dbe84fde06bae') in 0.003 seconds [static and dynamic dependencies]. Details - ImportResultOutputID=10220e32e8e626ea6e5e055ccc87cd4b DependenciesID=2de5ac8793ae1551df94cb36ef448f95 StaticDependenciesID=6d354f60f5a0e2535d547b29e7f43cfa 
Number of updated asset objects reloaded before import = 0
Number of asset objects unloaded after import = 1
========================================================================
Received Import Request.
  Time of request: 2026-08-11T15:50:25.4693919Z
  Time since last request: 0.0010172 seconds.
  importAddress: GUID: 85ea79b0876d3ee41b7046fb73c1abba - Path: Packages/com.unity.shadergraph/Editor/Generation/Targets/Fullscreen/Includes/FullscreenShaderPass.cs - Importer: ScriptedImporter/UnityEditor.QuickSearchModule:UnityEditor.Search:ASIAI0B
Importing 'GUID: 85ea79b0876d3ee41b7046fb73c1abba - Path: Packages/com.unity.shadergraph/Editor/Generation/Targets/Fullscreen/Includes/FullscreenShaderPass.cs - Importer: ScriptedImporter/UnityEditor.QuickSearchModule:UnityEditor.Search:ASIAI0B' with importer (ScriptedImporter : UnityEditor.QuickSearchModule:UnityEditor.Search:ASIAI0B)
Imported 'GUID: 85ea79b0876d3ee41b7046fb73c1abba' -> (Import Result ID: '513860bf70e78e327e25e94fe7887975') in 0.003 seconds [static and dynamic dependencies]. Details - ImportResultOutputID=15b316f8050dae05274cd1621bda2f7f DependenciesID=f18bad21095c5ecfcded09cb22dac4b4 StaticDependenciesID=406acd442fa2bd5798f04e8a974d95aa 
Number of updated asset objects reloaded before import = 0
Number of asset objects unloaded after import = 0
========================================================================
Received Import Request.
  Time of request: 2026-08-11T15:50:25.4997455Z
  Time since last request: 0.0189271 seconds.
  importAddress: GUID: 3ed09dfc4bb69694ca13ae03dbab44df - Path: Packages/com.unity.shadergraph/Editor/Generation/Targets/BuiltIn/Editor/ShaderGraph/Includes/PBRGBufferPass.hlsl - Importer: ScriptedImporter/UnityEditor.QuickSearchModule:UnityEditor.Search:ASIAI0B
Importing 'GUID: 3ed09dfc4bb69694ca13ae03dbab44df - Path: Packages/com.unity.shadergraph/Editor/Generation/Targets/BuiltIn/Editor/ShaderGraph/Includes/PBRGBufferPass.hlsl - Importer: ScriptedImporter/UnityEditor.QuickSearchModule:UnityEditor.Search:ASIAI0B' with importer (ScriptedImporter : UnityEditor.QuickSearchModule:UnityEditor.Search:ASIAI0B)
Imported 'GUID: 3ed09dfc4bb69694ca13ae03dbab44df' -> (Import Result ID: 'dff201ee35d5a69e80c3fd0265a21d8d') in 0.003 seconds [static and dynamic dependencies]. Details - ImportResultOutputID=f68e66e6ec9dc2276141a6001bedaab3 DependenciesID=a8f23a9208a30cf0e97109f41a1cb8e3 StaticDependenciesID=65c9b4ffe6b222c9fa03aba0ff639b42 
Number of updated asset objects reloaded before import = 0
Number of asset objects unloaded after import = 1
========================================================================
Received Import Request.
  Time of request: 2026-08-11T15:50:25.5119202Z
  Time since last request: 0.0010671 seconds.
  importAddress: GUID: 5e83f8baac96eaa47bdd9ca781cd2002 - Path: Packages/com.unity.ide.rider/CONTRIBUTING.md - Importer: ScriptedImporter/UnityEditor.QuickSearchModule:UnityEditor.Search:ASIAI0B
Importing 'GUID: 5e83f8baac96eaa47bdd9ca781cd2002 - Path: Packages/com.unity.ide.rider/CONTRIBUTING.md - Importer: ScriptedImporter/UnityEditor.QuickSearchModule:UnityEditor.Search:ASIAI0B' with importer (ScriptedImporter : UnityEditor.QuickSearchModule:UnityEditor.Search:ASIAI0B)
Imported 'GUID: 5e83f8baac96eaa47bdd9ca781cd2002' -> (Import Result ID: 'e18bcf97a3f2442a5a9d1800f74e3691') in 0.003 seconds [static and dynamic dependencies]. Details - ImportResultOutputID=b358d58fa7415790838adebf91545a34 DependenciesID=152c4483f2ddff878a5cd78aaf3f1de9 StaticDependenciesID=1c4fa253774eb78d0c6bd0cfb8479b3c 
Number of updated asset objects reloaded before import = 0
Number of asset objects unloaded after import = 1
========================================================================
Received Import Request.
  Time of request: 2026-08-11T15:50:25.5240561Z
  Time since last request: 0.0004589 seconds.
  importAddress: GUID: 6fca0a7fb5d1b8648a17c83915199f6e - Path: Packages/com.unity.shadergraph/Editor/Generation/Targets/BuiltIn/Editor/ShaderGraph/Includes/PBRForwardPass.hlsl - Importer: ScriptedImporter/UnityEditor.QuickSearchModule:UnityEditor.Search:ASIAI0B
Importing 'GUID: 6fca0a7fb5d1b8648a17c83915199f6e - Path: Packages/com.unity.shadergraph/Editor/Generation/Targets/BuiltIn/Editor/ShaderGraph/Includes/PBRForwardPass.hlsl - Importer: ScriptedImporter/UnityEditor.QuickSearchModule:UnityEditor.Search:ASIAI0B' with importer (ScriptedImporter : UnityEditor.QuickSearchModule:UnityEditor.Search:ASIAI0B)
Imported 'GUID: 6fca0a7fb5d1b8648a17c83915199f6e' -> (Import Result ID: '87b3dbaf0391c75c58bf523084f95920') in 0.003 seconds [static and dynamic dependencies]. Details - ImportResultOutputID=26a0cedfe8cbdd83e678a59a766570a9 DependenciesID=d8ec23f931061376670e099644897181 StaticDependenciesID=ee52d64d2a1cd61e08efc3d20fcd0fb5 
Number of updated asset objects reloaded before import = 0
Number of asset objects unloaded after import = 1
========================================================================
Received Import Request.
  Time of request: 2026-08-11T15:50:25.5356189Z
  Time since last request: 0.0006099 seconds.
  importAddress: GUID: 50370b309724a0440808e87f08aed757 - Path: Packages/com.unity.shadergraph/Editor/Generation/Targets/BuiltIn/Editor/ShaderGraph/Includes/UnlitPass.hlsl - Importer: ScriptedImporter/UnityEditor.QuickSearchModule:UnityEditor.Search:ASIAI0B
Importing 'GUID: 50370b309724a0440808e87f08aed757 - Path: Packages/com.unity.shadergraph/Editor/Generation/Targets/BuiltIn/Editor/ShaderGraph/Includes/UnlitPass.hlsl - Importer: ScriptedImporter/UnityEditor.QuickSearchModule:UnityEditor.Search:ASIAI0B' with importer (ScriptedImporter : UnityEditor.QuickSearchModule:UnityEditor.Search:ASIAI0B)
Imported 'GUID: 50370b309724a0440808e87f08aed757' -> (Import Result ID: '53bf3e198e08e37ef994e3062280af1a') in 0.003 seconds [static and dynamic dependencies]. Details - ImportResultOutputID=e99543c8a5cf7cef79edbc711a2161a4 DependenciesID=4894e7a25329dcbf2fa6d59406ab75d1 StaticDependenciesID=42a33deb316ab64710b6d7499b5f3fd0 
Number of updated asset objects reloaded before import = 0
Number of asset objects unloaded after import = 1
========================================================================
Received Import Request.
  Time of request: 2026-08-11T15:50:25.5481848Z
  Time since last request: 0.0004744 seconds.
  importAddress: GUID: 94ef141d84292aa449f735ddb4def15e - Path: Packages/com.unity.shadergraph/Editor/Generation/Targets/BuiltIn/Editor/ShaderGraph/BuiltInProperties.cs - Importer: ScriptedImporter/UnityEditor.QuickSearchModule:UnityEditor.Search:ASIAI0B
Importing 'GUID: 94ef141d84292aa449f735ddb4def15e - Path: Packages/com.unity.shadergraph/Editor/Generation/Targets/BuiltIn/Editor/ShaderGraph/BuiltInProperties.cs - Importer: ScriptedImporter/UnityEditor.QuickSearchModule:UnityEditor.Search:ASIAI0B' with importer (ScriptedImporter : UnityEditor.QuickSearchModule:UnityEditor.Search:ASIAI0B)
Imported 'GUID: 94ef141d84292aa449f735ddb4def15e' -> (Import Result ID: 'aefd5646533d29a6d9c8bfb2bead560b') in 0.003 seconds [static and dynamic dependencies]. Details - ImportResultOutputID=d73ab9dac1c0a05404e1ac9a99929f09 DependenciesID=7f344899d1f69998ad861e807c3707a8 StaticDependenciesID=94001dacc306b5d6da95a00aae40ec60 
Number of updated asset objects reloaded before import = 0
Number of asset objects unloaded after import = 0
========================================================================
Received Import Request.
  Time of request: 2026-08-11T15:50:25.5606106Z
  Time since last request: 0.0002916 seconds.
  importAddress: GUID: 5a0372ef872c4103b70866297bd45e38 - Path: Packages/com.unity.shadergraph/Editor/Generation/Targets/BuiltIn/Editor/ShaderGraph/Targets/BuiltInCanvasSubTarget.cs - Importer: ScriptedImporter/UnityEditor.QuickSearchModule:UnityEditor.Search:ASIAI0B
Importing 'GUID: 5a0372ef872c4103b70866297bd45e38 - Path: Packages/com.unity.shadergraph/Editor/Generation/Targets/BuiltIn/Editor/ShaderGraph/Targets/BuiltInCanvasSubTarget.cs - Importer: ScriptedImporter/UnityEditor.QuickSearchModule:UnityEditor.Search:ASIAI0B' with importer (ScriptedImporter : UnityEditor.QuickSearchModule:UnityEditor.Search:ASIAI0B)
Imported 'GUID: 5a0372ef872c4103b70866297bd45e38' -> (Import Result ID: 'f6b429e0b68ea5b83f6311fe3ba42935') in 0.003 seconds [static and dynamic dependencies]. Details - ImportResultOutputID=489a90aacb09c48eca3d757877957b04 DependenciesID=d5c42f9d5bb0137d5086ab43cdea6e51 StaticDependenciesID=5a69813f01a817423b0077dc8fdc1d77 
Number of updated asset objects reloaded before import = 0
Number of asset objects unloaded after import = 0
========================================================================
Received Import Request.
  Time of request: 2026-08-11T15:50:25.587452Z
  Time since last request: 0.0155629 seconds.
  importAddress: GUID: 8472c6472e6d4301873871a9e8fcf952 - Path: Packages/com.unity.ide.rider/Rider/Editor/Properties/AssemblyInfo.cs - Importer: ScriptedImporter/UnityEditor.QuickSearchModule:UnityEditor.Search:ASIAI0B
Importing 'GUID: 8472c6472e6d4301873871a9e8fcf952 - Path: Packages/com.unity.ide.rider/Rider/Editor/Properties/AssemblyInfo.cs - Importer: ScriptedImporter/UnityEditor.QuickSearchModule:UnityEditor.Search:ASIAI0B' with importer (ScriptedImporter : UnityEditor.QuickSearchModule:UnityEditor.Search:ASIAI0B)
Imported 'GUID: 8472c6472e6d4301873871a9e8fcf952' -> (Import Result ID: '1d0aefd30f20ae8a410f332881ce2370') in 0.003 seconds [static and dynamic dependencies]. Details - ImportResultOutputID=7079e40b7941247e20b13ce3a314f7ce DependenciesID=9f512909bf23835be2c745737f26c93f StaticDependenciesID=43fb6b3deb62e52861a67fc26cb822a4 
Number of updated asset objects reloaded before import = 0
Number of asset objects unloaded after import = 0
========================================================================
Received Import Request.
  Time of request: 2026-08-11T15:50:25.5993357Z
  Time since last request: 0.0015025 seconds.
  importAddress: GUID: 7019e230344c48d4b81602e2e978e5de - Path: Packages/com.unity.ide.rider/Rider/Editor/ProjectGeneration/LastWriteTracker.cs - Importer: ScriptedImporter/UnityEditor.QuickSearchModule:UnityEditor.Search:ASIAI0B
Importing 'GUID: 7019e230344c48d4b81602e2e978e5de - Path: Packages/com.unity.ide.rider/Rider/Editor/ProjectGeneration/LastWriteTracker.cs - Importer: ScriptedImporter/UnityEditor.QuickSearchModule:UnityEditor.Search:ASIAI0B' with importer (ScriptedImporter : UnityEditor.QuickSearchModule:UnityEditor.Search:ASIAI0B)
Imported 'GUID: 7019e230344c48d4b81602e2e978e5de' -> (Import Result ID: '511eff17c52e9755b3d40005ed13adb5') in 0.003 seconds [static and dynamic dependencies]. Details - ImportResultOutputID=5c21dc6eef325dda972b2bec76ec7f3b DependenciesID=174b271412dd18d110012bda8f7e08b8 StaticDependenciesID=691e940da07083a1c3b27ce33dceef26 
Number of updated asset objects reloaded before import = 0
Number of asset objects unloaded after import = 0
========================================================================
Received Import Request.
  Time of request: 2026-08-11T15:50:25.6117739Z
  Time since last request: 0.0002643 seconds.
  importAddress: GUID: 39cb9ab8a3b2452cbf58ffbea841d203 - Path: Packages/com.unity.ide.rider/Rider/Editor/ProjectGeneration/IGenerator.cs - Importer: ScriptedImporter/UnityEditor.QuickSearchModule:UnityEditor.Search:ASIAI0B
Importing 'GUID: 39cb9ab8a3b2452cbf58ffbea841d203 - Path: Packages/com.unity.ide.rider/Rider/Editor/ProjectGeneration/IGenerator.cs - Importer: ScriptedImporter/UnityEditor.QuickSearchModule:UnityEditor.Search:ASIAI0B' with importer (ScriptedImporter : UnityEditor.QuickSearchModule:UnityEditor.Search:ASIAI0B)
Imported 'GUID: 39cb9ab8a3b2452cbf58ffbea841d203' -> (Import Result ID: 'b44c814b88be0acc1dbf13009ef07973') in 0.003 seconds [static and dynamic dependencies]. Details - ImportResultOutputID=36eb0f1fe5540b894f818bb564f03076 DependenciesID=9932b6d9be6797ee50aa5f80999c5761 StaticDependenciesID=1b27058ad603501f4eeedfbb69ebf407 
Number of updated asset objects reloaded before import = 0
Number of asset objects unloaded after import = 0
========================================================================
Received Import Request.
  Time of request: 2026-08-11T15:50:25.623648Z
  Time since last request: 0.0005612 seconds.
  importAddress: GUID: f5a0cc9645f0e2d4fb816156dcf3f4dd - Path: Packages/com.unity.ide.rider/Rider/Editor/RiderInitializer.cs - Importer: ScriptedImporter/UnityEditor.QuickSearchModule:UnityEditor.Search:ASIAI0B
Importing 'GUID: f5a0cc9645f0e2d4fb816156dcf3f4dd - Path: Packages/com.unity.ide.rider/Rider/Editor/RiderInitializer.cs - Importer: ScriptedImporter/UnityEditor.QuickSearchModule:UnityEditor.Search:ASIAI0B' with importer (ScriptedImporter : UnityEditor.QuickSearchModule:UnityEditor.Search:ASIAI0B)
Imported 'GUID: f5a0cc9645f0e2d4fb816156dcf3f4dd' -> (Import Result ID: 'c6f01efd3bc10e733c394613abe3147f') in 0.004 seconds [static and dynamic dependencies]. Details - ImportResultOutputID=da2490423778207d408e200e0337a845 DependenciesID=012832a846ab375b8339b09887a999cb StaticDependenciesID=e1f9f369f0be8292b2e83d7d195fe43f 
Number of updated asset objects reloaded before import = 0
Number of asset objects unloaded after import = 0
========================================================================
Received Import Request.
  Time of request: 2026-08-11T15:50:25.6370528Z
  Time since last request: 0.0004355 seconds.
  importAddress: GUID: 3f7d69b580ef4c288896687cfed86996 - Path: Packages/com.unity.render-pipelines.universal/ValidationConfig.json - Importer: ScriptedImporter/UnityEditor.QuickSearchModule:UnityEditor.Search:ASIAI0B
Importing 'GUID: 3f7d69b580ef4c288896687cfed86996 - Path: Packages/com.unity.render-pipelines.universal/ValidationConfig.json - Importer: ScriptedImporter/UnityEditor.QuickSearchModule:UnityEditor.Search:ASIAI0B' with importer (ScriptedImporter : UnityEditor.QuickSearchModule:UnityEditor.Search:ASIAI0B)
Imported 'GUID: 3f7d69b580ef4c288896687cfed86996' -> (Import Result ID: 'e4f67313ece18d4bb7211115d06cb0ad') in 0.003 seconds [static and dynamic dependencies]. Details - ImportResultOutputID=eb65d35a109abb6f21535b30b78c52a8 DependenciesID=c97bdcd73d2dc603a21f37f55c6c54be StaticDependenciesID=d4dc9a3f8d4fcd328ff8c93b271c57ea 
Number of updated asset objects reloaded before import = 0
Number of asset objects unloaded after import = 1
========================================================================
Received Import Request.
  Time of request: 2026-08-11T15:50:25.6485132Z
  Time since last request: 0.0006539 seconds.
  importAddress: GUID: 1bfe12aa306c0c74db4f4f1a1a0ae5ce - Path: Packages/com.unity.ide.rider/Rider/Editor/PluginSettings.cs - Importer: ScriptedImporter/UnityEditor.QuickSearchModule:UnityEditor.Search:ASIAI0B
Importing 'GUID: 1bfe12aa306c0c74db4f4f1a1a0ae5ce - Path: Packages/com.unity.ide.rider/Rider/Editor/PluginSettings.cs - Importer: ScriptedImporter/UnityEditor.QuickSearchModule:UnityEditor.Search:ASIAI0B' with importer (ScriptedImporter : UnityEditor.QuickSearchModule:UnityEditor.Search:ASIAI0B)
Imported 'GUID: 1bfe12aa306c0c74db4f4f1a1a0ae5ce' -> (Import Result ID: 'db177493ff483760181e879ff711292c') in 0.004 seconds [static and dynamic dependencies]. Details - ImportResultOutputID=8b2de9172fcef5cb7bff85b8627ec554 DependenciesID=ea0ccbd19cf70985dd9e12dd05d5f5d1 StaticDependenciesID=508acc9b546229399cae9ade6f81de12 
Number of updated asset objects reloaded before import = 0
Number of asset objects unloaded after import = 0
========================================================================
Received Import Request.
  Time of request: 2026-08-11T15:50:25.6615413Z
  Time since last request: 0.0004773 seconds.
  importAddress: GUID: 30648b8d550465f4bb77f1e1afd0b37d - Path: Packages/com.unity.render-pipelines.universal/package.json - Importer: ScriptedImporter/UnityEditor.QuickSearchModule:UnityEditor.Search:ASIAI0B
Importing 'GUID: 30648b8d550465f4bb77f1e1afd0b37d - Path: Packages/com.unity.render-pipelines.universal/package.json - Importer: ScriptedImporter/UnityEditor.QuickSearchModule:UnityEditor.Search:ASIAI0B' with importer (ScriptedImporter : UnityEditor.QuickSearchModule:UnityEditor.Search:ASIAI0B)
Imported 'GUID: 30648b8d550465f4bb77f1e1afd0b37d' -> (Import Result ID: '0029697262ed971a222c6940726d102a') in 0.003 seconds [static and dynamic dependencies]. Details - ImportResultOutputID=f063539e2cc258f0f63f3b5cb04130ed DependenciesID=e38be8661f5ae6e878963d52b683692c StaticDependenciesID=7653851912ed98db662ab6de6d5ef395 
Number of updated asset objects reloaded before import = 0
Number of asset objects unloaded after import = 1
========================================================================
Received Import Request.
  Time of request: 2026-08-11T15:50:25.6737363Z
  Time since last request: 0.0003818 seconds.
  importAddress: GUID: 5c3b27069cb3ddf42ba1260eeefcdd1c - Path: Packages/com.unity.ide.rider/Rider/Editor/UnitTesting/RiderTestRunner.cs - Importer: ScriptedImporter/UnityEditor.QuickSearchModule:UnityEditor.Search:ASIAI0B
Importing 'GUID: 5c3b27069cb3ddf42ba1260eeefcdd1c - Path: Packages/com.unity.ide.rider/Rider/Editor/UnitTesting/RiderTestRunner.cs - Importer: ScriptedImporter/UnityEditor.QuickSearchModule:UnityEditor.Search:ASIAI0B' with importer (ScriptedImporter : UnityEditor.QuickSearchModule:UnityEditor.Search:ASIAI0B)
Imported 'GUID: 5c3b27069cb3ddf42ba1260eeefcdd1c' -> (Import Result ID: 'bd1205cb4923d4ca2d39713fcc67f905') in 0.003 seconds [static and dynamic dependencies]. Details - ImportResultOutputID=8bc54d2ceaa3a989e55aff12f6a885ec DependenciesID=dc5eb5d03aecdd26f0fb7d825cfa7e2e StaticDependenciesID=f5985aaecd770b80a3211190b35980c6 
Number of updated asset objects reloaded before import = 0
Number of asset objects unloaded after import = 0
========================================================================
Received Import Request.
  Time of request: 2026-08-11T15:50:25.7040407Z
  Time since last request: 0.0182824 seconds.
  importAddress: GUID: 2ec995e51a6e251468d2a3fd8a686257 - Path: Packages/com.unity.render-pipelines.universal/Runtime/UniversalRenderPipelineGlobalSettings.cs - Importer: ScriptedImporter/UnityEditor.QuickSearchModule:UnityEditor.Search:ASIAI0B
Importing 'GUID: 2ec995e51a6e251468d2a3fd8a686257 - Path: Packages/com.unity.render-pipelines.universal/Runtime/UniversalRenderPipelineGlobalSettings.cs - Importer: ScriptedImporter/UnityEditor.QuickSearchModule:UnityEditor.Search:ASIAI0B' with importer (ScriptedImporter : UnityEditor.QuickSearchModule:UnityEditor.Search:ASIAI0B)
Imported 'GUID: 2ec995e51a6e251468d2a3fd8a686257' -> (Import Result ID: 'ae96f826154f21759b9529a0b007eed7') in 0.003 seconds [static and dynamic dependencies]. Details - ImportResultOutputID=a815261dcff78a7d0127c599dbf0cd49 DependenciesID=a2a1687e8d6eaf3b58ca2d0bd2d7471d StaticDependenciesID=58386c99e0f6a906d9073ebca3a78385 
Number of updated asset objects reloaded before import = 0
Number of asset objects unloaded after import = 0
========================================================================
Received Import Request.
  Time of request: 2026-08-11T15:50:25.7384154Z
  Time since last request: 0.023099 seconds.
  importAddress: GUID: 0cc0cb6442378495eb09b7fa31891834 - Path: Packages/com.unity.render-pipelines.universal/Runtime/Deprecated.cs - Importer: ScriptedImporter/UnityEditor.QuickSearchModule:UnityEditor.Search:ASIAI0B
Importing 'GUID: 0cc0cb6442378495eb09b7fa31891834 - Path: Packages/com.unity.render-pipelines.universal/Runtime/Deprecated.cs - Importer: ScriptedImporter/UnityEditor.QuickSearchModule:UnityEditor.Search:ASIAI0B' with importer (ScriptedImporter : UnityEditor.QuickSearchModule:UnityEditor.Search:ASIAI0B)
Imported 'GUID: 0cc0cb6442378495eb09b7fa31891834' -> (Import Result ID: '62f8ecf3e1ad0b0d1798c5091900cff2') in 0.003 seconds [static and dynamic dependencies]. Details - ImportResultOutputID=7632d7fe3de8898bc6ff78ee25553e7f DependenciesID=7fe8569bf4852500135ca3e2c9c43457 StaticDependenciesID=7e0e5385d38395c8760cfee18ffd0afd 
Number of updated asset objects reloaded before import = 0
Number of asset objects unloaded after import = 0
========================================================================
Received Import Request.
  Time of request: 2026-08-11T15:50:25.7497385Z
  Time since last request: 0.0009787 seconds.
  importAddress: GUID: 149bb9bb1dd2710499890484f7bacf05 - Path: Packages/com.unity.render-pipelines.universal/Runtime/ValidationHandler.cs - Importer: ScriptedImporter/UnityEditor.QuickSearchModule:UnityEditor.Search:ASIAI0B
Importing 'GUID: 149bb9bb1dd2710499890484f7bacf05 - Path: Packages/com.unity.render-pipelines.universal/Runtime/ValidationHandler.cs - Importer: ScriptedImporter/UnityEditor.QuickSearchModule:UnityEditor.Search:ASIAI0B' with importer (ScriptedImporter : UnityEditor.QuickSearchModule:UnityEditor.Search:ASIAI0B)
Imported 'GUID: 149bb9bb1dd2710499890484f7bacf05' -> (Import Result ID: 'db8ba512ad573a33a79fa44885231ff5') in 0.003 seconds [static and dynamic dependencies]. Details - ImportResultOutputID=a94cac621d01909fde58a3aeaa725ecf DependenciesID=b35c66cc770ab32ac3a04a06803ac576 StaticDependenciesID=5930456e916431b52cc7c7ee9a1c97bf 
Number of updated asset objects reloaded before import = 0
Number of asset objects unloaded after import = 0
========================================================================
Received Import Request.
  Time of request: 2026-08-11T15:50:25.7627005Z
  Time since last request: 0.0003168 seconds.
  importAddress: GUID: d973de1eba2f6934e9c31429e8e40c09 - Path: Packages/com.unity.render-pipelines.universal/Runtime/UniversalRenderPipelineCore.cs - Importer: ScriptedImporter/UnityEditor.QuickSearchModule:UnityEditor.Search:ASIAI0B
Importing 'GUID: d973de1eba2f6934e9c31429e8e40c09 - Path: Packages/com.unity.render-pipelines.universal/Runtime/UniversalRenderPipelineCore.cs - Importer: ScriptedImporter/UnityEditor.QuickSearchModule:UnityEditor.Search:ASIAI0B' with importer (ScriptedImporter : UnityEditor.QuickSearchModule:UnityEditor.Search:ASIAI0B)
Imported 'GUID: d973de1eba2f6934e9c31429e8e40c09' -> (Import Result ID: '40a35a0f889b197220e64328a690f61a') in 0.003 seconds [static and dynamic dependencies]. Details - ImportResultOutputID=ccf877540f6a051242dac18609b39e2f DependenciesID=018ba5236c2492b606828892b3705136 StaticDependenciesID=b734e9fee3b865a24ebdfc77694293c8 
Number of updated asset objects reloaded before import = 0
Number of asset objects unloaded after import = 0
========================================================================
Received Import Request.
  Time of request: 2026-08-11T15:50:25.774804Z
  Time since last request: 0.0002877 seconds.
  importAddress: GUID: e325eaafb90d419598a94581ba3335a4 - Path: Packages/com.unity.render-pipelines.universal/ShaderLibrary/BRDF.hlsl - Importer: ScriptedImporter/UnityEditor.QuickSearchModule:UnityEditor.Search:ASIAI0B
Importing 'GUID: e325eaafb90d419598a94581ba3335a4 - Path: Packages/com.unity.render-pipelines.universal/ShaderLibrary/BRDF.hlsl - Importer: ScriptedImporter/UnityEditor.QuickSearchModule:UnityEditor.Search:ASIAI0B' with importer (ScriptedImporter : UnityEditor.QuickSearchModule:UnityEditor.Search:ASIAI0B)
Imported 'GUID: e325eaafb90d419598a94581ba3335a4' -> (Import Result ID: 'eb54484ad01720b4048f5496a1a5dbd7') in 0.003 seconds [static and dynamic dependencies]. Details - ImportResultOutputID=1ce5e959e7633d80a874055edab693e1 DependenciesID=b47da1a1a078e0b9118a6e24f481abc6 StaticDependenciesID=804012cbc3961f2692332443d86a8862 
Number of updated asset objects reloaded before import = 0
Number of asset objects unloaded after import = 1
========================================================================
Received Import Request.
  Time of request: 2026-08-11T15:50:25.7860508Z
  Time since last request: 0.0002781 seconds.
  importAddress: GUID: b81c1a435d4bc9e40a19e0326117db7c - Path: Packages/com.unity.render-pipelines.universal/Editor/TrackballUIDrawer.cs - Importer: ScriptedImporter/UnityEditor.QuickSearchModule:UnityEditor.Search:ASIAI0B
Importing 'GUID: b81c1a435d4bc9e40a19e0326117db7c - Path: Packages/com.unity.render-pipelines.universal/Editor/TrackballUIDrawer.cs - Importer: ScriptedImporter/UnityEditor.QuickSearchModule:UnityEditor.Search:ASIAI0B' with importer (ScriptedImporter : UnityEditor.QuickSearchModule:UnityEditor.Search:ASIAI0B)
Imported 'GUID: b81c1a435d4bc9e40a19e0326117db7c' -> (Import Result ID: 'db67f4e05fdb8e96b4d6cbb1c9bb0e08') in 0.004 seconds [static and dynamic dependencies]. Details - ImportResultOutputID=3823ff2c6316f9b592fc04e812483578 DependenciesID=53d90463a08aa19dd6a010827df4e8c8 StaticDependenciesID=f3a5ac06e54e4e34112b224d986e8cad 
Number of updated asset objects reloaded before import = 0
Number of asset objects unloaded after import = 0
========================================================================
Received Import Request.
  Time of request: 2026-08-11T15:50:25.7986453Z
  Time since last request: 0.0009092 seconds.
  importAddress: GUID: 448dc5f4526854e869b92bee42a28690 - Path: Packages/com.unity.render-pipelines.universal/Runtime/NoAllocUtils.cs - Importer: ScriptedImporter/UnityEditor.QuickSearchModule:UnityEditor.Search:ASIAI0B
Importing 'GUID: 448dc5f4526854e869b92bee42a28690 - Path: Packages/com.unity.render-pipelines.universal/Runtime/NoAllocUtils.cs - Importer: ScriptedImporter/UnityEditor.QuickSearchModule:UnityEditor.Search:ASIAI0B' with importer (ScriptedImporter : UnityEditor.QuickSearchModule:UnityEditor.Search:ASIAI0B)
Imported 'GUID: 448dc5f4526854e869b92bee42a28690' -> (Import Result ID: '5473185311c3e98bdc4babc3f5195017') in 0.003 seconds [static and dynamic dependencies]. Details - ImportResultOutputID=d654c0b59225d4c2817df027911d175c DependenciesID=e4a1cc04606682a03da0760c5a87fcfe StaticDependenciesID=ebcc8ea9e0d7252ee186b2f0e411de7c 
Number of updated asset objects reloaded before import = 0
Number of asset objects unloaded after import = 0
========================================================================
Received Import Request.
  Time of request: 2026-08-11T15:50:25.8107667Z
  Time since last request: 0.0003256 seconds.
  importAddress: GUID: d7a47b64c248a9448845c28f15c6ca10 - Path: Packages/com.unity.render-pipelines.universal/Runtime/RenderTargetHandle.cs - Importer: ScriptedImporter/UnityEditor.QuickSearchModule:UnityEditor.Search:ASIAI0B
Importing 'GUID: d7a47b64c248a9448845c28f15c6ca10 - Path: Packages/com.unity.render-pipelines.universal/Runtime/RenderTargetHandle.cs - Importer: ScriptedImporter/UnityEditor.QuickSearchModule:UnityEditor.Search:ASIAI0B' with importer (ScriptedImporter : UnityEditor.QuickSearchModule:UnityEditor.Search:ASIAI0B)
Imported 'GUID: d7a47b64c248a9448845c28f15c6ca10' -> (Import Result ID: 'c13470b02f7b34797451dc2e085b8ba0') in 0.003 seconds [static and dynamic dependencies]. Details - ImportResultOutputID=2a16e27a3b1473d29400fc183a80abf6 DependenciesID=d0b1eaf6194862884443fd85ec48b98f StaticDependenciesID=894a85b7f729ea2a6c3f2671b6034661 
Number of updated asset objects reloaded before import = 0
Number of asset objects unloaded after import = 0
========================================================================
Received Import Request.
  Time of request: 2026-08-11T15:50:25.8614239Z
  Time since last request: 0.0369169 seconds.
  importAddress: GUID: a20568904d9c412459181938be987e12 - Path: Packages/com.unity.render-pipelines.universal/ShaderLibrary/MotionVectorsCommon.hlsl - Importer: ScriptedImporter/UnityEditor.QuickSearchModule:UnityEditor.Search:ASIAI0B
Importing 'GUID: a20568904d9c412459181938be987e12 - Path: Packages/com.unity.render-pipelines.universal/ShaderLibrary/MotionVectorsCommon.hlsl - Importer: ScriptedImporter/UnityEditor.QuickSearchModule:UnityEditor.Search:ASIAI0B' with importer (ScriptedImporter : UnityEditor.QuickSearchModule:UnityEditor.Search:ASIAI0B)
Imported 'GUID: a20568904d9c412459181938be987e12' -> (Import Result ID: '1da3584610eacfce8f0255978eb9bbbd') in 0.003 seconds [static and dynamic dependencies]. Details - ImportResultOutputID=e4b8e3fd8eab06215a411b18cb9a173e DependenciesID=388014c77be85c15deaf4dd2c9fd9575 StaticDependenciesID=b0212c0f21927ce7c8eb42a650a7710f 
Number of updated asset objects reloaded before import = 0
Number of asset objects unloaded after import = 1
========================================================================
Received Import Request.
  Time of request: 2026-08-11T15:50:25.8735673Z
  Time since last request: 0.0013641 seconds.
  importAddress: GUID: 0ca6dca7396eb48e5849247ffd444914 - Path: Packages/com.unity.render-pipelines.universal/Shaders/BakedLit.shader - Importer: ScriptedImporter/UnityEditor.QuickSearchModule:UnityEditor.Search:ASIAI0B
Importing 'GUID: 0ca6dca7396eb48e5849247ffd444914 - Path: Packages/com.unity.render-pipelines.universal/Shaders/BakedLit.shader - Importer: ScriptedImporter/UnityEditor.QuickSearchModule:UnityEditor.Search:ASIAI0B' with importer (ScriptedImporter : UnityEditor.QuickSearchModule:UnityEditor.Search:ASIAI0B)
Imported 'GUID: 0ca6dca7396eb48e5849247ffd444914' -> (Import Result ID: '9106833ab4452ca816f8e58c4163c26a') in 0.005 seconds [static and dynamic dependencies]. Details - ImportResultOutputID=1bd86a3ce73753dacefcdcade45433df DependenciesID=429a8ab8b79bc07cb6973c0b825876eb StaticDependenciesID=a26542ed9535fa417f6c833e40abd103 
Number of updated asset objects reloaded before import = 0
Number of asset objects unloaded after import = 1
========================================================================
Received Import Request.
  Time of request: 2026-08-11T15:50:25.8873284Z
  Time since last request: 0.0008236 seconds.
  importAddress: GUID: ef46fb1e00bf67142ae3548411a562b6 - Path: Packages/com.unity.render-pipelines.universal/ShaderLibrary/LODCrossFade.hlsl - Importer: ScriptedImporter/UnityEditor.QuickSearchModule:UnityEditor.Search:ASIAI0B
Importing 'GUID: ef46fb1e00bf67142ae3548411a562b6 - Path: Packages/com.unity.render-pipelines.universal/ShaderLibrary/LODCrossFade.hlsl - Importer: ScriptedImporter/UnityEditor.QuickSearchModule:UnityEditor.Search:ASIAI0B' with importer (ScriptedImporter : UnityEditor.QuickSearchModule:UnityEditor.Search:ASIAI0B)
Imported 'GUID: ef46fb1e00bf67142ae3548411a562b6' -> (Import Result ID: 'c908df36f3eae3628df1d56c1c3cac8b') in 0.003 seconds [static and dynamic dependencies]. Details - ImportResultOutputID=f1ab207192c1bd14c7df38962b6dab8c DependenciesID=66dde2f0a71382d8c44c5335b1182be9 StaticDependenciesID=40b3d65194117bc7d2eeb24244aa61f1 
Number of updated asset objects reloaded before import = 0
Number of asset objects unloaded after import = 1
========================================================================
Received Import Request.
  Time of request: 2026-08-11T15:50:25.9000835Z
  Time since last request: 0.0002621 seconds.
  importAddress: GUID: 87322610c9b88a64e8bce40c056d8116 - Path: Packages/com.unity.render-pipelines.universal/ShaderLibrary/GBufferOutputFormat.hlsl - Importer: ScriptedImporter/UnityEditor.QuickSearchModule:UnityEditor.Search:ASIAI0B
Importing 'GUID: 87322610c9b88a64e8bce40c056d8116 - Path: Packages/com.unity.render-pipelines.universal/ShaderLibrary/GBufferOutputFormat.hlsl - Importer: ScriptedImporter/UnityEditor.QuickSearchModule:UnityEditor.Search:ASIAI0B' with importer (ScriptedImporter : UnityEditor.QuickSearchModule:UnityEditor.Search:ASIAI0B)
Imported 'GUID: 87322610c9b88a64e8bce40c056d8116' -> (Import Result ID: 'a825e30201f1edd788029c1723a594f6') in 0.003 seconds [static and dynamic dependencies]. Details - ImportResultOutputID=dd51327b531b7271e992789af1dcc44e DependenciesID=93f8e59d54c65927cd86cc339fb9b8fd StaticDependenciesID=13a34877429d61e95c22bd4c9b951d95 
Number of updated asset objects reloaded before import = 0
Number of asset objects unloaded after import = 1
========================================================================
Received Import Request.
  Time of request: 2026-08-11T15:50:25.9138132Z
  Time since last request: 0.0002772 seconds.
  importAddress: GUID: 9041fd6e0797cf74a8f08340e6157c0d - Path: Packages/com.unity.render-pipelines.universal/ShaderLibrary/DBuffer.hlsl - Importer: ScriptedImporter/UnityEditor.QuickSearchModule:UnityEditor.Search:ASIAI0B
Importing 'GUID: 9041fd6e0797cf74a8f08340e6157c0d - Path: Packages/com.unity.render-pipelines.universal/ShaderLibrary/DBuffer.hlsl - Importer: ScriptedImporter/UnityEditor.QuickSearchModule:UnityEditor.Search:ASIAI0B' with importer (ScriptedImporter : UnityEditor.QuickSearchModule:UnityEditor.Search:ASIAI0B)
Imported 'GUID: 9041fd6e0797cf74a8f08340e6157c0d' -> (Import Result ID: '22e587f4517704fbce99e178871984b7') in 0.004 seconds [static and dynamic dependencies]. Details - ImportResultOutputID=fb3da7ec960da4bd626ed35c8b1a8284 DependenciesID=46a1ccb87ac3d42ee9d4fa44c371a447 StaticDependenciesID=743c36e34ac065ccbf7cc537b37c5f16 
Number of updated asset objects reloaded before import = 0
Number of asset objects unloaded after import = 1
========================================================================
Received Import Request.
  Time of request: 2026-08-11T15:50:25.9255586Z
  Time since last request: 0.0004022 seconds.
  importAddress: GUID: 71338c4661f9c40249e1fdb27df62e92 - Path: Packages/com.unity.render-pipelines.universal/ShaderLibrary/DOTS.hlsl - Importer: ScriptedImporter/UnityEditor.QuickSearchModule:UnityEditor.Search:ASIAI0B
Importing 'GUID: 71338c4661f9c40249e1fdb27df62e92 - Path: Packages/com.unity.render-pipelines.universal/ShaderLibrary/DOTS.hlsl - Importer: ScriptedImporter/UnityEditor.QuickSearchModule:UnityEditor.Search:ASIAI0B' with importer (ScriptedImporter : UnityEditor.QuickSearchModule:UnityEditor.Search:ASIAI0B)
Imported 'GUID: 71338c4661f9c40249e1fdb27df62e92' -> (Import Result ID: '3ef3667eea3e01fc9a34187559ea9939') in 0.003 seconds [static and dynamic dependencies]. Details - ImportResultOutputID=cef726856c28aed451ed0e8f84bf1837 DependenciesID=5c18028cc548a02a82992cc919a059aa StaticDependenciesID=e858b5feeb824a5dbb0ae0be52147475 
Number of updated asset objects reloaded before import = 0
Number of asset objects unloaded after import = 1
========================================================================
Received Import Request.
  Time of request: 2026-08-11T15:50:25.9374174Z
  Time since last request: 0.0004772 seconds.
  importAddress: GUID: 6d239a0044031854a817ab72a66ce766 - Path: Packages/com.unity.render-pipelines.universal/ShaderLibrary/ObjectMotionVectors.hlsl - Importer: ScriptedImporter/UnityEditor.QuickSearchModule:UnityEditor.Search:ASIAI0B
Importing 'GUID: 6d239a0044031854a817ab72a66ce766 - Path: Packages/com.unity.render-pipelines.universal/ShaderLibrary/ObjectMotionVectors.hlsl - Importer: ScriptedImporter/UnityEditor.QuickSearchModule:UnityEditor.Search:ASIAI0B' with importer (ScriptedImporter : UnityEditor.QuickSearchModule:UnityEditor.Search:ASIAI0B)
Imported 'GUID: 6d239a0044031854a817ab72a66ce766' -> (Import Result ID: '83a524b528055539b035496dc91f5aa5') in 0.003 seconds [static and dynamic dependencies]. Details - ImportResultOutputID=82670cd189dc08c445c6b17bcc529ca4 DependenciesID=2aac4758255a9baa61b14028a4bfd9d1 StaticDependenciesID=7a87ee4918a490601ab3c33e67e9fb8b 
Number of updated asset objects reloaded before import = 0
Number of asset objects unloaded after import = 1
========================================================================
Received Import Request.
  Time of request: 2026-08-11T15:50:25.9492952Z
  Time since last request: 0.0002654 seconds.
  importAddress: GUID: ee7e4c9a5f6364b688a332c67fc32cca - Path: Packages/com.unity.render-pipelines.universal/Shaders/ComplexLit.shader - Importer: ScriptedImporter/UnityEditor.QuickSearchModule:UnityEditor.Search:ASIAI0B
Importing 'GUID: ee7e4c9a5f6364b688a332c67fc32cca - Path: Packages/com.unity.render-pipelines.universal/Shaders/ComplexLit.shader - Importer: ScriptedImporter/UnityEditor.QuickSearchModule:UnityEditor.Search:ASIAI0B' with importer (ScriptedImporter : UnityEditor.QuickSearchModule:UnityEditor.Search:ASIAI0B)
Imported 'GUID: ee7e4c9a5f6364b688a332c67fc32cca' -> (Import Result ID: '0cd61aef37964e488f247a7e8ac7b653') in 0.004 seconds [static and dynamic dependencies]. Details - ImportResultOutputID=629d45b6ab050be065c057792ca7f443 DependenciesID=c5b870825eee7902f3e18215545fcc3b StaticDependenciesID=49abe4b927b5bf86f78d08070f001c27 
Number of updated asset objects reloaded before import = 0
Number of asset objects unloaded after import = 1
========================================================================
Received Import Request.
  Time of request: 2026-08-11T15:50:25.9806831Z
  Time since last request: 0.0193811 seconds.
  importAddress: GUID: c2fe41a21634ebe40a7786f6472b3cac - Path: Packages/com.unity.render-pipelines.universal/Editor/2D/Renderer2DDataEditor.cs - Importer: ScriptedImporter/UnityEditor.QuickSearchModule:UnityEditor.Search:ASIAI0B
Importing 'GUID: c2fe41a21634ebe40a7786f6472b3cac - Path: Packages/com.unity.render-pipelines.universal/Editor/2D/Renderer2DDataEditor.cs - Importer: ScriptedImporter/UnityEditor.QuickSearchModule:UnityEditor.Search:ASIAI0B' with importer (ScriptedImporter : UnityEditor.QuickSearchModule:UnityEditor.Search:ASIAI0B)
Imported 'GUID: c2fe41a21634ebe40a7786f6472b3cac' -> (Import Result ID: '71db482b59e346307d8faebed0805500') in 0.004 seconds [static and dynamic dependencies]. Details - ImportResultOutputID=be06dadcb6fc2628fa9758d79acf6adf DependenciesID=ac68183de2dc0d95be9828784b3eeba0 StaticDependenciesID=96c1667880950bc1bd475c67db3755ce 
Number of updated asset objects reloaded before import = 0
Number of asset objects unloaded after import = 0
========================================================================
Received Import Request.
  Time of request: 2026-08-11T15:50:25.9929662Z
  Time since last request: 0.0012893 seconds.
  importAddress: GUID: 5d970c86e29d2c5438cc8c146e9805cd - Path: Packages/com.unity.render-pipelines.universal/Editor/AssetPostProcessors/MaterialPostprocessor.cs - Importer: ScriptedImporter/UnityEditor.QuickSearchModule:UnityEditor.Search:ASIAI0B
Importing 'GUID: 5d970c86e29d2c5438cc8c146e9805cd - Path: Packages/com.unity.render-pipelines.universal/Editor/AssetPostProcessors/MaterialPostprocessor.cs - Importer: ScriptedImporter/UnityEditor.QuickSearchModule:UnityEditor.Search:ASIAI0B' with importer (ScriptedImporter : UnityEditor.QuickSearchModule:UnityEditor.Search:ASIAI0B)
Imported 'GUID: 5d970c86e29d2c5438cc8c146e9805cd' -> (Import Result ID: 'd3363e1a4e4f8adad3dd60bb771ce160') in 0.004 seconds [static and dynamic dependencies]. Details - ImportResultOutputID=d7b7b8f17a713abbfaac9998f5274245 DependenciesID=d2bd246c9b4e92de30f24bf819d9aa4d StaticDependenciesID=28530283138ea80acf302271c9f1ec2c 
Number of updated asset objects reloaded before import = 0
Number of asset objects unloaded after import = 0
========================================================================
Received Import Request.
  Time of request: 2026-08-11T15:50:26.005691Z
  Time since last request: 0.0003404 seconds.
  importAddress: GUID: 138efaf7fb432134da44d5a4981a62ad - Path: Packages/com.unity.render-pipelines.universal/Shaders/UnlitMetaPass.hlsl - Importer: ScriptedImporter/UnityEditor.QuickSearchModule:UnityEditor.Search:ASIAI0B
Importing 'GUID: 138efaf7fb432134da44d5a4981a62ad - Path: Packages/com.unity.render-pipelines.universal/Shaders/UnlitMetaPass.hlsl - Importer: ScriptedImporter/UnityEditor.QuickSearchModule:UnityEditor.Search:ASIAI0B' with importer (ScriptedImporter : UnityEditor.QuickSearchModule:UnityEditor.Search:ASIAI0B)
Imported 'GUID: 138efaf7fb432134da44d5a4981a62ad' -> (Import Result ID: '80bdc064176e1edd57b80b8ca1c85121') in 0.004 seconds [static and dynamic dependencies]. Details - ImportResultOutputID=98f3fa721fd77e882949a14f5435c525 DependenciesID=8887fb35f4166a04da0c9d7e92d8f659 StaticDependenciesID=1c1ee31561fa227dee04353085513d0a 
Number of updated asset objects reloaded before import = 0
Number of asset objects unloaded after import = 1
========================================================================
Received Import Request.
  Time of request: 2026-08-11T15:50:26.0188497Z
  Time since last request: 0.0003411 seconds.
  importAddress: GUID: b68aaae4e9af09d4d965e4cc2f6c8fcd - Path: Packages/com.unity.render-pipelines.universal/Editor/Camera/UniversalRenderPipelineCameraUI.Environment.Drawers.cs - Importer: ScriptedImporter/UnityEditor.QuickSearchModule:UnityEditor.Search:ASIAI0B
Importing 'GUID: b68aaae4e9af09d4d965e4cc2f6c8fcd - Path: Packages/com.unity.render-pipelines.universal/Editor/Camera/UniversalRenderPipelineCameraUI.Environment.Drawers.cs - Importer: ScriptedImporter/UnityEditor.QuickSearchModule:UnityEditor.Search:ASIAI0B' with importer (ScriptedImporter : UnityEditor.QuickSearchModule:UnityEditor.Search:ASIAI0B)
Imported 'GUID: b68aaae4e9af09d4d965e4cc2f6c8fcd' -> (Import Result ID: '2715d4c7f440f8df94085894919557e8') in 0.003 seconds [static and dynamic dependencies]. Details - ImportResultOutputID=816af3cee11a967a215c3a005c5f45db DependenciesID=7bba7b50200743ec80d84ab74db2b923 StaticDependenciesID=727d16c682538f85669aec2f02ccc205 
Number of updated asset objects reloaded before import = 0
Number of asset objects unloaded after import = 0
========================================================================
Received Import Request.
  Time of request: 2026-08-11T15:50:26.0306668Z
  Time since last request: 0.0002909 seconds.
  importAddress: GUID: fce2d726a9fb304408cfa649e000006f - Path: Packages/com.unity.render-pipelines.universal/Editor/BuildProcessors/URPProcessScene.cs - Importer: ScriptedImporter/UnityEditor.QuickSearchModule:UnityEditor.Search:ASIAI0B
Importing 'GUID: fce2d726a9fb304408cfa649e000006f - Path: Packages/com.unity.render-pipelines.universal/Editor/BuildProcessors/URPProcessScene.cs - Importer: ScriptedImporter/UnityEditor.QuickSearchModule:UnityEditor.Search:ASIAI0B' with importer (ScriptedImporter : UnityEditor.QuickSearchModule:UnityEditor.Search:ASIAI0B)
Imported 'GUID: fce2d726a9fb304408cfa649e000006f' -> (Import Result ID: '6e2fa18a0b3da8d7157270751a850184') in 0.003 seconds [static and dynamic dependencies]. Details - ImportResultOutputID=dde2a834f89a30b68b03f5e209b15d91 DependenciesID=c1d3a016db64e160d6a6e2a3ee3acb0a StaticDependenciesID=2f4bd420dff8a4a695c2d5a2e9870e4a 
Number of updated asset objects reloaded before import = 0
Number of asset objects unloaded after import = 0
========================================================================
Received Import Request.
  Time of request: 2026-08-11T15:50:26.0426126Z
  Time since last request: 0.0002993 seconds.
  importAddress: GUID: 35e51b3cab2b88440b5791f70c01c09c - Path: Packages/com.unity.render-pipelines.universal/Editor/2D/SortingLayerDropDown.cs - Importer: ScriptedImporter/UnityEditor.QuickSearchModule:UnityEditor.Search:ASIAI0B
Importing 'GUID: 35e51b3cab2b88440b5791f70c01c09c - Path: Packages/com.unity.render-pipelines.universal/Editor/2D/SortingLayerDropDown.cs - Importer: ScriptedImporter/UnityEditor.QuickSearchModule:UnityEditor.Search:ASIAI0B' with importer (ScriptedImporter : UnityEditor.QuickSearchModule:UnityEditor.Search:ASIAI0B)
Imported 'GUID: 35e51b3cab2b88440b5791f70c01c09c' -> (Import Result ID: '8addfb5b6fa137a9f3aeb1ae70cd5459') in 0.003 seconds [static and dynamic dependencies]. Details - ImportResultOutputID=77d636b31d2a5275590a5f10ab18b6fb DependenciesID=ab535160e97cf0ec77dbf82495c1f45a StaticDependenciesID=3b24c397be06c04414e1220d1178fa32 
Number of updated asset objects reloaded before import = 0
Number of asset objects unloaded after import = 0
========================================================================
Received Import Request.
  Time of request: 2026-08-11T15:50:26.055777Z
  Time since last request: 0.00037 seconds.
  importAddress: GUID: 26a413214480ef144b2915d6ff4d0beb - Path: Packages/com.unity.render-pipelines.universal/Textures/DebugFont.tga - Importer: ScriptedImporter/UnityEditor.QuickSearchModule:UnityEditor.Search:ASIAI0B
Importing 'GUID: 26a413214480ef144b2915d6ff4d0beb - Path: Packages/com.unity.render-pipelines.universal/Textures/DebugFont.tga - Importer: ScriptedImporter/UnityEditor.QuickSearchModule:UnityEditor.Search:ASIAI0B' with importer (ScriptedImporter : UnityEditor.QuickSearchModule:UnityEditor.Search:ASIAI0B)
Imported 'GUID: 26a413214480ef144b2915d6ff4d0beb' -> (Import Result ID: '2ab620d8592558c6f1fd99eb47b1420f') in 0.006 seconds [static and dynamic dependencies]. Details - ImportResultOutputID=80a24978e04400fa7123f50ce4dad91d DependenciesID=389438d0f0b60bcde7dabab7ee4663e4 StaticDependenciesID=cf98d8993cee7c12027e3ab8600420b3 
Number of updated asset objects reloaded before import = 0
Number of asset objects unloaded after import = 1
========================================================================
Received Import Request.
  Time of request: 2026-08-11T15:50:26.0720202Z
  Time since last request: 0.0003311 seconds.
  importAddress: GUID: b080c5c57a34e6e4584e1e2c3e96a0c5 - Path: Packages/com.unity.render-pipelines.universal/Editor/2D/GameObjectCreation.cs - Importer: ScriptedImporter/UnityEditor.QuickSearchModule:UnityEditor.Search:ASIAI0B
Importing 'GUID: b080c5c57a34e6e4584e1e2c3e96a0c5 - Path: Packages/com.unity.render-pipelines.universal/Editor/2D/GameObjectCreation.cs - Importer: ScriptedImporter/UnityEditor.QuickSearchModule:UnityEditor.Search:ASIAI0B' with importer (ScriptedImporter : UnityEditor.QuickSearchModule:UnityEditor.Search:ASIAI0B)
Imported 'GUID: b080c5c57a34e6e4584e1e2c3e96a0c5' -> (Import Result ID: 'b25522ce7b5d73b27c286140fce4a089') in 0.003 seconds [static and dynamic dependencies]. Details - ImportResultOutputID=1db55ae7db2eb3bbfa5afa0456840657 DependenciesID=203faf72024842fd725e5f1d840f4482 StaticDependenciesID=797add29d6b5b5ef44e7a30481e238ad 
Number of updated asset objects reloaded before import = 0
Number of asset objects unloaded after import = 0
========================================================================
Received Import Request.
  Time of request: 2026-08-11T15:50:26.1107406Z
  Time since last request: 0.0285417 seconds.
  importAddress: GUID: d2654ad3c17ab8a4ebb9fd0719795d21 - Path: Packages/com.unity.render-pipelines.universal/Editor/ShaderGraph/UniversalMetadata.cs - Importer: ScriptedImporter/UnityEditor.QuickSearchModule:UnityEditor.Search:ASIAI0B
Importing 'GUID: d2654ad3c17ab8a4ebb9fd0719795d21 - Path: Packages/com.unity.render-pipelines.universal/Editor/ShaderGraph/UniversalMetadata.cs - Importer: ScriptedImporter/UnityEditor.QuickSearchModule:UnityEditor.Search:ASIAI0B' with importer (ScriptedImporter : UnityEditor.QuickSearchModule:UnityEditor.Search:ASIAI0B)
Imported 'GUID: d2654ad3c17ab8a4ebb9fd0719795d21' -> (Import Result ID: 'cbd8891309c08368cbe9aad4cc974426') in 0.005 seconds [static and dynamic dependencies]. Details - ImportResultOutputID=4ec2198942866eccf73b30118250ab3f DependenciesID=3e5bf1f1b09eb8c302745b9f55641bb6 StaticDependenciesID=e5008924b01d3074ec060f06d0a7f375 
Number of updated asset objects reloaded before import = 0
Number of asset objects unloaded after import = 0
========================================================================
Received Import Request.
  Time of request: 2026-08-11T15:50:26.1249457Z
  Time since last request: 0.0003062 seconds.
  importAddress: GUID: 38f8c5e5ea2961a43b1bb65bf161393c - Path: Packages/com.unity.render-pipelines.universal/Editor/Overrides/FilmGrainEditor.cs - Importer: ScriptedImporter/UnityEditor.QuickSearchModule:UnityEditor.Search:ASIAI0B
Importing 'GUID: 38f8c5e5ea2961a43b1bb65bf161393c - Path: Packages/com.unity.render-pipelines.universal/Editor/Overrides/FilmGrainEditor.cs - Importer: ScriptedImporter/UnityEditor.QuickSearchModule:UnityEditor.Search:ASIAI0B' with importer (ScriptedImporter : UnityEditor.QuickSearchModule:UnityEditor.Search:ASIAI0B)
Imported 'GUID: 38f8c5e5ea2961a43b1bb65bf161393c' -> (Import Result ID: 'b8af2fafb67f7881dc80ae2265a81fdb') in 0.004 seconds [static and dynamic dependencies]. Details - ImportResultOutputID=192a8f27ccded7891370ccaff924297f DependenciesID=74e54de5459ae0eed4d61b298681fb5c StaticDependenciesID=56855597d4763fe9ed542c79ecd86cb3 
Number of updated asset objects reloaded before import = 0
Number of asset objects unloaded after import = 0
========================================================================
Received Import Request.
  Time of request: 2026-08-11T15:50:26.1368461Z
  Time since last request: 0.0003167 seconds.
  importAddress: GUID: f5d95b75d9613694da53d274b0ea27c0 - Path: Packages/com.unity.render-pipelines.universal/Editor/Camera/UniversalRenderPipelineSerializedCamera.cs - Importer: ScriptedImporter/UnityEditor.QuickSearchModule:UnityEditor.Search:ASIAI0B
Importing 'GUID: f5d95b75d9613694da53d274b0ea27c0 - Path: Packages/com.unity.render-pipelines.universal/Editor/Camera/UniversalRenderPipelineSerializedCamera.cs - Importer: ScriptedImporter/UnityEditor.QuickSearchModule:UnityEditor.Search:ASIAI0B' with importer (ScriptedImporter : UnityEditor.QuickSearchModule:UnityEditor.Search:ASIAI0B)
Imported 'GUID: f5d95b75d9613694da53d274b0ea27c0' -> (Import Result ID: '8d29521ce254598e5b07ddb251b18093') in 0.004 seconds [static and dynamic dependencies]. Details - ImportResultOutputID=b77989f4589a1f3a0044f744d3be4395 DependenciesID=c8ba04888fc465fba50becf84facb108 StaticDependenciesID=af3b2aec1f64390258909718dcc98f07 
Number of updated asset objects reloaded before import = 0
Number of asset objects unloaded after import = 0
========================================================================
Received Import Request.
  Time of request: 2026-08-11T15:50:26.1489601Z
  Time since last request: 0.0004374 seconds.
  importAddress: GUID: dfe4e1c6ce66d514bafdec16128f59ed - Path: Packages/com.unity.render-pipelines.universal/Editor/Settings/UniversalRenderPipelinePreferencesProvider.cs - Importer: ScriptedImporter/UnityEditor.QuickSearchModule:UnityEditor.Search:ASIAI0B
Importing 'GUID: dfe4e1c6ce66d514bafdec16128f59ed - Path: Packages/com.unity.render-pipelines.universal/Editor/Settings/UniversalRenderPipelinePreferencesProvider.cs - Importer: ScriptedImporter/UnityEditor.QuickSearchModule:UnityEditor.Search:ASIAI0B' with importer (ScriptedImporter : UnityEditor.QuickSearchModule:UnityEditor.Search:ASIAI0B)
Imported 'GUID: dfe4e1c6ce66d514bafdec16128f59ed' -> (Import Result ID: '70f799626692d40881ebd7f5c6877f05') in 0.003 seconds [static and dynamic dependencies]. Details - ImportResultOutputID=8b0025da9c87d6767a38086a7e418c6f DependenciesID=d3548ff5ffb1c68b510f5fd6a805bbb6 StaticDependenciesID=be9a5c7f55547e2247b6edc04004f595 
Number of updated asset objects reloaded before import = 0
Number of asset objects unloaded after import = 0
========================================================================
Received Import Request.
  Time of request: 2026-08-11T15:50:26.1626493Z
  Time since last request: 0.0004796 seconds.
  importAddress: GUID: ad710d4eb795c9e45a2dc60a0001e99b - Path: Packages/com.unity.render-pipelines.universal/Editor/Overrides/DepthOfFieldEditor.cs - Importer: ScriptedImporter/UnityEditor.QuickSearchModule:UnityEditor.Search:ASIAI0B
Importing 'GUID: ad710d4eb795c9e45a2dc60a0001e99b - Path: Packages/com.unity.render-pipelines.universal/Editor/Overrides/DepthOfFieldEditor.cs - Importer: ScriptedImporter/UnityEditor.QuickSearchModule:UnityEditor.Search:ASIAI0B' with importer (ScriptedImporter : UnityEditor.QuickSearchModule:UnityEditor.Search:ASIAI0B)
Imported 'GUID: ad710d4eb795c9e45a2dc60a0001e99b' -> (Import Result ID: '894b50a4836c41ef807a6d2c4755ee8a') in 0.003 seconds [static and dynamic dependencies]. Details - ImportResultOutputID=4190f8d9741c0453728f508e3c2a89e2 DependenciesID=f5925218bd4d955d49a931431cebab6b StaticDependenciesID=b840149cb33eb7ec5cd57c25102d5ef9 
Number of updated asset objects reloaded before import = 0
Number of asset objects unloaded after import = 0
========================================================================
Received Import Request.
  Time of request: 2026-08-11T15:50:26.1732431Z
  Time since last request: 0.0002884 seconds.
  importAddress: GUID: d5f6a7ce5f9e41eb8f3b1910acaacd49 - Path: Packages/com.unity.render-pipelines.universal/Editor/RendererFeatures/SurfaceCacheGIEditor.cs - Importer: ScriptedImporter/UnityEditor.QuickSearchModule:UnityEditor.Search:ASIAI0B
Importing 'GUID: d5f6a7ce5f9e41eb8f3b1910acaacd49 - Path: Packages/com.unity.render-pipelines.universal/Editor/RendererFeatures/SurfaceCacheGIEditor.cs - Importer: ScriptedImporter/UnityEditor.QuickSearchModule:UnityEditor.Search:ASIAI0B' with importer (ScriptedImporter : UnityEditor.QuickSearchModule:UnityEditor.Search:ASIAI0B)
Imported 'GUID: d5f6a7ce5f9e41eb8f3b1910acaacd49' -> (Import Result ID: 'bbbef522102d6eb2299218eabbb8e2c6') in 0.003 seconds [static and dynamic dependencies]. Details - ImportResultOutputID=d3b768ab58e6a02ea59c18ecf95437ba DependenciesID=266889a1384c18fb1723f78e78ebb69c StaticDependenciesID=169d710974e604cf278566c0afe4f5cf 
Number of updated asset objects reloaded before import = 0
Number of asset objects unloaded after import = 0
========================================================================
Received Import Request.
  Time of request: 2026-08-11T15:50:26.1847239Z
  Time since last request: 0.0002668 seconds.
  importAddress: GUID: 2f447f3361e81db4cb24d35be94da7c6 - Path: Packages/com.unity.render-pipelines.universal/Editor/Lighting/UniversalRenderPipelineLightUI.Skin.cs - Importer: ScriptedImporter/UnityEditor.QuickSearchModule:UnityEditor.Search:ASIAI0B
Importing 'GUID: 2f447f3361e81db4cb24d35be94da7c6 - Path: Packages/com.unity.render-pipelines.universal/Editor/Lighting/UniversalRenderPipelineLightUI.Skin.cs - Importer: ScriptedImporter/UnityEditor.QuickSearchModule:UnityEditor.Search:ASIAI0B' with importer (ScriptedImporter : UnityEditor.QuickSearchModule:UnityEditor.Search:ASIAI0B)
Imported 'GUID: 2f447f3361e81db4cb24d35be94da7c6' -> (Import Result ID: '1576949fea33bec288939a2ea09c47f2') in 0.003 seconds [static and dynamic dependencies]. Details - ImportResultOutputID=6b575c99634cecd50aab6e26cd7e0bd9 DependenciesID=4f98a4fcd56503cd8051953896eb4290 StaticDependenciesID=66404916a7087fc315704eacefbf371b 
Number of updated asset objects reloaded before import = 0
Number of asset objects unloaded after import = 0
========================================================================
Received Import Request.
  Time of request: 2026-08-11T15:50:26.195737Z
  Time since last request: 0.0003104 seconds.
  importAddress: GUID: a5714328aff96462894a2e15ecb5d503 - Path: Packages/com.unity.render-pipelines.universal/Editor/RendererFeatures/RenderObjectsPassFeatureEditor.cs - Importer: ScriptedImporter/UnityEditor.QuickSearchModule:UnityEditor.Search:ASIAI0B
Importing 'GUID: a5714328aff96462894a2e15ecb5d503 - Path: Packages/com.unity.render-pipelines.universal/Editor/RendererFeatures/RenderObjectsPassFeatureEditor.cs - Importer: ScriptedImporter/UnityEditor.QuickSearchModule:UnityEditor.Search:ASIAI0B' with importer (ScriptedImporter : UnityEditor.QuickSearchModule:UnityEditor.Search:ASIAI0B)
Imported 'GUID: a5714328aff96462894a2e15ecb5d503' -> (Import Result ID: '3af653d756911cda22a7d300462b80ee') in 0.004 seconds [static and dynamic dependencies]. Details - ImportResultOutputID=d688b23fdf39fc476f1a8013524473e8 DependenciesID=73fa2a556243dc8ec786c058eb03c645 StaticDependenciesID=88d7f65e340963e1b6f3a4a0d7d86a61 
Number of updated asset objects reloaded before import = 0
Number of asset objects unloaded after import = 0
========================================================================
Received Import Request.
  Time of request: 2026-08-11T15:50:26.2101335Z
  Time since last request: 0.0005228 seconds.
  importAddress: GUID: 9b18b0fc0f8fa024bad93dc11774b8f4 - Path: Packages/com.unity.render-pipelines.universal/Editor/Decal/CreateDecalProjector.cs - Importer: ScriptedImporter/UnityEditor.QuickSearchModule:UnityEditor.Search:ASIAI0B
Importing 'GUID: 9b18b0fc0f8fa024bad93dc11774b8f4 - Path: Packages/com.unity.render-pipelines.universal/Editor/Decal/CreateDecalProjector.cs - Importer: ScriptedImporter/UnityEditor.QuickSearchModule:UnityEditor.Search:ASIAI0B' with importer (ScriptedImporter : UnityEditor.QuickSearchModule:UnityEditor.Search:ASIAI0B)
Imported 'GUID: 9b18b0fc0f8fa024bad93dc11774b8f4' -> (Import Result ID: '097ba82b6d0377cef93db86e02a40462') in 0.003 seconds [static and dynamic dependencies]. Details - ImportResultOutputID=62d99e19e0bf6b87ba2b3f61455b4dcf DependenciesID=66146c9f5157f4126b9cb236758076f7 StaticDependenciesID=e5458fb503b1aa18a08c3cbf70c3d01a 
Number of updated asset objects reloaded before import = 0
Number of asset objects unloaded after import = 0
========================================================================
Received Import Request.
  Time of request: 2026-08-11T15:50:26.240123Z
  Time since last request: 0.0191692 seconds.
  importAddress: GUID: f2216b7cb5772784daf9ad851edda832 - Path: Packages/com.unity.render-pipelines.universal/Editor/ShaderGUI/TerrainLitShaderGUI.cs - Importer: ScriptedImporter/UnityEditor.QuickSearchModule:UnityEditor.Search:ASIAI0B
Importing 'GUID: f2216b7cb5772784daf9ad851edda832 - Path: Packages/com.unity.render-pipelines.universal/Editor/ShaderGUI/TerrainLitShaderGUI.cs - Importer: ScriptedImporter/UnityEditor.QuickSearchModule:UnityEditor.Search:ASIAI0B' with importer (ScriptedImporter : UnityEditor.QuickSearchModule:UnityEditor.Search:ASIAI0B)
Imported 'GUID: f2216b7cb5772784daf9ad851edda832' -> (Import Result ID: '02295a407ad69555d0c30723183a3144') in 0.003 seconds [static and dynamic dependencies]. Details - ImportResultOutputID=e9814440f5146adf7de89d358b377356 DependenciesID=ed82a088baf4e3784c9ca68a873ef031 StaticDependenciesID=d085cbedfbf807d47dec3306915d5925 
Number of updated asset objects reloaded before import = 0
Number of asset objects unloaded after import = 0
========================================================================
Received Import Request.
  Time of request: 2026-08-11T15:50:26.2527615Z
  Time since last request: 0.0010324 seconds.
  importAddress: GUID: 67e030bdec7407b439d6442945b428ce - Path: Packages/com.unity.render-pipelines.universal/Runtime/Decal/DecalShaderPassNames.cs - Importer: ScriptedImporter/UnityEditor.QuickSearchModule:UnityEditor.Search:ASIAI0B
Importing 'GUID: 67e030bdec7407b439d6442945b428ce - Path: Packages/com.unity.render-pipelines.universal/Runtime/Decal/DecalShaderPassNames.cs - Importer: ScriptedImporter/UnityEditor.QuickSearchModule:UnityEditor.Search:ASIAI0B' with importer (ScriptedImporter : UnityEditor.QuickSearchModule:UnityEditor.Search:ASIAI0B)
Imported 'GUID: 67e030bdec7407b439d6442945b428ce' -> (Import Result ID: '6c81b1ebac4218c888bcebf088094d46') in 0.003 seconds [static and dynamic dependencies]. Details - ImportResultOutputID=4e1ba85ac955b45c7fcb6f096271d473 DependenciesID=8ddedac0178cd3989b2d23673af18d83 StaticDependenciesID=c43514a4480e57a1cf34cafc9b04f680 
Number of updated asset objects reloaded before import = 0
Number of asset objects unloaded after import = 0
========================================================================
Received Import Request.
  Time of request: 2026-08-11T15:50:26.2641834Z
  Time since last request: 0.0004409 seconds.
  importAddress: GUID: 93d037989b854c24d8f2a8284a46acf3 - Path: Packages/com.unity.render-pipelines.universal/Editor/Terrain/BuildTerrainVertexDescriptionInputs.template.hlsl - Importer: ScriptedImporter/UnityEditor.QuickSearchModule:UnityEditor.Search:ASIAI0B
Importing 'GUID: 93d037989b854c24d8f2a8284a46acf3 - Path: Packages/com.unity.render-pipelines.universal/Editor/Terrain/BuildTerrainVertexDescriptionInputs.template.hlsl - Importer: ScriptedImporter/UnityEditor.QuickSearchModule:UnityEditor.Search:ASIAI0B' with importer (ScriptedImporter : UnityEditor.QuickSearchModule:UnityEditor.Search:ASIAI0B)
Imported 'GUID: 93d037989b854c24d8f2a8284a46acf3' -> (Import Result ID: '6e5e63193f5d40f10292fda5adc71d29') in 0.004 seconds [static and dynamic dependencies]. Details - ImportResultOutputID=af6842408d1965ef6301e70fe3108253 DependenciesID=cecffb50187aa22515cedfca5bec6cf6 StaticDependenciesID=4836c5e86d485a7952a656f434eeace0 
Number of updated asset objects reloaded before import = 0
Number of asset objects unloaded after import = 1
========================================================================
Received Import Request.
  Time of request: 2026-08-11T15:50:26.2795362Z
  Time since last request: 0.0006089 seconds.
  importAddress: GUID: f51cd437538e56e43b5b7203e3f0d825 - Path: Packages/com.unity.render-pipelines.universal/Runtime/Decal/DecalProjector.deprecated.cs - Importer: ScriptedImporter/UnityEditor.QuickSearchModule:UnityEditor.Search:ASIAI0B
Importing 'GUID: f51cd437538e56e43b5b7203e3f0d825 - Path: Packages/com.unity.render-pipelines.universal/Runtime/Decal/DecalProjector.deprecated.cs - Importer: ScriptedImporter/UnityEditor.QuickSearchModule:UnityEditor.Search:ASIAI0B' with importer (ScriptedImporter : UnityEditor.QuickSearchModule:UnityEditor.Search:ASIAI0B)
Imported 'GUID: f51cd437538e56e43b5b7203e3f0d825' -> (Import Result ID: '5af61c9db627a7506a19bfcfa48043ec') in 0.003 seconds [static and dynamic dependencies]. Details - ImportResultOutputID=319903943534b13bae9c1c8b50fdfc62 DependenciesID=39fdb0dc4cb06fb46fa1ed19cd064257 StaticDependenciesID=327fa4f1ca6d46e716286b138a713964 
Number of updated asset objects reloaded before import = 0
Number of asset objects unloaded after import = 0
========================================================================
Received Import Request.
  Time of request: 2026-08-11T15:50:26.293425Z
  Time since last request: 0.0004497 seconds.
  importAddress: GUID: 5b95b9b576115ac4bbf3b1ea150ab3c0 - Path: Packages/com.unity.render-pipelines.universal/Editor/ShaderGUI/ShaderGraphUnlitGUI.cs - Importer: ScriptedImporter/UnityEditor.QuickSearchModule:UnityEditor.Search:ASIAI0B
Importing 'GUID: 5b95b9b576115ac4bbf3b1ea150ab3c0 - Path: Packages/com.unity.render-pipelines.universal/Editor/ShaderGUI/ShaderGraphUnlitGUI.cs - Importer: ScriptedImporter/UnityEditor.QuickSearchModule:UnityEditor.Search:ASIAI0B' with importer (ScriptedImporter : UnityEditor.QuickSearchModule:UnityEditor.Search:ASIAI0B)
Imported 'GUID: 5b95b9b576115ac4bbf3b1ea150ab3c0' -> (Import Result ID: '98e9fbc7be9a4b55c0f5408c85ab39fa') in 0.003 seconds [static and dynamic dependencies]. Details - ImportResultOutputID=2eaefb9339f005b54b0ded3e7638e4c4 DependenciesID=516f400d307e3889fa1cd9a01cbc11ea StaticDependenciesID=138621f9b145d0769c06187b2baf98e5 
Number of updated asset objects reloaded before import = 0
Number of asset objects unloaded after import = 0
========================================================================
Received Import Request.
  Time of request: 2026-08-11T15:50:26.30606Z
  Time since last request: 0.0003475 seconds.
  importAddress: GUID: 3ee3e329a28361841bde3586c2b45586 - Path: Packages/com.unity.render-pipelines.universal/Runtime/Data/UniversalRenderPipelineAsset.DefaultResources.cs - Importer: ScriptedImporter/UnityEditor.QuickSearchModule:UnityEditor.Search:ASIAI0B
Importing 'GUID: 3ee3e329a28361841bde3586c2b45586 - Path: Packages/com.unity.render-pipelines.universal/Runtime/Data/UniversalRenderPipelineAsset.DefaultResources.cs - Importer: ScriptedImporter/UnityEditor.QuickSearchModule:UnityEditor.Search:ASIAI0B' with importer (ScriptedImporter : UnityEditor.QuickSearchModule:UnityEditor.Search:ASIAI0B)
Imported 'GUID: 3ee3e329a28361841bde3586c2b45586' -> (Import Result ID: 'c6f371c03619aa5c53aaf3c896832a4c') in 0.003 seconds [static and dynamic dependencies]. Details - ImportResultOutputID=858488381987cc66093ba7f8151c4821 DependenciesID=879b42cd88762ed086a03d49a3fade71 StaticDependenciesID=4db7c7c07b5e508d96a50670dede0838 
Number of updated asset objects reloaded before import = 0
Number of asset objects unloaded after import = 0
========================================================================
Received Import Request.
  Time of request: 2026-08-11T15:50:26.3181598Z
  Time since last request: 0.0002411 seconds.
  importAddress: GUID: 0777d029ed3dffa4692f417d4aba19ca - Path: Packages/com.unity.render-pipelines.universal/Runtime/Decal/DecalProjector.cs - Importer: ScriptedImporter/UnityEditor.QuickSearchModule:UnityEditor.Search:ASIAI0B
Importing 'GUID: 0777d029ed3dffa4692f417d4aba19ca - Path: Packages/com.unity.render-pipelines.universal/Runtime/Decal/DecalProjector.cs - Importer: ScriptedImporter/UnityEditor.QuickSearchModule:UnityEditor.Search:ASIAI0B' with importer (ScriptedImporter : UnityEditor.QuickSearchModule:UnityEditor.Search:ASIAI0B)
Imported 'GUID: 0777d029ed3dffa4692f417d4aba19ca' -> (Import Result ID: 'a506584e817c1494c3bd8e84e7e7ed58') in 0.008 seconds [static and dynamic dependencies]. Details - ImportResultOutputID=51342a796ed7188f5c2159170cbef14b DependenciesID=06d751b25df8568d57adfd253f93db7f StaticDependenciesID=1cb009b4b07cc73e1a9664fa55bcfc1e 
Number of updated asset objects reloaded before import = 0
Number of asset objects unloaded after import = 1
========================================================================
Received Import Request.
  Time of request: 2026-08-11T15:50:26.3359376Z
  Time since last request: 0.0001664 seconds.
  importAddress: GUID: eda47df5b85f4f249abf7abd73db2cb2 - Path: Packages/com.unity.render-pipelines.universal/Editor/Volume/DefaultVolumeProfile.asset - Importer: ScriptedImporter/UnityEditor.QuickSearchModule:UnityEditor.Search:ASIAI0B
Importing 'GUID: eda47df5b85f4f249abf7abd73db2cb2 - Path: Packages/com.unity.render-pipelines.universal/Editor/Volume/DefaultVolumeProfile.asset - Importer: ScriptedImporter/UnityEditor.QuickSearchModule:UnityEditor.Search:ASIAI0B' with importer (ScriptedImporter : UnityEditor.QuickSearchModule:UnityEditor.Search:ASIAI0B)
Imported 'GUID: eda47df5b85f4f249abf7abd73db2cb2' -> (Import Result ID: 'f55c717839bcc08c3a0f7dac721697db') in 0.005 seconds [static and dynamic dependencies]. Details - ImportResultOutputID=8ff4196b8a6d41dc024e49a3e429ec91 DependenciesID=594cdda3873be256d68d14d2241b802f StaticDependenciesID=cd8b41409dc69adc492170d171ec12c3 
Number of updated asset objects reloaded before import = 0
Number of asset objects unloaded after import = 1
========================================================================
Received Import Request.
  Time of request: 2026-08-11T15:50:26.3769186Z
  Time since last request: 0.0288551 seconds.
  importAddress: GUID: 3e5bfeb218ab44b849bf614e7b230a7b - Path: Packages/com.unity.render-pipelines.universal/Runtime/History/SingleHistoryBase.cs - Importer: ScriptedImporter/UnityEditor.QuickSearchModule:UnityEditor.Search:ASIAI0B
Importing 'GUID: 3e5bfeb218ab44b849bf614e7b230a7b - Path: Packages/com.unity.render-pipelines.universal/Runtime/History/SingleHistoryBase.cs - Importer: ScriptedImporter/UnityEditor.QuickSearchModule:UnityEditor.Search:ASIAI0B' with importer (ScriptedImporter : UnityEditor.QuickSearchModule:UnityEditor.Search:ASIAI0B)
Imported 'GUID: 3e5bfeb218ab44b849bf614e7b230a7b' -> (Import Result ID: 'c62303bcd655fb4454449c9a38f6e317') in 0.003 seconds [static and dynamic dependencies]. Details - ImportResultOutputID=1aeb12389bb5bf89b36c311069cd0678 DependenciesID=93cc14da6c4cb44453da3eb1e3aaff43 StaticDependenciesID=f2f939bfb2afcb322523b111832edf27 
Number of updated asset objects reloaded before import = 0
Number of asset objects unloaded after import = 0
========================================================================
Received Import Request.
  Time of request: 2026-08-11T15:50:26.3901536Z
  Time since last request: 0.000595 seconds.
  importAddress: GUID: 81180773991d8724ab7f2d216912b564 - Path: Packages/com.unity.render-pipelines.universal/Runtime/Overrides/ChromaticAberration.cs - Importer: ScriptedImporter/UnityEditor.QuickSearchModule:UnityEditor.Search:ASIAI0B
Importing 'GUID: 81180773991d8724ab7f2d216912b564 - Path: Packages/com.unity.render-pipelines.universal/Runtime/Overrides/ChromaticAberration.cs - Importer: ScriptedImporter/UnityEditor.QuickSearchModule:UnityEditor.Search:ASIAI0B' with importer (ScriptedImporter : UnityEditor.QuickSearchModule:UnityEditor.Search:ASIAI0B)
Imported 'GUID: 81180773991d8724ab7f2d216912b564' -> (Import Result ID: 'bdf50971f96c1af6e3c93a00f670901c') in 0.004 seconds [static and dynamic dependencies]. Details - ImportResultOutputID=b018b6fa3d9c85fd179a7a2d30d1e50f DependenciesID=784b8618c96ccd58a664ed83f476ccb7 StaticDependenciesID=682b786b954d7fe29f53d9bff6938171 
Number of updated asset objects reloaded before import = 0
Number of asset objects unloaded after import = 0
========================================================================
Received Import Request.
  Time of request: 2026-08-11T15:50:26.4032685Z
  Time since last request: 0.0003481 seconds.
  importAddress: GUID: b697f6a938056384e968ccf6527dac83 - Path: Packages/com.unity.render-pipelines.universal/Runtime/Materials/RenderAs2D-Flattening.mat - Importer: ScriptedImporter/UnityEditor.QuickSearchModule:UnityEditor.Search:ASIAI0B
Importing 'GUID: b697f6a938056384e968ccf6527dac83 - Path: Packages/com.unity.render-pipelines.universal/Runtime/Materials/RenderAs2D-Flattening.mat - Importer: ScriptedImporter/UnityEditor.QuickSearchModule:UnityEditor.Search:ASIAI0B' with importer (ScriptedImporter : UnityEditor.QuickSearchModule:UnityEditor.Search:ASIAI0B)
Imported 'GUID: b697f6a938056384e968ccf6527dac83' -> (Import Result ID: '454f8d34c54fbf62c7867a700ee3013c') in 0.004 seconds [static and dynamic dependencies]. Details - ImportResultOutputID=e2349c0ea86e3b04746b54703057a564 DependenciesID=2a90b0d0cfc68f309d5e2442ea7a8bac StaticDependenciesID=c27b298a47c3dc5b3be4934eb2660d15 
Number of updated asset objects reloaded before import = 0
Number of asset objects unloaded after import = 1
========================================================================
Received Import Request.
  Time of request: 2026-08-11T15:50:26.4154557Z
  Time since last request: 0.0002102 seconds.
  importAddress: GUID: 66f335fb1ffd8684294ad653bf1c7564 - Path: Packages/com.unity.render-pipelines.universal/Runtime/Overrides/ColorAdjustments.cs - Importer: ScriptedImporter/UnityEditor.QuickSearchModule:UnityEditor.Search:ASIAI0B
Importing 'GUID: 66f335fb1ffd8684294ad653bf1c7564 - Path: Packages/com.unity.render-pipelines.universal/Runtime/Overrides/ColorAdjustments.cs - Importer: ScriptedImporter/UnityEditor.QuickSearchModule:UnityEditor.Search:ASIAI0B' with importer (ScriptedImporter : UnityEditor.QuickSearchModule:UnityEditor.Search:ASIAI0B)
Imported 'GUID: 66f335fb1ffd8684294ad653bf1c7564' -> (Import Result ID: '22c56bf8a19bda56dce78410c3d5c9ca') in 0.003 seconds [static and dynamic dependencies]. Details - ImportResultOutputID=96c7f5a589b7ec266be776db632d29e9 DependenciesID=ee1d44e467d23784f8a0b23f66e708d7 StaticDependenciesID=6fb6214cff6cb2228b1f6f193b7541df 
Number of updated asset objects reloaded before import = 0
Number of asset objects unloaded after import = 0
========================================================================
Received Import Request.
  Time of request: 2026-08-11T15:50:26.4287447Z
  Time since last request: 0.0003657 seconds.
  importAddress: GUID: 0b2db86121404754db890f4c8dfe81b2 - Path: Packages/com.unity.render-pipelines.universal/Runtime/Overrides/Bloom.cs - Importer: ScriptedImporter/UnityEditor.QuickSearchModule:UnityEditor.Search:ASIAI0B
Importing 'GUID: 0b2db86121404754db890f4c8dfe81b2 - Path: Packages/com.unity.render-pipelines.universal/Runtime/Overrides/Bloom.cs - Importer: ScriptedImporter/UnityEditor.QuickSearchModule:UnityEditor.Search:ASIAI0B' with importer (ScriptedImporter : UnityEditor.QuickSearchModule:UnityEditor.Search:ASIAI0B)
Imported 'GUID: 0b2db86121404754db890f4c8dfe81b2' -> (Import Result ID: 'c18ab1654f1e606a323a1065246120f4') in 0.003 seconds [static and dynamic dependencies]. Details - ImportResultOutputID=7be0cc7560fb5ef1192bbddd72ea78b8 DependenciesID=14ba54c23135b98d4313deb94ae4969a StaticDependenciesID=e55de8327fe3b1d65e3aec52e2d82d85 
Number of updated asset objects reloaded before import = 0
Number of asset objects unloaded after import = 0
========================================================================
Received Import Request.
  Time of request: 2026-08-11T15:50:26.4418846Z
  Time since last request: 0.0004701 seconds.
  importAddress: GUID: 85f55bae7fe6496f98478ff084b619ce - Path: Packages/com.unity.render-pipelines.universal/Runtime/FrameData/UniversalShadowData.cs - Importer: ScriptedImporter/UnityEditor.QuickSearchModule:UnityEditor.Search:ASIAI0B
Importing 'GUID: 85f55bae7fe6496f98478ff084b619ce - Path: Packages/com.unity.render-pipelines.universal/Runtime/FrameData/UniversalShadowData.cs - Importer: ScriptedImporter/UnityEditor.QuickSearchModule:UnityEditor.Search:ASIAI0B' with importer (ScriptedImporter : UnityEditor.QuickSearchModule:UnityEditor.Search:ASIAI0B)
Imported 'GUID: 85f55bae7fe6496f98478ff084b619ce' -> (Import Result ID: '9971f3f94093ffb0ff66bbf53156b50a') in 0.003 seconds [static and dynamic dependencies]. Details - ImportResultOutputID=99024302cff7d3447e5beb43cba432ac DependenciesID=5f4f3a5e0c3f472fa92a35029bdb365f StaticDependenciesID=eb69c1cf2b9f5cccbcb11415c04fc10b 
Number of updated asset objects reloaded before import = 0
Number of asset objects unloaded after import = 0
========================================================================
Received Import Request.
  Time of request: 2026-08-11T15:50:26.4546679Z
  Time since last request: 0.0002169 seconds.
  importAddress: GUID: e120334449e144591bf8fd51debb4063 - Path: Packages/com.unity.render-pipelines.universal/Runtime/History/RawDepthHistory.cs - Importer: ScriptedImporter/UnityEditor.QuickSearchModule:UnityEditor.Search:ASIAI0B
Importing 'GUID: e120334449e144591bf8fd51debb4063 - Path: Packages/com.unity.render-pipelines.universal/Runtime/History/RawDepthHistory.cs - Importer: ScriptedImporter/UnityEditor.QuickSearchModule:UnityEditor.Search:ASIAI0B' with importer (ScriptedImporter : UnityEditor.QuickSearchModule:UnityEditor.Search:ASIAI0B)
Imported 'GUID: e120334449e144591bf8fd51debb4063' -> (Import Result ID: '7db8eae3aa0f5b89d3944becf8a2efb0') in 0.003 seconds [static and dynamic dependencies]. Details - ImportResultOutputID=a77e564051e0520738f472af4d03d310 DependenciesID=3b89686111762341c0877c5dd73c3187 StaticDependenciesID=72f120bdd924ff8b10402c297caba1de 
Number of updated asset objects reloaded before import = 0
Number of asset objects unloaded after import = 0
========================================================================
Received Import Request.
  Time of request: 2026-08-11T15:50:26.4653414Z
  Time since last request: 0.0003074 seconds.
  importAddress: GUID: 4ab9de92acc9d124bbc8f9b8e240d9c4 - Path: Packages/com.unity.render-pipelines.universal/Runtime/Passes/ColorGradingLutPass.cs - Importer: ScriptedImporter/UnityEditor.QuickSearchModule:UnityEditor.Search:ASIAI0B
Importing 'GUID: 4ab9de92acc9d124bbc8f9b8e240d9c4 - Path: Packages/com.unity.render-pipelines.universal/Runtime/Passes/ColorGradingLutPass.cs - Importer: ScriptedImporter/UnityEditor.QuickSearchModule:UnityEditor.Search:ASIAI0B' with importer (ScriptedImporter : UnityEditor.QuickSearchModule:UnityEditor.Search:ASIAI0B)
Imported 'GUID: 4ab9de92acc9d124bbc8f9b8e240d9c4' -> (Import Result ID: 'c21357118832ca22efe02f20d94767c4') in 0.004 seconds [static and dynamic dependencies]. Details - ImportResultOutputID=831ea76c0da3e0a3164801a936e8605e DependenciesID=e70155147b9c0b790765b5af54c679b7 StaticDependenciesID=b39fcc33cd5ffc56a83bdec3e652fbd4 
Number of updated asset objects reloaded before import = 0
Number of asset objects unloaded after import = 0
========================================================================
Received Import Request.
  Time of request: 2026-08-11T15:50:26.4888897Z
  Time since last request: 0.0113498 seconds.
  importAddress: GUID: 43a7ba8bc4aba4c199e05fe79d3f9bee - Path: Packages/com.unity.render-pipelines.universal/Runtime/RendererFeatures/DisallowMultipleRendererFeature.cs - Importer: ScriptedImporter/UnityEditor.QuickSearchModule:UnityEditor.Search:ASIAI0B
Importing 'GUID: 43a7ba8bc4aba4c199e05fe79d3f9bee - Path: Packages/com.unity.render-pipelines.universal/Runtime/RendererFeatures/DisallowMultipleRendererFeature.cs - Importer: ScriptedImporter/UnityEditor.QuickSearchModule:UnityEditor.Search:ASIAI0B' with importer (ScriptedImporter : UnityEditor.QuickSearchModule:UnityEditor.Search:ASIAI0B)
Imported 'GUID: 43a7ba8bc4aba4c199e05fe79d3f9bee' -> (Import Result ID: '250102e7a75b6450f6ad392c41e40d2c') in 0.003 seconds [static and dynamic dependencies]. Details - ImportResultOutputID=4e37d987f9d90fb1eb2a4bc204b2d42e DependenciesID=6ae65296cda3f86a93de6c3548bc13d9 StaticDependenciesID=186f6215633b2c35b13d3a38ade74360 
Number of updated asset objects reloaded before import = 0
Number of asset objects unloaded after import = 0
========================================================================
Received Import Request.
  Time of request: 2026-08-11T15:50:26.4997355Z
  Time since last request: 0.0007935 seconds.
  importAddress: GUID: 0ddf10b9a46e641ae8ba73c89b46512c - Path: Packages/com.unity.render-pipelines.universal/Runtime/Tiling/ZBinningJob.cs - Importer: ScriptedImporter/UnityEditor.QuickSearchModule:UnityEditor.Search:ASIAI0B
Importing 'GUID: 0ddf10b9a46e641ae8ba73c89b46512c - Path: Packages/com.unity.render-pipelines.universal/Runtime/Tiling/ZBinningJob.cs - Importer: ScriptedImporter/UnityEditor.QuickSearchModule:UnityEditor.Search:ASIAI0B' with importer (ScriptedImporter : UnityEditor.QuickSearchModule:UnityEditor.Search:ASIAI0B)
Imported 'GUID: 0ddf10b9a46e641ae8ba73c89b46512c' -> (Import Result ID: 'f8ec34a1729b3f67add37722e093410a') in 0.003 seconds [static and dynamic dependencies]. Details - ImportResultOutputID=3716b5da3089416ecbffbfa18913e72b DependenciesID=86bd8efaaf558fd72dd91d8e6d7db439 StaticDependenciesID=e85b35ddb943633eddeb21125b6fdec7 
Number of updated asset objects reloaded before import = 0
Number of asset objects unloaded after import = 0
========================================================================
Received Import Request.
  Time of request: 2026-08-11T15:50:26.513246Z
  Time since last request: 0.0005431 seconds.
  importAddress: GUID: edba24b6007b9dd41824b4656ed8ebcf - Path: Packages/com.unity.render-pipelines.universal/Runtime/Passes/ScriptableRenderPass.cs - Importer: ScriptedImporter/UnityEditor.QuickSearchModule:UnityEditor.Search:ASIAI0B
Importing 'GUID: edba24b6007b9dd41824b4656ed8ebcf - Path: Packages/com.unity.render-pipelines.universal/Runtime/Passes/ScriptableRenderPass.cs - Importer: ScriptedImporter/UnityEditor.QuickSearchModule:UnityEditor.Search:ASIAI0B' with importer (ScriptedImporter : UnityEditor.QuickSearchModule:UnityEditor.Search:ASIAI0B)
Imported 'GUID: edba24b6007b9dd41824b4656ed8ebcf' -> (Import Result ID: '965d114fa1c3dccd77327d903d2dfc11') in 0.004 seconds [static and dynamic dependencies]. Details - ImportResultOutputID=496b3b206396bfb3c9be5ac3ee369c84 DependenciesID=d9ecb15cc0d6a393457433f8db79cc3b StaticDependenciesID=04075f44350e760822bbe3bc3bd29852 
Number of updated asset objects reloaded before import = 0
Number of asset objects unloaded after import = 0
========================================================================
Received Import Request.
  Time of request: 2026-08-11T15:50:26.5267464Z
  Time since last request: 0.0004774 seconds.
  importAddress: GUID: c7144b5b3e5194263a2f290811e97974 - Path: Packages/com.unity.render-pipelines.universal/Runtime/Tiling/LightMinMaxZJob.cs - Importer: ScriptedImporter/UnityEditor.QuickSearchModule:UnityEditor.Search:ASIAI0B
Importing 'GUID: c7144b5b3e5194263a2f290811e97974 - Path: Packages/com.unity.render-pipelines.universal/Runtime/Tiling/LightMinMaxZJob.cs - Importer: ScriptedImporter/UnityEditor.QuickSearchModule:UnityEditor.Search:ASIAI0B' with importer (ScriptedImporter : UnityEditor.QuickSearchModule:UnityEditor.Search:ASIAI0B)
Imported 'GUID: c7144b5b3e5194263a2f290811e97974' -> (Import Result ID: 'ea3d2b2b488ddd9f54f356ca62f2ae95') in 0.003 seconds [static and dynamic dependencies]. Details - ImportResultOutputID=24a7200e4537abaf5ae16e25c253f073 DependenciesID=7960aafa3569e3ac8b5b73f608f21b37 StaticDependenciesID=6bf7299707f3d6319af726ff8d5a62ad 
Number of updated asset objects reloaded before import = 0
Number of asset objects unloaded after import = 0
========================================================================
Received Import Request.
  Time of request: 2026-08-11T15:50:26.5396684Z
  Time since last request: 0.0004008 seconds.
  importAddress: GUID: 9d476ba138cb60c49a03d544270271d5 - Path: Packages/com.unity.render-pipelines.universal/Runtime/XR/XRSystemUniversal.cs - Importer: ScriptedImporter/UnityEditor.QuickSearchModule:UnityEditor.Search:ASIAI0B
Importing 'GUID: 9d476ba138cb60c49a03d544270271d5 - Path: Packages/com.unity.render-pipelines.universal/Runtime/XR/XRSystemUniversal.cs - Importer: ScriptedImporter/UnityEditor.QuickSearchModule:UnityEditor.Search:ASIAI0B' with importer (ScriptedImporter : UnityEditor.QuickSearchModule:UnityEditor.Search:ASIAI0B)
Imported 'GUID: 9d476ba138cb60c49a03d544270271d5' -> (Import Result ID: 'e543c5b66df73aec32799430e56ec79f') in 0.003 seconds [static and dynamic dependencies]. Details - ImportResultOutputID=a21b00deea739736d296e2eabb91a9e7 DependenciesID=069675e38b7055bb0eff93b828331999 StaticDependenciesID=0b2ab23eafeadfdd4d5c0ea3e836b320 
Number of updated asset objects reloaded before import = 0
Number of asset objects unloaded after import = 0
========================================================================
Received Import Request.
  Time of request: 2026-08-11T15:50:26.5528439Z
  Time since last request: 0.0006343 seconds.
  importAddress: GUID: 7dc44b545f155e041b63be63e81832e3 - Path: Packages/com.unity.render-pipelines.universal/Runtime/RendererFeatures/OnTilePostProcessPass.cs - Importer: ScriptedImporter/UnityEditor.QuickSearchModule:UnityEditor.Search:ASIAI0B
Importing 'GUID: 7dc44b545f155e041b63be63e81832e3 - Path: Packages/com.unity.render-pipelines.universal/Runtime/RendererFeatures/OnTilePostProcessPass.cs - Importer: ScriptedImporter/UnityEditor.QuickSearchModule:UnityEditor.Search:ASIAI0B' with importer (ScriptedImporter : UnityEditor.QuickSearchModule:UnityEditor.Search:ASIAI0B)
Imported 'GUID: 7dc44b545f155e041b63be63e81832e3' -> (Import Result ID: '03bb23dd48dd1d2480262e4e6ff50576') in 0.003 seconds [static and dynamic dependencies]. Details - ImportResultOutputID=17ab8ceb926cfe0fbbfb6693487e5bad DependenciesID=bad14738c70d5d0bcd1b3ef718934a19 StaticDependenciesID=e272dee686875f13e10be81a0f781358 
Number of updated asset objects reloaded before import = 0
Number of asset objects unloaded after import = 0
========================================================================
Received Import Request.
  Time of request: 2026-08-11T15:50:26.5646222Z
  Time since last request: 0.0004822 seconds.
  importAddress: GUID: a8f66a2552f2df24d822f6c0b17834c5 - Path: Packages/com.unity.render-pipelines.universal/Runtime/RenderPipelineResources/UniversalRenderPipelineRuntimeTextures.cs - Importer: ScriptedImporter/UnityEditor.QuickSearchModule:UnityEditor.Search:ASIAI0B
Importing 'GUID: a8f66a2552f2df24d822f6c0b17834c5 - Path: Packages/com.unity.render-pipelines.universal/Runtime/RenderPipelineResources/UniversalRenderPipelineRuntimeTextures.cs - Importer: ScriptedImporter/UnityEditor.QuickSearchModule:UnityEditor.Search:ASIAI0B' with importer (ScriptedImporter : UnityEditor.QuickSearchModule:UnityEditor.Search:ASIAI0B)
Imported 'GUID: a8f66a2552f2df24d822f6c0b17834c5' -> (Import Result ID: '47b5d46c14f908cb746734a21448202f') in 0.003 seconds [static and dynamic dependencies]. Details - ImportResultOutputID=cd78670927b59c32a1d33a7e3b3a9c09 DependenciesID=eca7384bca2aaac7263e8f074a7e98dd StaticDependenciesID=fc3f484f0a018ff53abfcc8be8ead7b0 
Number of updated asset objects reloaded before import = 0
Number of asset objects unloaded after import = 0
========================================================================
Received Import Request.
  Time of request: 2026-08-11T15:50:26.5761063Z
  Time since last request: 0.000441 seconds.
  importAddress: GUID: a419d344c87843af8e1ce2e8c571fcb6 - Path: Packages/com.unity.render-pipelines.universal/ShaderLibrary/Debug/DebuggingCommon.hlsl - Importer: ScriptedImporter/UnityEditor.QuickSearchModule:UnityEditor.Search:ASIAI0B
Importing 'GUID: a419d344c87843af8e1ce2e8c571fcb6 - Path: Packages/com.unity.render-pipelines.universal/ShaderLibrary/Debug/DebuggingCommon.hlsl - Importer: ScriptedImporter/UnityEditor.QuickSearchModule:UnityEditor.Search:ASIAI0B' with importer (ScriptedImporter : UnityEditor.QuickSearchModule:UnityEditor.Search:ASIAI0B)
Imported 'GUID: a419d344c87843af8e1ce2e8c571fcb6' -> (Import Result ID: '54629741e71c9f2f08f54f37320a0995') in 0.004 seconds [static and dynamic dependencies]. Details - ImportResultOutputID=842cb49909cc56081a43f0a219cf0cb7 DependenciesID=7a7dd917b551b82543a500a4ac770ef2 StaticDependenciesID=ff51e14503a15af6a73dcc5ac840a00e 
Number of updated asset objects reloaded before import = 0
Number of asset objects unloaded after import = 1
========================================================================
Received Import Request.
  Time of request: 2026-08-11T15:50:26.6044679Z
  Time since last request: 0.016607 seconds.
  importAddress: GUID: 9c70c1a35ff15f340b38ea84842358bf - Path: Packages/com.unity.render-pipelines.universal/Shaders/PostProcessing/TemporalAA.shader - Importer: ScriptedImporter/UnityEditor.QuickSearchModule:UnityEditor.Search:ASIAI0B
Importing 'GUID: 9c70c1a35ff15f340b38ea84842358bf - Path: Packages/com.unity.render-pipelines.universal/Shaders/PostProcessing/TemporalAA.shader - Importer: ScriptedImporter/UnityEditor.QuickSearchModule:UnityEditor.Search:ASIAI0B' with importer (ScriptedImporter : UnityEditor.QuickSearchModule:UnityEditor.Search:ASIAI0B)
Imported 'GUID: 9c70c1a35ff15f340b38ea84842358bf' -> (Import Result ID: '5b8698c49e9d04843b60f281c8d5850f') in 0.004 seconds [static and dynamic dependencies]. Details - ImportResultOutputID=c7e68b58a87868d5ee68124c40d732d6 DependenciesID=a0e8ab89ae2d2c88749882d4afb07a63 StaticDependenciesID=45248db6fde7bcaebcc51e2ae460832e 
Number of updated asset objects reloaded before import = 0
Number of asset objects unloaded after import = 1
========================================================================
Received Import Request.
  Time of request: 2026-08-11T15:50:26.6165844Z
  Time since last request: 0.0007481 seconds.
  importAddress: GUID: b75058dfffdae7a41bf0373f3d2f264c - Path: Packages/com.unity.render-pipelines.universal/Shaders/Particles/ParticlesEditorPass.hlsl - Importer: ScriptedImporter/UnityEditor.QuickSearchModule:UnityEditor.Search:ASIAI0B
Importing 'GUID: b75058dfffdae7a41bf0373f3d2f264c - Path: Packages/com.unity.render-pipelines.universal/Shaders/Particles/ParticlesEditorPass.hlsl - Importer: ScriptedImporter/UnityEditor.QuickSearchModule:UnityEditor.Search:ASIAI0B' with importer (ScriptedImporter : UnityEditor.QuickSearchModule:UnityEditor.Search:ASIAI0B)
Imported 'GUID: b75058dfffdae7a41bf0373f3d2f264c' -> (Import Result ID: '8d09999e02ae9cc45c9cad62b9d8a8cc') in 0.003 seconds [static and dynamic dependencies]. Details - ImportResultOutputID=770eb4b5392209b4bc8e64bf0e6f3af6 DependenciesID=12398b872b696c0b1eb6f5e9e22ab393 StaticDependenciesID=ecdd3a2ab840c329dfd2020ee02c6316 
Number of updated asset objects reloaded before import = 0
Number of asset objects unloaded after import = 1
========================================================================
Received Import Request.
  Time of request: 2026-08-11T15:50:26.6302646Z
  Time since last request: 0.0004781 seconds.
  importAddress: GUID: eaaf2a45502c59c4e907088b5f034c0c - Path: Packages/com.unity.render-pipelines.universal/Shaders/PostProcessing/Common.hlsl - Importer: ScriptedImporter/UnityEditor.QuickSearchModule:UnityEditor.Search:ASIAI0B
Importing 'GUID: eaaf2a45502c59c4e907088b5f034c0c - Path: Packages/com.unity.render-pipelines.universal/Shaders/PostProcessing/Common.hlsl - Importer: ScriptedImporter/UnityEditor.QuickSearchModule:UnityEditor.Search:ASIAI0B' with importer (ScriptedImporter : UnityEditor.QuickSearchModule:UnityEditor.Search:ASIAI0B)
Imported 'GUID: eaaf2a45502c59c4e907088b5f034c0c' -> (Import Result ID: 'e5163f1a7304c4d102ebea23b2c0601d') in 0.004 seconds [static and dynamic dependencies]. Details - ImportResultOutputID=1eab59e1a706ae7b5ff817924e44daf1 DependenciesID=bf9d674e775ff776fe20d91bdbe7f86b StaticDependenciesID=308ae3a9896d8ba0882d205c327796d7 
Number of updated asset objects reloaded before import = 0
Number of asset objects unloaded after import = 1
========================================================================
Received Import Request.
  Time of request: 2026-08-11T15:50:26.6432235Z
  Time since last request: 0.0007497 seconds.
  importAddress: GUID: 2d9f6a569c0b340a388b3e7c0428548c - Path: Packages/com.unity.render-pipelines.universal/Shaders/PostProcessing/TemporalAA.hlsl - Importer: ScriptedImporter/UnityEditor.QuickSearchModule:UnityEditor.Search:ASIAI0B
Importing 'GUID: 2d9f6a569c0b340a388b3e7c0428548c - Path: Packages/com.unity.render-pipelines.universal/Shaders/PostProcessing/TemporalAA.hlsl - Importer: ScriptedImporter/UnityEditor.QuickSearchModule:UnityEditor.Search:ASIAI0B' with importer (ScriptedImporter : UnityEditor.QuickSearchModule:UnityEditor.Search:ASIAI0B)
Imported 'GUID: 2d9f6a569c0b340a388b3e7c0428548c' -> (Import Result ID: 'a4cf47e017aee03fc33f994604fff60f') in 0.003 seconds [static and dynamic dependencies]. Details - ImportResultOutputID=698f594ffeb67604aaf386a79ad75703 DependenciesID=ac99027aca406012ba37ecfb4ecfb30a StaticDependenciesID=6eaa54df49cf60ba5259e2da8fd6aac6 
Number of updated asset objects reloaded before import = 0
Number of asset objects unloaded after import = 1
========================================================================
Received Import Request.
  Time of request: 2026-08-11T15:50:26.6551559Z
  Time since last request: 0.0002096 seconds.
  importAddress: GUID: 2aed67ad60045d54ba3a00c91e2d2631 - Path: Packages/com.unity.render-pipelines.universal/Shaders/PostProcessing/BokehDepthOfField.shader - Importer: ScriptedImporter/UnityEditor.QuickSearchModule:UnityEditor.Search:ASIAI0B
Importing 'GUID: 2aed67ad60045d54ba3a00c91e2d2631 - Path: Packages/com.unity.render-pipelines.universal/Shaders/PostProcessing/BokehDepthOfField.shader - Importer: ScriptedImporter/UnityEditor.QuickSearchModule:UnityEditor.Search:ASIAI0B' with importer (ScriptedImporter : UnityEditor.QuickSearchModule:UnityEditor.Search:ASIAI0B)
Imported 'GUID: 2aed67ad60045d54ba3a00c91e2d2631' -> (Import Result ID: 'e6b95a06a21539a0fd89595d3628125b') in 0.004 seconds [static and dynamic dependencies]. Details - ImportResultOutputID=dd743fcf6ce8a4e8057775705ffb6081 DependenciesID=35f7e7a3166132c391fff62900112f95 StaticDependenciesID=bac4948417f1fd68619910b916d453d6 
Number of updated asset objects reloaded before import = 0
Number of asset objects unloaded after import = 1
========================================================================
Received Import Request.
  Time of request: 2026-08-11T15:50:26.6697989Z
  Time since last request: 0.0002428 seconds.
  importAddress: GUID: 637c27b6fe6224a06b2b066769d0a6e6 - Path: Packages/com.unity.render-pipelines.universal/Shaders/Particles/ParticlesDepthNormalsPass.hlsl - Importer: ScriptedImporter/UnityEditor.QuickSearchModule:UnityEditor.Search:ASIAI0B
Importing 'GUID: 637c27b6fe6224a06b2b066769d0a6e6 - Path: Packages/com.unity.render-pipelines.universal/Shaders/Particles/ParticlesDepthNormalsPass.hlsl - Importer: ScriptedImporter/UnityEditor.QuickSearchModule:UnityEditor.Search:ASIAI0B' with importer (ScriptedImporter : UnityEditor.QuickSearchModule:UnityEditor.Search:ASIAI0B)
Imported 'GUID: 637c27b6fe6224a06b2b066769d0a6e6' -> (Import Result ID: '91b48000ca469f1245bb55a4dfe3ff55') in 0.003 seconds [static and dynamic dependencies]. Details - ImportResultOutputID=d50e73d500b0704be92d19facbdf7b15 DependenciesID=65047fec097449fdd0808891bc2d6f9e StaticDependenciesID=3d133533e7e9f6194480a022fdf6be9a 
Number of updated asset objects reloaded before import = 0
Number of asset objects unloaded after import = 1
========================================================================
Received Import Request.
  Time of request: 2026-08-11T15:50:26.6817766Z
  Time since last request: 0.0002379 seconds.
  importAddress: GUID: 1121bb4e615ca3c48b214e79e841e823 - Path: Packages/com.unity.render-pipelines.universal/Shaders/PostProcessing/StopNaN.shader - Importer: ScriptedImporter/UnityEditor.QuickSearchModule:UnityEditor.Search:ASIAI0B
Importing 'GUID: 1121bb4e615ca3c48b214e79e841e823 - Path: Packages/com.unity.render-pipelines.universal/Shaders/PostProcessing/StopNaN.shader - Importer: ScriptedImporter/UnityEditor.QuickSearchModule:UnityEditor.Search:ASIAI0B' with importer (ScriptedImporter : UnityEditor.QuickSearchModule:UnityEditor.Search:ASIAI0B)
Imported 'GUID: 1121bb4e615ca3c48b214e79e841e823' -> (Import Result ID: '1d4538ef97b80615b3fcdbe1933ded1b') in 0.004 seconds [static and dynamic dependencies]. Details - ImportResultOutputID=18e2dde24af1427d9dbd800d21461759 DependenciesID=a2cf504253d92e26832267ae38453797 StaticDependenciesID=eea499d4f578bbf239c63e8f6ba70c99 
Number of updated asset objects reloaded before import = 0
Number of asset objects unloaded after import = 1
========================================================================
Received Import Request.
  Time of request: 2026-08-11T15:50:26.6936881Z
  Time since last request: 0.000381 seconds.
  importAddress: GUID: c245162389fbe944dbc0d721bee26fe0 - Path: Packages/com.unity.render-pipelines.universal/Shaders/Nature/SpeedTreeUtility.hlsl - Importer: ScriptedImporter/UnityEditor.QuickSearchModule:UnityEditor.Search:ASIAI0B
Importing 'GUID: c245162389fbe944dbc0d721bee26fe0 - Path: Packages/com.unity.render-pipelines.universal/Shaders/Nature/SpeedTreeUtility.hlsl - Importer: ScriptedImporter/UnityEditor.QuickSearchModule:UnityEditor.Search:ASIAI0B' with importer (ScriptedImporter : UnityEditor.QuickSearchModule:UnityEditor.Search:ASIAI0B)
Imported 'GUID: c245162389fbe944dbc0d721bee26fe0' -> (Import Result ID: '5efec3ba7f2caf3d7342c797907757c9') in 0.004 seconds [static and dynamic dependencies]. Details - ImportResultOutputID=f42d939150c992be1a8a37e8d90f62ab DependenciesID=7dda4f45ba3ef4422052c72baa7b199f StaticDependenciesID=3135988a1b227fcb8cda275cb930e960 
Number of updated asset objects reloaded before import = 0
Number of asset objects unloaded after import = 1
========================================================================
Received Import Request.
  Time of request: 2026-08-11T15:50:26.706194Z
  Time since last request: 0.0003317 seconds.
  importAddress: GUID: 13c02b14c4d048fa9653293d54f6e0e1 - Path: Packages/com.unity.render-pipelines.universal/Shaders/2D/Sprite-Unlit-Default.shader - Importer: ScriptedImporter/UnityEditor.QuickSearchModule:UnityEditor.Search:ASIAI0B
Importing 'GUID: 13c02b14c4d048fa9653293d54f6e0e1 - Path: Packages/com.unity.render-pipelines.universal/Shaders/2D/Sprite-Unlit-Default.shader - Importer: ScriptedImporter/UnityEditor.QuickSearchModule:UnityEditor.Search:ASIAI0B' with importer (ScriptedImporter : UnityEditor.QuickSearchModule:UnityEditor.Search:ASIAI0B)
Imported 'GUID: 13c02b14c4d048fa9653293d54f6e0e1' -> (Import Result ID: '4ffbea21e8140240bf115db1d9659779') in 0.003 seconds [static and dynamic dependencies]. Details - ImportResultOutputID=5e42880ce2c48c31d9a074976fccb3d1 DependenciesID=e5bc07a833df2b6115cdbea8c42e4b38 StaticDependenciesID=e1a6a9293156ca518ae8be79b08fcf17 
Number of updated asset objects reloaded before import = 0
Number of asset objects unloaded after import = 1
========================================================================
Received Import Request.
  Time of request: 2026-08-11T15:50:26.725369Z
  Time since last request: 0.0078818 seconds.
  importAddress: GUID: 3db6f9b04a31ea949aa7369a94fbbb8e - Path: Packages/com.unity.render-pipelines.universal/Tests/Runtime/LightTests.cs - Importer: ScriptedImporter/UnityEditor.QuickSearchModule:UnityEditor.Search:ASIAI0B
Importing 'GUID: 3db6f9b04a31ea949aa7369a94fbbb8e - Path: Packages/com.unity.render-pipelines.universal/Tests/Runtime/LightTests.cs - Importer: ScriptedImporter/UnityEditor.QuickSearchModule:UnityEditor.Search:ASIAI0B' with importer (ScriptedImporter : UnityEditor.QuickSearchModule:UnityEditor.Search:ASIAI0B)
Imported 'GUID: 3db6f9b04a31ea949aa7369a94fbbb8e' -> (Import Result ID: '3393a6f974bcb408eebc44818465169a') in 0.003 seconds [static and dynamic dependencies]. Details - ImportResultOutputID=c7bb674292cf86ba666ba937b65c0e16 DependenciesID=4670ca765152bd8615e9ec8d19a8e8db StaticDependenciesID=22bd4270f7870a740a03bdf10b36f7b3 
Number of updated asset objects reloaded before import = 0
Number of asset objects unloaded after import = 0
========================================================================
Received Import Request.
  Time of request: 2026-08-11T15:50:26.7363529Z
  Time since last request: 0.0007721 seconds.
  importAddress: GUID: 93446b5c5339d4f00b85c159e1159b7c - Path: Packages/com.unity.render-pipelines.universal/Shaders/Utils/CoreBlit.shader - Importer: ScriptedImporter/UnityEditor.QuickSearchModule:UnityEditor.Search:ASIAI0B
Importing 'GUID: 93446b5c5339d4f00b85c159e1159b7c - Path: Packages/com.unity.render-pipelines.universal/Shaders/Utils/CoreBlit.shader - Importer: ScriptedImporter/UnityEditor.QuickSearchModule:UnityEditor.Search:ASIAI0B' with importer (ScriptedImporter : UnityEditor.QuickSearchModule:UnityEditor.Search:ASIAI0B)
Imported 'GUID: 93446b5c5339d4f00b85c159e1159b7c' -> (Import Result ID: 'd991dc9d1d2852077217096797b48bf5') in 0.004 seconds [static and dynamic dependencies]. Details - ImportResultOutputID=58b1a084a96046a9f67fd7e5ea73676e DependenciesID=8c242db5d8ad568e6840ae675e08e69a StaticDependenciesID=4872b0afecc56b1c1364581c2a2bdcc4 
Number of updated asset objects reloaded before import = 0
Number of asset objects unloaded after import = 1
========================================================================
Received Import Request.
  Time of request: 2026-08-11T15:50:26.7485985Z
  Time since last request: 0.0002802 seconds.
  importAddress: GUID: 83384e2d6206c8649ba879ec271c4254 - Path: Packages/com.unity.render-pipelines.universal/Shaders/Utils/StencilDeferred.hlsl - Importer: ScriptedImporter/UnityEditor.QuickSearchModule:UnityEditor.Search:ASIAI0B
Importing 'GUID: 83384e2d6206c8649ba879ec271c4254 - Path: Packages/com.unity.render-pipelines.universal/Shaders/Utils/StencilDeferred.hlsl - Importer: ScriptedImporter/UnityEditor.QuickSearchModule:UnityEditor.Search:ASIAI0B' with importer (ScriptedImporter : UnityEditor.QuickSearchModule:UnityEditor.Search:ASIAI0B)
Imported 'GUID: 83384e2d6206c8649ba879ec271c4254' -> (Import Result ID: '07af728c6cb12281e9cd245abe0265bc') in 0.004 seconds [static and dynamic dependencies]. Details - ImportResultOutputID=014f7c1f114de375c50f607d7d67861c DependenciesID=2df5870e9e2f27e26e1d0f06b177fd46 StaticDependenciesID=739430afe9d556fdcd5fde6c08266e35 
Number of updated asset objects reloaded before import = 0
Number of asset objects unloaded after import = 1
========================================================================
Received Import Request.
  Time of request: 2026-08-11T15:50:26.7624498Z
  Time since last request: 0.0003404 seconds.
  importAddress: GUID: 0eac51a8dfc8fa341a5f8c6450bc0f84 - Path: Packages/com.unity.render-pipelines.universal/Shaders/XR/XRMirrorView.hlsl - Importer: ScriptedImporter/UnityEditor.QuickSearchModule:UnityEditor.Search:ASIAI0B
Importing 'GUID: 0eac51a8dfc8fa341a5f8c6450bc0f84 - Path: Packages/com.unity.render-pipelines.universal/Shaders/XR/XRMirrorView.hlsl - Importer: ScriptedImporter/UnityEditor.QuickSearchModule:UnityEditor.Search:ASIAI0B' with importer (ScriptedImporter : UnityEditor.QuickSearchModule:UnityEditor.Search:ASIAI0B)
Imported 'GUID: 0eac51a8dfc8fa341a5f8c6450bc0f84' -> (Import Result ID: '67fed813fb0295d776d32c26271af419') in 0.003 seconds [static and dynamic dependencies]. Details - ImportResultOutputID=6528a316b52dc2f60a35e4f252c7240c DependenciesID=0c04cdfa65b0fc7f75cdeea93294e893 StaticDependenciesID=b313e3eb038ab8b884852c40cbab723f 
Number of updated asset objects reloaded before import = 0
Number of asset objects unloaded after import = 1
========================================================================
Received Import Request.
  Time of request: 2026-08-11T15:50:26.7739981Z
  Time since last request: 0.0003027 seconds.
  importAddress: GUID: fe1a138aa19e2e64d963c084b4006b0e - Path: Packages/com.unity.render-pipelines.universal/Tests/Editor/ShaderBuildPreprocessorTests.cs - Importer: ScriptedImporter/UnityEditor.QuickSearchModule:UnityEditor.Search:ASIAI0B
Importing 'GUID: fe1a138aa19e2e64d963c084b4006b0e - Path: Packages/com.unity.render-pipelines.universal/Tests/Editor/ShaderBuildPreprocessorTests.cs - Importer: ScriptedImporter/UnityEditor.QuickSearchModule:UnityEditor.Search:ASIAI0B' with importer (ScriptedImporter : UnityEditor.QuickSearchModule:UnityEditor.Search:ASIAI0B)
Imported 'GUID: fe1a138aa19e2e64d963c084b4006b0e' -> (Import Result ID: 'fbd9d9c5d52660e0b4bbc158648f699a') in 0.003 seconds [static and dynamic dependencies]. Details - ImportResultOutputID=58b3813d882afd60787c2a2d711141ac DependenciesID=6c728fb78b73122a5979e3078cd0a80d StaticDependenciesID=9c6ce0b53a51526216b33249e171d497 
Number of updated asset objects reloaded before import = 0
Number of asset objects unloaded after import = 0
========================================================================
Received Import Request.
  Time of request: 2026-08-11T15:50:26.7877932Z
  Time since last request: 0.0002924 seconds.
  importAddress: GUID: 36d514892e55d4340b470c29fcab8b44 - Path: Packages/com.unity.render-pipelines.universal/Tests/Editor/Unity.RenderPipelines.Universal.Editor.Tests.asmdef - Importer: ScriptedImporter/UnityEditor.QuickSearchModule:UnityEditor.Search:ASIAI0B
Importing 'GUID: 36d514892e55d4340b470c29fcab8b44 - Path: Packages/com.unity.render-pipelines.universal/Tests/Editor/Unity.RenderPipelines.Universal.Editor.Tests.asmdef - Importer: ScriptedImporter/UnityEditor.QuickSearchModule:UnityEditor.Search:ASIAI0B' with importer (ScriptedImporter : UnityEditor.QuickSearchModule:UnityEditor.Search:ASIAI0B)
Imported 'GUID: 36d514892e55d4340b470c29fcab8b44' -> (Import Result ID: 'cf0bf698f20e070ecc6aed19e12ad9d2') in 0.003 seconds [static and dynamic dependencies]. Details - ImportResultOutputID=8f2cbbc88ce6cd8fa12fd21f7c77c11e DependenciesID=a825c55807a98f354886d7ec83730e9f StaticDependenciesID=5082f38383837f19a9d309f9fe39a967 
Number of updated asset objects reloaded before import = 0
Number of asset objects unloaded after import = 1
========================================================================
Received Import Request.
  Time of request: 2026-08-11T15:50:26.8012599Z
  Time since last request: 0.0003965 seconds.
  importAddress: GUID: 97ce72d5527034cbca1d95b53d583472 - Path: Packages/com.unity.render-pipelines.universal/Shaders/Terrain/WavingGrassDepthNormalsPass.hlsl - Importer: ScriptedImporter/UnityEditor.QuickSearchModule:UnityEditor.Search:ASIAI0B
Importing 'GUID: 97ce72d5527034cbca1d95b53d583472 - Path: Packages/com.unity.render-pipelines.universal/Shaders/Terrain/WavingGrassDepthNormalsPass.hlsl - Importer: ScriptedImporter/UnityEditor.QuickSearchModule:UnityEditor.Search:ASIAI0B' with importer (ScriptedImporter : UnityEditor.QuickSearchModule:UnityEditor.Search:ASIAI0B)
Imported 'GUID: 97ce72d5527034cbca1d95b53d583472' -> (Import Result ID: '2436911525b8362d819018d7ab3b49f7') in 0.003 seconds [static and dynamic dependencies]. Details - ImportResultOutputID=c96855ef49c55f13e74cef58813e0a5d DependenciesID=1bbe8802981b97f5e53b64be57afcd52 StaticDependenciesID=00e5de914d5eaef7053c8c5157bd5165 
Number of updated asset objects reloaded before import = 0
Number of asset objects unloaded after import = 1
========================================================================
Received Import Request.
  Time of request: 2026-08-11T15:50:26.8134192Z
  Time since last request: 0.0002678 seconds.
  importAddress: GUID: d5a307c014552314b9f560906d708772 - Path: Packages/com.unity.render-pipelines.universal/Shaders/XR/XRMirrorView.shader - Importer: ScriptedImporter/UnityEditor.QuickSearchModule:UnityEditor.Search:ASIAI0B
Importing 'GUID: d5a307c014552314b9f560906d708772 - Path: Packages/com.unity.render-pipelines.universal/Shaders/XR/XRMirrorView.shader - Importer: ScriptedImporter/UnityEditor.QuickSearchModule:UnityEditor.Search:ASIAI0B' with importer (ScriptedImporter : UnityEditor.QuickSearchModule:UnityEditor.Search:ASIAI0B)
Imported 'GUID: d5a307c014552314b9f560906d708772' -> (Import Result ID: 'bbec9801649c2cb80c658646c0539694') in 0.004 seconds [static and dynamic dependencies]. Details - ImportResultOutputID=590c9321191db371a99c30f2b07fd0bc DependenciesID=ed32b13a3f7400003ebe6d200101a10b StaticDependenciesID=9c15c5c7ee414e5bd9cd732d33a88eb1 
Number of updated asset objects reloaded before import = 0
Number of asset objects unloaded after import = 1
========================================================================
Received Import Request.
  Time of request: 2026-08-11T15:50:26.8440246Z
  Time since last request: 0.0192457 seconds.
  importAddress: GUID: bde473d70341e914d94eb75dadeae951 - Path: Packages/com.unity.render-pipelines.universal/Editor/2D/Provider2D/Provider2DSources_PropertyDrawer.cs - Importer: ScriptedImporter/UnityEditor.QuickSearchModule:UnityEditor.Search:ASIAI0B
Importing 'GUID: bde473d70341e914d94eb75dadeae951 - Path: Packages/com.unity.render-pipelines.universal/Editor/2D/Provider2D/Provider2DSources_PropertyDrawer.cs - Importer: ScriptedImporter/UnityEditor.QuickSearchModule:UnityEditor.Search:ASIAI0B' with importer (ScriptedImporter : UnityEditor.QuickSearchModule:UnityEditor.Search:ASIAI0B)
Imported 'GUID: bde473d70341e914d94eb75dadeae951' -> (Import Result ID: 'a023731f4503eab26fa6f3b6f518eee1') in 0.003 seconds [static and dynamic dependencies]. Details - ImportResultOutputID=fff95a16295b257a2e355d087f627540 DependenciesID=8e3b62041dfead86475b4154c58c3f64 StaticDependenciesID=e157ec778cfb02698ab5c7f8024eb9bd 
Number of updated asset objects reloaded before import = 0
Number of asset objects unloaded after import = 0
========================================================================
Received Import Request.
  Time of request: 2026-08-11T15:50:26.8551689Z
  Time since last request: 0.0010016 seconds.
  importAddress: GUID: c06cc21c692f94f5fb5206247191eeee - Path: Packages/com.unity.render-pipelines.universal/Textures/BlueNoise256/LDR_LLL1_2.png - Importer: ScriptedImporter/UnityEditor.QuickSearchModule:UnityEditor.Search:ASIAI0B
Importing 'GUID: c06cc21c692f94f5fb5206247191eeee - Path: Packages/com.unity.render-pipelines.universal/Textures/BlueNoise256/LDR_LLL1_2.png - Importer: ScriptedImporter/UnityEditor.QuickSearchModule:UnityEditor.Search:ASIAI0B' with importer (ScriptedImporter : UnityEditor.QuickSearchModule:UnityEditor.Search:ASIAI0B)
Imported 'GUID: c06cc21c692f94f5fb5206247191eeee' -> (Import Result ID: 'e4cd5502d8dcf8acd81d8a6a70182daf') in 0.005 seconds [static and dynamic dependencies]. Details - ImportResultOutputID=1d977281753d9860ba15fbfed7dcff5a DependenciesID=1f417be10c6e509d04702009e0769ac5 StaticDependenciesID=e65cb41704773fdd2da4e6721226fb76 
Number of updated asset objects reloaded before import = 0
Number of asset objects unloaded after import = 1
========================================================================
Received Import Request.
  Time of request: 2026-08-11T15:50:26.8690463Z
  Time since last request: 0.0002352 seconds.
  importAddress: GUID: 5e9976b2da5c9bf42b66c3cc55397aae - Path: Packages/com.unity.render-pipelines.universal/Editor/BuildProcessors/GraphicsSettingsStrippers/OnTilePostProcessStripper.cs - Importer: ScriptedImporter/UnityEditor.QuickSearchModule:UnityEditor.Search:ASIAI0B
Importing 'GUID: 5e9976b2da5c9bf42b66c3cc55397aae - Path: Packages/com.unity.render-pipelines.universal/Editor/BuildProcessors/GraphicsSettingsStrippers/OnTilePostProcessStripper.cs - Importer: ScriptedImporter/UnityEditor.QuickSearchModule:UnityEditor.Search:ASIAI0B' with importer (ScriptedImporter : UnityEditor.QuickSearchModule:UnityEditor.Search:ASIAI0B)
Imported 'GUID: 5e9976b2da5c9bf42b66c3cc55397aae' -> (Import Result ID: 'dc3782c90aa7126a30db9f360513cef5') in 0.003 seconds [static and dynamic dependencies]. Details - ImportResultOutputID=aedd97de247fb5e0637dd4c28eadbd3a DependenciesID=f6c80fba25e066d3f7b81de63a539874 StaticDependenciesID=48dda0d17631639b9c16f86b8b942edf 
Number of updated asset objects reloaded before import = 0
Number of asset objects unloaded after import = 0
========================================================================
Received Import Request.
  Time of request: 2026-08-11T15:50:26.8804195Z
  Time since last request: 0.0003777 seconds.
  importAddress: GUID: bce6289b8f1e3bf4a82078371dffaebd - Path: Packages/com.unity.render-pipelines.universal/Editor/2D/Overrides/MeshEditor2DURP.cs - Importer: ScriptedImporter/UnityEditor.QuickSearchModule:UnityEditor.Search:ASIAI0B
Importing 'GUID: bce6289b8f1e3bf4a82078371dffaebd - Path: Packages/com.unity.render-pipelines.universal/Editor/2D/Overrides/MeshEditor2DURP.cs - Importer: ScriptedImporter/UnityEditor.QuickSearchModule:UnityEditor.Search:ASIAI0B' with importer (ScriptedImporter : UnityEditor.QuickSearchModule:UnityEditor.Search:ASIAI0B)
Imported 'GUID: bce6289b8f1e3bf4a82078371dffaebd' -> (Import Result ID: '24556e9c9ec13706aae63472fb7eb72e') in 0.003 seconds [static and dynamic dependencies]. Details - ImportResultOutputID=fff14877a3c35dedb42388a436fd810b DependenciesID=36a9ca333cf69c1e023036f0d2237233 StaticDependenciesID=8444036143d862f3dd6021c8cabb30ee 
Number of updated asset objects reloaded before import = 0
Number of asset objects unloaded after import = 0
========================================================================
Received Import Request.
  Time of request: 2026-08-11T15:50:26.894422Z
  Time since last request: 0.0004257 seconds.
  importAddress: GUID: d1e4d2637b6c6824e82557977a6727d4 - Path: Packages/com.unity.render-pipelines.universal/Editor/2D/Overrides/SkinnedMeshEditor2DURP.cs - Importer: ScriptedImporter/UnityEditor.QuickSearchModule:UnityEditor.Search:ASIAI0B
Importing 'GUID: d1e4d2637b6c6824e82557977a6727d4 - Path: Packages/com.unity.render-pipelines.universal/Editor/2D/Overrides/SkinnedMeshEditor2DURP.cs - Importer: ScriptedImporter/UnityEditor.QuickSearchModule:UnityEditor.Search:ASIAI0B' with importer (ScriptedImporter : UnityEditor.QuickSearchModule:UnityEditor.Search:ASIAI0B)
Imported 'GUID: d1e4d2637b6c6824e82557977a6727d4' -> (Import Result ID: 'a57fc7153442a6ff45ff47cb9b0344f8') in 0.004 seconds [static and dynamic dependencies]. Details - ImportResultOutputID=8daaeb8963be08b25e9dbe1016e9ecff DependenciesID=a4a23adb115fd22d4934b3cc40dbdd9b StaticDependenciesID=609bcc4df859c41e998d27f7aeb102c2 
Number of updated asset objects reloaded before import = 0
Number of asset objects unloaded after import = 0
========================================================================
Received Import Request.
  Time of request: 2026-08-11T15:50:26.9080471Z
  Time since last request: 0.000306 seconds.
  importAddress: GUID: ec2f01df0bb1bfe459b5562a9e71c8d4 - Path: Packages/com.unity.render-pipelines.universal/Editor/2D/Resources/Cinemachine.png - Importer: ScriptedImporter/UnityEditor.QuickSearchModule:UnityEditor.Search:ASIAI0B
Importing 'GUID: ec2f01df0bb1bfe459b5562a9e71c8d4 - Path: Packages/com.unity.render-pipelines.universal/Editor/2D/Resources/Cinemachine.png - Importer: ScriptedImporter/UnityEditor.QuickSearchModule:UnityEditor.Search:ASIAI0B' with importer (ScriptedImporter : UnityEditor.QuickSearchModule:UnityEditor.Search:ASIAI0B)
Imported 'GUID: ec2f01df0bb1bfe459b5562a9e71c8d4' -> (Import Result ID: '8e07d8a461777956e7e337164f458111') in 0.006 seconds [static and dynamic dependencies]. Details - ImportResultOutputID=a23b4821671118d9fa8d23b99ba190e0 DependenciesID=05d10b13431e0e8c546ffba91ed052c4 StaticDependenciesID=aa6bc53b91f6639a5371354b9b4aa385 
Number of updated asset objects reloaded before import = 0
Number of asset objects unloaded after import = 1
========================================================================
Received Import Request.
  Time of request: 2026-08-11T15:50:26.9241205Z
  Time since last request: 0.0003568 seconds.
  importAddress: GUID: a34b888dc08a0694b8008696310812fd - Path: Packages/com.unity.render-pipelines.universal/Editor/2D/Provider2D/Shadow2DSources_PropertyDrawer.cs - Importer: ScriptedImporter/UnityEditor.QuickSearchModule:UnityEditor.Search:ASIAI0B
Importing 'GUID: a34b888dc08a0694b8008696310812fd - Path: Packages/com.unity.render-pipelines.universal/Editor/2D/Provider2D/Shadow2DSources_PropertyDrawer.cs - Importer: ScriptedImporter/UnityEditor.QuickSearchModule:UnityEditor.Search:ASIAI0B' with importer (ScriptedImporter : UnityEditor.QuickSearchModule:UnityEditor.Search:ASIAI0B)
Imported 'GUID: a34b888dc08a0694b8008696310812fd' -> (Import Result ID: 'aec5e6607e92ed7456e66d8cce66cbb6') in 0.003 seconds [static and dynamic dependencies]. Details - ImportResultOutputID=ae91524203294aa9ff0febbd75a497ab DependenciesID=b7854d6b3f051a2b89c4f8ea974b7afa StaticDependenciesID=90df4ab9c9608cf02e378442c78e39f1 
Number of updated asset objects reloaded before import = 0
Number of asset objects unloaded after import = 0
========================================================================
Received Import Request.
  Time of request: 2026-08-11T15:50:26.9372195Z
  Time since last request: 0.0004845 seconds.
  importAddress: GUID: d1f1048909d55cd4fa1126ab998f617e - Path: Packages/com.unity.render-pipelines.universal/Textures/SMAA/AreaTex.tga - Importer: ScriptedImporter/UnityEditor.QuickSearchModule:UnityEditor.Search:ASIAI0B
Importing 'GUID: d1f1048909d55cd4fa1126ab998f617e - Path: Packages/com.unity.render-pipelines.universal/Textures/SMAA/AreaTex.tga - Importer: ScriptedImporter/UnityEditor.QuickSearchModule:UnityEditor.Search:ASIAI0B' with importer (ScriptedImporter : UnityEditor.QuickSearchModule:UnityEditor.Search:ASIAI0B)
Imported 'GUID: d1f1048909d55cd4fa1126ab998f617e' -> (Import Result ID: '179c1d09ba51f9dd971f883ad55d0eaf') in 0.006 seconds [static and dynamic dependencies]. Details - ImportResultOutputID=18c2e30f70d12e1a5f60ab1359ce3f18 DependenciesID=1a5d02b5cf4094c4308e2f44aae55fb0 StaticDependenciesID=85009e625cfb1752de9f813477257a27 
Number of updated asset objects reloaded before import = 0
Number of asset objects unloaded after import = 1
========================================================================
Received Import Request.
  Time of request: 2026-08-11T15:50:26.9663292Z
  Time since last request: 0.0131297 seconds.
  importAddress: GUID: 0618e9bb046736646afe2346a3813db4 - Path: Packages/com.unity.render-pipelines.universal/Editor/ShaderGraph/Includes/CanvasPass.hlsl - Importer: ScriptedImporter/UnityEditor.QuickSearchModule:UnityEditor.Search:ASIAI0B
Importing 'GUID: 0618e9bb046736646afe2346a3813db4 - Path: Packages/com.unity.render-pipelines.universal/Editor/ShaderGraph/Includes/CanvasPass.hlsl - Importer: ScriptedImporter/UnityEditor.QuickSearchModule:UnityEditor.Search:ASIAI0B' with importer (ScriptedImporter : UnityEditor.QuickSearchModule:UnityEditor.Search:ASIAI0B)
Imported 'GUID: 0618e9bb046736646afe2346a3813db4' -> (Import Result ID: '440b343bbf128b5d1a90287da03dc484') in 0.004 seconds [static and dynamic dependencies]. Details - ImportResultOutputID=021eeeaa1ca86cbfd1d5773d2ece1940 DependenciesID=9047a3dd719da36105d114a63f120ee2 StaticDependenciesID=400a7844184c9c60c5259426d2c250e0 
Number of updated asset objects reloaded before import = 0
Number of asset objects unloaded after import = 1
========================================================================
Received Import Request.
  Time of request: 2026-08-11T15:50:26.9804246Z
  Time since last request: 0.0002485 seconds.
  importAddress: GUID: afa2d039a61b9a44ab0eb7f1c138af34 - Path: Packages/com.unity.render-pipelines.universal/Editor/SceneTemplates/Indoors/GlobalVolumeProfile.asset - Importer: ScriptedImporter/UnityEditor.QuickSearchModule:UnityEditor.Search:ASIAI0B
Importing 'GUID: afa2d039a61b9a44ab0eb7f1c138af34 - Path: Packages/com.unity.render-pipelines.universal/Editor/SceneTemplates/Indoors/GlobalVolumeProfile.asset - Importer: ScriptedImporter/UnityEditor.QuickSearchModule:UnityEditor.Search:ASIAI0B' with importer (ScriptedImporter : UnityEditor.QuickSearchModule:UnityEditor.Search:ASIAI0B)
Imported 'GUID: afa2d039a61b9a44ab0eb7f1c138af34' -> (Import Result ID: '3b8536e56c81a469d04658d06e94047d') in 0.005 seconds [static and dynamic dependencies]. Details - ImportResultOutputID=f20de0541a29063ca5047a93256681c2 DependenciesID=4e3ec974d399ed55f38dc42444e0fa52 StaticDependenciesID=ab4f0a2b35c369d09736a1dc27720775 
Number of updated asset objects reloaded before import = 0
Number of asset objects unloaded after import = 6
========================================================================
Received Import Request.
  Time of request: 2026-08-11T15:50:26.992922Z
  Time since last request: 0.0002927 seconds.
  importAddress: GUID: f562fc45f8fc5434a96065e20892eff9 - Path: Packages/com.unity.render-pipelines.universal/Editor/ShaderGraph/Includes/PBRGBufferPass.hlsl - Importer: ScriptedImporter/UnityEditor.QuickSearchModule:UnityEditor.Search:ASIAI0B
Importing 'GUID: f562fc45f8fc5434a96065e20892eff9 - Path: Packages/com.unity.render-pipelines.universal/Editor/ShaderGraph/Includes/PBRGBufferPass.hlsl - Importer: ScriptedImporter/UnityEditor.QuickSearchModule:UnityEditor.Search:ASIAI0B' with importer (ScriptedImporter : UnityEditor.QuickSearchModule:UnityEditor.Search:ASIAI0B)
Imported 'GUID: f562fc45f8fc5434a96065e20892eff9' -> (Import Result ID: 'c400a840586d5e99ba68044a4897f8f2') in 0.004 seconds [static and dynamic dependencies]. Details - ImportResultOutputID=0db4b943530bde7ed32cec95b78ddf13 DependenciesID=ca42efa9821e29687381125121a564cd StaticDependenciesID=653e481893225f58c7ca5eb943965f2d 
Number of updated asset objects reloaded before import = 0
Number of asset objects unloaded after import = 1
========================================================================
Received Import Request.
  Time of request: 2026-08-11T15:50:27.0064579Z
  Time since last request: 0.0003116 seconds.
  importAddress: GUID: 6f5f3e944558b294093fde8026e4d36e - Path: Packages/com.unity.render-pipelines.universal/Editor/SceneTemplates/Indoors/Indoors Baking Set.asset - Importer: ScriptedImporter/UnityEditor.QuickSearchModule:UnityEditor.Search:ASIAI0B
Importing 'GUID: 6f5f3e944558b294093fde8026e4d36e - Path: Packages/com.unity.render-pipelines.universal/Editor/SceneTemplates/Indoors/Indoors Baking Set.asset - Importer: ScriptedImporter/UnityEditor.QuickSearchModule:UnityEditor.Search:ASIAI0B' with importer (ScriptedImporter : UnityEditor.QuickSearchModule:UnityEditor.Search:ASIAI0B)
Imported 'GUID: 6f5f3e944558b294093fde8026e4d36e' -> (Import Result ID: '27c92ec77f95d8be1211574600543139') in 0.036 seconds [static and dynamic dependencies]. Details - ImportResultOutputID=4e9e74eef293a771154bbc632e7f5694 DependenciesID=a2366ea66ed3026c247dcc6496a093cb StaticDependenciesID=8920515490c29159e850149a08bacf26 
Number of updated asset objects reloaded before import = 0
Number of asset objects unloaded after import = 1
========================================================================
Received Import Request.
  Time of request: 2026-08-11T15:50:27.0510928Z
  Time since last request: 0.0003461 seconds.
  importAddress: GUID: e375ace14cc3b5b448ca85ba2455930c - Path: Packages/com.unity.render-pipelines.universal/Editor/SceneTemplates/Indoors/ReflectionProbe-0.exr - Importer: ScriptedImporter/UnityEditor.QuickSearchModule:UnityEditor.Search:ASIAI0B
Importing 'GUID: e375ace14cc3b5b448ca85ba2455930c - Path: Packages/com.unity.render-pipelines.universal/Editor/SceneTemplates/Indoors/ReflectionProbe-0.exr - Importer: ScriptedImporter/UnityEditor.QuickSearchModule:UnityEditor.Search:ASIAI0B' with importer (ScriptedImporter : UnityEditor.QuickSearchModule:UnityEditor.Search:ASIAI0B)
Imported 'GUID: e375ace14cc3b5b448ca85ba2455930c' -> (Import Result ID: 'b9f372e18c83f0712ff8b250c3219baa') in 0.009 seconds [static and dynamic dependencies]. Details - ImportResultOutputID=65160a32915f6c53f6ab7d0d84060f3a DependenciesID=6f4c89cd42b3169438be6ef74dc26bf2 StaticDependenciesID=2eede7ecf17c50009a240714439cd990 
Number of updated asset objects reloaded before import = 0
Number of asset objects unloaded after import = 1
========================================================================
Received Import Request.
  Time of request: 2026-08-11T15:50:27.0675537Z
  Time since last request: 0.0002987 seconds.
  importAddress: GUID: 42c8d975867dbb34299217c9b3a62677 - Path: Packages/com.unity.render-pipelines.universal/Editor/SceneTemplates/Standard/ReflectionProbe-0.exr - Importer: ScriptedImporter/UnityEditor.QuickSearchModule:UnityEditor.Search:ASIAI0B
Importing 'GUID: 42c8d975867dbb34299217c9b3a62677 - Path: Packages/com.unity.render-pipelines.universal/Editor/SceneTemplates/Standard/ReflectionProbe-0.exr - Importer: ScriptedImporter/UnityEditor.QuickSearchModule:UnityEditor.Search:ASIAI0B' with importer (ScriptedImporter : UnityEditor.QuickSearchModule:UnityEditor.Search:ASIAI0B)
Imported 'GUID: 42c8d975867dbb34299217c9b3a62677' -> (Import Result ID: '37bdd817ecdbb09ccbd6457a5018d033') in 0.006 seconds [static and dynamic dependencies]. Details - ImportResultOutputID=4124e4d815ba1e565d1dcb176dfae442 DependenciesID=aa81e57a3ffb6a4abde9435159ba9fb8 StaticDependenciesID=8ebaa113c664bc89827e5f55a7a5b456 
Number of updated asset objects reloaded before import = 0
Number of asset objects unloaded after import = 1
========================================================================
Received Import Request.
  Time of request: 2026-08-11T15:50:27.0984703Z
  Time since last request: 0.0166345 seconds.
  importAddress: GUID: d422a258210649e8bf5d57f759d8e5da - Path: Packages/com.unity.render-pipelines.universal/Editor/VFXGraph/Shaders/VFXDecal.template - Importer: ScriptedImporter/UnityEditor.QuickSearchModule:UnityEditor.Search:ASIAI0B
Importing 'GUID: d422a258210649e8bf5d57f759d8e5da - Path: Packages/com.unity.render-pipelines.universal/Editor/VFXGraph/Shaders/VFXDecal.template - Importer: ScriptedImporter/UnityEditor.QuickSearchModule:UnityEditor.Search:ASIAI0B' with importer (ScriptedImporter : UnityEditor.QuickSearchModule:UnityEditor.Search:ASIAI0B)
Imported 'GUID: d422a258210649e8bf5d57f759d8e5da' -> (Import Result ID: 'af7fb70f0bf2e6a59a99cb312df8dd70') in 0.004 seconds [static and dynamic dependencies]. Details - ImportResultOutputID=df0e4d95fe205f3c032a4b855da5b5d9 DependenciesID=c66345c46a172b00bf59982357c65529 StaticDependenciesID=9bfea70eb7664a163ddf5c7b394d782d 
Number of updated asset objects reloaded before import = 0
Number of asset objects unloaded after import = 1
========================================================================
Received Import Request.
  Time of request: 2026-08-11T15:50:27.1107484Z
  Time since last request: 0.0004945 seconds.
  importAddress: GUID: b182b2f5194c5574eb1983f8bb8b3d04 - Path: Packages/com.unity.render-pipelines.universal/Editor/VFXGraph/Shaders/VFXLit.template - Importer: ScriptedImporter/UnityEditor.QuickSearchModule:UnityEditor.Search:ASIAI0B
Importing 'GUID: b182b2f5194c5574eb1983f8bb8b3d04 - Path: Packages/com.unity.render-pipelines.universal/Editor/VFXGraph/Shaders/VFXLit.template - Importer: ScriptedImporter/UnityEditor.QuickSearchModule:UnityEditor.Search:ASIAI0B' with importer (ScriptedImporter : UnityEditor.QuickSearchModule:UnityEditor.Search:ASIAI0B)
Imported 'GUID: b182b2f5194c5574eb1983f8bb8b3d04' -> (Import Result ID: 'fce676cd65bd63b99a8099ec27c6ccd7') in 0.003 seconds [static and dynamic dependencies]. Details - ImportResultOutputID=bc4b5274d327260993dcfdb3dfe7f338 DependenciesID=c29ad4f85ba96535f0902dcd1fa95d8c StaticDependenciesID=8fc1077cb9550ec250a93e2aae563382 
Number of updated asset objects reloaded before import = 0
Number of asset objects unloaded after import = 1
========================================================================
Received Import Request.
  Time of request: 2026-08-11T15:50:27.1243709Z
  Time since last request: 0.0007459 seconds.
  importAddress: GUID: b3c58a63bfb3ecb4d81289bf60b5b802 - Path: Packages/com.unity.render-pipelines.universal/Editor/Tools/Converters/BuiltInToURP3DMaterialUpgrader.cs - Importer: ScriptedImporter/UnityEditor.QuickSearchModule:UnityEditor.Search:ASIAI0B
Importing 'GUID: b3c58a63bfb3ecb4d81289bf60b5b802 - Path: Packages/com.unity.render-pipelines.universal/Editor/Tools/Converters/BuiltInToURP3DMaterialUpgrader.cs - Importer: ScriptedImporter/UnityEditor.QuickSearchModule:UnityEditor.Search:ASIAI0B' with importer (ScriptedImporter : UnityEditor.QuickSearchModule:UnityEditor.Search:ASIAI0B)
Imported 'GUID: b3c58a63bfb3ecb4d81289bf60b5b802' -> (Import Result ID: '4b832078cbe43f811e20610fd365cc98') in 0.003 seconds [static and dynamic dependencies]. Details - ImportResultOutputID=ee701061c2f3a0321054a7a0371a200c DependenciesID=2bfd6c73ca2320288a514e3e68863bb0 StaticDependenciesID=da9e65b43f7421b553b20b38d14c5e09 
Number of updated asset objects reloaded before import = 0
Number of asset objects unloaded after import = 0
========================================================================
Received Import Request.
  Time of request: 2026-08-11T15:50:27.1351535Z
  Time since last request: 0.0003248 seconds.
  importAddress: GUID: 074e9a8a8d8919e469b8dd79c7dc69a9 - Path: Packages/com.unity.render-pipelines.universal/Runtime/2D/Lights/Light2DShape.cs - Importer: ScriptedImporter/UnityEditor.QuickSearchModule:UnityEditor.Search:ASIAI0B
Importing 'GUID: 074e9a8a8d8919e469b8dd79c7dc69a9 - Path: Packages/com.unity.render-pipelines.universal/Runtime/2D/Lights/Light2DShape.cs - Importer: ScriptedImporter/UnityEditor.QuickSearchModule:UnityEditor.Search:ASIAI0B' with importer (ScriptedImporter : UnityEditor.QuickSearchModule:UnityEditor.Search:ASIAI0B)
Imported 'GUID: 074e9a8a8d8919e469b8dd79c7dc69a9' -> (Import Result ID: '34bc3dd7ce955d6f98eb8ffe1fd5278f') in 0.004 seconds [static and dynamic dependencies]. Details - ImportResultOutputID=2e25314fd0dfb983869f62a78137cb01 DependenciesID=87ab6d65576dff5d9b2710684cf8550d StaticDependenciesID=5592fa945c1baa40386e74aab72f11d2 
Number of updated asset objects reloaded before import = 0
Number of asset objects unloaded after import = 0
========================================================================
Received Import Request.
  Time of request: 2026-08-11T15:50:27.1493188Z
  Time since last request: 0.0002643 seconds.
  importAddress: GUID: 56d99b71230e8854aa450311b2cc4e85 - Path: Packages/com.unity.render-pipelines.universal/Runtime/2D/Sources/Light2DProviderSources.cs - Importer: ScriptedImporter/UnityEditor.QuickSearchModule:UnityEditor.Search:ASIAI0B
Importing 'GUID: 56d99b71230e8854aa450311b2cc4e85 - Path: Packages/com.unity.render-pipelines.universal/Runtime/2D/Sources/Light2DProviderSources.cs - Importer: ScriptedImporter/UnityEditor.QuickSearchModule:UnityEditor.Search:ASIAI0B' with importer (ScriptedImporter : UnityEditor.QuickSearchModule:UnityEditor.Search:ASIAI0B)
Imported 'GUID: 56d99b71230e8854aa450311b2cc4e85' -> (Import Result ID: '0db65bd8a17b6d5ea836f262b6a9662e') in 0.003 seconds [static and dynamic dependencies]. Details - ImportResultOutputID=49c0a2df37bb3368be25165a4f0ab89c DependenciesID=c8ebfd6bb88555818da2e1145b858ff5 StaticDependenciesID=9aa4eb48953e43ea134b8340b5f81aaf 
Number of updated asset objects reloaded before import = 0
Number of asset objects unloaded after import = 0
========================================================================
Received Import Request.
  Time of request: 2026-08-11T15:50:27.1610999Z
  Time since last request: 0.0002701 seconds.
  importAddress: GUID: 9818dc043dbe84466a71ed6178bbffda - Path: Packages/com.unity.render-pipelines.universal/Editor/ShaderGUI/Shaders/ParticlesLitShader.cs - Importer: ScriptedImporter/UnityEditor.QuickSearchModule:UnityEditor.Search:ASIAI0B
Importing 'GUID: 9818dc043dbe84466a71ed6178bbffda - Path: Packages/com.unity.render-pipelines.universal/Editor/ShaderGUI/Shaders/ParticlesLitShader.cs - Importer: ScriptedImporter/UnityEditor.QuickSearchModule:UnityEditor.Search:ASIAI0B' with importer (ScriptedImporter : UnityEditor.QuickSearchModule:UnityEditor.Search:ASIAI0B)
Imported 'GUID: 9818dc043dbe84466a71ed6178bbffda' -> (Import Result ID: '2d9b365e943baf7eae667d44648e2118') in 0.005 seconds [static and dynamic dependencies]. Details - ImportResultOutputID=a9fea8e2f20e5792922aa70633a22338 DependenciesID=8e23c6c90d0e49d07296af8296bbc2d4 StaticDependenciesID=7296631414bcfc35c47920a7bd5e96bc 
Number of updated asset objects reloaded before import = 0
Number of asset objects unloaded after import = 0
========================================================================
Received Import Request.
  Time of request: 2026-08-11T15:50:27.1750055Z
  Time since last request: 0.0002845 seconds.
  importAddress: GUID: e0f10937bae94291b66fd98a6d300c08 - Path: Packages/com.unity.render-pipelines.universal/Runtime/2D/Rendergraph/DrawRenderer2DPass.cs - Importer: ScriptedImporter/UnityEditor.QuickSearchModule:UnityEditor.Search:ASIAI0B
Importing 'GUID: e0f10937bae94291b66fd98a6d300c08 - Path: Packages/com.unity.render-pipelines.universal/Runtime/2D/Rendergraph/DrawRenderer2DPass.cs - Importer: ScriptedImporter/UnityEditor.QuickSearchModule:UnityEditor.Search:ASIAI0B' with importer (ScriptedImporter : UnityEditor.QuickSearchModule:UnityEditor.Search:ASIAI0B)
Imported 'GUID: e0f10937bae94291b66fd98a6d300c08' -> (Import Result ID: '6f5199a1f0bc66aea5db18d7b640758e') in 0.003 seconds [static and dynamic dependencies]. Details - ImportResultOutputID=cad8b307d7694257a9753b6a90666821 DependenciesID=aab28d237a4033d8211c75c78e59807f StaticDependenciesID=77ac4ac4c11430ccd7312fad699e494d 
Number of updated asset objects reloaded before import = 0
Number of asset objects unloaded after import = 0
========================================================================
Received Import Request.
  Time of request: 2026-08-11T15:50:27.1867132Z
  Time since last request: 0.0002438 seconds.
  importAddress: GUID: 64d01acbbe3ff8d4d9b89e2064405103 - Path: Packages/com.unity.render-pipelines.universal/Runtime/2D/Sources/Provider2DRef.cs - Importer: ScriptedImporter/UnityEditor.QuickSearchModule:UnityEditor.Search:ASIAI0B
Importing 'GUID: 64d01acbbe3ff8d4d9b89e2064405103 - Path: Packages/com.unity.render-pipelines.universal/Runtime/2D/Sources/Provider2DRef.cs - Importer: ScriptedImporter/UnityEditor.QuickSearchModule:UnityEditor.Search:ASIAI0B' with importer (ScriptedImporter : UnityEditor.QuickSearchModule:UnityEditor.Search:ASIAI0B)
Imported 'GUID: 64d01acbbe3ff8d4d9b89e2064405103' -> (Import Result ID: '65e5c1607eaf023d43a270ed8f1b5fa0') in 0.003 seconds [static and dynamic dependencies]. Details - ImportResultOutputID=fe5266fdbb74c634b165e03b21e0c27e DependenciesID=1b1564a898bb7a463258c88cb486b82b StaticDependenciesID=7a60280c4729fcbd932d0f5e2d8a33d4 
Number of updated asset objects reloaded before import = 0
Number of asset objects unloaded after import = 0
========================================================================
Received Import Request.
  Time of request: 2026-08-11T15:50:27.2142048Z
  Time since last request: 0.015961 seconds.
  importAddress: GUID: 1a207e3bee00db44b940e6f362a8e148 - Path: Packages/com.unity.render-pipelines.universal/Runtime/Materials/PhysicalMaterial3DsMax/PhysicalMaterial3DsMaxTransparent.shadergraph - Importer: ScriptedImporter/UnityEditor.QuickSearchModule:UnityEditor.Search:ASIAI0B
Importing 'GUID: 1a207e3bee00db44b940e6f362a8e148 - Path: Packages/com.unity.render-pipelines.universal/Runtime/Materials/PhysicalMaterial3DsMax/PhysicalMaterial3DsMaxTransparent.shadergraph - Importer: ScriptedImporter/UnityEditor.QuickSearchModule:UnityEditor.Search:ASIAI0B' with importer (ScriptedImporter : UnityEditor.QuickSearchModule:UnityEditor.Search:ASIAI0B)
Imported 'GUID: 1a207e3bee00db44b940e6f362a8e148' -> (Import Result ID: 'ffd4cf0264500350dd1cf917e50829ca') in 0.013 seconds [static and dynamic dependencies]. Details - ImportResultOutputID=e5284371d7dc65b64ef5bf9bb7c42021 DependenciesID=0296dd19f8385a76c006f0a7a56408a0 StaticDependenciesID=bb09e33fcc427ec5e13baf66ac1796cd 
Number of updated asset objects reloaded before import = 0
Number of asset objects unloaded after import = 6
========================================================================
Received Import Request.
  Time of request: 2026-08-11T15:50:27.2350167Z
  Time since last request: 0.0001507 seconds.
  importAddress: GUID: 81f448cc93783d24fbc04af4b95e8af0 - Path: Packages/com.unity.render-pipelines.universal/Runtime/Decal/Entities/DecalUpdateCullingGroupSystem.cs - Importer: ScriptedImporter/UnityEditor.QuickSearchModule:UnityEditor.Search:ASIAI0B
Importing 'GUID: 81f448cc93783d24fbc04af4b95e8af0 - Path: Packages/com.unity.render-pipelines.universal/Runtime/Decal/Entities/DecalUpdateCullingGroupSystem.cs - Importer: ScriptedImporter/UnityEditor.QuickSearchModule:UnityEditor.Search:ASIAI0B' with importer (ScriptedImporter : UnityEditor.QuickSearchModule:UnityEditor.Search:ASIAI0B)
Imported 'GUID: 81f448cc93783d24fbc04af4b95e8af0' -> (Import Result ID: '99a4bc5925246bfcd39bcfa4a204d40a') in 0.004 seconds [static and dynamic dependencies]. Details - ImportResultOutputID=7461653016efd742960ee516a7f9b428 DependenciesID=4aa8c90790039034bd4c82bdc58175bc StaticDependenciesID=f6747bfc0aa2cf8ba087fde6cb94817c 
Number of updated asset objects reloaded before import = 0
Number of asset objects unloaded after import = 0
========================================================================
Received Import Request.
  Time of request: 2026-08-11T15:50:27.2487046Z
  Time since last request: 0.0008137 seconds.
  importAddress: GUID: 7c68662492324997981f99fb0847793d - Path: Packages/com.unity.render-pipelines.universal/Runtime/Passes/PostProcess/LensFlareScreenSpacePostProcessPass.cs - Importer: ScriptedImporter/UnityEditor.QuickSearchModule:UnityEditor.Search:ASIAI0B
Importing 'GUID: 7c68662492324997981f99fb0847793d - Path: Packages/com.unity.render-pipelines.universal/Runtime/Passes/PostProcess/LensFlareScreenSpacePostProcessPass.cs - Importer: ScriptedImporter/UnityEditor.QuickSearchModule:UnityEditor.Search:ASIAI0B' with importer (ScriptedImporter : UnityEditor.QuickSearchModule:UnityEditor.Search:ASIAI0B)
Imported 'GUID: 7c68662492324997981f99fb0847793d' -> (Import Result ID: '94ec069a750b9eff0ac3b3cc2b96628f') in 0.003 seconds [static and dynamic dependencies]. Details - ImportResultOutputID=ae22f1203f12230059c4bf59f0e52fd1 DependenciesID=d923d22ca85fc27cacca14f985db5d83 StaticDependenciesID=9558177cb2f284f4494166f5ddab062d 
Number of updated asset objects reloaded before import = 0
Number of asset objects unloaded after import = 0
========================================================================
Received Import Request.
  Time of request: 2026-08-11T15:50:27.2597543Z
  Time since last request: 0.0002985 seconds.
  importAddress: GUID: 045a06f7c76196a43a929d2a916c7d95 - Path: Packages/com.unity.render-pipelines.universal/Runtime/VFXGraph/Shaders/VFXLit.hlsl - Importer: ScriptedImporter/UnityEditor.QuickSearchModule:UnityEditor.Search:ASIAI0B
Importing 'GUID: 045a06f7c76196a43a929d2a916c7d95 - Path: Packages/com.unity.render-pipelines.universal/Runtime/VFXGraph/Shaders/VFXLit.hlsl - Importer: ScriptedImporter/UnityEditor.QuickSearchModule:UnityEditor.Search:ASIAI0B' with importer (ScriptedImporter : UnityEditor.QuickSearchModule:UnityEditor.Search:ASIAI0B)
Imported 'GUID: 045a06f7c76196a43a929d2a916c7d95' -> (Import Result ID: 'f1f757a21982b8f288271405a42dfa04') in 0.003 seconds [static and dynamic dependencies]. Details - ImportResultOutputID=a512153c65bf92d890acc7f843d26378 DependenciesID=0148b7f6db4509334046d3e770312974 StaticDependenciesID=61f30167cab4daacbb3fb2a801a0ecc9 
Number of updated asset objects reloaded before import = 0
Number of asset objects unloaded after import = 1
========================================================================
Received Import Request.
  Time of request: 2026-08-11T15:50:27.2711467Z
  Time since last request: 0.0005284 seconds.
  importAddress: GUID: 30fa68ce467463643a86b839ca0eb195 - Path: Packages/com.unity.render-pipelines.universal/Runtime/Materials/ArnoldStandardSurface/ArnoldStandardSurfaceTransparent.shadergraph - Importer: ScriptedImporter/UnityEditor.QuickSearchModule:UnityEditor.Search:ASIAI0B
Importing 'GUID: 30fa68ce467463643a86b839ca0eb195 - Path: Packages/com.unity.render-pipelines.universal/Runtime/Materials/ArnoldStandardSurface/ArnoldStandardSurfaceTransparent.shadergraph - Importer: ScriptedImporter/UnityEditor.QuickSearchModule:UnityEditor.Search:ASIAI0B' with importer (ScriptedImporter : UnityEditor.QuickSearchModule:UnityEditor.Search:ASIAI0B)
Imported 'GUID: 30fa68ce467463643a86b839ca0eb195' -> (Import Result ID: 'be2761b36abb1f13541a6c0939d9e089') in 0.008 seconds [static and dynamic dependencies]. Details - ImportResultOutputID=81b0bc18914907c71cd17de9749639b8 DependenciesID=3cf1f4e2845bda48027b8cf2e245d018 StaticDependenciesID=88b2558a75915780eb194ba52e54fce5 
Number of updated asset objects reloaded before import = 0
Number of asset objects unloaded after import = 6
========================================================================
Received Import Request.
  Time of request: 2026-08-11T15:50:27.2889855Z
  Time since last request: 0.0000254 seconds.
  importAddress: GUID: 8820d60aea9a4c6fa6d11ddb83d1db90 - Path: Packages/com.unity.render-pipelines.universal/Runtime/Passes/PostProcess/LensFlareDataDrivenPostProcessPass.cs - Importer: ScriptedImporter/UnityEditor.QuickSearchModule:UnityEditor.Search:ASIAI0B
Importing 'GUID: 8820d60aea9a4c6fa6d11ddb83d1db90 - Path: Packages/com.unity.render-pipelines.universal/Runtime/Passes/PostProcess/LensFlareDataDrivenPostProcessPass.cs - Importer: ScriptedImporter/UnityEditor.QuickSearchModule:UnityEditor.Search:ASIAI0B' with importer (ScriptedImporter : UnityEditor.QuickSearchModule:UnityEditor.Search:ASIAI0B)
Imported 'GUID: 8820d60aea9a4c6fa6d11ddb83d1db90' -> (Import Result ID: '5dc3fe4de4d324b85fe5280e3af0cb33') in 0.003 seconds [static and dynamic dependencies]. Details - ImportResultOutputID=58173ce008ef415584cc1dfb5f7d32fd DependenciesID=b997c923ab24a0ff23c98ade137919ca StaticDependenciesID=300a282d8558bc96d37aa87b5a5e21db 
Number of updated asset objects reloaded before import = 0
Number of asset objects unloaded after import = 0
========================================================================
Received Import Request.
  Time of request: 2026-08-11T15:50:27.3136985Z
  Time since last request: 0.0142126 seconds.
  importAddress: GUID: 4151cfb2494f10243a255c8a553306e3 - Path: Packages/com.unity.render-pipelines.universal/Shaders/2D/Include/ShapeLightShared.hlsl - Importer: ScriptedImporter/UnityEditor.QuickSearchModule:UnityEditor.Search:ASIAI0B
Importing 'GUID: 4151cfb2494f10243a255c8a553306e3 - Path: Packages/com.unity.render-pipelines.universal/Shaders/2D/Include/ShapeLightShared.hlsl - Importer: ScriptedImporter/UnityEditor.QuickSearchModule:UnityEditor.Search:ASIAI0B' with importer (ScriptedImporter : UnityEditor.QuickSearchModule:UnityEditor.Search:ASIAI0B)
Imported 'GUID: 4151cfb2494f10243a255c8a553306e3' -> (Import Result ID: '8444691cd27bcdd9e844bb6af90612db') in 0.003 seconds [static and dynamic dependencies]. Details - ImportResultOutputID=e1de60c4f70394db629d12fa2587523e DependenciesID=9e2ccfcedf3201135ac787f299b47301 StaticDependenciesID=791ce964606e489ca8b05a63084a11b8 
Number of updated asset objects reloaded before import = 0
Number of asset objects unloaded after import = 1
========================================================================
Received Import Request.
  Time of request: 2026-08-11T15:50:27.3241567Z
  Time since last request: 0.0004123 seconds.
  importAddress: GUID: d4044ea2490d63b43aa1765f8efbf8a9 - Path: Packages/com.unity.render-pipelines.universal/Textures/BlueNoise16/L/LDR_LLL1_19.png - Importer: ScriptedImporter/UnityEditor.QuickSearchModule:UnityEditor.Search:ASIAI0B
Importing 'GUID: d4044ea2490d63b43aa1765f8efbf8a9 - Path: Packages/com.unity.render-pipelines.universal/Textures/BlueNoise16/L/LDR_LLL1_19.png - Importer: ScriptedImporter/UnityEditor.QuickSearchModule:UnityEditor.Search:ASIAI0B' with importer (ScriptedImporter : UnityEditor.QuickSearchModule:UnityEditor.Search:ASIAI0B)
Imported 'GUID: d4044ea2490d63b43aa1765f8efbf8a9' -> (Import Result ID: '8e0f9aaef8141ba3a484ef82def1ffb9') in 0.005 seconds [static and dynamic dependencies]. Details - ImportResultOutputID=e2b038de8059aa9dc7a08de33acb5c97 DependenciesID=e4619cc9e3a869549e64ea0b04798140 StaticDependenciesID=f4b535342a71810c7e044b269288d319 
Number of updated asset objects reloaded before import = 0
Number of asset objects unloaded after import = 1
========================================================================
Received Import Request.
  Time of request: 2026-08-11T15:50:27.3397408Z
  Time since last request: 0.000369 seconds.
  importAddress: GUID: f69770e54f2823f43badf77916acad83 - Path: Packages/com.unity.render-pipelines.universal/Textures/BlueNoise16/L/LDR_LLL1_22.png - Importer: ScriptedImporter/UnityEditor.QuickSearchModule:UnityEditor.Search:ASIAI0B
Importing 'GUID: f69770e54f2823f43badf77916acad83 - Path: Packages/com.unity.render-pipelines.universal/Textures/BlueNoise16/L/LDR_LLL1_22.png - Importer: ScriptedImporter/UnityEditor.QuickSearchModule:UnityEditor.Search:ASIAI0B' with importer (ScriptedImporter : UnityEditor.QuickSearchModule:UnityEditor.Search:ASIAI0B)
Imported 'GUID: f69770e54f2823f43badf77916acad83' -> (Import Result ID: 'd6ff824ec19ca439ef46de377c09381c') in 0.005 seconds [static and dynamic dependencies]. Details - ImportResultOutputID=63bb4d1c5d7666dbc55951844f7b494f DependenciesID=48976de9e48ca4645417183e762a00f1 StaticDependenciesID=8b4adcb2356d697256a770b5574315bb 
Number of updated asset objects reloaded before import = 0
Number of asset objects unloaded after import = 1
========================================================================
Received Import Request.
  Time of request: 2026-08-11T15:50:27.3547947Z
  Time since last request: 0.0003369 seconds.
  importAddress: GUID: 1c3c6d69a645b804fa232004b96b7ad3 - Path: Packages/com.unity.render-pipelines.universal/Textures/BlueNoise16/L/LDR_LLL1_25.png - Importer: ScriptedImporter/UnityEditor.QuickSearchModule:UnityEditor.Search:ASIAI0B
Importing 'GUID: 1c3c6d69a645b804fa232004b96b7ad3 - Path: Packages/com.unity.render-pipelines.universal/Textures/BlueNoise16/L/LDR_LLL1_25.png - Importer: ScriptedImporter/UnityEditor.QuickSearchModule:UnityEditor.Search:ASIAI0B' with importer (ScriptedImporter : UnityEditor.QuickSearchModule:UnityEditor.Search:ASIAI0B)
Imported 'GUID: 1c3c6d69a645b804fa232004b96b7ad3' -> (Import Result ID: '7a86d3e8fc91bf51e43731068bfe9b7d') in 0.006 seconds [static and dynamic dependencies]. Details - ImportResultOutputID=1cf1045c9af283ceb5ed0964782f77a6 DependenciesID=1fe5ad424ebe80eca8b878d56e662fd0 StaticDependenciesID=3b4de4f845f0b6e3fccb97c228d8259c 
Number of updated asset objects reloaded before import = 0
Number of asset objects unloaded after import = 1
========================================================================
Received Import Request.
  Time of request: 2026-08-11T15:50:27.3700151Z
  Time since last request: 0.0002471 seconds.
  importAddress: GUID: b9c3f97797bd9374cb2607614554fe54 - Path: Packages/com.unity.render-pipelines.universal/Shaders/2D/Include/NormalsRenderingShared.hlsl - Importer: ScriptedImporter/UnityEditor.QuickSearchModule:UnityEditor.Search:ASIAI0B
Importing 'GUID: b9c3f97797bd9374cb2607614554fe54 - Path: Packages/com.unity.render-pipelines.universal/Shaders/2D/Include/NormalsRenderingShared.hlsl - Importer: ScriptedImporter/UnityEditor.QuickSearchModule:UnityEditor.Search:ASIAI0B' with importer (ScriptedImporter : UnityEditor.QuickSearchModule:UnityEditor.Search:ASIAI0B)
Imported 'GUID: b9c3f97797bd9374cb2607614554fe54' -> (Import Result ID: '04fe4e7203af3d2706f40707ffb3d6cd') in 0.005 seconds [static and dynamic dependencies]. Details - ImportResultOutputID=19cf53e8c30364c00c403647191dde85 DependenciesID=40e4c1fdfce79455499ed8d097da7770 StaticDependenciesID=c098fe59f372dbb37fb8fd67a7b5200c 
Number of updated asset objects reloaded before import = 0
Number of asset objects unloaded after import = 1
========================================================================
Received Import Request.
  Time of request: 2026-08-11T15:50:27.3993934Z
  Time since last request: 0.0166952 seconds.
  importAddress: GUID: 39ce338156d9f6b40b4702eb2d26d40d - Path: Packages/com.unity.render-pipelines.universal/Editor/2D/ShaderGraph/Includes/SpriteNormalPass.hlsl - Importer: ScriptedImporter/UnityEditor.QuickSearchModule:UnityEditor.Search:ASIAI0B
Importing 'GUID: 39ce338156d9f6b40b4702eb2d26d40d - Path: Packages/com.unity.render-pipelines.universal/Editor/2D/ShaderGraph/Includes/SpriteNormalPass.hlsl - Importer: ScriptedImporter/UnityEditor.QuickSearchModule:UnityEditor.Search:ASIAI0B' with importer (ScriptedImporter : UnityEditor.QuickSearchModule:UnityEditor.Search:ASIAI0B)
Imported 'GUID: 39ce338156d9f6b40b4702eb2d26d40d' -> (Import Result ID: '121df49b6409a009ae2814a9851c052e') in 0.003 seconds [static and dynamic dependencies]. Details - ImportResultOutputID=88e3d38dcf9fa956209f7a924947f2f2 DependenciesID=63014046213733ad08c6169b307a7cb4 StaticDependenciesID=8f07847d58a829fcd138bba060ebef6d 
Number of updated asset objects reloaded before import = 0
Number of asset objects unloaded after import = 1
========================================================================
Received Import Request.
  Time of request: 2026-08-11T15:50:27.4108796Z
  Time since last request: 0.0005876 seconds.
  importAddress: GUID: ff47e5a0f105eb34883b973e51f4db62 - Path: Packages/com.unity.render-pipelines.universal/Textures/BlueNoise16/L/LDR_LLL1_28.png - Importer: ScriptedImporter/UnityEditor.QuickSearchModule:UnityEditor.Search:ASIAI0B
Importing 'GUID: ff47e5a0f105eb34883b973e51f4db62 - Path: Packages/com.unity.render-pipelines.universal/Textures/BlueNoise16/L/LDR_LLL1_28.png - Importer: ScriptedImporter/UnityEditor.QuickSearchModule:UnityEditor.Search:ASIAI0B' with importer (ScriptedImporter : UnityEditor.QuickSearchModule:UnityEditor.Search:ASIAI0B)
Imported 'GUID: ff47e5a0f105eb34883b973e51f4db62' -> (Import Result ID: '317148f862dbfa6705f757a96fa8afba') in 0.005 seconds [static and dynamic dependencies]. Details - ImportResultOutputID=8ee65c746425648e64862a59194d7f95 DependenciesID=593134d5dbac234510331c5d08cde15f StaticDependenciesID=aa12873629ffdb74c8dfc2ba1bf80a8f 
Number of updated asset objects reloaded before import = 0
Number of asset objects unloaded after import = 1
========================================================================
Received Import Request.
  Time of request: 2026-08-11T15:50:27.4246097Z
  Time since last request: 0.0002417 seconds.
  importAddress: GUID: 7ce2118f74614a94aa8a0cdf2e6062c3 - Path: Packages/com.unity.render-pipelines.universal/Textures/BlueNoise16/L/LDR_LLL1_3.png - Importer: ScriptedImporter/UnityEditor.QuickSearchModule:UnityEditor.Search:ASIAI0B
Importing 'GUID: 7ce2118f74614a94aa8a0cdf2e6062c3 - Path: Packages/com.unity.render-pipelines.universal/Textures/BlueNoise16/L/LDR_LLL1_3.png - Importer: ScriptedImporter/UnityEditor.QuickSearchModule:UnityEditor.Search:ASIAI0B' with importer (ScriptedImporter : UnityEditor.QuickSearchModule:UnityEditor.Search:ASIAI0B)
Imported 'GUID: 7ce2118f74614a94aa8a0cdf2e6062c3' -> (Import Result ID: '6773ddc2f6b29cd76311091513db1d12') in 0.006 seconds [static and dynamic dependencies]. Details - ImportResultOutputID=7673b91be9842fb827d621d91d7a84dc DependenciesID=9ec83f6ff846a4f8d890fefb8828e78f StaticDependenciesID=a23982b7d83bcf9273abd3f78ecad3e6 
Number of updated asset objects reloaded before import = 0
Number of asset objects unloaded after import = 1
========================================================================
Received Import Request.
  Time of request: 2026-08-11T15:50:27.4389935Z
  Time since last request: 0.0002371 seconds.
  importAddress: GUID: dc7283e53c0339a40adca7609d7985d7 - Path: Packages/com.unity.render-pipelines.universal/Editor/2D/ShaderGraph/AssetCallbacks/CreateSpriteLitShaderGraph.cs - Importer: ScriptedImporter/UnityEditor.QuickSearchModule:UnityEditor.Search:ASIAI0B
Importing 'GUID: dc7283e53c0339a40adca7609d7985d7 - Path: Packages/com.unity.render-pipelines.universal/Editor/2D/ShaderGraph/AssetCallbacks/CreateSpriteLitShaderGraph.cs - Importer: ScriptedImporter/UnityEditor.QuickSearchModule:UnityEditor.Search:ASIAI0B' with importer (ScriptedImporter : UnityEditor.QuickSearchModule:UnityEditor.Search:ASIAI0B)
Imported 'GUID: dc7283e53c0339a40adca7609d7985d7' -> (Import Result ID: 'ea6d471d262b967aa31cb505fb3eccf2') in 0.003 seconds [static and dynamic dependencies]. Details - ImportResultOutputID=5fb0f78292f290aeed1e0b1a7a1551fe DependenciesID=4b280c13ae1250604955f2dfa516327e StaticDependenciesID=8e5d52e2233908a1795cd5e0bff29107 
Number of updated asset objects reloaded before import = 0
Number of asset objects unloaded after import = 0
========================================================================
Received Import Request.
  Time of request: 2026-08-11T15:50:27.4507908Z
  Time since last request: 0.0003179 seconds.
  importAddress: GUID: 78121747aa974234f94f7fda667dbbe1 - Path: Packages/com.unity.render-pipelines.universal/Editor/ShaderGraph/Includes/Terrain/DepthNormalsOnlyPass.hlsl - Importer: ScriptedImporter/UnityEditor.QuickSearchModule:UnityEditor.Search:ASIAI0B
Importing 'GUID: 78121747aa974234f94f7fda667dbbe1 - Path: Packages/com.unity.render-pipelines.universal/Editor/ShaderGraph/Includes/Terrain/DepthNormalsOnlyPass.hlsl - Importer: ScriptedImporter/UnityEditor.QuickSearchModule:UnityEditor.Search:ASIAI0B' with importer (ScriptedImporter : UnityEditor.QuickSearchModule:UnityEditor.Search:ASIAI0B)
Imported 'GUID: 78121747aa974234f94f7fda667dbbe1' -> (Import Result ID: 'af0f5ffd448c1edce21e30871df85c23') in 0.003 seconds [static and dynamic dependencies]. Details - ImportResultOutputID=8bddb2a605152e53d4c5e342835617b0 DependenciesID=0ebbb1c1cfa99c63498f0117b6874441 StaticDependenciesID=1b4e18910b5340e72ec547d4d2e6d690 
Number of updated asset objects reloaded before import = 0
Number of asset objects unloaded after import = 1
========================================================================
Received Import Request.
  Time of request: 2026-08-11T15:50:27.4648764Z
  Time since last request: 0.0002697 seconds.
  importAddress: GUID: 6970aba7f3c314f4fa5d5b93188b6de3 - Path: Packages/com.unity.render-pipelines.universal/Editor/ShaderGraph/Includes/Terrain/PBRGBufferPass.hlsl - Importer: ScriptedImporter/UnityEditor.QuickSearchModule:UnityEditor.Search:ASIAI0B
Importing 'GUID: 6970aba7f3c314f4fa5d5b93188b6de3 - Path: Packages/com.unity.render-pipelines.universal/Editor/ShaderGraph/Includes/Terrain/PBRGBufferPass.hlsl - Importer: ScriptedImporter/UnityEditor.QuickSearchModule:UnityEditor.Search:ASIAI0B' with importer (ScriptedImporter : UnityEditor.QuickSearchModule:UnityEditor.Search:ASIAI0B)
Imported 'GUID: 6970aba7f3c314f4fa5d5b93188b6de3' -> (Import Result ID: 'dc8fae9a25e8153cb8325e6b96781b63') in 0.003 seconds [static and dynamic dependencies]. Details - ImportResultOutputID=35a2cf17c6f588daf725585a39e74dde DependenciesID=5fad025a6facc857f8607d769925e3f0 StaticDependenciesID=5aa4e3a56fdd76d9cc7c959c5adb36d5 
Number of updated asset objects reloaded before import = 0
Number of asset objects unloaded after import = 1
========================================================================
Received Import Request.
  Time of request: 2026-08-11T15:50:27.4771264Z
  Time since last request: 0.0003736 seconds.
  importAddress: GUID: 1d05733e1c6394a479c53e1428a543dd - Path: Packages/com.unity.render-pipelines.universal/Editor/2D/ShaderGraph/Targets/UniversalMeshLitInfo.cs - Importer: ScriptedImporter/UnityEditor.QuickSearchModule:UnityEditor.Search:ASIAI0B
Importing 'GUID: 1d05733e1c6394a479c53e1428a543dd - Path: Packages/com.unity.render-pipelines.universal/Editor/2D/ShaderGraph/Targets/UniversalMeshLitInfo.cs - Importer: ScriptedImporter/UnityEditor.QuickSearchModule:UnityEditor.Search:ASIAI0B' with importer (ScriptedImporter : UnityEditor.QuickSearchModule:UnityEditor.Search:ASIAI0B)
Imported 'GUID: 1d05733e1c6394a479c53e1428a543dd' -> (Import Result ID: 'fbe4a477563b6131475451cd756095a4') in 0.004 seconds [static and dynamic dependencies]. Details - ImportResultOutputID=b2b8d144a57a0bccca8410c678783147 DependenciesID=a3be1a5659b4fc198fdf7566c584a5b3 StaticDependenciesID=3b1b0056ff4d4eb44ecc78628cf59930 
Number of updated asset objects reloaded before import = 0
Number of asset objects unloaded after import = 0
========================================================================
Received Import Request.
  Time of request: 2026-08-11T15:50:27.4916752Z
  Time since last request: 0.0003904 seconds.
  importAddress: GUID: 494ba6900e1d9f34da743bb68ff82ddb - Path: Packages/com.unity.render-pipelines.universal/Editor/ShaderGraph/GraphTemplates/2D/2DSpriteLitTemplateThumbnail.png - Importer: ScriptedImporter/UnityEditor.QuickSearchModule:UnityEditor.Search:ASIAI0B
Importing 'GUID: 494ba6900e1d9f34da743bb68ff82ddb - Path: Packages/com.unity.render-pipelines.universal/Editor/ShaderGraph/GraphTemplates/2D/2DSpriteLitTemplateThumbnail.png - Importer: ScriptedImporter/UnityEditor.QuickSearchModule:UnityEditor.Search:ASIAI0B' with importer (ScriptedImporter : UnityEditor.QuickSearchModule:UnityEditor.Search:ASIAI0B)
Imported 'GUID: 494ba6900e1d9f34da743bb68ff82ddb' -> (Import Result ID: '7e852bde4b57955778a9fb7701f48d8b') in 0.008 seconds [static and dynamic dependencies]. Details - ImportResultOutputID=095cf3ed484e24f129401dd0ed2e34cb DependenciesID=9ac319bd79fbb6e1dd3e9c7f24ccc91d StaticDependenciesID=324979a960d4ae75574192ed3970737f 
Number of updated asset objects reloaded before import = 0
Number of asset objects unloaded after import = 1
========================================================================
Received Import Request.
  Time of request: 2026-08-11T15:50:27.5280345Z
  Time since last request: 0.0184821 seconds.
  importAddress: GUID: 5c847e0daeb638146931797574071502 - Path: Packages/com.unity.render-pipelines.universal/Runtime/VFXGraph/Utility/PropertyBinders/URPCameraBinder.cs - Importer: ScriptedImporter/UnityEditor.QuickSearchModule:UnityEditor.Search:ASIAI0B
Importing 'GUID: 5c847e0daeb638146931797574071502 - Path: Packages/com.unity.render-pipelines.universal/Runtime/VFXGraph/Utility/PropertyBinders/URPCameraBinder.cs - Importer: ScriptedImporter/UnityEditor.QuickSearchModule:UnityEditor.Search:ASIAI0B' with importer (ScriptedImporter : UnityEditor.QuickSearchModule:UnityEditor.Search:ASIAI0B)
Imported 'GUID: 5c847e0daeb638146931797574071502' -> (Import Result ID: 'caf7a8960d548656621ec10b62dcc5bb') in 0.003 seconds [static and dynamic dependencies]. Details - ImportResultOutputID=81ed56fd3ab563a339cad601006aa9d9 DependenciesID=bf28c72a2518c4877267b5a98248d991 StaticDependenciesID=de61e9e2ce0cbf2677bc81e03c9b6921 
Number of updated asset objects reloaded before import = 0
Number of asset objects unloaded after import = 0
========================================================================
Received Import Request.
  Time of request: 2026-08-11T15:50:27.5391358Z
  Time since last request: 0.000636 seconds.
  importAddress: GUID: fbffb490ff4824544a472e97ee0a6679 - Path: Packages/com.unity.render-pipelines.universal/Runtime/2D/Lights/Providers/Light2DProvider.cs - Importer: ScriptedImporter/UnityEditor.QuickSearchModule:UnityEditor.Search:ASIAI0B
Importing 'GUID: fbffb490ff4824544a472e97ee0a6679 - Path: Packages/com.unity.render-pipelines.universal/Runtime/2D/Lights/Providers/Light2DProvider.cs - Importer: ScriptedImporter/UnityEditor.QuickSearchModule:UnityEditor.Search:ASIAI0B' with importer (ScriptedImporter : UnityEditor.QuickSearchModule:UnityEditor.Search:ASIAI0B)
Imported 'GUID: fbffb490ff4824544a472e97ee0a6679' -> (Import Result ID: 'b40ce0a50c4b5764ac72a0cb00b1e1b5') in 0.003 seconds [static and dynamic dependencies]. Details - ImportResultOutputID=753343b75104e818a5d0a4083482363f DependenciesID=3b3f622c4a81f14e4fce4f7ce48339a0 StaticDependenciesID=8a4baddae9775ff897ddf5e6e61a93c2 
Number of updated asset objects reloaded before import = 0
Number of asset objects unloaded after import = 0
========================================================================
Received Import Request.
  Time of request: 2026-08-11T15:50:27.5506293Z
  Time since last request: 0.000548 seconds.
  importAddress: GUID: e1c9418ea80ea1f438a3b984293b811c - Path: Packages/com.unity.render-pipelines.universal/Editor/VFXGraph/Shaders/Templates/VFXParticleMeshes.template - Importer: ScriptedImporter/UnityEditor.QuickSearchModule:UnityEditor.Search:ASIAI0B
Importing 'GUID: e1c9418ea80ea1f438a3b984293b811c - Path: Packages/com.unity.render-pipelines.universal/Editor/VFXGraph/Shaders/Templates/VFXParticleMeshes.template - Importer: ScriptedImporter/UnityEditor.QuickSearchModule:UnityEditor.Search:ASIAI0B' with importer (ScriptedImporter : UnityEditor.QuickSearchModule:UnityEditor.Search:ASIAI0B)
Imported 'GUID: e1c9418ea80ea1f438a3b984293b811c' -> (Import Result ID: '0b058e078d23a9971a785bb680cdd963') in 0.003 seconds [static and dynamic dependencies]. Details - ImportResultOutputID=9619a9d6d9d355961406f1116e4df2d8 DependenciesID=9ca064b4023126b0721232e363a655cb StaticDependenciesID=dd40c4629409b70ead473c324e53e135 
Number of updated asset objects reloaded before import = 0
Number of asset objects unloaded after import = 1
========================================================================
Received Import Request.
  Time of request: 2026-08-11T15:50:27.5622551Z
  Time since last request: 0.0003209 seconds.
  importAddress: GUID: 7967efc2e5a28854bb33f9b07eee5675 - Path: Packages/com.unity.render-pipelines.universal/Runtime/2D/Shadows/Shadow Provider Utility/ShadowShape2D.cs - Importer: ScriptedImporter/UnityEditor.QuickSearchModule:UnityEditor.Search:ASIAI0B
Importing 'GUID: 7967efc2e5a28854bb33f9b07eee5675 - Path: Packages/com.unity.render-pipelines.universal/Runtime/2D/Shadows/Shadow Provider Utility/ShadowShape2D.cs - Importer: ScriptedImporter/UnityEditor.QuickSearchModule:UnityEditor.Search:ASIAI0B' with importer (ScriptedImporter : UnityEditor.QuickSearchModule:UnityEditor.Search:ASIAI0B)
Imported 'GUID: 7967efc2e5a28854bb33f9b07eee5675' -> (Import Result ID: '5059a2be0625fd8920b0d4d481e70be7') in 0.003 seconds [static and dynamic dependencies]. Details - ImportResultOutputID=2347b5bea9838b37ec0f2d91182644c9 DependenciesID=7b7e1e30213672f4819a9327a23666bc StaticDependenciesID=c466bf04d57847490969e56ce446b32d 
Number of updated asset objects reloaded before import = 0
Number of asset objects unloaded after import = 0
========================================================================
Received Import Request.
  Time of request: 2026-08-11T15:50:27.5811399Z
  Time since last request: 0.0057529 seconds.
  importAddress: GUID: 40cf578c410cce34895b4a55f12d31d1 - Path: Packages/com.unity.render-pipelines.universal/Editor/VFXGraph/Shaders/Templates/ParticlePlanarPrimitivesLit/PassVelocity.template - Importer: ScriptedImporter/UnityEditor.QuickSearchModule:UnityEditor.Search:ASIAI0B
Importing 'GUID: 40cf578c410cce34895b4a55f12d31d1 - Path: Packages/com.unity.render-pipelines.universal/Editor/VFXGraph/Shaders/Templates/ParticlePlanarPrimitivesLit/PassVelocity.template - Importer: ScriptedImporter/UnityEditor.QuickSearchModule:UnityEditor.Search:ASIAI0B' with importer (ScriptedImporter : UnityEditor.QuickSearchModule:UnityEditor.Search:ASIAI0B)
Imported 'GUID: 40cf578c410cce34895b4a55f12d31d1' -> (Import Result ID: '3df1798812c8229e4129a54b1d35cbd3') in 0.003 seconds [static and dynamic dependencies]. Details - ImportResultOutputID=06b4e35ac90611c71074e477dbb70c17 DependenciesID=10e79fb0d0698015178a5e2f911b4d3a StaticDependenciesID=c07ebc5a82cd793d646a1283b63a8185 
Number of updated asset objects reloaded before import = 0
Number of asset objects unloaded after import = 1
========================================================================
Received Import Request.
  Time of request: 2026-08-11T15:50:27.5926437Z
  Time since last request: 0.0010858 seconds.
  importAddress: GUID: e54411f64dc2beb43998b9727f62fa32 - Path: Packages/com.unity.render-pipelines.universal/Editor/VFXGraph/Shaders/Templates/ParticlePlanarPrimitivesLit/PassDepthOrMV.template - Importer: ScriptedImporter/UnityEditor.QuickSearchModule:UnityEditor.Search:ASIAI0B
Importing 'GUID: e54411f64dc2beb43998b9727f62fa32 - Path: Packages/com.unity.render-pipelines.universal/Editor/VFXGraph/Shaders/Templates/ParticlePlanarPrimitivesLit/PassDepthOrMV.template - Importer: ScriptedImporter/UnityEditor.QuickSearchModule:UnityEditor.Search:ASIAI0B' with importer (ScriptedImporter : UnityEditor.QuickSearchModule:UnityEditor.Search:ASIAI0B)
Imported 'GUID: e54411f64dc2beb43998b9727f62fa32' -> (Import Result ID: '9ce435d548a2feac995f688b88a5fbe8') in 0.003 seconds [static and dynamic dependencies]. Details - ImportResultOutputID=e954b7fe77cd88481b9c46a84da9844b DependenciesID=95f234078c160cd863d7d0717565fb5e StaticDependenciesID=e6398fc39a5a7f7cf2b7e83c689be2ca 
Number of updated asset objects reloaded before import = 0
Number of asset objects unloaded after import = 1
========================================================================
Received Import Request.
  Time of request: 2026-08-11T15:50:27.6036628Z
  Time since last request: 0.0005915 seconds.
  importAddress: GUID: 60e6c40c533c7ed4fbf6a90081f0e415 - Path: Packages/com.unity.render-pipelines.universal/Editor/VFXGraph/Shaders/Templates/ParticlePlanarPrimitives/PassForward2D.template - Importer: ScriptedImporter/UnityEditor.QuickSearchModule:UnityEditor.Search:ASIAI0B
Importing 'GUID: 60e6c40c533c7ed4fbf6a90081f0e415 - Path: Packages/com.unity.render-pipelines.universal/Editor/VFXGraph/Shaders/Templates/ParticlePlanarPrimitives/PassForward2D.template - Importer: ScriptedImporter/UnityEditor.QuickSearchModule:UnityEditor.Search:ASIAI0B' with importer (ScriptedImporter : UnityEditor.QuickSearchModule:UnityEditor.Search:ASIAI0B)
Imported 'GUID: 60e6c40c533c7ed4fbf6a90081f0e415' -> (Import Result ID: 'c0bea936fbafedc902cf85d65f0fd377') in 0.003 seconds [static and dynamic dependencies]. Details - ImportResultOutputID=6ff84126775b625015266dfad793ca5d DependenciesID=6cd9421249ca27b68d918b0d4a24600a StaticDependenciesID=5af32abee22a4a4b6ea496f348180f5e 
Number of updated asset objects reloaded before import = 0
Number of asset objects unloaded after import = 1
========================================================================
Received Import Request.
  Time of request: 2026-08-11T15:50:27.616298Z
  Time since last request: 0.0006007 seconds.
  importAddress: GUID: 5fa54a2ce1bced448b6bd9cfcac6c25d - Path: Packages/com.unity.render-pipelines.universal/Editor/VFXGraph/Shaders/Templates/ParticlePlanarPrimitivesLit/PassForward.template - Importer: ScriptedImporter/UnityEditor.QuickSearchModule:UnityEditor.Search:ASIAI0B
Importing 'GUID: 5fa54a2ce1bced448b6bd9cfcac6c25d - Path: Packages/com.unity.render-pipelines.universal/Editor/VFXGraph/Shaders/Templates/ParticlePlanarPrimitivesLit/PassForward.template - Importer: ScriptedImporter/UnityEditor.QuickSearchModule:UnityEditor.Search:ASIAI0B' with importer (ScriptedImporter : UnityEditor.QuickSearchModule:UnityEditor.Search:ASIAI0B)
Imported 'GUID: 5fa54a2ce1bced448b6bd9cfcac6c25d' -> (Import Result ID: 'a9bf3cb1767908dbbd133d8237b14f64') in 0.003 seconds [static and dynamic dependencies]. Details - ImportResultOutputID=65f2ed9233c94cb8a95cd0d1e72e173d DependenciesID=41bddfa97e46956e261d966f1ad52934 StaticDependenciesID=986c2e14246b9ec0efa1644ca1af340d 
Number of updated asset objects reloaded before import = 0
Number of asset objects unloaded after import = 1
========================================================================
Received Import Request.
  Time of request: 2026-08-11T15:50:27.6279155Z
  Time since last request: 0.0002728 seconds.
  importAddress: GUID: 4059f0b867f24f38b3d2baed5de3cc8c - Path: Packages/com.unity.render-pipelines.universal/Editor/VFXGraph/Shaders/Templates/URPDecal/PassScreenSpace.template - Importer: ScriptedImporter/UnityEditor.QuickSearchModule:UnityEditor.Search:ASIAI0B
Importing 'GUID: 4059f0b867f24f38b3d2baed5de3cc8c - Path: Packages/com.unity.render-pipelines.universal/Editor/VFXGraph/Shaders/Templates/URPDecal/PassScreenSpace.template - Importer: ScriptedImporter/UnityEditor.QuickSearchModule:UnityEditor.Search:ASIAI0B' with importer (ScriptedImporter : UnityEditor.QuickSearchModule:UnityEditor.Search:ASIAI0B)
Imported 'GUID: 4059f0b867f24f38b3d2baed5de3cc8c' -> (Import Result ID: '56015ef7662bf5f01aae96b68f442b54') in 0.003 seconds [static and dynamic dependencies]. Details - ImportResultOutputID=a4f7dbb46c9b4aa3e620644d4accca21 DependenciesID=a5b92b397cb060a476cc30b996dbe017 StaticDependenciesID=76c562b061022e162a22073324def7b9 
Number of updated asset objects reloaded before import = 0
Number of asset objects unloaded after import = 1
========================================================================
Received Import Request.
  Time of request: 2026-08-11T15:50:27.6487764Z
  Time since last request: 0.0069517 seconds.
  importAddress: GUID: 5e031dc4f3118ad44b907737119d7ed1 - Path: Packages/com.unity.render-pipelines.universal-config/CHANGELOG.md - Importer: ScriptedImporter/UnityEditor.QuickSearchModule:UnityEditor.Search:ASIAI0B
Importing 'GUID: 5e031dc4f3118ad44b907737119d7ed1 - Path: Packages/com.unity.render-pipelines.universal-config/CHANGELOG.md - Importer: ScriptedImporter/UnityEditor.QuickSearchModule:UnityEditor.Search:ASIAI0B' with importer (ScriptedImporter : UnityEditor.QuickSearchModule:UnityEditor.Search:ASIAI0B)
Imported 'GUID: 5e031dc4f3118ad44b907737119d7ed1' -> (Import Result ID: '6d52b5511a30dadb9206ce3b2b147fb6') in 0.003 seconds [static and dynamic dependencies]. Details - ImportResultOutputID=454a9183ed495c68423e58329b08ea1f DependenciesID=1e6783d17b1048e67b1433b987872ffe StaticDependenciesID=b1b3667c374fd56995439ab39caf323b 
Number of updated asset objects reloaded before import = 0
Number of asset objects unloaded after import = 1
========================================================================
Received Import Request.
  Time of request: 2026-08-11T15:50:27.6620171Z
  Time since last request: 0.0002293 seconds.
  importAddress: GUID: c639c93fd368e814686381019d589f37 - Path: Packages/com.unity.render-pipelines.universal/Tests/Editor/Tools/Converters/ReadonlyMaterialConverter/ReadonlyMaterialConverterTests.cs - Importer: ScriptedImporter/UnityEditor.QuickSearchModule:UnityEditor.Search:ASIAI0B
Importing 'GUID: c639c93fd368e814686381019d589f37 - Path: Packages/com.unity.render-pipelines.universal/Tests/Editor/Tools/Converters/ReadonlyMaterialConverter/ReadonlyMaterialConverterTests.cs - Importer: ScriptedImporter/UnityEditor.QuickSearchModule:UnityEditor.Search:ASIAI0B' with importer (ScriptedImporter : UnityEditor.QuickSearchModule:UnityEditor.Search:ASIAI0B)
Imported 'GUID: c639c93fd368e814686381019d589f37' -> (Import Result ID: '879309a974f2eaeb61b31e775d3dc39f') in 0.005 seconds [static and dynamic dependencies]. Details - ImportResultOutputID=1148d5de9673ae17cab80bebff4ab63b DependenciesID=1bfd076dac229cee00ff2d51f34abb97 StaticDependenciesID=3aa4520712001956002d4aeccd58717b 
Number of updated asset objects reloaded before import = 0
Number of asset objects unloaded after import = 0
========================================================================
Received Import Request.
  Time of request: 2026-08-11T15:50:27.6766194Z
  Time since last request: 0.0002873 seconds.
  importAddress: GUID: 877cfbcc0403542bfad5325abdbf5944 - Path: Packages/com.unity.render-pipelines.universal/Tests/Editor/Tools/Converters/MaterialUpgrader/AutodeskInteractiveFadeMaterialUpgradeTest.cs - Importer: ScriptedImporter/UnityEditor.QuickSearchModule:UnityEditor.Search:ASIAI0B
Importing 'GUID: 877cfbcc0403542bfad5325abdbf5944 - Path: Packages/com.unity.render-pipelines.universal/Tests/Editor/Tools/Converters/MaterialUpgrader/AutodeskInteractiveFadeMaterialUpgradeTest.cs - Importer: ScriptedImporter/UnityEditor.QuickSearchModule:UnityEditor.Search:ASIAI0B' with importer (ScriptedImporter : UnityEditor.QuickSearchModule:UnityEditor.Search:ASIAI0B)
Imported 'GUID: 877cfbcc0403542bfad5325abdbf5944' -> (Import Result ID: '6dddc23f614f94e0ef159ee2f6526295') in 0.003 seconds [static and dynamic dependencies]. Details - ImportResultOutputID=192fbef6111b1d016958d329aacda211 DependenciesID=9aae929cc465b9bcdb0dbcf79d95b9bd StaticDependenciesID=2be23fc359ba36cd9e156e58e213d250 
Number of updated asset objects reloaded before import = 0
Number of asset objects unloaded after import = 0
========================================================================
Received Import Request.
  Time of request: 2026-08-11T15:50:27.7102987Z
  Time since last request: 0.0225359 seconds.
  importAddress: GUID: ea30bf37a2f167f4aa4086531e8d5b03 - Path: Packages/com.unity.test-framework.performance/Runtime/Data/SampleGroup.cs - Importer: ScriptedImporter/UnityEditor.QuickSearchModule:UnityEditor.Search:ASIAI0B
Importing 'GUID: ea30bf37a2f167f4aa4086531e8d5b03 - Path: Packages/com.unity.test-framework.performance/Runtime/Data/SampleGroup.cs - Importer: ScriptedImporter/UnityEditor.QuickSearchModule:UnityEditor.Search:ASIAI0B' with importer (ScriptedImporter : UnityEditor.QuickSearchModule:UnityEditor.Search:ASIAI0B)
Imported 'GUID: ea30bf37a2f167f4aa4086531e8d5b03' -> (Import Result ID: '7dcf198b2563a33fff4957d972b9087b') in 0.003 seconds [static and dynamic dependencies]. Details - ImportResultOutputID=5a6c0869bf39ee9c4f95098ca8eef8fc DependenciesID=438114591568b34a00af07e4dc6a3d06 StaticDependenciesID=9014717b52a025ec8a1a3d9a73cfc09d 
Number of updated asset objects reloaded before import = 0
Number of asset objects unloaded after import = 0
========================================================================
Received Import Request.
  Time of request: 2026-08-11T15:50:27.7211673Z
  Time since last request: 0.0007384 seconds.
  importAddress: GUID: 8a61e4b297fe5f94cb16e6f77a71892c - Path: Packages/com.unity.test-framework.performance/Runtime/Data/SampleUnit.cs - Importer: ScriptedImporter/UnityEditor.QuickSearchModule:UnityEditor.Search:ASIAI0B
Importing 'GUID: 8a61e4b297fe5f94cb16e6f77a71892c - Path: Packages/com.unity.test-framework.performance/Runtime/Data/SampleUnit.cs - Importer: ScriptedImporter/UnityEditor.QuickSearchModule:UnityEditor.Search:ASIAI0B' with importer (ScriptedImporter : UnityEditor.QuickSearchModule:UnityEditor.Search:ASIAI0B)
Imported 'GUID: 8a61e4b297fe5f94cb16e6f77a71892c' -> (Import Result ID: 'd31b7a382409cc037ec342002bd03154') in 0.003 seconds [static and dynamic dependencies]. Details - ImportResultOutputID=0cd27bfe711fa63ec7538d58d5ef316f DependenciesID=6e81b012f2bfd4bbceafbb8bb40846c4 StaticDependenciesID=42bc88640224a591dc0af12c00552751 
Number of updated asset objects reloaded before import = 0
Number of asset objects unloaded after import = 0
========================================================================
Received Import Request.
  Time of request: 2026-08-11T15:50:27.7339383Z
  Time since last request: 0.000514 seconds.
  importAddress: GUID: eee38b155cc303447b8c478d95185d54 - Path: Packages/com.unity.test-framework.performance/Runtime/Data/PerformanceTestResult.cs - Importer: ScriptedImporter/UnityEditor.QuickSearchModule:UnityEditor.Search:ASIAI0B
Importing 'GUID: eee38b155cc303447b8c478d95185d54 - Path: Packages/com.unity.test-framework.performance/Runtime/Data/PerformanceTestResult.cs - Importer: ScriptedImporter/UnityEditor.QuickSearchModule:UnityEditor.Search:ASIAI0B' with importer (ScriptedImporter : UnityEditor.QuickSearchModule:UnityEditor.Search:ASIAI0B)
Imported 'GUID: eee38b155cc303447b8c478d95185d54' -> (Import Result ID: '5daf25fbf7da10b1fadcb3d42ae5095e') in 0.003 seconds [static and dynamic dependencies]. Details - ImportResultOutputID=dca3dba499a6006661f024b5297aeea5 DependenciesID=ebdb941925616ccc0be1ed6053ab2460 StaticDependenciesID=f04fa99307bc87b642a2c4378fcd1ed5 
Number of updated asset objects reloaded before import = 0
Number of asset objects unloaded after import = 0
========================================================================
Received Import Request.
  Time of request: 2026-08-11T15:50:27.7471081Z
  Time since last request: 0.0002697 seconds.
  importAddress: GUID: 5cb0d418e2eda6f4a8ebfe6910c17dd4 - Path: Packages/com.unity.test-framework.performance/CHANGELOG.md - Importer: ScriptedImporter/UnityEditor.QuickSearchModule:UnityEditor.Search:ASIAI0B
Importing 'GUID: 5cb0d418e2eda6f4a8ebfe6910c17dd4 - Path: Packages/com.unity.test-framework.performance/CHANGELOG.md - Importer: ScriptedImporter/UnityEditor.QuickSearchModule:UnityEditor.Search:ASIAI0B' with importer (ScriptedImporter : UnityEditor.QuickSearchModule:UnityEditor.Search:ASIAI0B)
Imported 'GUID: 5cb0d418e2eda6f4a8ebfe6910c17dd4' -> (Import Result ID: '4b992566d20cff4bddba6acca2827719') in 0.003 seconds [static and dynamic dependencies]. Details - ImportResultOutputID=8b5742e4868bf9b1c7f6696b90b5d105 DependenciesID=53590ccff286d36e6edfe2349429d6b9 StaticDependenciesID=666a3b32e930663c83e3a0b2274b7939 
Number of updated asset objects reloaded before import = 0
Number of asset objects unloaded after import = 1
========================================================================
Received Import Request.
  Time of request: 2026-08-11T15:50:27.7616153Z
  Time since last request: 0.0004101 seconds.
  importAddress: GUID: 62eec8a012ecc7c4a8b5a38b5dc130e4 - Path: Packages/com.unity.test-framework.performance/Editor/PerformanceTestRunSaver.cs - Importer: ScriptedImporter/UnityEditor.QuickSearchModule:UnityEditor.Search:ASIAI0B
Importing 'GUID: 62eec8a012ecc7c4a8b5a38b5dc130e4 - Path: Packages/com.unity.test-framework.performance/Editor/PerformanceTestRunSaver.cs - Importer: ScriptedImporter/UnityEditor.QuickSearchModule:UnityEditor.Search:ASIAI0B' with importer (ScriptedImporter : UnityEditor.QuickSearchModule:UnityEditor.Search:ASIAI0B)
Imported 'GUID: 62eec8a012ecc7c4a8b5a38b5dc130e4' -> (Import Result ID: 'e86d93fa1057c206ac79125995595e26') in 0.003 seconds [static and dynamic dependencies]. Details - ImportResultOutputID=fa2c899aafd7a901c1e0416fd2e50aa1 DependenciesID=02913bab80c680039da71a7ea4b9bef7 StaticDependenciesID=d46d348b3488180bb92cf85d8e1b1c2a 
Number of updated asset objects reloaded before import = 0
Number of asset objects unloaded after import = 0
========================================================================
Received Import Request.
  Time of request: 2026-08-11T15:50:27.7741386Z
  Time since last request: 0.0004251 seconds.
  importAddress: GUID: 88e4f63cb3be45a6afbc8f43bc4683d1 - Path: Packages/com.unity.test-framework.performance/Runtime/Statistics/ConfidenceLevelExtensions.cs - Importer: ScriptedImporter/UnityEditor.QuickSearchModule:UnityEditor.Search:ASIAI0B
Importing 'GUID: 88e4f63cb3be45a6afbc8f43bc4683d1 - Path: Packages/com.unity.test-framework.performance/Runtime/Statistics/ConfidenceLevelExtensions.cs - Importer: ScriptedImporter/UnityEditor.QuickSearchModule:UnityEditor.Search:ASIAI0B' with importer (ScriptedImporter : UnityEditor.QuickSearchModule:UnityEditor.Search:ASIAI0B)
Imported 'GUID: 88e4f63cb3be45a6afbc8f43bc4683d1' -> (Import Result ID: 'b046a95620800c7c6538c46dca2a5c9a') in 0.003 seconds [static and dynamic dependencies]. Details - ImportResultOutputID=34687a2809eb4929f90cfa96c65314c7 DependenciesID=d38f133b9dbd0ce9e5992a6ce5631a60 StaticDependenciesID=20bdd22216be91a709d93a35d7a866e1 
Number of updated asset objects reloaded before import = 0
Number of asset objects unloaded after import = 0
========================================================================
Received Import Request.
  Time of request: 2026-08-11T15:50:27.7853317Z
  Time since last request: 0.0003345 seconds.
  importAddress: GUID: 60f3b660212a40e7afb5bf15edcd64f2 - Path: Packages/com.unity.test-framework.performance/Runtime/Data/RunSettings.cs - Importer: ScriptedImporter/UnityEditor.QuickSearchModule:UnityEditor.Search:ASIAI0B
Importing 'GUID: 60f3b660212a40e7afb5bf15edcd64f2 - Path: Packages/com.unity.test-framework.performance/Runtime/Data/RunSettings.cs - Importer: ScriptedImporter/UnityEditor.QuickSearchModule:UnityEditor.Search:ASIAI0B' with importer (ScriptedImporter : UnityEditor.QuickSearchModule:UnityEditor.Search:ASIAI0B)
Imported 'GUID: 60f3b660212a40e7afb5bf15edcd64f2' -> (Import Result ID: '16151017331b593eaeb59432dcdc1553') in 0.004 seconds [static and dynamic dependencies]. Details - ImportResultOutputID=44a8238125edff4fbb7c7188e17473e4 DependenciesID=d639f5af5b7a1b0d915916c082e9edd4 StaticDependenciesID=21e8507c068ec694169941f2b6df50f5 
Number of updated asset objects reloaded before import = 0
Number of asset objects unloaded after import = 0
========================================================================
Received Import Request.
  Time of request: 2026-08-11T15:50:27.7992612Z
  Time since last request: 0.0004453 seconds.
  importAddress: GUID: c7715b638c6f5c849a6ec12234ae264c - Path: Packages/com.unity.test-framework.performance/Editor/TestReportGraph/TestReportShader.shader - Importer: ScriptedImporter/UnityEditor.QuickSearchModule:UnityEditor.Search:ASIAI0B
Importing 'GUID: c7715b638c6f5c849a6ec12234ae264c - Path: Packages/com.unity.test-framework.performance/Editor/TestReportGraph/TestReportShader.shader - Importer: ScriptedImporter/UnityEditor.QuickSearchModule:UnityEditor.Search:ASIAI0B' with importer (ScriptedImporter : UnityEditor.QuickSearchModule:UnityEditor.Search:ASIAI0B)
Imported 'GUID: c7715b638c6f5c849a6ec12234ae264c' -> (Import Result ID: '4638c052f85e234f43602d2f08b43775') in 0.004 seconds [static and dynamic dependencies]. Details - ImportResultOutputID=64a94e0d2e21e372d57c962b33d76903 DependenciesID=86bded9b5c8d11c94fe4e74f74927939 StaticDependenciesID=c2f26de94a1c69b8138d37b67921e37d 
Number of updated asset objects reloaded before import = 0
Number of asset objects unloaded after import = 1
Editor requested this worker to shutdown with reason: Editor is closing down
AcceleratorClientConnectionCallback - disconnected - :0
AssetImportWorker is now disconnected from the server
Process exiting
Exiting without the bug reporter. Application will terminate with return code 0